Date,Open,High,Low,Close,Volume,Adj Close
18/02/2013,1750,1750,1685,1750,4.80E+05,1621.7
19/02/2013,1775,1829,1550,1690,1.76E+06,1566.1
20/02/2013,1724,1724,1602,1630,3.77E+05,1510.5
21/02/2013,1557,1632,1557,1615,1.30E+06,1496.6
22/02/2013,1630,1630,1600,1610,3.42E+05,1492
23/02/2013,1474.3,1492.8,1456.3,1474.9,4.38E+05,1424.4
24/02/2013,1474.3,1492.8,1456.3,1474.9,4.38E+05,1424.4
25/02/2013,1610,1610,1610,1610,0.00E+00,1492
26/02/2013,1626,1664,1601,1635,3.12E+05,1515.2
27/02/2013,1696,1725,1636.3,1718,6.88E+05,1592.1
28/02/2013,1717,1770,1705,1740,2.47E+05,1612.5
01/03/2013,1740,1775,1734,1751,4.32E+05,1622.7
02/03/2013,1474.3,1492.8,1456.3,1474.9,4.38E+05,1424.4
03/03/2013,1474.3,1492.8,1456.3,1474.9,4.38E+05,1424.4
04/03/2013,1705,1761,1700,1736,1.77E+05,1608.8
05/03/2013,1721,1748,1706,1740,2.83E+05,1612.5
06/03/2013,1800,1800,1711,1770,5.04E+05,1640.3
07/03/2013,1780,1875,1733,1875,3.33E+05,1737.6
08/03/2013,1800,1801,1750,1775,7.51E+06,1644.9
09/03/2013,1474.3,1492.8,1456.3,1474.9,4.38E+05,1424.4
10/03/2013,1474.3,1492.8,1456.3,1474.9,4.38E+05,1424.4
11/03/2013,1781,1849,1781,1824,1.32E+05,1690.3
12/03/2013,1829,1829,1788,1799,1.17E+05,1667.1
13/03/2013,1840,1840,1762,1797,2.81E+05,1665.3
14/03/2013,1751,1810,1736,1772,1.71E+05,1642.1
15/03/2013,1810,1810,1764,1791,1.73E+05,1659.7
16/03/2013,1474.3,1492.8,1456.3,1474.9,4.38E+05,1424.4
17/03/2013,1474.3,1492.8,1456.3,1474.9,4.38E+05,1424.4
18/03/2013,1791,1791,1791,1791,0.00E+00,1659.7
19/03/2013,1751,1810,1751,1810,2.12E+05,1677.3
20/03/2013,1756,1800,1756,1772,8.74E+04,1642.1
21/03/2013,1758,1800,1756,1768,7.92E+04,1638.4
22/03/2013,1735,1848.5,1735,1848,1.22E+06,1712.5
23/03/2013,1474.3,1492.8,1456.3,1474.9,4.38E+05,1424.4
24/03/2013,1474.3,1492.8,1456.3,1474.9,4.38E+05,1424.4
25/03/2013,1788,1801,1752,1795,3.94E+05,1663.4
26/03/2013,1794,1802,1736,1747,2.16E+05,1619
27/03/2013,1730,1793,1730,1753,1.42E+05,1624.5
28/03/2013,1744,1774,1738,1740,8.91E+04,1612.5
29/03/2013,1735,1750,1700,1725,1.16E+05,1598.6
30/03/2013,1474.3,1492.8,1456.3,1474.9,4.38E+05,1424.4
31/03/2013,1474.3,1492.8,1456.3,1474.9,4.38E+05,1424.4
01/04/2013,1763,1775,1670,1710,1.94E+05,1584.7
02/04/2013,1710,1710,1610,1625,2.08E+05,1505.9
03/04/2013,1602,1641,1541,1630,1.90E+05,1510.5
04/04/2013,1612,1612,1487,1529,3.75E+05,1416.9
05/04/2013,1531,1610,1531,1590,2.27E+05,1473.5
06/04/2013,1474.3,1492.8,1456.3,1474.9,4.38E+05,1424.4
07/04/2013,1474.3,1492.8,1456.3,1474.9,4.38E+05,1424.4
08/04/2013,1575,1639,1555,1615,1.72E+05,1496.6
09/04/2013,1593,1689,1575,1638,1.68E+05,1517.9
10/04/2013,1618,1671,1592,1626,1.53E+05,1506.8
11/04/2013,1605,1615,1538,1575,2.21E+05,1459.6
12/04/2013,1599,1599,1500,1500,3.35E+05,1390.1
13/04/2013,1474.3,1492.8,1456.3,1474.9,4.38E+05,1424.4
14/04/2013,1474.3,1492.8,1456.3,1474.9,4.38E+05,1424.4
15/04/2013,1515,1516,1401,1490,1.27E+05,1380.8
16/04/2013,1549,1549,1467,1514,1.26E+05,1403
17/04/2013,1490,1534,1444,1465,1.59E+05,1388.8
18/04/2013,1450,1509,1448,1481,2.86E+05,1404
19/04/2013,1482,1564,1482,1539,3.36E+05,1459
20/04/2013,1474.3,1492.8,1456.3,1474.9,4.38E+05,1424.4
21/04/2013,1474.3,1492.8,1456.3,1474.9,4.38E+05,1424.4
22/04/2013,1542,1600,1541,1582,9.42E+04,1499.7
23/04/2013,1578,1632,1574,1624,1.50E+05,1539.5
24/04/2013,1640,1640,1585,1605,1.51E+05,1521.5
25/04/2013,1630,1668,1616,1650,1.01E+05,1564.2
26/04/2013,1670,1702,1640,1662,1.68E+05,1575.6
27/04/2013,1474.3,1492.8,1456.3,1474.9,4.38E+05,1424.4
28/04/2013,1474.3,1492.8,1456.3,1474.9,4.38E+05,1424.4
29/04/2013,1674,1728,1648,1694,1.69E+05,1605.9
30/04/2013,1740,1740,1678,1702,7.30E+04,1613.5
01/05/2013,1712,1712,1644,1679,2.31E+05,1591.7
02/05/2013,1698,1713,1678,1700,2.06E+05,1611.6
03/05/2013,1719,1719,1641,1679,1.51E+05,1591.7
04/05/2013,1474.3,1492.8,1456.3,1474.9,4.38E+05,1424.4
05/05/2013,1474.3,1492.8,1456.3,1474.9,4.38E+05,1424.4
06/05/2013,1660,1703,1660,1675,1.71E+05,1587.9
07/05/2013,1670,1696,1620,1630,1.63E+05,1545.2
08/05/2013,1613,1690,1613,1673,1.00E+05,1586
09/05/2013,1648,1669,1614,1640,1.37E+05,1554.7
10/05/2013,1657,1657,1594,1616,9.24E+04,1532
11/05/2013,1474.3,1492.8,1456.3,1474.9,4.38E+05,1424.4
12/05/2013,1474.3,1492.8,1456.3,1474.9,4.38E+05,1424.4
13/05/2013,1600,1625,1600,1615,9.09E+04,1531
14/05/2013,1610,1635,1591,1624,5.47E+04,1539.5
15/05/2013,1601,1651,1601,1627,8.55E+04,1542.4
16/05/2013,1600,1662,1600,1654,1.08E+05,1568
17/05/2013,1626,1680.9,1626,1645,1.04E+05,1559.4
18/05/2013,1474.3,1492.8,1456.3,1474.9,4.38E+05,1424.4
19/05/2013,1474.3,1492.8,1456.3,1474.9,4.38E+05,1424.4
20/05/2013,1633,1700,1611,1681,1.39E+05,1593.6
21/05/2013,1691,1714,1656,1690,1.12E+05,1602.1
22/05/2013,1690,1738,1690,1712,2.40E+05,1623
23/05/2013,1720,1811,1715,1800,2.66E+05,1706.4
24/05/2013,1750,1822,1750,1800,1.64E+05,1706.4
25/05/2013,1474.3,1492.8,1456.3,1474.9,4.38E+05,1424.4
26/05/2013,1474.3,1492.8,1456.3,1474.9,4.38E+05,1424.4
27/05/2013,1825,1868,1786,1820,2.20E+05,1725.3
28/05/2013,1820,1820,1789,1820,3.00E+05,1725.3
29/05/2013,1810,1843,1801,1836,2.03E+05,1740.5
30/05/2013,1820,1921,1802,1900,1.92E+05,1801.2
31/05/2013,1894,1947,1855,1910,2.85E+05,1810.7
01/06/2013,1474.3,1492.8,1456.3,1474.9,4.38E+05,1424.4
02/06/2013,1474.3,1492.8,1456.3,1474.9,4.38E+05,1424.4
03/06/2013,1900,1900,1855,1870,3.53E+05,1772.7
04/06/2013,1870,1890,1834,1844,2.68E+05,1748.1
05/06/2013,1825,1892,1807,1843,3.74E+05,1747.2
06/06/2013,1825,1829,1768,1774,2.19E+05,1681.7
07/06/2013,1787,1791,1725,1773,3.57E+05,1680.8
08/06/2013,1474.3,1492.8,1456.3,1474.9,4.38E+05,1424.4
09/06/2013,1474.3,1492.8,1456.3,1474.9,4.38E+05,1424.4
10/06/2013,1760,1786,1730,1747,3.02E+05,1656.1
11/06/2013,1750,1793,1675,1769,1.01E+06,1677
12/06/2013,1765,1792,1750,1771,2.22E+05,1678.9
13/06/2013,1754,1807,1754,1774,3.23E+05,1681.7
14/06/2013,1801,1845,1779,1809,3.46E+05,1714.9
15/06/2013,1474.3,1492.8,1456.3,1474.9,4.38E+05,1424.4
16/06/2013,1474.3,1492.8,1456.3,1474.9,4.38E+05,1424.4
17/06/2013,1809,1809,1809,1809,0.00E+00,1714.9
18/06/2013,1789,1790,1740,1750,3.31E+05,1659
19/06/2013,1761,1763,1725,1740,2.48E+05,1649.5
20/06/2013,1734,1777,1718,1754,3.59E+05,1662.8
21/06/2013,1766,1789.1,1741,1782,8.81E+05,1689.3
22/06/2013,1474.3,1492.8,1456.3,1474.9,4.38E+05,1424.4
23/06/2013,1474.3,1492.8,1456.3,1474.9,4.38E+05,1424.4
24/06/2013,1755,1826,1755,1803,2.65E+05,1709.2
25/06/2013,1849,1849,1781,1800,1.71E+05,1706.4
26/06/2013,1795,1865,1790,1857,4.75E+05,1760.4
27/06/2013,1842,1865,1838,1856,1.67E+05,1759.5
28/06/2013,1847,1874,1831,1874,2.62E+05,1776.5
29/06/2013,1474.3,1492.8,1456.3,1474.9,4.38E+05,1424.4
30/06/2013,1474.3,1492.8,1456.3,1474.9,4.38E+05,1424.4
01/07/2013,1872,1904,1872,1885,3.45E+05,1787
02/07/2013,1875,1914,1874,1892,3.57E+05,1793.6
03/07/2013,1895,1914,1890,1913,3.44E+05,1813.5
04/07/2013,1915,1932,1847,1932,6.97E+05,1831.5
05/07/2013,1912,1944,1912,1938,3.73E+05,1837.2
06/07/2013,1474.3,1492.8,1456.3,1474.9,4.38E+05,1424.4
07/07/2013,1474.3,1492.8,1456.3,1474.9,4.38E+05,1424.4
08/07/2013,1945,1979,1939,1958,3.57E+05,1856.2
09/07/2013,1960,1974,1944,1965,5.57E+05,1862.8
10/07/2013,1952,1970,1945,1970,7.36E+05,1867.5
11/07/2013,1970,1973,1920,1921,9.27E+05,1821.1
12/07/2013,1885,1900,1827,1870,1.59E+07,1772.7
13/07/2013,1474.3,1492.8,1456.3,1474.9,4.38E+05,1424.4
14/07/2013,1474.3,1492.8,1456.3,1474.9,4.38E+05,1424.4
15/07/2013,1843,1854,1811,1825,8.67E+05,1730.1
16/07/2013,1824,1873,1820,1864,4.07E+05,1767.1
17/07/2013,1856,1859,1830,1843,1.69E+05,1747.2
18/07/2013,1840,1848,1822,1844,2.90E+05,1748.1
19/07/2013,1840,1854,1824.5,1854,3.42E+05,1757.6
20/07/2013,1474.3,1492.8,1456.3,1474.9,4.38E+05,1424.4
21/07/2013,1474.3,1492.8,1456.3,1474.9,4.38E+05,1424.4
22/07/2013,1830,1861,1830,1850,4.38E+05,1753.8
23/07/2013,1847,1852,1806,1825,3.94E+05,1730.1
24/07/2013,1818,1823,1765,1771,5.79E+05,1678.9
25/07/2013,1762,1776,1756,1758,2.12E+05,1666.6
26/07/2013,1751,1763,1747,1763,2.24E+05,1671.3
27/07/2013,1474.3,1492.8,1456.3,1474.9,4.38E+05,1424.4
28/07/2013,1474.3,1492.8,1456.3,1474.9,4.38E+05,1424.4
29/07/2013,1751,1763,1740,1747,1.53E+05,1656.1
30/07/2013,1740,1749,1724,1727,1.88E+05,1637.2
31/07/2013,1720,1730,1707,1722,2.13E+05,1632.4
01/08/2013,1722,1754,1722,1735,2.70E+05,1644.8
02/08/2013,1738,1740,1715,1728,1.84E+05,1638.1
03/08/2013,1474.3,1492.8,1456.3,1474.9,4.38E+05,1424.4
04/08/2013,1474.3,1492.8,1456.3,1474.9,4.38E+05,1424.4
05/08/2013,1717,1755,1717,1729,4.67E+05,1639.1
06/08/2013,1749,1760,1706,1730,4.77E+05,1640
07/08/2013,1750,1755,1725,1753,3.52E+05,1661.8
08/08/2013,1742,1764,1739,1749,2.29E+05,1658
09/08/2013,1765,1776,1728,1761,4.71E+05,1669.4
10/08/2013,1474.3,1492.8,1456.3,1474.9,4.38E+05,1424.4
11/08/2013,1474.3,1492.8,1456.3,1474.9,4.38E+05,1424.4
12/08/2013,1749,1783,1747,1764,2.25E+05,1672.3
13/08/2013,1761,1784,1715,1768,2.50E+05,1676.1
14/08/2013,1764,1788,1745,1787,2.61E+05,1694.1
15/08/2013,1782,1826,1770,1815,1.91E+05,1720.6
16/08/2013,1813,1830,1813,1813,2.38E+05,1718.7
17/08/2013,1474.3,1492.8,1456.3,1474.9,4.38E+05,1424.4
18/08/2013,1474.3,1492.8,1456.3,1474.9,4.38E+05,1424.4
19/08/2013,1823,1840,1815,1823,3.04E+05,1728.2
20/08/2013,1807,1815,1783,1798,2.99E+05,1704.5
21/08/2013,1785,1816.5,1784,1792,1.46E+05,1698.8
22/08/2013,1812,1822,1793,1802,3.68E+05,1708.3
23/08/2013,1807,1807,1782,1786,1.62E+05,1693.1
24/08/2013,1474.3,1492.8,1456.3,1474.9,4.38E+05,1424.4
25/08/2013,1474.3,1492.8,1456.3,1474.9,4.38E+05,1424.4
26/08/2013,1789,1800,1767,1768,1.49E+05,1676.1
27/08/2013,1771,1773,1711,1762,4.06E+05,1670.4
28/08/2013,1764,1781.5,1750,1756,2.62E+05,1664.7
29/08/2013,1750,1818,1715,1800,3.70E+05,1706.4
30/08/2013,1782,1807,1772.8,1792,3.93E+05,1698.8
31/08/2013,1474.3,1492.8,1456.3,1474.9,4.38E+05,1424.4
01/09/2013,1474.3,1492.8,1456.3,1474.9,4.38E+05,1424.4
02/09/2013,1802,1802,1759,1767,3.38E+05,1675.1
03/09/2013,1770,1770,1728,1755,4.04E+05,1663.7
04/09/2013,1754,1757.2,1728,1742,3.49E+05,1651.4
05/09/2013,1746,1760,1744,1760,2.49E+05,1668.5
06/09/2013,1755,1781,1735,1760,2.55E+05,1668.5
07/09/2013,1474.3,1492.8,1456.3,1474.9,4.38E+05,1424.4
08/09/2013,1474.3,1492.8,1456.3,1474.9,4.38E+05,1424.4
09/09/2013,1730,1788,1730,1782,1.65E+05,1689.3
10/09/2013,1778,1787,1757,1784,2.22E+05,1691.2
11/09/2013,1778,1790,1758,1784,1.99E+05,1691.2
12/09/2013,1776,1784,1765,1778,1.85E+05,1685.5
13/09/2013,1786,1799,1766,1787,2.72E+05,1694.1
14/09/2013,1474.3,1492.8,1456.3,1474.9,4.38E+05,1424.4
15/09/2013,1474.3,1492.8,1456.3,1474.9,4.38E+05,1424.4
16/09/2013,1766,1805,1766,1795,2.49E+05,1701.6
17/09/2013,1790,1796,1738,1738,1.02E+06,1647.6
18/09/2013,1738,1753,1723,1743,3.17E+05,1652.3
19/09/2013,1738,1742,1721,1722,1.68E+05,1632.4
20/09/2013,1728,1730,1714,1717,1.96E+05,1627.7
21/09/2013,1474.3,1492.8,1456.3,1474.9,4.38E+05,1424.4
22/09/2013,1474.3,1492.8,1456.3,1474.9,4.38E+05,1424.4
23/09/2013,1726,1729,1696,1721,2.15E+05,1631.5
24/09/2013,1723,1743,1704,1704,4.15E+05,1615.4
25/09/2013,1701,1709,1681,1690,1.69E+05,1602.1
26/09/2013,1682,1706,1672,1677,1.99E+05,1589.8
27/09/2013,1670,1709,1670,1695,2.05E+05,1606.8
28/09/2013,1474.3,1492.8,1456.3,1474.9,4.38E+05,1424.4
29/09/2013,1474.3,1492.8,1456.3,1474.9,4.38E+05,1424.4
30/09/2013,1699,1703,1671,1689,1.89E+05,1601.2
01/10/2013,1685,1706,1677,1699,2.68E+05,1610.6
02/10/2013,1694,1705,1681,1687,1.91E+05,1599.3
03/10/2013,1687,1687,1630,1634,3.83E+05,1549
04/10/2013,1624,1647,1603,1610,3.17E+05,1526.3
05/10/2013,1474.3,1492.8,1456.3,1474.9,4.38E+05,1424.4
06/10/2013,1474.3,1492.8,1456.3,1474.9,4.38E+05,1424.4
07/10/2013,1601,1661,1601,1645,2.44E+05,1559.4
08/10/2013,1639,1647,1621,1632,2.71E+05,1547.1
09/10/2013,1625,1660,1624,1658,2.39E+05,1571.8
10/10/2013,1667,1698,1667,1679,4.20E+05,1591.7
11/10/2013,1693,1731,1664,1728,7.29E+05,1638.1
12/10/2013,1474.3,1492.8,1456.3,1474.9,4.38E+05,1424.4
13/10/2013,1474.3,1492.8,1456.3,1474.9,4.38E+05,1424.4
14/10/2013,1725,1732,1703,1730,3.78E+05,1640
15/10/2013,1648,1744,1648,1736,7.33E+04,1645.7
16/10/2013,1736,1736,1736,1736,0.00E+00,1645.7
17/10/2013,1736,1736,1736,1736,0.00E+00,1645.7
18/10/2013,1747,1762,1731,1753,2.33E+05,1661.8
19/10/2013,1474.3,1492.8,1456.3,1474.9,4.38E+05,1424.4
20/10/2013,1474.3,1492.8,1456.3,1474.9,4.38E+05,1424.4
21/10/2013,1747,1769,1740,1747,2.08E+05,1656.1
22/10/2013,1748,1765,1720,1762,9.84E+04,1670.4
23/10/2013,1762,1762,1762,1762,0.00E+00,1670.4
24/10/2013,1753,1780,1748,1761,1.60E+05,1669.4
25/10/2013,1752,1771,1723,1725,2.88E+05,1635.3
26/10/2013,1474.3,1492.8,1456.3,1474.9,4.38E+05,1424.4
27/10/2013,1474.3,1492.8,1456.3,1474.9,4.38E+05,1424.4
28/10/2013,1722,1763,1721,1754,2.35E+05,1662.8
29/10/2013,1759,1800,1750,1800,3.01E+05,1706.4
30/10/2013,1792,1813,1780,1780,4.85E+05,1687.4
31/10/2013,1783,1804,1764,1769,1.49E+05,1677
01/11/2013,1785,1808,1779,1796,2.90E+05,1702.6
02/11/2013,1474.3,1492.8,1456.3,1474.9,4.38E+05,1424.4
03/11/2013,1474.3,1492.8,1456.3,1474.9,4.38E+05,1424.4
04/11/2013,1802,1810,1784,1798,1.66E+05,1704.5
05/11/2013,1786,1793,1764,1777,2.40E+05,1684.6
06/11/2013,1781,1797.1,1739,1747,2.44E+05,1656.1
07/11/2013,1757,1759,1720,1720,1.82E+05,1630.5
08/11/2013,1721,1739,1708,1709,4.36E+05,1620.1
09/11/2013,1474.3,1492.8,1456.3,1474.9,4.38E+05,1424.4
10/11/2013,1474.3,1492.8,1456.3,1474.9,4.38E+05,1424.4
11/11/2013,1713,1733,1706,1730,3.08E+05,1640
12/11/2013,1718,1771,1718,1768,5.92E+05,1676.1
13/11/2013,1765,1786,1763,1775,2.63E+05,1682.7
14/11/2013,1772,1780,1734,1752,2.50E+05,1660.9
15/11/2013,1744,1757,1690,1696,2.99E+05,1607.8
16/11/2013,1474.3,1492.8,1456.3,1474.9,4.38E+05,1424.4
17/11/2013,1474.3,1492.8,1456.3,1474.9,4.38E+05,1424.4
18/11/2013,1702,1774,1639,1671,4.11E+05,1584.1
19/11/2013,1666,1683,1655,1683,2.37E+05,1595.5
20/11/2013,1678,1695,1615,1652,2.78E+05,1566.1
21/11/2013,1639,1679,1614,1667,2.80E+05,1580.3
22/11/2013,1658,1667,1576,1613,5.92E+05,1529.1
23/11/2013,1474.3,1492.8,1456.3,1474.9,4.38E+05,1424.4
24/11/2013,1474.3,1492.8,1456.3,1474.9,4.38E+05,1424.4
25/11/2013,1604,1624,1583,1585,4.42E+05,1502.6
26/11/2013,1586,1594,1570,1582,3.35E+05,1499.7
27/11/2013,1585,1617,1568,1599,3.26E+05,1515.8
28/11/2013,1600,1615,1585,1611,3.81E+05,1527.2
29/11/2013,1612,1617,1594,1605,3.23E+05,1521.5
30/11/2013,1474.3,1492.8,1456.3,1474.9,4.38E+05,1424.4
01/12/2013,1474.3,1492.8,1456.3,1474.9,4.38E+05,1424.4
02/12/2013,1614,1614,1593,1601,3.70E+05,1517.7
03/12/2013,1584,1593.8,1566,1578,6.63E+05,1495.9
04/12/2013,1594,1599,1582,1592,2.84E+05,1509.2
05/12/2013,1600,1603,1575,1589,1.94E+05,1506.4
06/12/2013,1589,1596,1536,1553,4.48E+05,1472.2
07/12/2013,1474.3,1492.8,1456.3,1474.9,4.38E+05,1424.4
08/12/2013,1474.3,1492.8,1456.3,1474.9,4.38E+05,1424.4
09/12/2013,1520,1587,1520,1584,3.11E+05,1501.6
10/12/2013,1591,1591,1572,1585,2.83E+05,1502.6
11/12/2013,1592,1602,1580,1593,2.61E+05,1510.2
12/12/2013,1590,1601,1586,1595,1.75E+05,1512.1
13/12/2013,1600,1600,1550,1550,4.16E+05,1469.4
14/12/2013,1474.3,1492.8,1456.3,1474.9,4.38E+05,1424.4
15/12/2013,1474.3,1492.8,1456.3,1474.9,4.38E+05,1424.4
16/12/2013,1545,1572.9,1507,1516,3.15E+05,1437.2
17/12/2013,1521,1532,1506,1524,6.81E+05,1444.7
18/12/2013,1520,1530,1512,1524,2.00E+05,1444.7
19/12/2013,1517,1541,1498,1499,2.56E+05,1421
20/12/2013,1503,1515,1479,1485,3.19E+05,1407.8
21/12/2013,1474.3,1492.8,1456.3,1474.9,4.38E+05,1424.4
22/12/2013,1474.3,1492.8,1456.3,1474.9,4.38E+05,1424.4
23/12/2013,1452,1470,1428,1442,2.52E+05,1367
24/12/2013,1458,1522,1458,1519,3.68E+05,1440
25/12/2013,1512,1526,1488,1510,1.85E+05,1431.5
26/12/2013,1511,1539,1501,1512,3.25E+05,1433.4
27/12/2013,1524,1533,1480,1480,2.01E+05,1403
28/12/2013,1474.3,1492.8,1456.3,1474.9,4.38E+05,1424.4
29/12/2013,1474.3,1492.8,1456.3,1474.9,4.38E+05,1424.4
30/12/2013,1474,1504,1469,1471,1.86E+05,1394.5
31/12/2013,1466,1494,1440,1491,3.80E+05,1413.5
01/01/2014,1480,1509,1465,1471,2.82E+05,1394.5
02/01/2014,1478,1504,1466,1469,2.68E+05,1392.6
03/01/2014,1466,1478,1426,1433,2.70E+05,1358.5
04/01/2014,1474.3,1492.8,1456.3,1474.9,4.38E+05,1424.4
05/01/2014,1474.3,1492.8,1456.3,1474.9,4.38E+05,1424.4
06/01/2014,1434,1488,1434,1485,3.40E+05,1407.8
07/01/2014,1475,1525,1471,1516,4.01E+05,1437.2
08/01/2014,1514,1528,1512,1518,6.09E+05,1439.1
09/01/2014,1508,1519,1488,1488,3.21E+05,1410.6
10/01/2014,1489,1500,1455,1476,9.56E+05,1399.2
11/01/2014,1474.3,1492.8,1456.3,1474.9,4.38E+05,1424.4
12/01/2014,1474.3,1492.8,1456.3,1474.9,4.38E+05,1424.4
13/01/2014,1469,1484,1455,1477,4.04E+05,1400.2
14/01/2014,1478,1500,1478,1485,3.21E+05,1407.8
15/01/2014,1492,1500,1486,1495,5.48E+05,1417.3
16/01/2014,1488,1500,1480,1500,2.44E+05,1422
17/01/2014,1502,1515,1498,1505,3.34E+05,1426.7
18/01/2014,1474.3,1492.8,1456.3,1474.9,4.38E+05,1424.4
19/01/2014,1474.3,1492.8,1456.3,1474.9,4.38E+05,1424.4
20/01/2014,1507,1513,1488,1494,3.29E+05,1416.3
21/01/2014,1495,1502,1483,1500,2.27E+05,1422
22/01/2014,1498,1508,1494,1495,5.79E+05,1417.3
23/01/2014,1491,1498,1474,1484,3.99E+05,1406.8
24/01/2014,1486,1500,1484,1496,6.10E+05,1418.2
25/01/2014,1474.3,1492.8,1456.3,1474.9,4.38E+05,1424.4
26/01/2014,1474.3,1492.8,1456.3,1474.9,4.38E+05,1424.4
27/01/2014,1487,1503,1487,1499,3.19E+05,1421
28/01/2014,1493,1500,1483,1497,2.74E+05,1419.1
29/01/2014,1500,1516,1497,1499,4.20E+05,1421
30/01/2014,1500,1505,1490,1497,2.63E+05,1419.1
31/01/2014,1485,1495,1481,1492,2.75E+05,1414.4
01/02/2014,1474.3,1492.8,1456.3,1474.9,4.38E+05,1424.4
02/02/2014,1474.3,1492.8,1456.3,1474.9,4.38E+05,1424.4
03/02/2014,1487,1504,1481,1502,3.89E+05,1423.9
04/02/2014,1501,1504.8,1494,1495,7.68E+05,1417.3
05/02/2014,1500,1505,1492,1500,4.30E+05,1422
06/02/2014,1500,1520,1489,1519,3.14E+05,1440
07/02/2014,1519,1519,1519,1519,0.00E+00,1440
08/02/2014,1474.3,1492.8,1456.3,1474.9,4.38E+05,1424.4
09/02/2014,1474.3,1492.8,1456.3,1474.9,4.38E+05,1424.4
10/02/2014,1519,1519,1519,1519,0.00E+00,1440
11/02/2014,1521,1530,1514,1518,3.94E+05,1439.1
12/02/2014,1519,1523,1452,1466,3.99E+05,1389.8
13/02/2014,1473,1478,1448,1472,2.72E+05,1395.4
14/02/2014,1469,1499,1464,1481,3.16E+05,1404
15/02/2014,1474.3,1492.8,1456.3,1474.9,4.38E+05,1424.4
16/02/2014,1474.3,1492.8,1456.3,1474.9,4.38E+05,1424.4
17/02/2014,1489,1501,1484,1494,2.25E+05,1416.3
18/02/2014,1500,1509,1487,1501,2.93E+05,1422.9
19/02/2014,1494,1500,1488,1498,3.95E+05,1420.1
20/02/2014,1490,1502,1486,1497,8.05E+04,1419.1
21/02/2014,1492,1498,1476,1480,2.07E+05,1403
22/02/2014,1474.3,1492.8,1456.3,1474.9,4.38E+05,1424.4
23/02/2014,1474.3,1492.8,1456.3,1474.9,4.38E+05,1424.4
24/02/2014,1480,1480,1480,1480,0.00E+00,1403
25/02/2014,1481,1488,1430,1445,2.72E+05,1369.8
26/02/2014,1449,1472,1436,1467,3.43E+05,1390.7
27/02/2014,1475,1480,1447,1460,2.30E+05,1384.1
28/02/2014,1462,1462,1434,1450,1.78E+05,1374.6
01/03/2014,1474.3,1492.8,1456.3,1474.9,4.38E+05,1424.4
02/03/2014,1474.3,1492.8,1456.3,1474.9,4.38E+05,1424.4
03/03/2014,1451,1454.7,1419,1434,2.55E+05,1359.4
04/03/2014,1440,1440,1409.6,1433,3.26E+05,1358.5
05/03/2014,1433,1441,1426,1436,1.41E+05,1361.3
06/03/2014,1432,1455,1418,1447,5.12E+05,1371.7
07/03/2014,1447,1455,1368,1381,6.04E+05,1309.2
08/03/2014,1474.3,1492.8,1456.3,1474.9,4.38E+05,1424.4
09/03/2014,1474.3,1492.8,1456.3,1474.9,4.38E+05,1424.4
10/03/2014,1395,1399,1343,1346,3.70E+05,1276
11/03/2014,1351,1382,1339,1375,3.68E+05,1303.5
12/03/2014,1375,1390,1372,1382,2.50E+05,1310.1
13/03/2014,1381,1396,1368,1379,2.79E+05,1307.3
14/03/2014,1380,1383,1361,1369,2.51E+05,1297.8
15/03/2014,1474.3,1492.8,1456.3,1474.9,4.38E+05,1424.4
16/03/2014,1474.3,1492.8,1456.3,1474.9,4.38E+05,1424.4
17/03/2014,1369,1369,1369,1369,0.00E+00,1297.8
18/03/2014,1375,1390,1363,1373,2.16E+05,1301.6
19/03/2014,1372,1376,1355,1368,2.95E+05,1296.8
20/03/2014,1372,1373,1343,1365,2.78E+05,1294
21/03/2014,1360,1400,1360,1372,4.51E+05,1300.6
22/03/2014,1474.3,1492.8,1456.3,1474.9,4.38E+05,1424.4
23/03/2014,1474.3,1492.8,1456.3,1474.9,4.38E+05,1424.4
24/03/2014,1378,1432,1369,1418,3.72E+05,1344.3
25/03/2014,1416,1425,1379,1380,3.15E+05,1308.2
26/03/2014,1378,1402,1363,1367,3.07E+05,1295.9
27/03/2014,1369,1381,1359,1364,3.56E+05,1293.1
28/03/2014,1365,1400,1361,1380,2.77E+05,1308.2
29/03/2014,1474.3,1492.8,1456.3,1474.9,4.38E+05,1424.4
30/03/2014,1474.3,1492.8,1456.3,1474.9,4.38E+05,1424.4
31/03/2014,1387,1396,1362,1386,2.86E+05,1313.9
01/04/2014,1376,1400,1366,1389,3.14E+05,1316.8
02/04/2014,1393,1409,1375,1406,3.99E+05,1332.9
03/04/2014,1409,1409,1393,1400,2.73E+05,1327.2
04/04/2014,1398,1410,1395,1409,3.64E+05,1335.7
05/04/2014,1474.3,1492.8,1456.3,1474.9,4.38E+05,1424.4
06/04/2014,1474.3,1492.8,1456.3,1474.9,4.38E+05,1424.4
07/04/2014,1411,1411,1379,1384,3.92E+05,1312
08/04/2014,1382,1391,1363,1383,3.35E+05,1311.1
09/04/2014,1380,1387,1363,1369,1.69E+05,1297.8
10/04/2014,1376,1401,1376,1383,3.60E+05,1311.1
11/04/2014,1387,1401,1382,1391,3.54E+05,1318.7
12/04/2014,1474.3,1492.8,1456.3,1474.9,4.38E+05,1424.4
13/04/2014,1474.3,1492.8,1456.3,1474.9,4.38E+05,1424.4
14/04/2014,1387,1387,1358,1368,2.22E+05,1296.8
15/04/2014,1370,1376,1348.2,1368,2.82E+05,1296.8
16/04/2014,1366,1368,1326,1332,3.53E+05,1262.7
17/04/2014,1337,1361,1328,1352,2.50E+05,1281.7
18/04/2014,1355,1362,1344,1352,2.13E+05,1281.7
19/04/2014,1474.3,1492.8,1456.3,1474.9,4.38E+05,1424.4
20/04/2014,1474.3,1492.8,1456.3,1474.9,4.38E+05,1424.4
21/04/2014,1355,1366,1342,1342,2.19E+05,1272.2
22/04/2014,1347,1357,1334,1338,4.02E+05,1268.4
23/04/2014,1339,1378,1334,1353,2.54E+05,1282.6
24/04/2014,1353,1360,1333,1336,2.31E+05,1266.5
25/04/2014,1338,1340,1310,1326,2.91E+05,1257
26/04/2014,1474.3,1492.8,1456.3,1474.9,4.38E+05,1424.4
27/04/2014,1474.3,1492.8,1456.3,1474.9,4.38E+05,1424.4
28/04/2014,1330,1330,1309.9,1319,2.47E+05,1250.4
29/04/2014,1322,1344,1316,1330,3.06E+05,1260.8
30/04/2014,1301,1318,1291,1312,4.15E+05,1277.8
01/05/2014,1317,1324,1298,1312,6.57E+05,1277.8
02/05/2014,1338,1355,1338,1351,7.68E+05,1315.8
03/05/2014,1474.3,1492.8,1456.3,1474.9,4.38E+05,1424.4
04/05/2014,1474.3,1492.8,1456.3,1474.9,4.38E+05,1424.4
05/05/2014,1349,1380.6,1347,1371,3.41E+05,1335.2
06/05/2014,1373,1395,1372,1391,3.84E+05,1354.7
07/05/2014,1388,1402,1380,1399,4.43E+05,1362.5
08/05/2014,1394,1401.9,1386,1394,3.15E+05,1357.6
09/05/2014,1391,1404,1379,1401,4.32E+05,1364.5
10/05/2014,1474.3,1492.8,1456.3,1474.9,4.38E+05,1424.4
11/05/2014,1474.3,1492.8,1456.3,1474.9,4.38E+05,1424.4
12/05/2014,1401,1406,1374,1378,3.00E+05,1342.1
13/05/2014,1383,1406,1379,1393,2.41E+05,1356.7
14/05/2014,1388,1398,1378,1388,3.33E+05,1351.8
15/05/2014,1389,1403,1379,1381,2.62E+05,1345
16/05/2014,1375,1404,1375,1381,2.12E+05,1345
17/05/2014,1474.3,1492.8,1456.3,1474.9,4.38E+05,1424.4
18/05/2014,1474.3,1492.8,1456.3,1474.9,4.38E+05,1424.4
19/05/2014,1383,1394,1379,1382,2.25E+05,1346
20/05/2014,1388,1418,1382,1414,2.30E+05,1377.1
21/05/2014,1413,1413,1387,1391,2.11E+05,1354.7
22/05/2014,1384,1393,1374,1391,3.30E+05,1354.7
23/05/2014,1386,1397,1355,1368,3.54E+05,1332.3
24/05/2014,1474.3,1492.8,1456.3,1474.9,4.38E+05,1424.4
25/05/2014,1474.3,1492.8,1456.3,1474.9,4.38E+05,1424.4
26/05/2014,1368,1374,1360,1366,1.96E+05,1330.4
27/05/2014,1367,1382,1362,1374,2.48E+05,1338.2
28/05/2014,1371,1403,1363,1375,3.96E+05,1339.1
29/05/2014,1362,1387,1295,1302,8.44E+05,1268
30/05/2014,1306,1314,1284,1289,5.62E+05,1255.4
31/05/2014,1474.3,1492.8,1456.3,1474.9,4.38E+05,1424.4
01/06/2014,1474.3,1492.8,1456.3,1474.9,4.38E+05,1424.4
02/06/2014,1294,1319,1285,1287,4.51E+05,1253.4
03/06/2014,1284,1298,1281,1288,4.21E+05,1254.4
04/06/2014,1280,1332,1277,1328,4.00E+05,1293.4
05/06/2014,1326,1347,1324,1327,3.36E+05,1292.4
06/06/2014,1326,1349,1323,1327,2.75E+05,1292.4
07/06/2014,1474.3,1492.8,1456.3,1474.9,4.38E+05,1424.4
08/06/2014,1474.3,1492.8,1456.3,1474.9,4.38E+05,1424.4
09/06/2014,1329,1345,1326,1340,3.08E+05,1305
10/06/2014,1341,1360,1341,1353,2.25E+05,1317.7
11/06/2014,1349,1368,1349,1365,3.54E+05,1329.4
12/06/2014,1363,1378,1361,1372,2.02E+05,1336.2
13/06/2014,1372,1395,1364,1376,3.18E+05,1340.1
14/06/2014,1474.3,1492.8,1456.3,1474.9,4.38E+05,1424.4
15/06/2014,1474.3,1492.8,1456.3,1474.9,4.38E+05,1424.4
16/06/2014,1376,1376,1376,1376,0.00E+00,1340.1
17/06/2014,1380,1405,1377,1396,2.44E+05,1359.6
18/06/2014,1390,1403,1383,1399,2.36E+05,1362.5
19/06/2014,1396,1401,1384,1401,7.54E+05,1364.5
20/06/2014,1403,1416,1401,1414,3.51E+05,1377.1
21/06/2014,1474.3,1492.8,1456.3,1474.9,4.38E+05,1424.4
22/06/2014,1474.3,1492.8,1456.3,1474.9,4.38E+05,1424.4
23/06/2014,1386,1404,1376,1404,1.79E+05,1367.4
24/06/2014,1403,1410,1395,1404,2.38E+05,1367.4
25/06/2014,1406,1453,1406,1431,6.37E+05,1393.7
26/06/2014,1431,1470,1424,1469,3.48E+05,1430.7
27/06/2014,1458,1458,1404,1416,4.47E+05,1379.1
28/06/2014,1474.3,1492.8,1456.3,1474.9,4.38E+05,1424.4
29/06/2014,1474.3,1492.8,1456.3,1474.9,4.38E+05,1424.4
30/06/2014,1410,1430,1402,1429,3.39E+05,1391.7
01/07/2014,1425,1427,1395,1395,3.48E+05,1358.6
02/07/2014,1390,1404,1378,1401,2.06E+05,1364.5
03/07/2014,1404,1404,1369,1380,5.73E+05,1344
04/07/2014,1385,1387,1372,1373,2.60E+05,1337.2
05/07/2014,1474.3,1492.8,1456.3,1474.9,4.38E+05,1424.4
06/07/2014,1474.3,1492.8,1456.3,1474.9,4.38E+05,1424.4
07/07/2014,1371,1374,1354,1368,3.20E+05,1332.3
08/07/2014,1362,1362,1350,1356,4.03E+05,1320.6
09/07/2014,1351,1362,1347,1350,3.63E+05,1314.8
10/07/2014,1346,1359,1346,1353,1.49E+06,1317.7
11/07/2014,1363,1375,1356,1367,8.58E+05,1331.3
12/07/2014,1474.3,1492.8,1456.3,1474.9,4.38E+05,1424.4
13/07/2014,1474.3,1492.8,1456.3,1474.9,4.38E+05,1424.4
14/07/2014,1363,1375,1357,1373,4.58E+05,1337.2
15/07/2014,1374,1374,1338,1339,4.68E+05,1304.1
16/07/2014,1337,1342,1328,1340,2.08E+06,1305
17/07/2014,1340,1350.5,1327,1328,3.71E+05,1293.4
18/07/2014,1327,1328,1307,1325,3.18E+05,1290.4
19/07/2014,1474.3,1492.8,1456.3,1474.9,4.38E+05,1424.4
20/07/2014,1474.3,1492.8,1456.3,1474.9,4.38E+05,1424.4
21/07/2014,1323,1344,1318.8,1342,3.12E+05,1307
22/07/2014,1335,1342,1323,1333,4.91E+05,1298.2
23/07/2014,1340,1342,1318,1327,3.15E+05,1292.4
24/07/2014,1322,1343,1320,1323,4.34E+05,1288.5
25/07/2014,1325,1333,1316,1323,3.73E+05,1288.5
26/07/2014,1474.3,1492.8,1456.3,1474.9,4.38E+05,1424.4
27/07/2014,1474.3,1492.8,1456.3,1474.9,4.38E+05,1424.4
28/07/2014,1322,1332,1315,1327,4.63E+05,1292.4
29/07/2014,1327,1337,1319,1330,3.32E+05,1295.3
30/07/2014,1320,1336,1314,1328,4.36E+05,1293.4
31/07/2014,1335,1344,1317,1319,4.26E+05,1284.6
01/08/2014,1312,1326,1301,1308,3.82E+05,1273.9
02/08/2014,1474.3,1492.8,1456.3,1474.9,4.38E+05,1424.4
03/08/2014,1474.3,1492.8,1456.3,1474.9,4.38E+05,1424.4
04/08/2014,1300,1303,1282,1300,5.42E+05,1266.1
05/08/2014,1292,1326,1284,1322,6.38E+05,1287.5
06/08/2014,1322,1323,1267,1267,7.77E+05,1234
07/08/2014,1275,1283,1249.6,1272,1.28E+06,1238.8
08/08/2014,1266,1293,1263,1291,5.47E+05,1257.3
09/08/2014,1474.3,1492.8,1456.3,1474.9,4.38E+05,1424.4
10/08/2014,1474.3,1492.8,1456.3,1474.9,4.38E+05,1424.4
11/08/2014,1286,1298,1273,1279,8.46E+05,1245.6
12/08/2014,1275,1314,1269,1313,4.65E+05,1278.8
13/08/2014,1309,1331,1300,1329,5.30E+05,1294.3
14/08/2014,1321,1333,1304,1331,2.58E+05,1296.3
15/08/2014,1326,1329,1314,1320,2.02E+06,1285.6
16/08/2014,1474.3,1492.8,1456.3,1474.9,4.38E+05,1424.4
17/08/2014,1474.3,1492.8,1456.3,1474.9,4.38E+05,1424.4
18/08/2014,1333,1333,1316,1326,3.29E+05,1291.4
19/08/2014,1333,1359,1331,1336,3.84E+05,1301.2
20/08/2014,1343,1364,1343,1345,4.40E+05,1309.9
21/08/2014,1345,1350,1331,1349,2.83E+05,1313.8
22/08/2014,1360,1373,1348,1359,5.63E+05,1323.6
23/08/2014,1474.3,1492.8,1456.3,1474.9,4.38E+05,1424.4
24/08/2014,1474.3,1492.8,1456.3,1474.9,4.38E+05,1424.4
25/08/2014,1358,1370,1352,1359,3.59E+05,1323.6
26/08/2014,1355,1368,1344,1344,4.38E+05,1308.9
27/08/2014,1348,1388,1348,1379,6.67E+05,1343
28/08/2014,1360,1399,1328,1393,6.53E+05,1356.7
29/08/2014,1397,1405,1358,1360,4.88E+05,1324.5
30/08/2014,1474.3,1492.8,1456.3,1474.9,4.38E+05,1424.4
31/08/2014,1474.3,1492.8,1456.3,1474.9,4.38E+05,1424.4
01/09/2014,1365,1374,1344,1365,3.18E+05,1329.4
02/09/2014,1361,1369,1355,1367,1.90E+05,1331.3
03/09/2014,1364,1379,1362,1367,3.10E+05,1331.3
04/09/2014,1364,1382,1364,1376,5.28E+05,1340.1
05/09/2014,1375,1378,1362,1374,2.66E+05,1338.2
06/09/2014,1474.3,1492.8,1456.3,1474.9,4.38E+05,1424.4
07/09/2014,1474.3,1492.8,1456.3,1474.9,4.38E+05,1424.4
08/09/2014,1368,1382,1362,1375,2.83E+05,1339.1
09/09/2014,1384,1397,1379,1389,2.85E+05,1352.8
10/09/2014,1389,1416,1385,1398,4.44E+05,1361.5
11/09/2014,1396,1430,1390.4,1423,5.67E+05,1385.9
12/09/2014,1430,1471,1420,1456,6.56E+05,1418
13/09/2014,1474.3,1492.8,1456.3,1474.9,4.38E+05,1424.4
14/09/2014,1474.3,1492.8,1456.3,1474.9,4.38E+05,1424.4
15/09/2014,1460,1461,1435,1439,3.08E+05,1401.5
16/09/2014,1440,1461,1439,1446,5.14E+05,1408.3
17/09/2014,1442,1449,1426,1428,5.52E+05,1390.8
18/09/2014,1433,1453,1430.3,1447,3.05E+05,1409.3
19/09/2014,1447,1458,1447,1452,5.76E+05,1414.1
20/09/2014,1474.3,1492.8,1456.3,1474.9,4.38E+05,1424.4
21/09/2014,1474.3,1492.8,1456.3,1474.9,4.38E+05,1424.4
22/09/2014,1445,1456,1412,1413,5.39E+05,1376.1
23/09/2014,1413,1449,1413,1427,7.50E+05,1389.8
24/09/2014,1420,1421,1400,1401,5.20E+05,1364.5
25/09/2014,1409,1416,1390,1409,8.92E+05,1372.2
26/09/2014,1417,1443,1417,1431,3.12E+05,1393.7
27/09/2014,1474.3,1492.8,1456.3,1474.9,4.38E+05,1424.4
28/09/2014,1474.3,1492.8,1456.3,1474.9,4.38E+05,1424.4
29/09/2014,1432,1435,1403,1403,3.08E+05,1366.4
30/09/2014,1401,1407,1300,1329,7.74E+05,1294.3
01/10/2014,1329,1346,1329,1333,7.34E+05,1298.2
02/10/2014,1326,1339,1295,1328,6.54E+05,1293.4
03/10/2014,1321,1321,1252,1256,7.48E+05,1223.2
04/10/2014,1474.3,1492.8,1456.3,1474.9,4.38E+05,1424.4
05/10/2014,1474.3,1492.8,1456.3,1474.9,4.38E+05,1424.4
06/10/2014,1250,1270,1227,1232,6.98E+05,1199.9
07/10/2014,1231,1235,1175,1221,1.54E+06,1189.2
08/10/2014,1206,1251.2,1201,1242,7.93E+05,1209.6
09/10/2014,1254,1258,1190,1222,9.98E+05,1190.1
10/10/2014,1224,1243,1200,1234,1.02E+06,1201.8
11/10/2014,1474.3,1492.8,1456.3,1474.9,4.38E+05,1424.4
12/10/2014,1474.3,1492.8,1456.3,1474.9,4.38E+05,1424.4
13/10/2014,1236,1254,1225,1245,5.03E+05,1212.5
14/10/2014,1250,1268,1245.6,1256,3.47E+05,1223.2
15/10/2014,1268,1274,1242,1246,8.36E+04,1213.5
16/10/2014,1246,1246,1246,1246,0.00E+00,1213.5
17/10/2014,1246,1246,1246,1246,0.00E+00,1213.5
18/10/2014,1474.3,1492.8,1456.3,1474.9,4.38E+05,1424.4
19/10/2014,1474.3,1492.8,1456.3,1474.9,4.38E+05,1424.4
20/10/2014,1249,1258,1220,1236,3.77E+05,1203.8
21/10/2014,1225,1236,1203,1214,4.15E+05,1182.3
22/10/2014,1214,1237,1214,1228,5.93E+04,1196
23/10/2014,1228,1228,1228,1228,0.00E+00,1196
24/10/2014,1231,1235,1185.6,1188,4.86E+05,1157
25/10/2014,1474.3,1492.8,1456.3,1474.9,4.38E+05,1424.4
26/10/2014,1474.3,1492.8,1456.3,1474.9,4.38E+05,1424.4
27/10/2014,1182,1195,1134,1150,5.72E+05,1120
28/10/2014,1144,1167,1134,1144,6.08E+05,1114.2
29/10/2014,1145,1147,1132,1135,5.19E+05,1105.4
30/10/2014,1145,1158,1138,1156,7.34E+05,1125.8
31/10/2014,1153,1161,1122,1128,4.20E+05,1098.6
01/11/2014,1474.3,1492.8,1456.3,1474.9,4.38E+05,1424.4
02/11/2014,1474.3,1492.8,1456.3,1474.9,4.38E+05,1424.4
03/11/2014,1132,1135,1114,1125,5.09E+05,1095.7
04/11/2014,1120,1163,1120,1138,5.30E+05,1108.3
05/11/2014,1120,1120,1069,1069,8.74E+05,1041.1
06/11/2014,1074,1103,1052,1081,9.16E+05,1052.8
07/11/2014,1075,1083,1059,1077,5.40E+05,1048.9
08/11/2014,1474.3,1492.8,1456.3,1474.9,4.38E+05,1424.4
09/11/2014,1474.3,1492.8,1456.3,1474.9,4.38E+05,1424.4
10/11/2014,1080,1134,1080,1122,5.13E+05,1092.7
11/11/2014,1099,1104,1051,1057,9.94E+05,1029.4
12/11/2014,1054,1081,1051,1081,5.98E+05,1052.8
13/11/2014,1082,1104,1077,1094,6.18E+05,1065.5
14/11/2014,1095,1120,1095,1112,7.75E+05,1083
15/11/2014,1474.3,1492.8,1456.3,1474.9,4.38E+05,1424.4
16/11/2014,1474.3,1492.8,1456.3,1474.9,4.38E+05,1424.4
17/11/2014,1112,1117,1070,1076,1.06E+06,1047.9
18/11/2014,1078,1087,1064,1074,5.35E+05,1046
19/11/2014,1079,1090,1061,1072,4.54E+05,1044
20/11/2014,1065,1096,1062,1089,7.14E+05,1060.6
21/11/2014,1085,1097,1063,1071,8.47E+05,1043.1
22/11/2014,1474.3,1492.8,1456.3,1474.9,4.38E+05,1424.4
23/11/2014,1474.3,1492.8,1456.3,1474.9,4.38E+05,1424.4
24/11/2014,1073,1094,1062,1072,5.94E+05,1044
25/11/2014,1080,1124,1077.5,1101,1.08E+06,1072.3
26/11/2014,1096,1108,1090,1100,7.19E+05,1071.3
27/11/2014,1092,1108,1065,1098,9.07E+05,1069.4
28/11/2014,1090,1111,1085,1102,6.25E+05,1073.3
29/11/2014,1474.3,1492.8,1456.3,1474.9,4.38E+05,1424.4
30/11/2014,1474.3,1492.8,1456.3,1474.9,4.38E+05,1424.4
01/12/2014,1101,1104.6,1069,1079,8.43E+05,1050.8
02/12/2014,1075,1112,1075,1102,7.24E+05,1073.3
03/12/2014,1099,1105,1086,1091,4.91E+05,1062.5
04/12/2014,1080,1204,1080,1159,1.74E+06,1128.8
05/12/2014,1158,1187,1155,1164,8.31E+05,1133.6
06/12/2014,1474.3,1492.8,1456.3,1474.9,4.38E+05,1424.4
07/12/2014,1474.3,1492.8,1456.3,1474.9,4.38E+05,1424.4
08/12/2014,1158,1199,1150,1192,5.23E+05,1160.9
09/12/2014,1189,1191,1156,1179,1.09E+06,1148.2
10/12/2014,1150,1190,1121,1143,1.13E+06,1113.2
11/12/2014,1129,1146,1111,1125,8.77E+05,1095.7
12/12/2014,1118,1149,1107,1132,7.64E+05,1102.5
13/12/2014,1474.3,1492.8,1456.3,1474.9,4.38E+05,1424.4
14/12/2014,1474.3,1492.8,1456.3,1474.9,4.38E+05,1424.4
15/12/2014,1142,1142,1109,1127,5.61E+05,1097.6
16/12/2014,1129,1147,1115.6,1126,7.71E+05,1096.6
17/12/2014,1125,1142,1125,1131,6.13E+05,1101.5
18/12/2014,1129,1157,1129,1150,5.27E+05,1120
19/12/2014,1154,1171,1150,1162,8.76E+05,1131.7
20/12/2014,1474.3,1492.8,1456.3,1474.9,4.38E+05,1424.4
21/12/2014,1474.3,1492.8,1456.3,1474.9,4.38E+05,1424.4
22/12/2014,1165,1168,1146,1159,6.81E+05,1128.8
23/12/2014,1159,1180,1159,1164,9.87E+05,1133.6
24/12/2014,1169,1188,1154,1160,8.43E+05,1129.7
25/12/2014,1163,1186,1159,1181,6.44E+05,1150.2
26/12/2014,1173,1181,1153,1155,6.12E+05,1124.9
27/12/2014,1474.3,1492.8,1456.3,1474.9,4.38E+05,1424.4
28/12/2014,1474.3,1492.8,1456.3,1474.9,4.38E+05,1424.4
29/12/2014,1146,1159,1143,1145,6.08E+05,1115.1
30/12/2014,1140,1149,1115,1115,7.76E+05,1085.9
31/12/2014,1112,1120,1086,1089,7.74E+05,1060.6
01/01/2015,1093,1116,1093,1109,5.66E+05,1080.1
02/01/2015,1108,1136,1104,1120,7.55E+05,1090.8
03/01/2015,1474.3,1492.8,1456.3,1474.9,4.38E+05,1424.4
04/01/2015,1474.3,1492.8,1456.3,1474.9,4.38E+05,1424.4
05/01/2015,1120,1123.2,1102,1121,5.21E+05,1091.8
06/01/2015,1126,1146,1120,1146,9.34E+05,1116.1
07/01/2015,1140,1174,1140,1173,5.47E+05,1142.4
08/01/2015,1181,1190,1166,1176,5.89E+05,1145.3
09/01/2015,1176,1208,1170,1201,8.63E+05,1169.7
10/01/2015,1474.3,1492.8,1456.3,1474.9,4.38E+05,1424.4
11/01/2015,1474.3,1492.8,1456.3,1474.9,4.38E+05,1424.4
12/01/2015,1196,1199,1185,1194,5.05E+05,1162.8
13/01/2015,1195,1233,1192.5,1221,6.54E+05,1189.2
14/01/2015,1222,1224,1203,1220,4.23E+05,1188.2
15/01/2015,1211,1226,1203,1211,4.98E+05,1179.4
16/01/2015,1213,1222,1190.5,1196,4.81E+05,1164.8
17/01/2015,1474.3,1492.8,1456.3,1474.9,4.38E+05,1424.4
18/01/2015,1474.3,1492.8,1456.3,1474.9,4.38E+05,1424.4
19/01/2015,1211,1233,1193.8,1220,6.10E+05,1188.2
20/01/2015,1220,1258,1213,1215,7.79E+05,1183.3
21/01/2015,1212,1234,1208,1222,5.67E+05,1190.1
22/01/2015,1222,1282,1222,1279,7.47E+05,1245.6
23/01/2015,1279,1279,1279,1279,0.00E+00,1245.6
24/01/2015,1474.3,1492.8,1456.3,1474.9,4.38E+05,1424.4
25/01/2015,1474.3,1492.8,1456.3,1474.9,4.38E+05,1424.4
26/01/2015,1279,1279,1279,1279,0.00E+00,1245.6
27/01/2015,1277,1348,1273,1329,1.01E+06,1294.3
28/01/2015,1321,1334,1317,1329,6.29E+05,1294.3
29/01/2015,1331,1368,1326,1354,6.41E+05,1318.7
30/01/2015,1361,1366,1348,1360,3.58E+05,1324.5
31/01/2015,1474.3,1492.8,1456.3,1474.9,4.38E+05,1424.4
01/02/2015,1474.3,1492.8,1456.3,1474.9,4.38E+05,1424.4
02/02/2015,1353,1365,1347,1355,3.46E+05,1319.7
03/02/2015,1353,1370,1345,1363,6.07E+05,1327.4
04/02/2015,1363,1381,1362,1377,3.75E+05,1341.1
05/02/2015,1384,1386,1365,1382,5.35E+05,1346
06/02/2015,1386,1391,1356,1358,5.06E+05,1322.6
07/02/2015,1474.3,1492.8,1456.3,1474.9,4.38E+05,1424.4
08/02/2015,1474.3,1492.8,1456.3,1474.9,4.38E+05,1424.4
09/02/2015,1360,1364,1337,1345,7.22E+05,1309.9
10/02/2015,1344,1354,1327,1347,6.09E+05,1311.9
11/02/2015,1347,1357,1334,1341,4.28E+05,1306
12/02/2015,1349,1368,1344,1368,4.33E+05,1332.3
13/02/2015,1372,1379,1350,1363,4.81E+05,1327.4
14/02/2015,1474.3,1492.8,1456.3,1474.9,4.38E+05,1424.4
15/02/2015,1474.3,1492.8,1456.3,1474.9,4.38E+05,1424.4
16/02/2015,1370,1395,1347,1380,4.27E+05,1344
17/02/2015,1382,1413,1368,1388,7.55E+05,1351.8
18/02/2015,1400,1431,1386,1391,6.45E+05,1354.7
19/02/2015,1388,1396,1374,1379,6.74E+05,1343
20/02/2015,1384,1393,1367,1376,2.10E+05,1340.1
21/02/2015,1474.3,1492.8,1456.3,1474.9,4.38E+05,1424.4
22/02/2015,1474.3,1492.8,1456.3,1474.9,4.38E+05,1424.4
23/02/2015,1376,1376,1376,1376,0.00E+00,1340.1
24/02/2015,1386,1432,1374,1417,7.24E+05,1380
25/02/2015,1410,1414,1376,1405,6.79E+05,1368.3
26/02/2015,1404,1404,1362,1390,7.03E+05,1353.7
27/02/2015,1415,1429,1404,1415,5.02E+05,1378.1
28/02/2015,1474.3,1492.8,1456.3,1474.9,4.38E+05,1424.4
01/03/2015,1474.3,1492.8,1456.3,1474.9,4.38E+05,1424.4
02/03/2015,1414,1444,1407,1414,3.30E+05,1377.1
03/03/2015,1411,1425,1375,1398,4.36E+05,1361.5
04/03/2015,1400,1415,1390,1401,4.48E+05,1364.5
05/03/2015,1402,1417,1393,1416,4.02E+05,1379.1
06/03/2015,1457,1472,1388,1391,8.62E+05,1354.7
07/03/2015,1474.3,1492.8,1456.3,1474.9,4.38E+05,1424.4
08/03/2015,1474.3,1492.8,1456.3,1474.9,4.38E+05,1424.4
09/03/2015,1378,1431,1342,1419,6.12E+05,1382
10/03/2015,1419,1497,1414,1480,9.85E+05,1441.4
11/03/2015,1473,1491,1469,1471,4.71E+05,1432.6
12/03/2015,1468,1479,1458.7,1470,3.19E+05,1431.7
13/03/2015,1473,1489,1462,1466,3.23E+05,1427.8
14/03/2015,1474.3,1492.8,1456.3,1474.9,4.38E+05,1424.4
15/03/2015,1474.3,1492.8,1456.3,1474.9,4.38E+05,1424.4
16/03/2015,1466,1466,1466,1466,0.00E+00,1427.8
17/03/2015,1455,1473,1447,1454,3.66E+05,1416.1
18/03/2015,1456,1474,1442,1467,3.61E+05,1428.7
19/03/2015,1473,1486,1451,1462,3.33E+05,1423.9
20/03/2015,1461,1465,1424,1433,7.41E+05,1395.6
21/03/2015,1474.3,1492.8,1456.3,1474.9,4.38E+05,1424.4
22/03/2015,1474.3,1492.8,1456.3,1474.9,4.38E+05,1424.4
23/03/2015,1434,1446,1414,1426,4.46E+05,1388.8
24/03/2015,1425,1434,1396,1415,5.43E+05,1378.1
25/03/2015,1416,1428,1396,1422,8.52E+05,1384.9
26/03/2015,1420,1428,1407,1415,5.31E+05,1378.1
27/03/2015,1417,1417,1399,1399,5.00E+05,1362.5
28/03/2015,1474.3,1492.8,1456.3,1474.9,4.38E+05,1424.4
29/03/2015,1474.3,1492.8,1456.3,1474.9,4.38E+05,1424.4
30/03/2015,1397,1408,1396,1400,3.09E+05,1363.5
31/03/2015,1402,1413,1399,1403,5.46E+05,1366.4
01/04/2015,1405,1432,1399,1428,4.29E+05,1390.8
02/04/2015,1425,1441,1422,1428,2.67E+05,1390.8
03/04/2015,1425,1426,1409,1410,2.62E+05,1373.2
04/04/2015,1474.3,1492.8,1456.3,1474.9,4.38E+05,1424.4
05/04/2015,1474.3,1492.8,1456.3,1474.9,4.38E+05,1424.4
06/04/2015,1400,1409,1397,1403,3.21E+05,1366.4
07/04/2015,1393,1414,1393,1411,3.75E+05,1374.2
08/04/2015,1413,1421,1404,1409,3.34E+05,1372.2
09/04/2015,1402,1413,1394,1407,4.52E+05,1370.3
10/04/2015,1411,1412,1395,1401,8.10E+05,1364.5
11/04/2015,1474.3,1492.8,1456.3,1474.9,4.38E+05,1424.4
12/04/2015,1474.3,1492.8,1456.3,1474.9,4.38E+05,1424.4
13/04/2015,1421,1446,1411,1446,8.55E+05,1408.3
14/04/2015,1450,1459,1439,1440,5.76E+05,1402.4
15/04/2015,1440,1450,1433,1436,4.29E+05,1398.5
16/04/2015,1429,1443,1426,1429,3.55E+05,1391.7
17/04/2015,1423,1455,1419,1429,2.70E+05,1391.7
18/04/2015,1474.3,1492.8,1456.3,1474.9,4.38E+05,1424.4
19/04/2015,1474.3,1492.8,1456.3,1474.9,4.38E+05,1424.4
20/04/2015,1390,1397,1380,1381,8.46E+05,1345
21/04/2015,1375,1382,1368,1368,7.10E+05,1332.3
22/04/2015,1375,1390,1369,1380,5.28E+05,1344
23/04/2015,1351,1368.3,1349,1360,3.21E+05,1360
24/04/2015,1359,1359,1338,1343,1.83E+05,1343
25/04/2015,1474.3,1492.8,1456.3,1474.9,4.38E+05,1424.4
26/04/2015,1474.3,1492.8,1456.3,1474.9,4.38E+05,1424.4
27/04/2015,1328,1342,1321,1327,3.96E+05,1327
28/04/2015,1325,1337,1306,1307,5.74E+05,1307
29/04/2015,1312,1326,1306,1316,2.36E+05,1316
30/04/2015,1320,1347,1319,1340,2.40E+05,1340
01/05/2015,1360,1364.3,1347,1353,2.05E+05,1353
02/05/2015,1474.3,1492.8,1456.3,1474.9,4.38E+05,1424.4
03/05/2015,1474.3,1492.8,1456.3,1474.9,4.38E+05,1424.4
04/05/2015,1376,1384,1337,1345,6.32E+05,1345
05/05/2015,1346,1346,1330,1334,4.46E+05,1334
06/05/2015,1333,1341,1327,1336,3.24E+05,1336
07/05/2015,1343,1346,1337,1341,2.38E+05,1341
08/05/2015,1344,1344,1328,1333,3.03E+05,1333
09/05/2015,1474.3,1492.8,1456.3,1474.9,4.38E+05,1424.4
10/05/2015,1474.3,1492.8,1456.3,1474.9,4.38E+05,1424.4
11/05/2015,1311,1334,1309,1323,2.13E+05,1323
12/05/2015,1322,1333,1321.9,1332,2.70E+05,1332
13/05/2015,1318,1341,1318,1337,2.99E+05,1337
14/05/2015,1353,1353,1324,1331,2.38E+05,1331
15/05/2015,1328,1339,1310,1312,2.20E+05,1312
16/05/2015,1474.3,1492.8,1456.3,1474.9,4.38E+05,1424.4
17/05/2015,1474.3,1492.8,1456.3,1474.9,4.38E+05,1424.4
18/05/2015,1310,1317,1283,1284,2.74E+05,1284
19/05/2015,1291,1300,1284,1298,3.18E+05,1298
20/05/2015,1301,1311,1301,1305,2.60E+05,1305
21/05/2015,1304,1313,1302,1307,3.27E+05,1307
22/05/2015,1314,1339,1308,1338,3.76E+05,1338
23/05/2015,1474.3,1492.8,1456.3,1474.9,4.38E+05,1424.4
24/05/2015,1474.3,1492.8,1456.3,1474.9,4.38E+05,1424.4
25/05/2015,1331,1352,1331,1344,2.95E+05,1344
26/05/2015,1330,1331,1267,1268,6.06E+05,1268
27/05/2015,1267,1287,1255,1287,4.90E+05,1287
28/05/2015,1282,1304,1278,1296,3.38E+05,1296
29/05/2015,1292,1320,1291,1314,3.17E+05,1314
30/05/2015,1474.3,1492.8,1456.3,1474.9,4.38E+05,1424.4
31/05/2015,1474.3,1492.8,1456.3,1474.9,4.38E+05,1424.4
01/06/2015,1327,1327,1306,1324,2.19E+05,1324
02/06/2015,1322,1361,1316.9,1344,4.48E+05,1344
03/06/2015,1337,1344.1,1310,1323,5.75E+05,1323
04/06/2015,1399,1473,1379,1420,6.28E+05,1420
05/06/2015,1400,1420,1395,1402,4.25E+05,1402
06/06/2015,1474.3,1492.8,1456.3,1474.9,4.38E+05,1424.4
07/06/2015,1474.3,1492.8,1456.3,1474.9,4.38E+05,1424.4
08/06/2015,1410,1428,1402,1409,6.71E+05,1409
09/06/2015,1413,1425,1408,1418,8.13E+05,1418
10/06/2015,1413,1428,1406,1411,7.01E+05,1411
11/06/2015,1400,1412,1400,1403,3.96E+05,1403
12/06/2015,1390,1400,1354,1354,3.47E+05,1354
13/06/2015,1474.3,1492.8,1456.3,1474.9,4.38E+05,1424.4
14/06/2015,1474.3,1492.8,1456.3,1474.9,4.38E+05,1424.4
15/06/2015,1310,1314,1236,1255,9.38E+05,1255
16/06/2015,1270,1306,1263,1299,6.88E+05,1299
17/06/2015,1286,1321,1268.5,1291,6.22E+05,1291
18/06/2015,1318,1334,1296,1329,4.60E+05,1329
19/06/2015,1329,1337,1306,1337,5.14E+05,1337
20/06/2015,1474.3,1492.8,1456.3,1474.9,4.38E+05,1424.4
21/06/2015,1474.3,1492.8,1456.3,1474.9,4.38E+05,1424.4
22/06/2015,1337,1337,1337,1337,0.00E+00,1337
23/06/2015,1311,1323,1274,1281,4.75E+05,1281
24/06/2015,1284,1330,1277,1314,5.04E+05,1314
25/06/2015,1324,1335,1317,1326,4.30E+05,1326
26/06/2015,1310,1314,1294,1304,3.91E+05,1304
27/06/2015,1474.3,1492.8,1456.3,1474.9,4.38E+05,1424.4
28/06/2015,1474.3,1492.8,1456.3,1474.9,4.38E+05,1424.4
29/06/2015,1314,1318,1282,1287,2.20E+05,1287
30/06/2015,1292,1324,1292,1301,3.18E+05,1301
01/07/2015,1330,1368,1321,1341,4.81E+05,1341
02/07/2015,1320,1335,1313,1328,3.33E+05,1328
03/07/2015,1330,1348,1306,1344,5.31E+05,1344
04/07/2015,1474.3,1492.8,1456.3,1474.9,4.38E+05,1424.4
05/07/2015,1474.3,1492.8,1456.3,1474.9,4.38E+05,1424.4
06/07/2015,1348,1377,1340,1342,4.06E+05,1342
07/07/2015,1344,1382,1330,1378,4.00E+05,1378
08/07/2015,1383,1405,1382,1400,6.43E+05,1400
09/07/2015,1401,1404,1386,1391,4.50E+05,1391
10/07/2015,1394,1394,1356,1374,5.11E+05,1374
11/07/2015,1474.3,1492.8,1456.3,1474.9,4.38E+05,1424.4
12/07/2015,1474.3,1492.8,1456.3,1474.9,4.38E+05,1424.4
13/07/2015,1369,1400,1369,1388,3.83E+05,1388
14/07/2015,1394,1394,1337,1339,3.89E+05,1339
15/07/2015,1345,1411,1341,1401,7.64E+05,1401
16/07/2015,1395,1404,1382,1387,2.98E+05,1387
17/07/2015,1415,1419,1401,1404,4.46E+05,1404
18/07/2015,1474.3,1492.8,1456.3,1474.9,4.38E+05,1424.4
19/07/2015,1474.3,1492.8,1456.3,1474.9,4.38E+05,1424.4
20/07/2015,1405,1405,1382,1385,2.60E+05,1385
21/07/2015,1364,1384,1362,1367,3.32E+05,1367
22/07/2015,1392,1401,1391,1397,5.74E+05,1397
23/07/2015,1376,1398,1367,1379,4.82E+05,1379
24/07/2015,1387,1407,1373,1387,3.24E+05,1387
25/07/2015,1474.3,1492.8,1456.3,1474.9,4.38E+05,1424.4
26/07/2015,1474.3,1492.8,1456.3,1474.9,4.38E+05,1424.4
27/07/2015,1410,1439,1397,1435,2.82E+05,1435
28/07/2015,1444,1461,1431,1453,3.03E+05,1453
29/07/2015,1456,1487.6,1453,1461,3.70E+05,1461
30/07/2015,1463,1463,1443,1455,3.91E+05,1455
31/07/2015,1466,1482,1459,1473,4.21E+05,1473
01/08/2015,1474.3,1492.8,1456.3,1474.9,4.38E+05,1424.4
02/08/2015,1474.3,1492.8,1456.3,1474.9,4.38E+05,1424.4
03/08/2015,1474,1500,1469,1499,3.30E+05,1499
04/08/2015,1500,1508,1489,1500,3.97E+05,1500
05/08/2015,1490,1496,1471,1484,3.97E+05,1484
06/08/2015,1491,1526,1490,1525,4.44E+05,1525
07/08/2015,1528,1535,1504,1513,3.23E+05,1513
08/08/2015,1474.3,1492.8,1456.3,1474.9,4.38E+05,1424.4
09/08/2015,1474.3,1492.8,1456.3,1474.9,4.38E+05,1424.4
10/08/2015,1518,1528,1506,1518,2.23E+05,1518
11/08/2015,1521,1530,1510,1524,1.82E+05,1524
12/08/2015,1522,1537,1516,1531,3.14E+05,1531
13/08/2015,1533,1552,1520,1552,5.72E+05,1552
14/08/2015,1566,1574,1553,1560,3.42E+05,1560
15/08/2015,1474.3,1492.8,1456.3,1474.9,4.38E+05,1424.4
16/08/2015,1474.3,1492.8,1456.3,1474.9,4.38E+05,1424.4
17/08/2015,1558,1569,1553,1559,1.81E+05,1559
18/08/2015,1554,1558,1543,1544,2.03E+05,1544
19/08/2015,1541,1555,1530,1540,3.07E+05,1540
20/08/2015,1538,1566,1538,1557,2.45E+05,1557
21/08/2015,1554,1562,1533,1550,2.88E+05,1550
22/08/2015,1474.3,1492.8,1456.3,1474.9,4.38E+05,1424.4
23/08/2015,1474.3,1492.8,1456.3,1474.9,4.38E+05,1424.4
24/08/2015,1535,1556.1,1535,1556,1.52E+05,1556
25/08/2015,1562,1576,1553,1576,2.13E+05,1576
26/08/2015,1579,1595,1575,1589,2.09E+05,1589
27/08/2015,1595,1595,1531,1543,4.49E+05,1543
28/08/2015,1543,1557,1526,1531,3.58E+05,1531
29/08/2015,1474.3,1492.8,1456.3,1474.9,4.38E+05,1424.4
30/08/2015,1474.3,1492.8,1456.3,1474.9,4.38E+05,1424.4
31/08/2015,1534,1547,1512,1514,4.10E+05,1514
01/09/2015,1524,1545,1513,1545,3.39E+05,1545
02/09/2015,1553,1564,1532,1554,2.57E+05,1554
03/09/2015,1557,1563,1533.9,1534,3.04E+05,1534
04/09/2015,1537,1540,1510,1513,3.55E+05,1513
05/09/2015,1474.3,1492.8,1456.3,1474.9,4.38E+05,1424.4
06/09/2015,1474.3,1492.8,1456.3,1474.9,4.38E+05,1424.4
07/09/2015,1501,1519,1471,1507,3.42E+05,1507
08/09/2015,1522,1555,1516,1555,2.75E+05,1555
09/09/2015,1548,1631.3,1548,1599,5.64E+05,1599
10/09/2015,1607,1630,1606,1616,3.51E+05,1616
11/09/2015,1616,1638,1604,1629,5.05E+05,1629
12/09/2015,1474.3,1492.8,1456.3,1474.9,4.38E+05,1424.4
13/09/2015,1474.3,1492.8,1456.3,1474.9,4.38E+05,1424.4
14/09/2015,1614,1629,1612,1618,3.56E+05,1618
15/09/2015,1612,1620,1595,1617,5.03E+05,1617
16/09/2015,1623,1630,1615,1624,2.99E+05,1624
17/09/2015,1620,1628,1619,1628,3.92E+05,1628
18/09/2015,1616,1628,1616,1620,2.00E+05,1620
19/09/2015,1474.3,1492.8,1456.3,1474.9,4.38E+05,1424.4
20/09/2015,1474.3,1492.8,1456.3,1474.9,4.38E+05,1424.4
21/09/2015,1618,1629,1595,1611,4.85E+05,1611
22/09/2015,1615,1619,1597,1613,2.93E+05,1613
23/09/2015,1621,1621,1606,1606,3.72E+05,1606
24/09/2015,1599,1611,1555,1555,5.06E+05,1555
25/09/2015,1550,1558,1544,1547,3.74E+05,1547
26/09/2015,1474.3,1492.8,1456.3,1474.9,4.38E+05,1424.4
27/09/2015,1474.3,1492.8,1456.3,1474.9,4.38E+05,1424.4
28/09/2015,1557,1571,1550,1550,3.93E+05,1550
29/09/2015,1560,1560,1502,1509,5.03E+05,1509
30/09/2015,1517,1517,1436,1488,7.06E+05,1488
01/10/2015,1477,1484,1462,1470,5.82E+05,1470
02/10/2015,1476,1479,1438,1438,4.41E+05,1438
03/10/2015,1474.3,1492.8,1456.3,1474.9,4.38E+05,1424.4
04/10/2015,1474.3,1492.8,1456.3,1474.9,4.38E+05,1424.4
05/10/2015,1442,1451,1414,1414,5.63E+05,1414
06/10/2015,1427,1491,1427,1490,9.05E+05,1490
07/10/2015,1486,1494,1478,1487,5.57E+05,1487
08/10/2015,1514,1517,1485,1506,6.91E+05,1506
09/10/2015,1496,1505,1490,1500,6.98E+05,1500
10/10/2015,1474.3,1492.8,1456.3,1474.9,4.38E+05,1424.4
11/10/2015,1474.3,1492.8,1456.3,1474.9,4.38E+05,1424.4
12/10/2015,1492,1508,1441,1453,6.88E+05,1453
13/10/2015,1458,1467,1435.5,1460,3.78E+05,1460
14/10/2015,1472,1489,1467,1487,2.28E+05,1487
15/10/2015,1490,1490,1474,1475,3.01E+04,1475
16/10/2015,1474.3,1492.8,1456.3,1474.9,4.38E+05,1424.4
17/10/2015,1474.3,1492.8,1456.3,1474.9,4.38E+05,1424.4
18/10/2015,1474.3,1492.8,1456.3,1474.9,4.38E+05,1424.4
19/10/2015,1474.3,1492.8,1456.3,1474.9,4.38E+05,1424.4
20/10/2015,1477,1497,1455,1484,3.44E+05,1484
21/10/2015,1475,1496,1467,1473,2.98E+05,1473
22/10/2015,1464,1478.7,1448,1448,5.90E+04,1448
23/10/2015,1474.3,1492.8,1456.3,1474.9,4.38E+05,1424.4
24/10/2015,1474.3,1492.8,1456.3,1474.9,4.38E+05,1424.4
25/10/2015,1474.3,1492.8,1456.3,1474.9,4.38E+05,1424.4
26/10/2015,1440,1440,1411,1427,4.51E+05,1427
27/10/2015,1433,1438,1412,1427,1.97E+05,1427
28/10/2015,1418,1429,1413,1429,3.53E+05,1429
29/10/2015,1398,1431,1392,1410,5.72E+05,1410
30/10/2015,1409,1420,1400,1401,4.76E+05,1401
31/10/2015,1474.3,1492.8,1456.3,1474.9,4.38E+05,1424.4
01/11/2015,1474.3,1492.8,1456.3,1474.9,4.38E+05,1424.4
02/11/2015,1409,1413,1389,1407,6.72E+05,1407
03/11/2015,1412,1420,1399,1415,3.26E+05,1415
04/11/2015,1423,1431,1410,1414,2.75E+05,1414
05/11/2015,1397,1399,1378,1384,3.89E+05,1384
06/11/2015,1381,1393,1358,1366,4.58E+05,1366
07/11/2015,1474.3,1492.8,1456.3,1474.9,4.38E+05,1424.4
08/11/2015,1474.3,1492.8,1456.3,1474.9,4.38E+05,1424.4
09/11/2015,1366,1384,1353,1371,4.02E+05,1371
10/11/2015,1397,1408,1387,1390,3.09E+05,1390
11/11/2015,1365,1368,1337.6,1347,4.09E+05,1347
12/11/2015,1354,1377,1348,1366,4.57E+05,1366
13/11/2015,1382,1383,1357,1371,3.58E+05,1371
14/11/2015,1474.3,1492.8,1456.3,1474.9,4.38E+05,1424.4
15/11/2015,1474.3,1492.8,1456.3,1474.9,4.38E+05,1424.4
16/11/2015,1375,1399,1370,1379,3.66E+05,1379
17/11/2015,1369,1391,1362,1387,2.39E+05,1387
18/11/2015,1382,1409,1382,1409,3.59E+05,1409
19/11/2015,1399,1420,1387,1397,3.51E+05,1397
20/11/2015,1416,1429,1406,1429,4.62E+05,1429
21/11/2015,1474.3,1492.8,1456.3,1474.9,4.38E+05,1424.4
22/11/2015,1474.3,1492.8,1456.3,1474.9,4.38E+05,1424.4
23/11/2015,1431,1459,1426,1441,4.09E+05,1441
24/11/2015,1442,1448,1426,1440,3.18E+05,1440
25/11/2015,1435,1445,1398,1400,5.03E+05,1400
26/11/2015,1390,1390,1305,1322,7.72E+05,1322
27/11/2015,1328,1345,1311,1313,3.92E+05,1313
28/11/2015,1474.3,1492.8,1456.3,1474.9,4.38E+05,1424.4
29/11/2015,1474.3,1492.8,1456.3,1474.9,4.38E+05,1424.4
30/11/2015,1320,1320,1265,1265,3.97E+05,1265
01/12/2015,1274,1285,1250,1277,4.73E+05,1277
02/12/2015,1276,1305,1274,1305,5.17E+05,1305
03/12/2015,1300,1300,1273,1281,3.83E+05,1281
04/12/2015,1284,1303,1271,1303,4.07E+05,1303
05/12/2015,1474.3,1492.8,1456.3,1474.9,4.38E+05,1424.4
06/12/2015,1474.3,1492.8,1456.3,1474.9,4.38E+05,1424.4
07/12/2015,1323,1337,1316,1336,3.05E+05,1336
08/12/2015,1340,1348,1328,1344,2.66E+05,1344
09/12/2015,1341,1386,1341,1386,3.12E+05,1386
10/12/2015,1474.3,1492.8,1456.3,1474.9,4.38E+05,1424.4
11/12/2015,1474.3,1492.8,1456.3,1474.9,4.38E+05,1424.4
12/12/2015,1474.3,1492.8,1456.3,1474.9,4.38E+05,1424.4
13/12/2015,1474.3,1492.8,1456.3,1474.9,4.38E+05,1424.4
14/12/2015,1474.3,1492.8,1456.3,1474.9,4.38E+05,1424.4
15/12/2015,1474.3,1492.8,1456.3,1474.9,4.38E+05,1424.4
16/12/2015,1474.3,1492.8,1456.3,1474.9,4.38E+05,1424.4
17/12/2015,1474.3,1492.8,1456.3,1474.9,4.38E+05,1424.4
18/12/2015,1474.3,1492.8,1456.3,1474.9,4.38E+05,1424.4
19/12/2015,1474.3,1492.8,1456.3,1474.9,4.38E+05,1424.4
20/12/2015,1474.3,1492.8,1456.3,1474.9,4.38E+05,1424.4
21/12/2015,1474.3,1492.8,1456.3,1474.9,4.38E+05,1424.4
22/12/2015,1474.3,1492.8,1456.3,1474.9,4.38E+05,1424.4
23/12/2015,1474.3,1492.8,1456.3,1474.9,4.38E+05,1424.4
24/12/2015,1474.3,1492.8,1456.3,1474.9,4.38E+05,1424.4
25/12/2015,1474.3,1492.8,1456.3,1474.9,4.38E+05,1424.4
26/12/2015,1474.3,1492.8,1456.3,1474.9,4.38E+05,1424.4
27/12/2015,1474.3,1492.8,1456.3,1474.9,4.38E+05,1424.4
28/12/2015,1474.3,1492.8,1456.3,1474.9,4.38E+05,1424.4
29/12/2015,1474.3,1492.8,1456.3,1474.9,4.38E+05,1424.4
30/12/2015,1474.3,1492.8,1456.3,1474.9,4.38E+05,1424.4
31/12/2015,1474.3,1492.8,1456.3,1474.9,4.38E+05,1424.4
01/01/2016,1474.3,1492.8,1456.3,1474.9,4.38E+05,1424.4
02/01/2016,1474.3,1492.8,1456.3,1474.9,4.38E+05,1424.4
03/01/2016,1474.3,1492.8,1456.3,1474.9,4.38E+05,1424.4
04/01/2016,1474.3,1492.8,1456.3,1474.9,4.38E+05,1424.4
05/01/2016,1474.3,1492.8,1456.3,1474.9,4.38E+05,1424.4
06/01/2016,1474.3,1492.8,1456.3,1474.9,4.38E+05,1424.4
07/01/2016,1474.3,1492.8,1456.3,1474.9,4.38E+05,1424.4
08/01/2016,1474.3,1492.8,1456.3,1474.9,4.38E+05,1424.4
09/01/2016,1474.3,1492.8,1456.3,1474.9,4.38E+05,1424.4
10/01/2016,1474.3,1492.8,1456.3,1474.9,4.38E+05,1424.4
11/01/2016,1474.3,1492.8,1456.3,1474.9,4.38E+05,1424.4
12/01/2016,1474.3,1492.8,1456.3,1474.9,4.38E+05,1424.4
13/01/2016,1474.3,1492.8,1456.3,1474.9,4.38E+05,1424.4
14/01/2016,1474.3,1492.8,1456.3,1474.9,4.38E+05,1424.4
15/01/2016,1474.3,1492.8,1456.3,1474.9,4.38E+05,1424.4
16/01/2016,1474.3,1492.8,1456.3,1474.9,4.38E+05,1424.4
17/01/2016,1474.3,1492.8,1456.3,1474.9,4.38E+05,1424.4
18/01/2016,1474.3,1492.8,1456.3,1474.9,4.38E+05,1424.4
19/01/2016,1474.3,1492.8,1456.3,1474.9,4.38E+05,1424.4
20/01/2016,1474.3,1492.8,1456.3,1474.9,4.38E+05,1424.4
21/01/2016,1474.3,1492.8,1456.3,1474.9,4.38E+05,1424.4
22/01/2016,1474.3,1492.8,1456.3,1474.9,4.38E+05,1424.4
23/01/2016,1474.3,1492.8,1456.3,1474.9,4.38E+05,1424.4
24/01/2016,1474.3,1492.8,1456.3,1474.9,4.38E+05,1424.4
25/01/2016,1474.3,1492.8,1456.3,1474.9,4.38E+05,1424.4
26/01/2016,1474.3,1492.8,1456.3,1474.9,4.38E+05,1424.4
27/01/2016,1474.3,1492.8,1456.3,1474.9,4.38E+05,1424.4
28/01/2016,1474.3,1492.8,1456.3,1474.9,4.38E+05,1424.4
29/01/2016,1474.3,1492.8,1456.3,1474.9,4.38E+05,1424.4
30/01/2016,1474.3,1492.8,1456.3,1474.9,4.38E+05,1424.4
31/01/2016,1474.3,1492.8,1456.3,1474.9,4.38E+05,1424.4
01/02/2016,1474.3,1492.8,1456.3,1474.9,4.38E+05,1424.4
02/02/2016,1474.3,1492.8,1456.3,1474.9,4.38E+05,1424.4
03/02/2016,1474.3,1492.8,1456.3,1474.9,4.38E+05,1424.4
04/02/2016,1474.3,1492.8,1456.3,1474.9,4.38E+05,1424.4
05/02/2016,1474.3,1492.8,1456.3,1474.9,4.38E+05,1424.4
06/02/2016,1474.3,1492.8,1456.3,1474.9,4.38E+05,1424.4
07/02/2016,1474.3,1492.8,1456.3,1474.9,4.38E+05,1424.4
08/02/2016,1474.3,1492.8,1456.3,1474.9,4.38E+05,1424.4
09/02/2016,1474.3,1492.8,1456.3,1474.9,4.38E+05,1424.4
10/02/2016,1474.3,1492.8,1456.3,1474.9,4.38E+05,1424.4
11/02/2016,1474.3,1492.8,1456.3,1474.9,4.38E+05,1424.4
12/02/2016,1474.3,1492.8,1456.3,1474.9,4.38E+05,1424.4
13/02/2016,1474.3,1492.8,1456.3,1474.9,4.38E+05,1424.4
14/02/2016,1474.3,1492.8,1456.3,1474.9,4.38E+05,1424.4
15/02/2016,1474.3,1492.8,1456.3,1474.9,4.38E+05,1424.4
16/02/2016,1474.3,1492.8,1456.3,1474.9,4.38E+05,1424.4
17/02/2016,1474.3,1492.8,1456.3,1474.9,4.38E+05,1424.4
