2029,2034.8,1977,1983,3.3398e+06,1717.1
1976,2003,1967,1995.5,3.3551e+06,1727.9
1998,2014.5,1942.5,1951,3.666e+06,1689.4
1942,1942.5,1904,1923,4.0678e+06,1665.1
1935,1971,1923,1942,3.7239e+06,1681.6
1224.7,1241.8,1204,1222.3,6.4247e+06,1120.9
1224.7,1241.8,1204,1222.3,6.4247e+06,1120.9
1956,2000.5,1956,1981.5,3.9715e+06,1715.8
1933.5,1960.5,1930.5,1938.5,3.163e+06,1678.5
1943,1959,1906.5,1952.5,2.6472e+06,1690.7
1965,1965,1903,1922,4.2736e+06,1664.2
1918.5,1919,1866,1900,3.3688e+06,1645.2
1224.7,1241.8,1204,1222.3,6.4247e+06,1120.9
1224.7,1241.8,1204,1222.3,6.4247e+06,1120.9
1836.5,1856.5,1825,1849,4.2235e+06,1601
1858.5,1888,1849.5,1878.5,3.0497e+06,1626.6
1882.5,1887,1841.5,1846.5,3.0411e+06,1598.9
1851.5,1878.5,1848.5,1851,3.2217e+06,1602.8
1863.5,1870.5,1831,1850.5,4.0773e+06,1602.3
1224.7,1241.8,1204,1222.3,6.4247e+06,1120.9
1224.7,1241.8,1204,1222.3,6.4247e+06,1120.9
1852,1864,1845,1861,2.7792e+06,1611.4
1853.5,1890,1849,1868.5,2.6472e+06,1617.9
1865,1879,1836.5,1860,4.6108e+06,1610.6
1858.5,1870,1842,1863.5,5.2968e+06,1613.6
1874,1900.5,1869,1892.5,5.722e+06,1638.7
1224.7,1241.8,1204,1222.3,6.4247e+06,1120.9
1224.7,1241.8,1204,1222.3,6.4247e+06,1120.9
1853.5,1890,1833,1873.5,3.0131e+06,1622.2
1868,1868,1807,1820,3.5778e+06,1575.9
1799,1817,1765.3,1773,4.4855e+06,1565
1779,1784,1735,1756,3.2773e+06,1550
1749,1764,1727.5,1729.5,2.4084e+06,1526.6
1224.7,1241.8,1204,1222.3,6.4247e+06,1120.9
1224.7,1241.8,1204,1222.3,6.4247e+06,1120.9
1745.5,1750,1708,1717.5,2.5423e+06,1516
1708,1748.5,1708,1736,4.6028e+06,1532.3
1744,1759.6,1708,1722,2.8774e+06,1520
1713,1727.5,1685.5,1692,3.4152e+06,1493.5
1692,1692,1692,1692,0,1493.5
1224.7,1241.8,1204,1222.3,6.4247e+06,1120.9
1224.7,1241.8,1204,1222.3,6.4247e+06,1120.9
1692,1692,1692,1692,0,1493.5
1688,1701,1669.5,1674,7.5117e+06,1477.6
1664,1664.5,1632.5,1650,4.4156e+06,1456.4
1646,1678,1635,1646,3.9034e+06,1452.9
1658,1668.5,1616.5,1639.5,3.7879e+06,1447.2
1224.7,1241.8,1204,1222.3,6.4247e+06,1120.9
1224.7,1241.8,1204,1222.3,6.4247e+06,1120.9
1650,1666.5,1631,1644.5,1.7689e+06,1451.6
1670,1702,1668.5,1699.5,2.8825e+06,1500.1
1698.5,1718.1,1689,1695,1.1136e+07,1496.1
1694,1694,1650.5,1671,3.3218e+06,1475
1662,1684,1639,1642,3.1895e+06,1449.4
1224.7,1241.8,1204,1222.3,6.4247e+06,1120.9
1224.7,1241.8,1204,1222.3,6.4247e+06,1120.9
1649.5,1649.5,1562,1575,5.8713e+06,1390.2
1567,1615.5,1565,1587,3.8774e+06,1400.8
1598,1601,1541.5,1553,3.4456e+06,1370.8
1558,1572,1540,1562,3.4798e+06,1378.7
1609,1613.5,1579,1596.5,4.9429e+06,1409.2
1224.7,1241.8,1204,1222.3,6.4247e+06,1120.9
1224.7,1241.8,1204,1222.3,6.4247e+06,1120.9
1592.5,1619,1576,1592.5,3.0106e+06,1405.7
1592,1607,1567,1595.5,2.8411e+06,1408.3
1606.5,1639.5,1594,1625.5,1.0451e+07,1434.8
1630,1659.5,1624,1649,4.4554e+06,1455.5
1642.5,1644.5,1595.5,1606,4.0226e+06,1417.6
1224.7,1241.8,1204,1222.3,6.4247e+06,1120.9
1224.7,1241.8,1204,1222.3,6.4247e+06,1120.9
1617,1631,1589,1609,2.5358e+06,1420.2
1606,1619,1553,1565,4.8461e+06,1381.4
1576,1590,1555.5,1563.5,1.4978e+06,1380.1
1559.5,1571.5,1539.5,1568,9.8846e+06,1384
1576,1639.5,1573.5,1635.5,5.4292e+06,1443.6
1224.7,1241.8,1204,1222.3,6.4247e+06,1120.9
1224.7,1241.8,1204,1222.3,6.4247e+06,1120.9
1635.5,1635.5,1635.5,1635.5,0,1443.6
1638,1661,1619.5,1623,5.3897e+06,1432.6
1630.5,1673,1623,1666,3.8543e+06,1470.5
1668,1691,1657.5,1667,3.1246e+06,1471.4
1670.5,1681.5,1575.5,1591,7.4395e+06,1404.3
1224.7,1241.8,1204,1222.3,6.4247e+06,1120.9
1224.7,1241.8,1204,1222.3,6.4247e+06,1120.9
1597,1598.5,1555.5,1577,5.0654e+06,1392
1585,1585,1515.5,1550,3.6334e+06,1368.2
1556.5,1556.5,1525,1544,2.9219e+06,1362.9
1550,1552,1506.7,1549,5.0003e+06,1367.3
1551,1590,1545,1570,3.1715e+06,1385.8
1224.7,1241.8,1204,1222.3,6.4247e+06,1120.9
1224.7,1241.8,1204,1222.3,6.4247e+06,1120.9
1565.5,1570.5,1523.5,1553,2.3338e+06,1370.8
1556.5,1622.3,1551.5,1621.5,4.708e+06,1431.3
1624,1695.6,1606.5,1653.5,4.5951e+06,1459.5
1565,1599.5,1558.5,1570,4.4609e+06,1385.8
1575,1584,1552.1,1556.5,2.4402e+06,1373.9
1224.7,1241.8,1204,1222.3,6.4247e+06,1120.9
1224.7,1241.8,1204,1222.3,6.4247e+06,1120.9
1556.5,1556.5,1556.5,1556.5,0,1373.9
1553,1568,1540.5,1540.5,3.6643e+06,1359.8
1533,1562,1512.5,1538,4.7716e+06,1357.6
1533.5,1572,1525,1562,2.5671e+06,1378.7
1565.5,1575.5,1526.1,1526.5,5.9063e+06,1347.4
1224.7,1241.8,1204,1222.3,6.4247e+06,1120.9
1224.7,1241.8,1204,1222.3,6.4247e+06,1120.9
1524.5,1550,1511,1540,3.026e+06,1359.3
1557.5,1561,1512,1518.5,2.5604e+06,1340.4
1500,1504.3,1450.5,1454,5.1954e+06,1283.4
1453,1467.5,1430.5,1440,4.5753e+06,1271.1
1439.5,1469,1423,1463,3.3491e+06,1291.4
1224.7,1241.8,1204,1222.3,6.4247e+06,1120.9
1224.7,1241.8,1204,1222.3,6.4247e+06,1120.9
1453.5,1456.5,1401,1421.5,3.5059e+06,1254.7
1408.5,1411,1351.5,1371.5,5.1234e+06,1210.6
1367,1387,1361.5,1374.5,4.3572e+06,1213.2
1353.5,1409.5,1345,1400,4.1735e+06,1235.8
1420,1444,1403,1426,3.9319e+06,1258.7
1224.7,1241.8,1204,1222.3,6.4247e+06,1120.9
1224.7,1241.8,1204,1222.3,6.4247e+06,1120.9
1432.5,1434.1,1400,1407,2.2834e+06,1241.9
1399,1435.5,1396,1423.5,3.2503e+06,1256.5
1428,1436.5,1400.5,1408,3.3383e+06,1242.8
1376,1387,1351.5,1359,6.5563e+06,1199.6
1365,1383.5,1341,1352,8.5976e+06,1193.4
1224.7,1241.8,1204,1222.3,6.4247e+06,1120.9
1224.7,1241.8,1204,1222.3,6.4247e+06,1120.9
1346,1346,1296.5,1297.5,4.9473e+06,1145.3
1310,1327,1291.5,1299,4.7287e+06,1146.6
1300.5,1301,1247,1256,7.8543e+06,1108.6
1262.5,1285.5,1262.5,1265,5.3896e+06,1116.6
1274.5,1293.7,1254,1266,4.8986e+06,1117.5
1224.7,1241.8,1204,1222.3,6.4247e+06,1120.9
1224.7,1241.8,1204,1222.3,6.4247e+06,1120.9
1285,1299.5,1259,1292,3.1391e+06,1140.4
1298.5,1307,1275,1280,3.3118e+06,1129.8
1266,1266,1195.5,1207,6.4048e+06,1065.4
1219.5,1272,1217,1263,5.5503e+06,1114.8
1268.5,1272,1213.5,1217,5.7528e+06,1074.2
1224.7,1241.8,1204,1222.3,6.4247e+06,1120.9
1224.7,1241.8,1204,1222.3,6.4247e+06,1120.9
1226.5,1256,1215.5,1245,2.9694e+06,1098.9
1269,1294,1267.5,1282,3.146e+06,1131.6
1273.5,1283,1252,1268,2.7978e+06,1119.2
1316.5,1346.5,1311.5,1337,5.4643e+06,1180.1
1340,1340.5,1290.5,1294.5,3.4704e+06,1142.6
1224.7,1241.8,1204,1222.3,6.4247e+06,1120.9
1224.7,1241.8,1204,1222.3,6.4247e+06,1120.9
1295.5,1325.5,1295,1300.5,2.5831e+06,1147.9
1317.5,1329.5,1300,1324,3.9219e+06,1168.7
1334,1373,1329,1357,3.9463e+06,1197.8
1365,1382.5,1348,1377.5,3.1583e+06,1215.9
1375,1390.5,1350,1379,3.3621e+06,1217.2
1224.7,1241.8,1204,1222.3,6.4247e+06,1120.9
1224.7,1241.8,1204,1222.3,6.4247e+06,1120.9
1384.5,1413,1372.5,1405,2.6788e+06,1240.2
1417,1448,1414.5,1435,3.8035e+06,1266.6
1434.5,1476.5,1421.5,1438,3.8954e+06,1269.3
1425,1425,1381,1389,3.1486e+06,1226
1435,1435,1370.9,1391,4.1385e+06,1227.8
1224.7,1241.8,1204,1222.3,6.4247e+06,1120.9
1224.7,1241.8,1204,1222.3,6.4247e+06,1120.9
1396.5,1427,1385,1422,2.1005e+06,1255.2
1429.5,1431.5,1413,1419.5,1.8353e+06,1253
1426,1434,1403,1408,2.516e+06,1242.8
1416,1483.5,1416,1483,3.3681e+06,1309
1483,1491,1450.5,1457,3.1947e+06,1286.1
1224.7,1241.8,1204,1222.3,6.4247e+06,1120.9
1224.7,1241.8,1204,1222.3,6.4247e+06,1120.9
1460,1484.5,1458.3,1475.5,2.0918e+06,1302.4
1473,1475.8,1403.5,1416,4.0218e+06,1249.9
1407.5,1431,1390,1395,3.1797e+06,1231.3
1410,1455.5,1405.5,1454.5,3.0184e+06,1283.9
1463,1546.5,1448.5,1542.5,4.0266e+06,1361.5
1224.7,1241.8,1204,1222.3,6.4247e+06,1120.9
1224.7,1241.8,1204,1222.3,6.4247e+06,1120.9
1543.5,1577.5,1514.5,1567.5,4.0173e+06,1383.6
1569,1584,1554.5,1572.5,4.1476e+06,1388
1550,1555,1536,1545,2.5249e+06,1381.9
1540,1547.5,1486,1495.5,2.975e+06,1337.6
1493,1548.5,1491.3,1547.5,3.5628e+06,1384.1
1224.7,1241.8,1204,1222.3,6.4247e+06,1120.9
1224.7,1241.8,1204,1222.3,6.4247e+06,1120.9
1539,1541.2,1482,1492.5,2.8321e+06,1334.9
1476,1496.5,1445,1494,3.6454e+06,1336.3
1490,1493.5,1459,1474,2.6326e+06,1318.4
1475,1510.5,1475,1504.5,3.2011e+06,1345.7
1500,1532.5,1495,1524.5,2.3704e+06,1363.6
1224.7,1241.8,1204,1222.3,6.4247e+06,1120.9
1224.7,1241.8,1204,1222.3,6.4247e+06,1120.9
1524.5,1524.5,1524.5,1524.5,0,1363.6
1519,1519.5,1491,1497.5,3.2165e+06,1339.4
1493.5,1535.5,1486,1530.5,3.7598e+06,1368.9
1534.5,1546,1500,1507,2.7523e+06,1347.9
1515,1521.5,1472.5,1478.5,3.8469e+06,1322.4
1224.7,1241.8,1204,1222.3,6.4247e+06,1120.9
1224.7,1241.8,1204,1222.3,6.4247e+06,1120.9
1503,1549.5,1502,1536,2.493e+06,1373.8
1545,1555.5,1519,1544.5,3.7345e+06,1381.4
1539,1549,1525.5,1540.5,1.8141e+06,1377.9
1541,1577.5,1536,1571,3.8386e+06,1405.1
1557.5,1583,1542,1581,4.0445e+06,1414.1
1224.7,1241.8,1204,1222.3,6.4247e+06,1120.9
1224.7,1241.8,1204,1222.3,6.4247e+06,1120.9
1586,1605.5,1585.7,1594.5,2.2137e+06,1426.2
1611,1641,1611,1632,3.8471e+06,1459.7
1625,1625,1596,1609.5,2.5181e+06,1439.6
1612.5,1633.3,1609.5,1620.5,3.9257e+06,1449.4
1609.5,1625.6,1555,1568.5,4.3584e+06,1402.9
1224.7,1241.8,1204,1222.3,6.4247e+06,1120.9
1224.7,1241.8,1204,1222.3,6.4247e+06,1120.9
1593,1605.5,1580,1583,2.2927e+06,1415.9
1577,1599.5,1557.5,1579.5,3.1209e+06,1412.8
1575.5,1596.5,1557.5,1577.5,2.4277e+06,1411
1645,1662.5,1627,1635,4.3539e+06,1462.4
1625,1627,1585,1591,4.4211e+06,1423
1224.7,1241.8,1204,1222.3,6.4247e+06,1120.9
1224.7,1241.8,1204,1222.3,6.4247e+06,1120.9
1590,1595.5,1556,1573.5,2.3203e+06,1407.4
1566,1570.5,1539,1545.5,2.7196e+06,1382.3
1545,1584,1545,1577.5,3.5777e+06,1411
1570,1583.5,1548.5,1569.5,2.6126e+06,1403.8
1563,1568,1513,1540,2.7641e+06,1377.4
1224.7,1241.8,1204,1222.3,6.4247e+06,1120.9
1224.7,1241.8,1204,1222.3,6.4247e+06,1120.9
1517.5,1518,1491.5,1518,2.5714e+06,1357.7
1516,1525.5,1459,1484.5,3.0718e+06,1327.8
1481.5,1507,1453,1502.5,3.061e+06,1343.9
1498.5,1519,1467,1472.5,2.006e+06,1317
1466,1496,1455,1491,2.1301e+06,1333.6
1224.7,1241.8,1204,1222.3,6.4247e+06,1120.9
1224.7,1241.8,1204,1222.3,6.4247e+06,1120.9
1483,1485.5,1457.9,1485.5,1.8911e+06,1328.7
1478.5,1483,1459.5,1464,2.3511e+06,1309.4
1467,1473,1439,1448.5,1.9839e+06,1295.6
1452.5,1483.5,1440,1476,2.5714e+06,1320.2
1482,1519,1440,1512,2.2567e+06,1352.4
1224.7,1241.8,1204,1222.3,6.4247e+06,1120.9
1224.7,1241.8,1204,1222.3,6.4247e+06,1120.9
1506,1525,1490.5,1523.5,2.0593e+06,1362.7
1536,1574,1536,1569,2.6338e+06,1403.4
1557,1569,1530,1559.5,2.6274e+06,1394.9
1544,1557.5,1534,1553,2.1579e+06,1389
1561,1561,1506,1532,3.3854e+06,1370.3
1224.7,1241.8,1204,1222.3,6.4247e+06,1120.9
1224.7,1241.8,1204,1222.3,6.4247e+06,1120.9
1531.5,1549.5,1523,1536.5,3.3773e+06,1374.3
1535,1581.5,1521.5,1556,4.0139e+06,1391.7
1553,1556,1486,1495,4.1918e+06,1337.2
1505,1513,1494.5,1506,2.705e+06,1347
1500,1509,1490,1508,2.6225e+06,1348.8
1224.7,1241.8,1204,1222.3,6.4247e+06,1120.9
1224.7,1241.8,1204,1222.3,6.4247e+06,1120.9
1520,1527,1491.5,1515.5,2.9591e+06,1355.5
1509,1519,1496.5,1517.5,2.3197e+06,1357.3
1526,1534,1516.5,1534,3.2928e+06,1372.1
1523.5,1526.5,1482,1485,3.8185e+06,1328.2
1492.5,1496.1,1455,1460,3.9401e+06,1305.9
1224.7,1241.8,1204,1222.3,6.4247e+06,1120.9
1224.7,1241.8,1204,1222.3,6.4247e+06,1120.9
1461.5,1499.5,1461.5,1494.5,2.2782e+06,1336.7
1508,1548.5,1504,1536,5.0307e+06,1373.8
1533,1564.5,1533,1555.5,3.638e+06,1391.3
1554,1583.5,1504,1512,4.3462e+06,1352.4
1496,1505.5,1463.5,1492.5,3.5492e+06,1334.9
1224.7,1241.8,1204,1222.3,6.4247e+06,1120.9
1224.7,1241.8,1204,1222.3,6.4247e+06,1120.9
1495,1495,1462,1474,2.7947e+06,1318.4
1471.5,1495,1436.5,1440.5,4.6929e+06,1288.4
1433.5,1444,1402.5,1408.5,4.1582e+06,1259.8
1431.5,1438,1386,1410.5,3.9281e+06,1261.6
1419.5,1441.5,1387.5,1430,2.9403e+06,1279
1224.7,1241.8,1204,1222.3,6.4247e+06,1120.9
1224.7,1241.8,1204,1222.3,6.4247e+06,1120.9
1431.5,1445.5,1414.5,1438.5,2.1004e+06,1286.6
1429,1429,1396.5,1400,2.9408e+06,1252.2
1392.5,1415,1390,1404.5,2.9499e+06,1256.2
1400,1400,1376.5,1384.5,3.169e+06,1238.3
1386.5,1386.5,1342.5,1380,3.0136e+06,1234.3
1224.7,1241.8,1204,1222.3,6.4247e+06,1120.9
1224.7,1241.8,1204,1222.3,6.4247e+06,1120.9
1387,1390.5,1367,1371.5,1.6025e+06,1226.7
1370,1379.5,1334,1334.5,4.4771e+06,1193.6
1332,1360.5,1328.5,1338.5,4.267e+06,1197.2
1345.5,1384.5,1336.5,1375,3.6451e+06,1229.8
1374,1381.5,1346,1349,2.9542e+06,1206.6
1224.7,1241.8,1204,1222.3,6.4247e+06,1120.9
1224.7,1241.8,1204,1222.3,6.4247e+06,1120.9
1346.5,1352,1291.4,1293,3.3607e+06,1156.5
1290,1350,1266.5,1301,4.5528e+06,1163.7
1303,1320.5,1291.5,1311.5,3.3835e+06,1173
1302.5,1341,1293,1310,4.3555e+06,1171.7
1309,1334,1300.5,1325,3.8584e+06,1185.1
1224.7,1241.8,1204,1222.3,6.4247e+06,1120.9
1224.7,1241.8,1204,1222.3,6.4247e+06,1120.9
1325,1330.5,1305,1324.5,2.9578e+06,1184.7
1316.5,1329.5,1312,1316,2.6841e+06,1177.1
1309,1320,1287.5,1293.5,2.3404e+06,1156.9
1284.5,1309.5,1265.5,1275,4.81e+06,1140.4
1271.5,1280.8,1248.8,1269.5,3.9686e+06,1135.5
1224.7,1241.8,1204,1222.3,6.4247e+06,1120.9
1224.7,1241.8,1204,1222.3,6.4247e+06,1120.9
1254.5,1293.5,1236,1293.5,3.1802e+06,1156.9
1282,1294,1262,1281,3.2273e+06,1145.8
1278,1289.9,1272,1277.5,2.5651e+06,1142.6
1286,1294.5,1246,1283,5.3565e+06,1147.6
1275,1280.5,1243,1261,8.6692e+06,1127.9
1224.7,1241.8,1204,1222.3,6.4247e+06,1120.9
1224.7,1241.8,1204,1222.3,6.4247e+06,1120.9
1268,1283,1261.6,1265,3.5144e+06,1131.5
1268.5,1286.5,1266.5,1275.5,7.378e+05,1140.8
1275.5,1275.5,1275.5,1275.5,0,1140.8
1275.5,1275.5,1275.5,1275.5,0,1140.8
1270.5,1311,1270.5,1309.5,2.2891e+06,1171.3
1224.7,1241.8,1204,1222.3,6.4247e+06,1120.9
1224.7,1241.8,1204,1222.3,6.4247e+06,1120.9
1311,1346.3,1311,1338.5,2.9847e+06,1197.2
1331,1332.5,1315.5,1320,1.0292e+06,1180.6
1320,1320,1320,1320,0,1180.6
1320,1320,1282.5,1292,3.8005e+06,1155.6
1289,1301.5,1275,1297,2.1106e+06,1160.1
1224.7,1241.8,1204,1222.3,6.4247e+06,1120.9
1224.7,1241.8,1204,1222.3,6.4247e+06,1120.9
1290.5,1300,1271.5,1275,4.6441e+06,1140.4
1280,1290.5,1260,1276.5,3.2782e+06,1141.7
1266,1280.8,1257.5,1262.5,2.9782e+06,1129.2
1260.5,1263,1221,1226.5,3.2892e+06,1097
1229.5,1267,1226,1249.5,3.802e+06,1117.6
1224.7,1241.8,1204,1222.3,6.4247e+06,1120.9
1224.7,1241.8,1204,1222.3,6.4247e+06,1120.9
1256.5,1281,1250,1273,2.7072e+06,1138.6
1260,1271.5,1250,1262.5,3.3765e+06,1129.2
1279,1333.2,1274.5,1332.5,7.2004e+06,1191.8
1332.5,1400,1323.5,1397.5,7.5043e+06,1250
1398,1436.5,1388,1391,8.8692e+06,1244.2
1224.7,1241.8,1204,1222.3,6.4247e+06,1120.9
1224.7,1241.8,1204,1222.3,6.4247e+06,1120.9
1380,1414,1369,1393,4.4125e+06,1245.9
1392,1392,1344.5,1356,6.3623e+06,1212.8
1365.5,1388,1357,1366.5,3.856e+06,1222.2
1348.5,1407.5,1347,1380.5,5.8688e+06,1234.8
1381,1389.5,1333,1340,7.3936e+06,1198.5
1224.7,1241.8,1204,1222.3,6.4247e+06,1120.9
1224.7,1241.8,1204,1222.3,6.4247e+06,1120.9
1333.5,1353.5,1317,1319.5,5.5462e+06,1180.2
1326,1364,1321.6,1343.5,5.8227e+06,1201.7
1400,1457,1362.5,1420.5,1.3165e+07,1270.5
1410,1443,1392.5,1435.5,1.1234e+07,1284
1428,1437,1403.5,1436,9.3816e+06,1284.4
1224.7,1241.8,1204,1222.3,6.4247e+06,1120.9
1224.7,1241.8,1204,1222.3,6.4247e+06,1120.9
1440,1453.5,1395.5,1397,4.0231e+06,1249.5
1390.5,1457,1390.5,1436.5,6.7805e+06,1284.8
1435,1463.5,1417,1452,6.4498e+06,1298.7
1465,1468.8,1433,1459.5,5.9013e+06,1305.4
1464,1482.5,1451,1480,4.9361e+06,1323.8
1224.7,1241.8,1204,1222.3,6.4247e+06,1120.9
1224.7,1241.8,1204,1222.3,6.4247e+06,1120.9
1487.5,1506.5,1477.8,1501,4.8467e+06,1342.5
1506.5,1531.5,1501.5,1526,5.0003e+06,1364.9
1539.5,1565,1535,1541,6.6558e+06,1378.3
1546.5,1559.5,1499,1533.5,9.4951e+06,1371.6
1545.5,1564,1509.5,1519.5,8.2727e+06,1359.1
1224.7,1241.8,1204,1222.3,6.4247e+06,1120.9
1224.7,1241.8,1204,1222.3,6.4247e+06,1120.9
1531,1554.5,1518.5,1552,7.0018e+06,1388.2
1553,1593,1524,1587,8.8853e+06,1419.5
1587,1589.5,1563,1589,6.0734e+06,1421.2
1550,1560,1526,1554,9.4407e+06,1389.9
1560,1570,1530.5,1560.5,9.6616e+06,1395.8
1224.7,1241.8,1204,1222.3,6.4247e+06,1120.9
1224.7,1241.8,1204,1222.3,6.4247e+06,1120.9
1553,1553,1523.5,1533.5,5.5349e+06,1371.6
1525,1533.5,1480,1500.5,8.0634e+06,1342.1
1495.5,1513,1484,1494,4.6005e+06,1336.3
1495,1515,1475,1511.5,5.1142e+06,1351.9
1508.5,1531,1498,1531,6.7882e+06,1369.4
1224.7,1241.8,1204,1222.3,6.4247e+06,1120.9
1224.7,1241.8,1204,1222.3,6.4247e+06,1120.9
1490.5,1509.5,1478.3,1478.5,6.8005e+06,1322.4
1492,1515,1479,1502.5,3.8719e+06,1343.9
1500,1526,1492,1520,5.2402e+06,1359.5
1531.5,1574.5,1530,1565,4.5227e+06,1399.8
1557.5,1558.5,1455.5,1462.5,8.8384e+06,1308.1
1224.7,1241.8,1204,1222.3,6.4247e+06,1120.9
1224.7,1241.8,1204,1222.3,6.4247e+06,1120.9
1450,1452,1415,1433,5.8302e+06,1281.7
1437.5,1466.5,1426,1435.5,5.0913e+06,1284
1422.5,1430.5,1409,1419.5,5.7585e+06,1269.6
1432,1442,1410.5,1411.5,4.7789e+06,1262.5
1391,1434,1387,1423,5.5566e+06,1272.8
1224.7,1241.8,1204,1222.3,6.4247e+06,1120.9
1224.7,1241.8,1204,1222.3,6.4247e+06,1120.9
1428,1479,1427,1461.5,5.3385e+06,1307.2
1459,1483,1438.5,1467.5,4.4169e+06,1312.6
1439.5,1449.5,1388.5,1388.5,4.9219e+06,1269.2
1382.5,1417,1374.5,1411.5,5.0959e+06,1290.3
1413,1454,1406.5,1439.5,5.945e+06,1315.8
1224.7,1241.8,1204,1222.3,6.4247e+06,1120.9
1224.7,1241.8,1204,1222.3,6.4247e+06,1120.9
1440,1463,1433,1440,2.1685e+07,1316.3
1453,1498.5,1453,1498,4.789e+06,1369.3
1507.5,1522.5,1481.5,1489,4.8755e+06,1361.1
1478.5,1487,1459,1487,3.2307e+06,1359.3
1499.5,1533.5,1496.5,1509,4.0744e+06,1379.4
1224.7,1241.8,1204,1222.3,6.4247e+06,1120.9
1224.7,1241.8,1204,1222.3,6.4247e+06,1120.9
1517,1546,1515,1526.5,5.3814e+06,1395.4
1541,1552.5,1518,1521.5,3.3017e+06,1390.8
1529,1560,1529,1544,3.4962e+06,1411.4
1537.5,1547.5,1505,1516.5,4.4088e+06,1386.2
1517,1573,1517,1565,4.2183e+06,1430.6
1224.7,1241.8,1204,1222.3,6.4247e+06,1120.9
1224.7,1241.8,1204,1222.3,6.4247e+06,1120.9
1547.5,1583.5,1537.9,1554,4.5703e+06,1420.5
1563.5,1585,1539.5,1577,5.6823e+06,1441.5
1578,1594.5,1555.5,1558,5.4644e+06,1424.2
1567.5,1592.5,1541.5,1548.5,4.7365e+06,1415.5
1530,1554,1516.5,1537,5.676e+06,1405
1224.7,1241.8,1204,1222.3,6.4247e+06,1120.9
1224.7,1241.8,1204,1222.3,6.4247e+06,1120.9
1531,1543.7,1506,1543.5,7.0896e+06,1410.9
1542,1543,1504.5,1514,6.2532e+06,1383.9
1530.5,1542,1506,1538.5,3.8958e+06,1406.3
1545,1550,1512.5,1547,3.2092e+06,1414.1
1547,1547,1547,1547,0,1414.1
1224.7,1241.8,1204,1222.3,6.4247e+06,1120.9
1224.7,1241.8,1204,1222.3,6.4247e+06,1120.9
1547,1547,1547,1547,0,1414.1
1545,1548.5,1520.5,1538.5,4.3211e+06,1406.3
1539,1551,1523.5,1547,6.1145e+06,1414.1
1580,1605.5,1555.5,1566.5,4.2028e+06,1431.9
1552,1562.5,1519,1533,3.8507e+06,1401.3
1224.7,1241.8,1204,1222.3,6.4247e+06,1120.9
1224.7,1241.8,1204,1222.3,6.4247e+06,1120.9
1533,1533,1510,1519,2.2538e+06,1388.5
1516.5,1542.7,1505.5,1542.5,5.4931e+06,1410
1535,1582.5,1525.5,1582,5.5393e+06,1446.1
1583.5,1589.5,1548,1564.5,1.0688e+06,1430.1
1562,1580,1550.5,1565,3.2542e+06,1430.6
1224.7,1241.8,1204,1222.3,6.4247e+06,1120.9
1224.7,1241.8,1204,1222.3,6.4247e+06,1120.9
1565,1565,1565,1565,0,1430.6
1564.5,1571.5,1529,1542.5,3.7433e+06,1410
1537.5,1567.6,1532,1567.5,2.7799e+06,1432.9
1576,1594.5,1574,1589,3.7413e+06,1452.5
1590,1613.1,1578,1604,4.1078e+06,1466.2
1224.7,1241.8,1204,1222.3,6.4247e+06,1120.9
1224.7,1241.8,1204,1222.3,6.4247e+06,1120.9
1627.5,1648,1619.5,1641.5,6.6366e+06,1500.5
1651,1678.5,1627,1637.5,4.9152e+06,1496.8
1645,1649,1623.5,1641.5,3.5538e+06,1500.5
1625,1645,1598,1608,6.2858e+06,1469.9
1600,1602.5,1540.5,1561.5,5.6694e+06,1427.4
1224.7,1241.8,1204,1222.3,6.4247e+06,1120.9
1224.7,1241.8,1204,1222.3,6.4247e+06,1120.9
1560,1573,1544,1565.5,4.7858e+06,1431
1568,1570,1529,1533,9.1871e+06,1401.3
1529,1547.5,1508.5,1546.5,3.3916e+06,1413.7
1558.5,1570.6,1536,1538,2.6998e+06,1405.9
1542.5,1576.5,1527,1573.4,3.3791e+06,1438.3
1224.7,1241.8,1204,1222.3,6.4247e+06,1120.9
1224.7,1241.8,1204,1222.3,6.4247e+06,1120.9
1573.4,1573.4,1573.4,1573.4,0,1438.3
1588.5,1588.5,1554.5,1557,3.5772e+06,1423.3
1557.5,1562,1519.5,1527.5,3.6757e+06,1396.3
1526,1547,1521.5,1545,2.516e+06,1412.3
1530,1530,1453,1457.5,6.2238e+06,1332.3
1224.7,1241.8,1204,1222.3,6.4247e+06,1120.9
1224.7,1241.8,1204,1222.3,6.4247e+06,1120.9
1471.5,1496,1470.5,1491.5,3.6447e+06,1363.4
1486,1489,1455,1458,3.5683e+06,1332.8
1454,1479.5,1425,1461,4.7233e+06,1335.5
1459,1473,1440.6,1454,4.8396e+06,1329.1
1459,1466.5,1450.5,1465,2.7281e+06,1339.2
1224.7,1241.8,1204,1222.3,6.4247e+06,1120.9
1224.7,1241.8,1204,1222.3,6.4247e+06,1120.9
1469.5,1486.5,1463.5,1471.5,1.7394e+06,1345.1
1468,1468,1442.5,1452,4.034e+06,1327.3
1451,1466,1448.5,1464.5,4.6786e+06,1338.7
1431.5,1435.5,1404,1418,7.2046e+06,1296.2
1415.5,1432,1393.5,1410,4.6746e+06,1288.9
1224.7,1241.8,1204,1222.3,6.4247e+06,1120.9
1224.7,1241.8,1204,1222.3,6.4247e+06,1120.9
1404.5,1436.5,1404.5,1422,2.6215e+06,1299.8
1428.5,1429.5,1397,1422,5.9061e+06,1299.8
1429,1440.4,1416,1437.5,3.5157e+06,1314
1459,1475,1451.5,1451.5,3.3007e+06,1326.8
1448,1473.5,1445,1456.5,5.1125e+06,1331.4
1224.7,1241.8,1204,1222.3,6.4247e+06,1120.9
1224.7,1241.8,1204,1222.3,6.4247e+06,1120.9
1465,1486,1462,1470.5,3.9312e+06,1344.2
1474.5,1477.5,1452.5,1457,2.5802e+06,1331.8
1444,1449,1417.5,1427.5,3.1024e+06,1304.9
1435,1444.5,1423.5,1428,3.1535e+06,1305.3
1426.5,1439,1419.6,1431,2.0877e+06,1308.1
1224.7,1241.8,1204,1222.3,6.4247e+06,1120.9
1224.7,1241.8,1204,1222.3,6.4247e+06,1120.9
1438,1449,1425,1430,2.7346e+06,1307.2
1447.5,1493,1439,1487,5.5814e+06,1359.3
1487.5,1500,1471,1485,4.0276e+06,1357.4
1482.5,1530,1477.5,1525,6.8558e+06,1394
1525,1525,1510,1521,2.9675e+06,1390.3
1224.7,1241.8,1204,1222.3,6.4247e+06,1120.9
1224.7,1241.8,1204,1222.3,6.4247e+06,1120.9
1518,1526,1503.5,1510,5.2887e+06,1380.3
1515.5,1521.5,1499.5,1500.5,4.7233e+06,1371.6
1504,1519,1498.5,1505,4.4419e+06,1375.7
1501.5,1509.5,1484.5,1489.5,5.8105e+06,1361.6
1489.5,1491.5,1467,1479,3.5645e+06,1352
1224.7,1241.8,1204,1222.3,6.4247e+06,1120.9
1224.7,1241.8,1204,1222.3,6.4247e+06,1120.9
1490.5,1513.5,1482,1501.5,3.7602e+06,1372.5
1501.5,1528,1496,1514,4.183e+06,1383.9
1520,1568,1510.5,1564,8.0503e+06,1429.7
1551,1559.5,1526,1539,4.5535e+06,1406.8
1532.5,1541.5,1521,1537,4.3323e+06,1405
1224.7,1241.8,1204,1222.3,6.4247e+06,1120.9
1224.7,1241.8,1204,1222.3,6.4247e+06,1120.9
1540,1556.5,1535,1545.5,3.5823e+06,1412.7
1556,1600.5,1555,1600.5,7.1431e+06,1463
1600,1614.5,1583.5,1597,4.7643e+06,1459.8
1594.5,1601,1569.5,1585,4.3918e+06,1448.8
1593,1651,1583,1639.5,7.6298e+06,1498.7
1224.7,1241.8,1204,1222.3,6.4247e+06,1120.9
1224.7,1241.8,1204,1222.3,6.4247e+06,1120.9
1636,1662,1619.5,1633,4.5597e+06,1492.7
1641.5,1656.5,1636.5,1648,4.1984e+06,1506.4
1650,1653.5,1620.5,1629,3.3511e+06,1489.1
1628,1634,1593.5,1599,4.2894e+06,1461.6
1593.5,1593.5,1550,1580,4.8527e+06,1444.3
1224.7,1241.8,1204,1222.3,6.4247e+06,1120.9
1224.7,1241.8,1204,1222.3,6.4247e+06,1120.9
1599.5,1599.5,1574.5,1585,2.8908e+06,1448.8
1599.5,1602.5,1562,1574,3.21e+06,1438.8
1547.5,1570,1532.5,1570,4.3147e+06,1453.1
1571,1586.5,1525,1528.5,3.9771e+06,1414.7
1510,1556,1503.5,1551,1.3863e+07,1435.5
1224.7,1241.8,1204,1222.3,6.4247e+06,1120.9
1224.7,1241.8,1204,1222.3,6.4247e+06,1120.9
1567,1608,1558.5,1602.5,3.9849e+06,1483.1
1591.5,1601,1572,1586,2.959e+06,1467.9
1591.5,1599,1566,1576.5,4.2847e+06,1459.1
1569.5,1592,1559.5,1584,3.2338e+06,1466
1597.5,1611,1574.5,1577.5,3.5143e+06,1460
1224.7,1241.8,1204,1222.3,6.4247e+06,1120.9
1224.7,1241.8,1204,1222.3,6.4247e+06,1120.9
1590,1610.5,1588.6,1599,2.8018e+06,1479.9
1604.5,1620.5,1576.5,1578.5,3.4223e+06,1460.9
1580,1603,1561.5,1594,3.4929e+06,1475.3
1590,1593,1567.5,1573.5,2.8581e+06,1456.3
1575.5,1580,1545.5,1556.5,2.485e+06,1440.6
1224.7,1241.8,1204,1222.3,6.4247e+06,1120.9
1224.7,1241.8,1204,1222.3,6.4247e+06,1120.9
1556.5,1556.5,1556.5,1556.5,0,1440.6
1575,1579,1546,1577,3.8729e+06,1459.5
1577,1588.5,1552,1568,2.703e+06,1451.2
1555.5,1555.5,1509.5,1512.5,3.7665e+06,1399.8
1520,1573.3,1513,1530,3.3387e+06,1416
1224.7,1241.8,1204,1222.3,6.4247e+06,1120.9
1224.7,1241.8,1204,1222.3,6.4247e+06,1120.9
1530,1539,1510,1523.5,2.6514e+06,1410
1531,1589.5,1531,1562,7.751e+06,1445.7
1570,1583.5,1552.5,1580,7.2308e+06,1462.3
1582.5,1603,1571,1593.5,3.6681e+06,1474.8
1586,1586.5,1556,1564.5,5.1775e+06,1448
1224.7,1241.8,1204,1222.3,6.4247e+06,1120.9
1224.7,1241.8,1204,1222.3,6.4247e+06,1120.9
1559,1569,1528.5,1543.5,4.5787e+06,1428.5
1544,1552,1510.5,1527,5.2224e+06,1413.3
1516.5,1533.7,1504.8,1514.5,4.1983e+06,1401.7
1517.5,1525,1479,1495,7.5267e+06,1383.6
1493.5,1510,1473.5,1483,4.7105e+06,1372.5
1224.7,1241.8,1204,1222.3,6.4247e+06,1120.9
1224.7,1241.8,1204,1222.3,6.4247e+06,1120.9
1476.5,1496.5,1472,1488.5,3.7672e+06,1377.6
1507,1511,1478.5,1497.5,4.8052e+06,1386
1510,1519,1493,1497,3.1921e+06,1385.5
1501.5,1506,1480,1489.5,6.4492e+06,1378.6
1488,1488,1467.5,1472,6.6557e+06,1362.4
1224.7,1241.8,1204,1222.3,6.4247e+06,1120.9
1224.7,1241.8,1204,1222.3,6.4247e+06,1120.9
1456,1456,1417.5,1426.5,5.9302e+06,1320.2
1431.5,1439,1405,1428.5,7.6165e+06,1322.1
1434,1462,1415,1461,4.3109e+06,1352.2
1452.5,1452.5,1391.5,1407,8.4468e+06,1302.2
1404,1414.5,1390.5,1406.5,6.5617e+06,1301.7
1224.7,1241.8,1204,1222.3,6.4247e+06,1120.9
1224.7,1241.8,1204,1222.3,6.4247e+06,1120.9
1400,1402,1373,1384,5.0973e+06,1280.9
1391,1397,1369.5,1384,5.6582e+06,1280.9
1377,1382,1344.5,1363.5,6.403e+06,1261.9
1363,1368,1321.5,1327,8.5082e+06,1228.2
1346,1353.5,1301,1314.5,5.7898e+06,1216.6
1224.7,1241.8,1204,1222.3,6.4247e+06,1120.9
1224.7,1241.8,1204,1222.3,6.4247e+06,1120.9
1321.5,1360.4,1308,1348,6.8009e+06,1247.6
1375,1391.5,1364.5,1375,1.2613e+07,1272.6
1364,1368,1329,1338,7.9391e+06,1238.3
1367,1376,1349,1356,8.1125e+06,1255
1340,1341.5,1308,1325.5,1.2241e+07,1226.8
1224.7,1241.8,1204,1222.3,6.4247e+06,1120.9
1224.7,1241.8,1204,1222.3,6.4247e+06,1120.9
1340,1397,1332.5,1388,1.1204e+07,1284.6
1400,1430,1396.5,1423,1.0131e+07,1317
1426.5,1432,1376.5,1383.5,1.1582e+07,1280.5
1392,1410.5,1330,1366.5,1.3017e+07,1264.7
1365,1378.5,1355,1365,8.6512e+06,1263.3
1224.7,1241.8,1204,1222.3,6.4247e+06,1120.9
1224.7,1241.8,1204,1222.3,6.4247e+06,1120.9
1370,1383.5,1358,1364.5,9.038e+06,1262.9
1360,1384.5,1349,1374.5,5.5274e+06,1272.1
1378,1381,1345.5,1356.5,4.7356e+06,1255.5
1362,1362,1315.5,1340,7.5404e+06,1240.2
1329,1333,1302.7,1308,5.2702e+06,1210.6
1224.7,1241.8,1204,1222.3,6.4247e+06,1120.9
1224.7,1241.8,1204,1222.3,6.4247e+06,1120.9
1320,1333.7,1283.5,1296.5,5.105e+06,1199.9
1305,1350,1299.5,1344.5,5.8097e+06,1244.4
1356,1373.5,1348.5,1352.5,4.4296e+06,1251.8
1353.5,1353.5,1304,1320.5,5.267e+06,1222.1
1338,1346,1307,1316.5,5.6977e+06,1218.4
1224.7,1241.8,1204,1222.3,6.4247e+06,1120.9
1224.7,1241.8,1204,1222.3,6.4247e+06,1120.9
1323,1336,1309,1316,4.9646e+06,1218
1311.5,1336.9,1303.5,1325.5,5.0025e+06,1226.8
1323.5,1329.5,1305.5,1329.5,4.7241e+06,1230.5
1318.5,1338,1308.5,1329,3.9956e+06,1230
1334,1374.5,1333,1364.5,4.3714e+06,1262.9
1224.7,1241.8,1204,1222.3,6.4247e+06,1120.9
1224.7,1241.8,1204,1222.3,6.4247e+06,1120.9
1375.5,1394.5,1347.5,1360.5,5.3461e+06,1259.2
1354.5,1356,1318.1,1342,3.7614e+06,1242
1336.5,1368,1330,1364.5,3.9268e+06,1262.9
1371.5,1372,1341,1361,2.6874e+06,1259.6
1358.5,1359,1331.5,1355,3.6058e+06,1254.1
1224.7,1241.8,1204,1222.3,6.4247e+06,1120.9
1224.7,1241.8,1204,1222.3,6.4247e+06,1120.9
1349.5,1390,1348.5,1372.5,3.6067e+06,1270.3
1360,1376.5,1348,1363,3.5864e+06,1261.5
1346,1346.5,1318.5,1323,6.4082e+06,1224.5
1310,1319.9,1278,1293.5,6.8345e+06,1197.2
1296,1392.5,1286.5,1380,1.1846e+07,1277.2
1224.7,1241.8,1204,1222.3,6.4247e+06,1120.9
1224.7,1241.8,1204,1222.3,6.4247e+06,1120.9
1375,1375,1339.4,1354,4.1679e+06,1253.1
1345,1345,1314.5,1329.5,5.9851e+06,1230.5
1332.5,1352.5,1331,1347.5,3.9221e+06,1247.1
1345,1376.5,1340,1352,4.8476e+06,1251.3
1345,1349.5,1309.3,1321.5,4.918e+06,1223.1
1224.7,1241.8,1204,1222.3,6.4247e+06,1120.9
1224.7,1241.8,1204,1222.3,6.4247e+06,1120.9
1268,1315,1252.5,1304,7.2828e+06,1206.9
1310,1341,1292.5,1306.5,5.5661e+06,1209.2
1306.5,1324,1295.5,1320,3.6786e+06,1221.7
1316,1323,1275,1283.5,7.0872e+06,1187.9
1288.5,1288.5,1250.5,1268,4.843e+06,1173.6
1224.7,1241.8,1204,1222.3,6.4247e+06,1120.9
1224.7,1241.8,1204,1222.3,6.4247e+06,1120.9
1251.5,1268,1225,1244,5.9141e+06,1151.3
1225,1240.9,1210.7,1223,1.02e+07,1131.9
1219.5,1231.5,1203.5,1207.5,6.1396e+06,1117.6
1184,1205.5,1161,1173,7.2193e+06,1085.6
1160.5,1160.5,1136,1136,5.6867e+06,1051.4
1224.7,1241.8,1204,1222.3,6.4247e+06,1120.9
1224.7,1241.8,1204,1222.3,6.4247e+06,1120.9
1133,1156,1098,1098.5,6.7844e+06,1016.7
1096.5,1138.5,1076,1138,6.9601e+06,1053.2
1122.5,1167,1112,1157,6.7242e+06,1070.8
1188.5,1200.5,1159,1167,7.8125e+06,1080.1
1178.5,1198.5,1166.5,1193,7.2464e+06,1104.1
1224.7,1241.8,1204,1222.3,6.4247e+06,1120.9
1224.7,1241.8,1204,1222.3,6.4247e+06,1120.9
1201,1222,1164.8,1173.5,3.1029e+06,1086.1
1168.5,1190,1151,1181.5,2.5889e+06,1093.5
1178,1184.3,1175.5,1182,4.32e+05,1094
1182,1182,1182,1182,0,1094
1182,1182,1182,1182,0,1094
1224.7,1241.8,1204,1222.3,6.4247e+06,1120.9
1224.7,1241.8,1204,1222.3,6.4247e+06,1120.9
1191,1218,1191,1214.5,3.3793e+06,1124
1205,1216.5,1197,1203.5,1.9731e+06,1113.9
1203.5,1211.5,1192,1200.5,7.232e+05,1111.1
1200.5,1200.5,1200.5,1200.5,0,1111.1
1206.5,1218,923,1185,2.8261e+06,1096.7
1224.7,1241.8,1204,1222.3,6.4247e+06,1120.9
1224.7,1241.8,1204,1222.3,6.4247e+06,1120.9
1186,1203.5,1124.5,1126.5,7.3344e+06,1042.6
1132,1176.5,1128,1155,4.7501e+06,1069
1163,1168.5,1141,1153,3.8151e+06,1067.1
1165.5,1184.5,1153.5,1181,2.9647e+06,1093
1177,1178,1141,1152.5,3.9061e+06,1066.7
1224.7,1241.8,1204,1222.3,6.4247e+06,1120.9
1224.7,1241.8,1204,1222.3,6.4247e+06,1120.9
1151,1163.5,1126,1140,3.7739e+06,1055.1
1135,1154.5,1131,1145.5,3.877e+06,1060.2
1098,1098.5,1009.3,1042.5,1.2431e+07,964.85
1072,1073.5,1033.5,1059.5,8.0514e+06,980.58
1053,1103,1032.2,1099.5,6.7972e+06,1017.6
1224.7,1241.8,1204,1222.3,6.4247e+06,1120.9
1224.7,1241.8,1204,1222.3,6.4247e+06,1120.9
1097,1105,1075.5,1089.5,3.948e+06,1008.3
1097,1134,1096,1121.5,5.2037e+06,1038
1123,1129.5,1099.5,1121.5,4.3658e+06,1038
1125.5,1170.5,1123.5,1145,7.8446e+06,1059.7
1155,1158.6,1097.5,1103.5,7.1091e+06,1021.3
1224.7,1241.8,1204,1222.3,6.4247e+06,1120.9
1224.7,1241.8,1204,1222.3,6.4247e+06,1120.9
1070.5,1119,1060.5,1117.5,5.241e+06,1034.3
1109.5,1125.5,1072.5,1090,5.2868e+06,1008.8
1122.5,1126.5,1093.5,1115,5.8655e+06,1031.9
1111,1122.5,1091.5,1097.5,5.1718e+06,1015.8
1116,1134.5,1103,1113,6.4676e+06,1030.1
1224.7,1241.8,1204,1222.3,6.4247e+06,1120.9
1224.7,1241.8,1204,1222.3,6.4247e+06,1120.9
1119.5,1130,1099,1124,4.5502e+06,1040.3
1144.5,1179.5,1142.5,1170,1.3217e+07,1082.9
1176.5,1187,1131.5,1150,7.2345e+06,1064.3
1141.5,1175.6,1127,1172,8.5435e+06,1084.7
1165,1180,1141.5,1145.5,4.4704e+06,1060.2
1224.7,1241.8,1204,1222.3,6.4247e+06,1120.9
1224.7,1241.8,1204,1222.3,6.4247e+06,1120.9
1140,1187.2,1136.5,1184,4.99e+06,1095.8
1182,1182,1137.5,1149,4.8238e+06,1063.4
1140.5,1140.5,1075,1123.5,4.7054e+06,1039.8
1121.5,1171,1121.5,1165.5,5.5856e+06,1078.7
1200,1213.5,1177.5,1204.5,6.7523e+06,1114.8
1224.7,1241.8,1204,1222.3,6.4247e+06,1120.9
1224.7,1241.8,1204,1222.3,6.4247e+06,1120.9
1210,1227.5,1199.5,1220.5,3.9509e+06,1129.6
1208,1277.6,1202.5,1235,7.2224e+06,1143
1242,1262,1211.5,1259,8.2095e+06,1165.2
1250.5,1250.5,1203,1223,7.3477e+06,1131.9
1225,1254,1222,1246.5,5.0115e+06,1153.7
1224.7,1241.8,1204,1222.3,6.4247e+06,1120.9
1224.7,1241.8,1204,1222.3,6.4247e+06,1120.9
1248,1248,1192.5,1198,4.8474e+06,1108.8
1206,1247,1189,1237,5.4878e+06,1144.9
1239,1245,1215,1225,4.1042e+06,1133.8
1220.5,1256.5,1215.5,1218,5.3233e+06,1127.3
1219,1227.6,1204,1210,4.0307e+06,1119.9
1224.7,1241.8,1204,1222.3,6.4247e+06,1120.9
1224.7,1241.8,1204,1222.3,6.4247e+06,1120.9
1217,1241,1189.8,1201,4.5121e+06,1111.5
1198,1210.5,1185.5,1204.5,4.5456e+06,1114.8
1202.5,1209,1162,1167,6.275e+06,1080.1
1165,1178,1140.5,1164.5,5.4902e+06,1077.8
1157,1158,1131.5,1136,5.6969e+06,1051.4
1224.7,1241.8,1204,1222.3,6.4247e+06,1120.9
1224.7,1241.8,1204,1222.3,6.4247e+06,1120.9
1116.5,1138.5,1111,1138,5.183e+06,1053.2
1122.5,1130.5,1081,1081.5,9.6672e+06,1000.9
1086,1103,1062.5,1085.5,6.9606e+06,1004.6
1101.5,1120,1078,1079,1.1502e+07,998.63
1082,1088,1043,1055,6.9174e+06,976.42
1224.7,1241.8,1204,1222.3,6.4247e+06,1120.9
1224.7,1241.8,1204,1222.3,6.4247e+06,1120.9
1063,1069.9,1041.5,1055.5,6.3818e+06,976.88
1060,1074,1049.5,1071.5,7.6778e+06,991.69
1069.5,1079.5,1056,1069.5,6.7074e+06,989.84
1055,1108.5,1042.5,1046,8.4254e+06,1018.6
1052.5,1108.5,1025,1100.5,1.1956e+07,1071.6
1224.7,1241.8,1204,1222.3,6.4247e+06,1120.9
1224.7,1241.8,1204,1222.3,6.4247e+06,1120.9
1107.5,1116,1080,1114,9.751e+06,1084.8
1106,1125.5,1092,1093.5,5.511e+06,1064.8
1090,1109.5,1090,1104.5,4.3122e+06,1075.5
1101.5,1124,1069,1076.5,7.624e+06,1048.3
1073,1073,1031,1044,6.9607e+06,1016.6
1224.7,1241.8,1204,1222.3,6.4247e+06,1120.9
1224.7,1241.8,1204,1222.3,6.4247e+06,1120.9
1054,1069,1032,1060,7.5128e+06,1032.2
1060.5,1072,1010,1012,9.7091e+06,985.46
1010,1024.5,1004.5,1016.5,5.9029e+06,989.84
1011.5,1019,992.4,997,7.6626e+06,970.85
997,997,997,997,0,970.85
1224.7,1241.8,1204,1222.3,6.4247e+06,1120.9
1224.7,1241.8,1204,1222.3,6.4247e+06,1120.9
997,997,997,997,0,970.85
1018.5,1032.5,1005.5,1025.5,8.116e+06,998.6
1028.5,1057,1023.5,1026.5,7.3057e+06,999.58
1000,1028,988.16,1024,1.0423e+07,997.14
1028,1034.5,1001.5,1022,7.4728e+06,995.19
1224.7,1241.8,1204,1222.3,6.4247e+06,1120.9
1224.7,1241.8,1204,1222.3,6.4247e+06,1120.9
1009,1022.5,989,998.7,5.1047e+06,972.51
993.8,1045.5,992,1039.5,9.2063e+06,1012.2
1038,1071,1034.5,1055,6.8999e+06,1027.3
1058,1065.5,1034,1039,7.5516e+06,1011.7
1035.5,1046,990.16,1010.5,8.2982e+06,984
1224.7,1241.8,1204,1222.3,6.4247e+06,1120.9
1224.7,1241.8,1204,1222.3,6.4247e+06,1120.9
1014.5,1047,1010.4,1038,6.5764e+06,1010.8
1030,1035,1003,1017,7.752e+06,990.33
1026.5,1033,993.6,1014,8.6419e+06,987.4
1010,1063,999.7,1062,1.005e+07,1034.1
1066.5,1103.5,1063,1082,1.1245e+07,1053.6
1224.7,1241.8,1204,1222.3,6.4247e+06,1120.9
1224.7,1241.8,1204,1222.3,6.4247e+06,1120.9
1117,1120,1076,1103.5,8.4207e+06,1074.6
1098,1132.5,1082.5,1129,1.5551e+07,1099.4
1120,1145.7,1112,1138.5,1.1551e+07,1108.6
1138.5,1145.5,1083.5,1105,1.1648e+07,1076
1122.5,1171.5,1121,1165,6.2641e+06,1134.4
1224.7,1241.8,1204,1222.3,6.4247e+06,1120.9
1224.7,1241.8,1204,1222.3,6.4247e+06,1120.9
1165,1165,1165,1165,0,1134.4
1149,1194,1134.5,1166.5,6.4982e+06,1135.9
1163.5,1188,1145.2,1153.5,8.3477e+06,1123.2
1143,1144.5,1092.5,1107,1.0064e+07,1078
1125.5,1128.1,1099.5,1115.5,7.8001e+06,1086.2
1224.7,1241.8,1204,1222.3,6.4247e+06,1120.9
1224.7,1241.8,1204,1222.3,6.4247e+06,1120.9
1112.5,1151.5,1110.5,1128,5.9755e+06,1098.4
1118.5,1145.5,1104.5,1132,7.0239e+06,1102.3
1135,1148,1114,1131.5,4.7958e+06,1101.8
1123,1123,1097,1110.5,6.9765e+06,1081.4
1118,1130.5,1068.5,1090.5,1.1623e+07,1061.9
1224.7,1241.8,1204,1222.3,6.4247e+06,1120.9
1224.7,1241.8,1204,1222.3,6.4247e+06,1120.9
1088.5,1102.5,1069,1077,4.9579e+06,1048.8
1077,1080.5,1052.5,1061,6.7417e+06,1033.2
1056.5,1079.5,1036.5,1064.5,5.5543e+06,1036.6
1066.5,1090,1055,1059,4.0263e+06,1031.2
1059.5,1086.5,1055.5,1062.5,4.5873e+06,1034.6
1224.7,1241.8,1204,1222.3,6.4247e+06,1120.9
1224.7,1241.8,1204,1222.3,6.4247e+06,1120.9
1062.5,1062.5,1062.5,1062.5,0,1034.6
1065,1078,1028.5,1036.5,5.0809e+06,1009.3
1039,1047,1025,1040.5,5.6478e+06,1013.2
1036.5,1038,1010.5,1035,5.9445e+06,1007.9
1037,1037.5,1012.5,1026,6.2122e+06,999.09
1224.7,1241.8,1204,1222.3,6.4247e+06,1120.9
1224.7,1241.8,1204,1222.3,6.4247e+06,1120.9
1030.5,1033,1000.5,1003,6.7334e+06,976.69
1004,1057.2,992.6,1048.5,1.2305e+07,1021
1053,1058.5,1024.5,1048,8.5298e+06,1020.5
1040.5,1040.5,1002.5,1005,8.847e+06,978.64
1001,1030.5,989.7,1015.5,9.5605e+06,988.87
1224.7,1241.8,1204,1222.3,6.4247e+06,1120.9
1224.7,1241.8,1204,1222.3,6.4247e+06,1120.9
1011,1022,999.2,1005.5,7.1301e+06,979.13
1008,1008.1,967.6,985.4,1.1418e+07,959.55
988.2,1016,984,1010,8.6058e+06,983.51
1015,1025.5,995.4,1007.5,5.5953e+06,981.08
1002,1022,994.3,1006,5.9083e+06,979.61
1224.7,1241.8,1204,1222.3,6.4247e+06,1120.9
1224.7,1241.8,1204,1222.3,6.4247e+06,1120.9
1004.5,1013.5,984.5,994.4,5.595e+06,968.32
990,993.2,966.5,972.2,6.9288e+06,946.7
976.3,980,961.5,965.6,6.7885e+06,940.27
961.1,1031.5,961.1,990.7,1.1121e+07,964.72
988.1,994.4,978.1,986.6,1.2857e+07,960.72
1224.7,1241.8,1204,1222.3,6.4247e+06,1120.9
1224.7,1241.8,1204,1222.3,6.4247e+06,1120.9
1000,1000.5,975.1,995.1,6.1957e+06,969
998.3,1006,980.4,996.7,6.1951e+06,970.56
997.8,1022,996.11,1008,6.5727e+06,981.56
1002,1015,993.4,994.8,8.2117e+06,968.71
985,986.3,959.5,959.6,6.7096e+06,934.43
1224.7,1241.8,1204,1222.3,6.4247e+06,1120.9
1224.7,1241.8,1204,1222.3,6.4247e+06,1120.9
934.1,966.38,934,948.5,6.1763e+06,923.62
942.6,948.3,918.5,918.5,7.6637e+06,894.41
926.3,935,905.2,910.1,8.1171e+06,886.23
911,932.3,902.2,918.2,7.516e+06,894.12
915.4,915.6,893.2,902.4,4.8917e+06,878.73
1224.7,1241.8,1204,1222.3,6.4247e+06,1120.9
1224.7,1241.8,1204,1222.3,6.4247e+06,1120.9
888.9,897.7,879.5,883.2,7.4392e+06,860.03
882.8,884,832.3,832.3,1.0116e+07,810.47
828.7,859.65,825,845.6,1.1838e+07,823.42
858.2,876,852.4,859.2,5.8104e+06,836.66
884.6,886.7,855.9,863,7.2186e+06,840.37
1224.7,1241.8,1204,1222.3,6.4247e+06,1120.9
1224.7,1241.8,1204,1222.3,6.4247e+06,1120.9
871,878.2,851.3,878.2,1.1644e+07,855.17
879,884,866.5,869.5,5.2737e+06,846.69
877.1,896.9,870.1,874.4,1.0082e+07,851.47
877.1,895.8,862,890.3,9.0824e+06,866.95
889.3,889.4,874.4,877.4,6.6843e+06,854.39
1224.7,1241.8,1204,1222.3,6.4247e+06,1120.9
1224.7,1241.8,1204,1222.3,6.4247e+06,1120.9
894,894,863.9,867.3,9.1415e+06,844.55
858.5,870.7,848.2,861.7,8.8998e+06,839.1
850,851.1,804.9,813.5,1.4575e+07,792.16
816,832.5,805.6,806.4,9.6439e+06,785.25
839.8,842,774.2,778,1.4437e+07,757.59
1224.7,1241.8,1204,1222.3,6.4247e+06,1120.9
1224.7,1241.8,1204,1222.3,6.4247e+06,1120.9
774.7,797,764.9,772.6,9.5343e+06,752.34
777,799.3,772.2,796.6,1.0304e+07,775.71
803,815.3,787.67,813.6,1.0048e+07,792.26
814,820,799.3,805.7,6.8849e+06,784.57
811.8,812.8,783.6,811.2,8.3103e+06,789.92
1224.7,1241.8,1204,1222.3,6.4247e+06,1120.9
1224.7,1241.8,1204,1222.3,6.4247e+06,1120.9
807.7,807.7,773.8,779,6.2689e+06,758.57
779,802.2,772,784.5,7.3661e+06,763.92
789,822.4,787.5,798.1,9.9251e+06,777.17
777,781.2,758,775.4,1.1914e+07,775.4
775.9,806.1,775.9,800.5,9.234e+06,800.5
1224.7,1241.8,1204,1222.3,6.4247e+06,1120.9
1224.7,1241.8,1204,1222.3,6.4247e+06,1120.9
800,808.4,776.8,808.4,5.9673e+06,808.4
799.8,822.2,772.6,774.8,1.4291e+07,774.8
759.9,791.69,745.2,770,1.1997e+07,770
778,788.88,762.3,764.9,7.1193e+06,764.9
764.1,777.5,755.2,756.8,1.5097e+07,756.8
1224.7,1241.8,1204,1222.3,6.4247e+06,1120.9
1224.7,1241.8,1204,1222.3,6.4247e+06,1120.9
759.5,765.3,746,755.2,5.0544e+06,755.2
752.5,754.2,729.2,741.9,6.3396e+06,741.9
742.5,744.3,709,709.4,1.0091e+07,709.4
705.8,750.8,705.8,740.5,1.3152e+07,740.5
728.7,749.5,728.16,732.8,7.8204e+06,732.8
1224.7,1241.8,1204,1222.3,6.4247e+06,1120.9
1224.7,1241.8,1204,1222.3,6.4247e+06,1120.9
700,709.23,649.3,660.2,1.2763e+07,660.2
678.1,710.4,668.89,683.7,1.3559e+07,683.7
664.1,688.7,656.1,664.3,1.053e+07,664.3
686.9,734.4,676.3,726.3,1.2719e+07,726.3
734.3,744.6,709.6,741,1.022e+07,741
1224.7,1241.8,1204,1222.3,6.4247e+06,1120.9
1224.7,1241.8,1204,1222.3,6.4247e+06,1120.9
741,741,741,741,0,741
725.6,731.7,676.3,684.4,9.9324e+06,684.4
685.7,707.2,680,683.8,1.1379e+07,683.8
688.6,736,688.6,725,1.1214e+07,725
716.4,728.8,662.8,668.5,1.1194e+07,668.5
1224.7,1241.8,1204,1222.3,6.4247e+06,1120.9
1224.7,1241.8,1204,1222.3,6.4247e+06,1120.9
678.9,693.83,670.3,677.7,6.8571e+06,677.7
685.3,706.2,682,703.9,8.0757e+06,703.9
724,759,721.8,742.9,1.18e+07,742.9
732,744.3,712.9,717,8.6222e+06,717
720,741.2,717,718.4,6.9556e+06,718.4
1224.7,1241.8,1204,1222.3,6.4247e+06,1120.9
1224.7,1241.8,1204,1222.3,6.4247e+06,1120.9
725.6,738.4,698.1,716.9,6.9191e+06,716.9
714,739.2,692.2,735.2,6.4996e+06,735.2
743.3,752.2,715.1,749.3,7.6052e+06,749.3
753.7,765.7,735,735.4,6.441e+06,735.4
731.3,742,708.7,720,1.6131e+07,720
1224.7,1241.8,1204,1222.3,6.4247e+06,1120.9
1224.7,1241.8,1204,1222.3,6.4247e+06,1120.9
714.8,726.1,694.3,694.9,5.9454e+06,694.9
691.2,692,636,648.1,1.3643e+07,648.1
651,672.3,641.9,658.1,7.2543e+06,658.1
655.3,660,621.4,624.6,9.3287e+06,624.6
637,646.2,612.9,614.7,9.5473e+06,614.7
1224.7,1241.8,1204,1222.3,6.4247e+06,1120.9
1224.7,1241.8,1204,1222.3,6.4247e+06,1120.9
610.1,610.58,552.7,552.7,1.5237e+07,552.7
544.2,563.8,542.6,543.1,1.8101e+07,543.1
557.3,563,543.3,550.9,1.3996e+07,550.9
560.1,576.3,551,555,1.1106e+07,555
555,569.3,545.7,553.6,1.2906e+07,553.6
1224.7,1241.8,1204,1222.3,6.4247e+06,1120.9
1224.7,1241.8,1204,1222.3,6.4247e+06,1120.9
572.7,580,566,579.5,1.4128e+07,579.5
582.3,608.7,562.2,604.2,1.2606e+07,604.2
632,688.2,619.5,664.5,1.8743e+07,664.5
659,678.5,646.9,677.5,1.1609e+07,677.5
695.2,745.6,693,726.5,1.527e+07,726.5
1224.7,1241.8,1204,1222.3,6.4247e+06,1120.9
1224.7,1241.8,1204,1222.3,6.4247e+06,1120.9
732.6,732.76,684.4,691.7,8.4967e+06,691.7
686.9,686.9,660.5,679.2,7.2155e+06,679.2
667.3,698,659.2,681,7.5938e+06,681
687.9,701.3,666.6,677,7.8333e+06,677
681.6,693.5,671.9,675.3,9.3336e+06,675.3
1224.7,1241.8,1204,1222.3,6.4247e+06,1120.9
1224.7,1241.8,1204,1222.3,6.4247e+06,1120.9
673.2,676,623,625.5,8.2521e+06,625.5
621.8,629.3,611,623,8.7459e+06,623
622.2,623.4,592.2,604.6,8.4925e+06,604.6
594,603.1,577.6,596.9,1.2181e+07,596.9
602.7,627.5,583.8,609.9,1.5431e+07,609.9
1224.7,1241.8,1204,1222.3,6.4247e+06,1120.9
1224.7,1241.8,1204,1222.3,6.4247e+06,1120.9
606,615.7,584.8,590.9,6.1622e+06,590.9
585.4,605.5,554.6,557.4,7.7773e+06,557.4
556.2,565.5,535,563,1.0254e+07,563
552.6,552.6,530.1,537,9.7723e+06,537
536.6,552,536.6,546.6,9.649e+06,546.6
1224.7,1241.8,1204,1222.3,6.4247e+06,1120.9
1224.7,1241.8,1204,1222.3,6.4247e+06,1120.9
540.5,551.5,530.24,544.3,5.8697e+06,544.3
546.8,562.4,532,561.9,7.515e+06,561.9
570.6,605.6,549.98,579.1,1.3239e+07,579.1
575.8,587.81,530.3,534.6,1.1977e+07,534.6
536.4,547.9,513.6,525.4,1.4454e+07,525.4
1224.7,1241.8,1204,1222.3,6.4247e+06,1120.9
1224.7,1241.8,1204,1222.3,6.4247e+06,1120.9
524.3,544.8,515.11,516,1.1523e+07,516
518.5,518.5,481.7,491.75,1.6241e+07,491.75
489.85,507.9,481.45,492.75,9.557e+06,492.75
492.55,492.6,445.35,449.9,1.5738e+07,449.9
450,471.35,447.07,456.2,1.1416e+07,456.2
1224.7,1241.8,1204,1222.3,6.4247e+06,1120.9
1224.7,1241.8,1204,1222.3,6.4247e+06,1120.9
453.35,474.45,450,454,9.3064e+06,454
460,469.55,427.7,431,1.3844e+07,431
427.2,452.6,417.2,449.45,1.2356e+07,449.45
456,468.95,442.7,450.75,9.8601e+06,450.75
454.65,464.55,444.55,446.5,7.6346e+06,446.5
1224.7,1241.8,1204,1222.3,6.4247e+06,1120.9
1224.7,1241.8,1204,1222.3,6.4247e+06,1120.9
431.8,448,424.95,441.15,9.4981e+06,441.15
439.7,460.5,437.5,452,1.1357e+07,452
449.85,453.37,410.4,417.2,1.595e+07,417.2
418.15,436.2,417.25,435.8,1.0599e+07,435.8
431.3,431.3,393.2,400.15,1.4441e+07,400.15
1224.7,1241.8,1204,1222.3,6.4247e+06,1120.9
1224.7,1241.8,1204,1222.3,6.4247e+06,1120.9
399.6,410.45,385.45,408.65,1.2235e+07,408.65
412.6,417.05,401.15,406.3,9.8288e+06,406.3
407.65,408.35,391.55,397.55,8.9479e+06,397.55
395,404.2,385.24,386.85,1.1194e+07,386.85
385,401.05,371.8,376.05,1.4785e+07,376.05
1224.7,1241.8,1204,1222.3,6.4247e+06,1120.9
1224.7,1241.8,1204,1222.3,6.4247e+06,1120.9
377.65,381.5,367.4,369,8.0403e+06,369
360.25,365.15,322.65,323.65,2.6445e+07,323.65
334,334.2,277.6,319.7,2.6622e+07,319.7
322,333.6,313.6,318.65,2.1193e+07,318.65
316.3,321.3,291.15,292.95,2.1627e+07,292.95
1224.7,1241.8,1204,1222.3,6.4247e+06,1120.9
1224.7,1241.8,1204,1222.3,6.4247e+06,1120.9
293.55,305,278.8,280.8,1.5825e+07,280.8
285.1,292.96,269.65,271.1,1.6489e+07,271.1
261.55,285.71,261.5,278.2,1.5689e+07,278.2
282.1,286.65,261.65,263.55,1.2287e+07,263.55
264.25,283,262,278.65,1.6657e+07,278.65
1224.7,1241.8,1204,1222.3,6.4247e+06,1120.9
1224.7,1241.8,1204,1222.3,6.4247e+06,1120.9
279.9,298.2,276.46,280.5,1.1137e+07,280.5
284.3,297.51,282.5,296.5,7.6861e+06,296.5
301.3,324.73,301.3,323.35,1.116e+07,323.35
323.35,331.25,323.35,328.05,2.2781e+06,328.05
1224.7,1241.8,1204,1222.3,6.4247e+06,1120.9
1224.7,1241.8,1204,1222.3,6.4247e+06,1120.9
1224.7,1241.8,1204,1222.3,6.4247e+06,1120.9
1224.7,1241.8,1204,1222.3,6.4247e+06,1120.9
322.6,323.08,301.85,307.35,9.4765e+06,307.35
304.6,314.45,296.3,301.8,6.3087e+06,301.8
301.4,303.7,296.9,299.45,1.7015e+06,299.45
1224.7,1241.8,1204,1222.3,6.4247e+06,1120.9
1224.7,1241.8,1204,1222.3,6.4247e+06,1120.9
1224.7,1241.8,1204,1222.3,6.4247e+06,1120.9
292.35,294.46,272.75,277.85,1.3842e+07,277.85
278.4,291.7,275.45,277.85,9.0856e+06,277.85
281,282,259.35,270.4,1.3894e+07,270.4
251,252.45,237.65,240.65,2.1011e+07,240.65
242.85,250.3,227.9,229.2,1.479e+07,229.2
1224.7,1241.8,1204,1222.3,6.4247e+06,1120.9
1224.7,1241.8,1204,1222.3,6.4247e+06,1120.9
225.95,243.95,221.5,230.45,1.7122e+07,230.45
230,251.75,222.4,232.5,1.94e+07,232.5
236,248.3,227.1,231.45,1.8359e+07,231.45
231,271.9,228,262.95,2.279e+07,262.95
251.8,256.55,230.3,232.75,2.0905e+07,232.75
1224.7,1241.8,1204,1222.3,6.4247e+06,1120.9
1224.7,1241.8,1204,1222.3,6.4247e+06,1120.9
232.7,242.75,227.35,232.65,1.2321e+07,232.65
242.35,261.65,237,238.8,1.8802e+07,238.8
222,228.15,218.75,221.05,1.5914e+07,221.05
222.65,250.2,217.2,248,2.4697e+07,248
255.55,260.7,224.45,226.7,2.4013e+07,226.7
1224.7,1241.8,1204,1222.3,6.4247e+06,1120.9
1224.7,1241.8,1204,1222.3,6.4247e+06,1120.9
229.6,251.17,216.91,226.6,1.4248e+07,226.6
222.3,254.55,215.55,253.35,2.1886e+07,253.35
252,255.45,238.1,253.75,1.6471e+07,253.75
259.5,292.75,255.85,275.9,2.3129e+07,275.9
283.8,287.85,262.1,277.45,1.5166e+07,277.45
1224.7,1241.8,1204,1222.3,6.4247e+06,1120.9
1224.7,1241.8,1204,1222.3,6.4247e+06,1120.9
280.05,286.44,263.7,274.05,1.2703e+07,274.05
271.45,272.9,244.7,252.15,1.3476e+07,252.15
250.95,275.8,245.8,273.7,1.2822e+07,273.7
305,342.7,288.55,328.3,2.7598e+07,328.3
317,376.55,310.75,363.35,3.9203e+07,363.35
1224.7,1241.8,1204,1222.3,6.4247e+06,1120.9
1224.7,1241.8,1204,1222.3,6.4247e+06,1120.9
367.35,376.5,343.5,376.1,1.7665e+07,376.1
373.25,373.25,331.75,333.8,1.5717e+07,333.8
339.65,350.25,315.1,327,1.2523e+07,327
323.6,331.4,306.45,315.95,1.5142e+07,315.95
323.75,373.95,323.75,373.95,1.5366e+07,373.95
1224.7,1241.8,1204,1222.3,6.4247e+06,1120.9
1224.7,1241.8,1204,1222.3,6.4247e+06,1120.9
384.5,410,380,393.05,1.4503e+07,393.05
418.65,423.1,360,397.95,1.9637e+07,397.95
400,468.05,395.65,468.05,2.3866e+07,468.05
