1814,1823,1811.6,1815,3.745e+05,1747.3
1814,1852.9,1814,1852,8.402e+05,1783
1854,1881,1846.2,1864,8.603e+05,1794.5
1855,1858,1826,1840,8.105e+05,1771.4
1839,1847,1821,1830,1.3977e+06,1761.8
2702.5,2726.7,2673.9,2702.7,7.713e+05,2657.7
2702.5,2726.7,2673.9,2702.7,7.713e+05,2657.7
1820,1828.9,1782,1815,1.3005e+06,1747.3
1807,1835,1797,1825,1.0929e+06,1757
1824,1838,1815,1831,7.027e+05,1762.7
1844,1857,1833,1852,9.401e+05,1783
1853,1874.4,1848,1863,7.26e+05,1793.6
2702.5,2726.7,2673.9,2702.7,7.713e+05,2657.7
2702.5,2726.7,2673.9,2702.7,7.713e+05,2657.7
1856,1868,1847,1850,7.789e+05,1781
1854,1869,1848,1866,1.0302e+06,1796.4
1849,1854,1820,1845,1.1059e+06,1776.2
1851,1870,1848.5,1859,8.551e+05,1789.7
1864,1871,1854,1868,6.321e+05,1798.4
2702.5,2726.7,2673.9,2702.7,7.713e+05,2657.7
2702.5,2726.7,2673.9,2702.7,7.713e+05,2657.7
1868,1878,1862,1871,9.191e+05,1801.3
1873,1880,1861,1873,7.502e+05,1803.2
1872,1889.6,1865,1889,7.847e+05,1818.6
1890,1902,1881,1902,7.997e+05,1831.1
1904,1904,1874,1899,2.2739e+06,1828.2
2702.5,2726.7,2673.9,2702.7,7.713e+05,2657.7
2702.5,2726.7,2673.9,2702.7,7.713e+05,2657.7
1871,1894,1870.2,1891,7.113e+05,1820.5
1891,1905,1876,1879,8.476e+05,1809
1888,1895,1877,1881,8.066e+05,1810.9
1880,1882,1850,1855,1.07e+06,1785.9
1847,1876,1821,1861,1.0487e+06,1791.6
2702.5,2726.7,2673.9,2702.7,7.713e+05,2657.7
2702.5,2726.7,2673.9,2702.7,7.713e+05,2657.7
1864,1894.3,1862.8,1873,6.314e+05,1803.2
1877,1883,1854,1863,7.066e+05,1793.6
1866,1885,1851,1872,6.991e+05,1802.2
1870,1912,1870,1901,7.957e+05,1830.1
1901,1901,1901,1901,0,1830.1
2702.5,2726.7,2673.9,2702.7,7.713e+05,2657.7
2702.5,2726.7,2673.9,2702.7,7.713e+05,2657.7
1901,1901,1901,1901,0,1830.1
1896,1943,1896,1931,9.488e+05,1859
1925,1942,1920,1921,7.522e+05,1849.4
1931,1931,1894,1894,8.418e+05,1823.4
1891,1902,1848,1861,1.048e+06,1791.6
2702.5,2726.7,2673.9,2702.7,7.713e+05,2657.7
2702.5,2726.7,2673.9,2702.7,7.713e+05,2657.7
1867,1898,1865.5,1873,6.825e+05,1803.2
1876,1883,1846,1849,8.615e+05,1780.1
1855,1876.4,1834,1870,1.0184e+06,1800.3
1856,1860,1832,1841,1.5581e+06,1772.4
1831,1854,1827,1844,8.731e+05,1775.3
2702.5,2726.7,2673.9,2702.7,7.713e+05,2657.7
2702.5,2726.7,2673.9,2702.7,7.713e+05,2657.7
1846,1867,1836,1864,6.699e+05,1794.5
1854,1854,1806,1830,1.2489e+06,1761.8
1840,1848.4,1812,1821,1.1266e+06,1753.1
1819,1831,1805,1815,1.2723e+06,1747.3
1823,1855,1791,1847,1.2347e+06,1778.2
2702.5,2726.7,2673.9,2702.7,7.713e+05,2657.7
2702.5,2726.7,2673.9,2702.7,7.713e+05,2657.7
1850,1865,1844,1850,9.929e+05,1781
1875,1999,1861,1999,2.3143e+06,1924.5
1974,1990,1946,1950,1.5568e+06,1877.3
1943,1950.6,1908,1914,1.4419e+06,1842.7
1907,1939.8,1907,1925,1.0779e+06,1853.2
2702.5,2726.7,2673.9,2702.7,7.713e+05,2657.7
2702.5,2726.7,2673.9,2702.7,7.713e+05,2657.7
1935,1948,1928,1937,6.995e+05,1864.8
1944,1958,1933,1935,1.0816e+06,1862.9
1941,1973,1931,1947,5.632e+05,1874.4
1940,1958,1929,1940,9.005e+05,1867.7
1944,1944,1916,1934,1.197e+06,1861.9
2702.5,2726.7,2673.9,2702.7,7.713e+05,2657.7
2702.5,2726.7,2673.9,2702.7,7.713e+05,2657.7
1934,1934,1934,1934,0,1861.9
1919,1939,1914,1934,1.5248e+06,1861.9
1949,1994,1939,1986,1.2142e+06,1912
1986,1995,1969,1986,5.216e+05,1912
1986,2005,1968,1988,5.036e+05,1913.9
2702.5,2726.7,2673.9,2702.7,7.713e+05,2657.7
2702.5,2726.7,2673.9,2702.7,7.713e+05,2657.7
1986,2003,1982,1993,5.509e+05,1918.7
1991,2014,1985,2013,5.296e+05,1938
2011,2044,2007,2031,7.209e+05,1955.3
2021,2039,1912,1925,1.9301e+06,1853.2
1913,1921.1,1863,1886,1.5051e+06,1815.7
2702.5,2726.7,2673.9,2702.7,7.713e+05,2657.7
2702.5,2726.7,2673.9,2702.7,7.713e+05,2657.7
1919,1926.4,1898,1926,8.021e+05,1854.2
1930,1952,1920.6,1949,9.498e+05,1876.3
1947,1961,1939,1941,1.2331e+06,1868.6
1921,1957,1915,1940,1.0639e+06,1867.7
1948,1958,1921,1932,5.307e+05,1860
2702.5,2726.7,2673.9,2702.7,7.713e+05,2657.7
2702.5,2726.7,2673.9,2702.7,7.713e+05,2657.7
1932,1932,1932,1932,0,1860
1965,1965,1942.8,1943,8.83e+05,1870.6
1943,1943,1872,1874,1.1712e+06,1804.1
1869,1882,1859.3,1863,8.767e+05,1793.6
1865,1865,1811.5,1812,1.3893e+06,1744.5
2702.5,2726.7,2673.9,2702.7,7.713e+05,2657.7
2702.5,2726.7,2673.9,2702.7,7.713e+05,2657.7
1802,1877,1778,1837,1.1529e+06,1768.5
1845,1870,1845,1867,8.469e+05,1797.4
1850,1861,1839,1839,1.3562e+06,1780.4
1843,1848,1825,1825,7.133e+05,1766.8
1828,1848,1805,1844,6.404e+05,1785.2
2702.5,2726.7,2673.9,2702.7,7.713e+05,2657.7
2702.5,2726.7,2673.9,2702.7,7.713e+05,2657.7
1839,1840,1810,1833,4.929e+05,1774.5
1830,1830.8,1777,1782,1.3416e+06,1725.2
1783,1797,1777,1785,1.2052e+06,1728.1
1766,1795,1758.5,1794,8.156e+05,1736.8
1805,1805,1777,1782,8.468e+05,1725.2
2702.5,2726.7,2673.9,2702.7,7.713e+05,2657.7
2702.5,2726.7,2673.9,2702.7,7.713e+05,2657.7
1765,1769,1723,1732,1.5914e+06,1676.8
1725,1749,1724.4,1743,9.617e+05,1687.4
1745,1764,1723,1761,1.066e+06,1704.8
1734,1738,1698,1705,8.659e+05,1650.6
1715,1747,1702.7,1703,1.4962e+06,1648.7
2702.5,2726.7,2673.9,2702.7,7.713e+05,2657.7
2702.5,2726.7,2673.9,2702.7,7.713e+05,2657.7
1702,1702,1657,1680,1.0007e+06,1626.4
1693,1700,1680,1691,7.495e+05,1637.1
1693,1706,1685,1689,9.649e+05,1635.1
1690,1721,1679,1717,1.0643e+06,1662.2
1718,1761,1709,1735,1.2064e+06,1679.7
2702.5,2726.7,2673.9,2702.7,7.713e+05,2657.7
2702.5,2726.7,2673.9,2702.7,7.713e+05,2657.7
1751,1758,1727,1751,6.355e+05,1695.2
1760,1760,1739,1754,4.358e+05,1698.1
1744,1750,1728,1750,8.1e+05,1694.2
1746,1807,1732,1805,7.896e+05,1747.4
1803,1862,1797,1816,1.4877e+06,1758.1
2702.5,2726.7,2673.9,2702.7,7.713e+05,2657.7
2702.5,2726.7,2673.9,2702.7,7.713e+05,2657.7
1829,1841,1816,1822,5.942e+05,1763.9
1829,1843.7,1797,1820,7.065e+05,1762
1822,1828,1796,1815,1.0043e+06,1757.1
1890,1964,1863,1907,2.196e+06,1846.2
1917,1917,1868,1879,9.765e+05,1819.1
2702.5,2726.7,2673.9,2702.7,7.713e+05,2657.7
2702.5,2726.7,2673.9,2702.7,7.713e+05,2657.7
1876,1913,1876,1897,6.296e+05,1836.5
1903,1911,1866.6,1882,5.795e+05,1822
1881,1896,1858,1880,4.757e+05,1820
1872,1891,1866,1884,5.149e+05,1823.9
1887,1896,1874,1888,8.511e+05,1827.8
2702.5,2726.7,2673.9,2702.7,7.713e+05,2657.7
2702.5,2726.7,2673.9,2702.7,7.713e+05,2657.7
1895,1904,1880,1885,4.805e+05,1824.9
1894,1894,1862,1862,4.713e+05,1802.6
1878,1897,1868,1893,5.678e+05,1832.6
1889,1894,1867,1886,6.42e+05,1825.9
1887,1902,1878,1887,7.112e+05,1826.8
2702.5,2726.7,2673.9,2702.7,7.713e+05,2657.7
2702.5,2726.7,2673.9,2702.7,7.713e+05,2657.7
1892,1914,1886.3,1896,4.429e+05,1835.5
1904,1925,1900.3,1910,5.445e+05,1849.1
1924,1954,1908,1944,7.954e+05,1882
1957,1965,1927,1954,8.48e+05,1891.7
1960,1963,1941,1959,4.466e+05,1896.5
2702.5,2726.7,2673.9,2702.7,7.713e+05,2657.7
2702.5,2726.7,2673.9,2702.7,7.713e+05,2657.7
1965,1986,1953,1962,4.797e+05,1899.4
1964,1977,1948,1964,6.829e+05,1901.4
1955,1967,1924,1933,5.971e+05,1871.4
1936,1949,1918,1936,4.501e+05,1874.3
1939,1951,1912,1947,3.833e+05,1884.9
2702.5,2726.7,2673.9,2702.7,7.713e+05,2657.7
2702.5,2726.7,2673.9,2702.7,7.713e+05,2657.7
1943,1950,1914,1921,4.591e+05,1859.7
1930,1945,1920,1931,3.987e+05,1869.4
1938,1946,1921,1922,3.931e+05,1860.7
1921,1924.9,1882.3,1892,4.971e+05,1831.7
1893,1899,1876,1890,5.356e+05,1829.7
2702.5,2726.7,2673.9,2702.7,7.713e+05,2657.7
2702.5,2726.7,2673.9,2702.7,7.713e+05,2657.7
1893,1900,1878,1886,3.918e+05,1825.9
1876,1893,1870,1893,3.212e+05,1832.6
1894,1894.3,1867,1869,4.018e+05,1809.4
1873,1891,1868,1872,3.479e+05,1812.3
1877,1896,1863,1887,2.567e+05,1826.8
2702.5,2726.7,2673.9,2702.7,7.713e+05,2657.7
2702.5,2726.7,2673.9,2702.7,7.713e+05,2657.7
1887,1887,1887,1887,0,1826.8
1903,1921,1887,1887,6.078e+05,1826.8
1881,1883,1831,1838,7.094e+05,1779.4
1839,1869,1833,1865,4.156e+05,1805.5
1867,1873,1845,1845,5.796e+05,1786.2
2702.5,2726.7,2673.9,2702.7,7.713e+05,2657.7
2702.5,2726.7,2673.9,2702.7,7.713e+05,2657.7
1863,1893,1859,1878,4.285e+05,1818.1
1917,1921,1894,1901,7.022e+05,1840.4
1901,1901,1819.7,1841,9.061e+05,1782.3
1845,1862,1813,1829,6.581e+05,1770.7
1837,1861,1831,1851,1.097e+06,1792
2702.5,2726.7,2673.9,2702.7,7.713e+05,2657.7
2702.5,2726.7,2673.9,2702.7,7.713e+05,2657.7
1860,1860,1795.7,1818,1.1067e+06,1760
1838,1847,1829,1842,5.642e+05,1783.3
1848,1849,1798,1805,7.1e+05,1747.4
1806,1818,1799,1806,7.72e+05,1748.4
1803,1820.5,1800,1809,4.039e+05,1751.3
2702.5,2726.7,2673.9,2702.7,7.713e+05,2657.7
2702.5,2726.7,2673.9,2702.7,7.713e+05,2657.7
1827,1852.7,1817,1843,7.618e+05,1784.2
1842,1856,1822,1823,7.765e+05,1764.9
1820,1836,1811,1822,4.507e+05,1763.9
1840,1862,1840,1845,5.883e+05,1786.2
1835,1866,1835,1849,9.121e+05,1790
2702.5,2726.7,2673.9,2702.7,7.713e+05,2657.7
2702.5,2726.7,2673.9,2702.7,7.713e+05,2657.7
1845,1855,1840,1851,8e+05,1792
1847,1860,1825,1856,1.5008e+06,1796.8
1852,1864,1850,1861,1.0208e+06,1801.7
1861,1886,1861,1877,9.812e+05,1817.1
1872,1889,1872,1882,1.0143e+06,1822
2702.5,2726.7,2673.9,2702.7,7.713e+05,2657.7
2702.5,2726.7,2673.9,2702.7,7.713e+05,2657.7
1866,1884,1865,1876,6.191e+05,1816.2
1864,1894,1856,1886,9.698e+05,1825.9
1876,1878,1854,1866,5.964e+05,1806.5
1874,1883,1861,1881,5.511e+05,1821
1877,1885,1870,1883,3.511e+05,1823
2702.5,2726.7,2673.9,2702.7,7.713e+05,2657.7
2702.5,2726.7,2673.9,2702.7,7.713e+05,2657.7
1880,1908,1874,1905,5.688e+05,1844.3
1902,1908,1883,1893,1.0214e+06,1832.6
1881,1890,1876.4,1889,7.87e+05,1828.8
1892,1923,1885,1906,6.879e+05,1845.2
1912,1912.1,1897,1911,6.258e+05,1850.1
2702.5,2726.7,2673.9,2702.7,7.713e+05,2657.7
2702.5,2726.7,2673.9,2702.7,7.713e+05,2657.7
1926,1971.5,1913,1963,7.407e+05,1900.4
1973,1979,1959,1965,4.77e+05,1902.3
1964,2005,201.5,1995,7.945e+05,1931.4
1992,2014,1990.9,2014,7.512e+05,1949.8
2027,2062,2017.5,2062,1.0872e+06,1996.2
2702.5,2726.7,2673.9,2702.7,7.713e+05,2657.7
2702.5,2726.7,2673.9,2702.7,7.713e+05,2657.7
2059,2074,2054.9,2073,5.791e+05,2006.9
2070,2073,2055,2071,5.993e+05,2005
2066,2103,2064,2089,7.348e+05,2022.4
2089,2108,2085,2105,6.735e+05,2037.9
2104,2134.5,2100,2133,6.884e+05,2065
2702.5,2726.7,2673.9,2702.7,7.713e+05,2657.7
2702.5,2726.7,2673.9,2702.7,7.713e+05,2657.7
2134,2160,2126,2153,5.117e+05,2084.3
2153,2196.2,2153,2196,8.474e+05,2126
2199,2224,2193,2222,9.707e+05,2151.1
2214,2269,2214,2267,1.5989e+06,2194.7
2262,2262,2244,2251,1.043e+06,2179.2
2702.5,2726.7,2673.9,2702.7,7.713e+05,2657.7
2702.5,2726.7,2673.9,2702.7,7.713e+05,2657.7
2243,2269,2240,2255,1.1179e+06,2183.1
2175,2220,2175,2208,4.7753e+06,2137.6
2199,2349,2199,2269,1.8326e+06,2196.6
2266,2271,2246,2252,7.027e+05,2180.2
2247,2269,2240,2260,9.699e+05,2187.9
2702.5,2726.7,2673.9,2702.7,7.713e+05,2657.7
2702.5,2726.7,2673.9,2702.7,7.713e+05,2657.7
2232,2280.5,2224,2269,6.682e+05,2196.6
2263,2275,2259,2271,1.0472e+06,2198.6
2269,2271,2242,2264,6.636e+05,2191.8
2280,2320,2280,2311,7.97e+05,2237.3
2308,2345,2297,2334,6.34e+05,2259.6
2702.5,2726.7,2673.9,2702.7,7.713e+05,2657.7
2702.5,2726.7,2673.9,2702.7,7.713e+05,2657.7
2334,2352,2315,2351,5.617e+05,2276
2347,2354,2331,2340,4.87e+05,2265.4
2334,2346,2317,2338,5.826e+05,2263.4
2332,2333,2234,2286,1.7238e+06,2213.1
2288,2304,2270,2291,6.661e+05,2217.9
2702.5,2726.7,2673.9,2702.7,7.713e+05,2657.7
2702.5,2726.7,2673.9,2702.7,7.713e+05,2657.7
2300,2305,2257.8,2290,1.0588e+06,2217
2281,2287,2250,2250,1.1513e+06,2178.3
2283,2295,2254,2292,9.222e+05,2218.9
2285,2293,2271,2290,4.798e+05,2217
2285,2307,2284,2293,6.087e+05,2219.9
2702.5,2726.7,2673.9,2702.7,7.713e+05,2657.7
2702.5,2726.7,2673.9,2702.7,7.713e+05,2657.7
2292,2313,2283,2299,6.283e+05,2225.7
2300,2317,2276,2286,6.718e+05,2213.1
2272,2279,2254,2263,7.526e+05,2215.2
2262,2271,2240.8,2252,4.797e+05,2204.5
2252,2272,2245,2267,4.608e+05,2219.1
2702.5,2726.7,2673.9,2702.7,7.713e+05,2657.7
2702.5,2726.7,2673.9,2702.7,7.713e+05,2657.7
2267,2271,2250,2265,5.348e+05,2217.2
2258,2284,2258,2275,5.161e+05,2227
2280,2285,2259,2265,6.931e+05,2217.2
2265,2278,2255,2259,1.0456e+06,2211.3
2252,2258,2237,2244,6.718e+05,2196.6
2702.5,2726.7,2673.9,2702.7,7.713e+05,2657.7
2702.5,2726.7,2673.9,2702.7,7.713e+05,2657.7
2244,2308,2237,2302,6.66e+05,2253.4
2300,2314,2295,2300,6.684e+05,2251.4
2311,2344,2300,2329,7.19e+05,2279.8
2338,2403,2333,2400,1.0086e+06,2349.3
2409,2439,2396,2425,1.3295e+06,2373.8
2702.5,2726.7,2673.9,2702.7,7.713e+05,2657.7
2702.5,2726.7,2673.9,2702.7,7.713e+05,2657.7
2425,2447,2423,2447,3.086e+05,2395.3
2459,2486,2442.4,2463,1.439e+05,2411
2463,2463,2463,2463,0,2411
2463,2463,2463,2463,0,2411
2475,2495,2471,2495,3.228e+05,2442.3
2702.5,2726.7,2673.9,2702.7,7.713e+05,2657.7
2702.5,2726.7,2673.9,2702.7,7.713e+05,2657.7
2490,2498,2463,2470,4.002e+05,2417.9
2482,2482,2445,2445,1.928e+05,2393.4
2445,2445,2445,2445,0,2393.4
2451,2496,2445,2488,5.344e+05,2435.5
2500,2544,2500,2524,4.819e+05,2470.7
2702.5,2726.7,2673.9,2702.7,7.713e+05,2657.7
2702.5,2726.7,2673.9,2702.7,7.713e+05,2657.7
2516,2540,2512,2536,5.441e+05,2482.5
2535,2546.7,2518,2533,5.816e+05,2479.5
2538,2538,2511,2518,5.1e+05,2464.8
2517,2561,2507,2550,8.792e+05,2496.2
2553,2594,2548.9,2591,9.334e+05,2536.3
2702.5,2726.7,2673.9,2702.7,7.713e+05,2657.7
2702.5,2726.7,2673.9,2702.7,7.713e+05,2657.7
2594,2676,2580,2660,9.537e+05,2603.8
2646,2675.4,2633,2663,1.2412e+06,2606.8
2668,2726,2658,2696,1.1211e+06,2639.1
2651,2673,2566,2625,3.5118e+06,2569.6
2640,2660,2605,2648,1.366e+06,2592.1
2702.5,2726.7,2673.9,2702.7,7.713e+05,2657.7
2702.5,2726.7,2673.9,2702.7,7.713e+05,2657.7
2640,2705,2638,2692,9.14e+05,2635.2
2692,2809.4,2690,2806,9.372e+05,2746.8
2809,2882,2768,2783,1.3517e+06,2724.2
2778,2785,2738,2761,1.0839e+06,2702.7
2764,2787,2729,2744,1.0673e+06,2686.1
2702.5,2726.7,2673.9,2702.7,7.713e+05,2657.7
2702.5,2726.7,2673.9,2702.7,7.713e+05,2657.7
2745,2759,2683,2697,8.789e+05,2640.1
2712,2735,2694,2710,7.308e+05,2652.8
2733,2748,2662,2688,7.996e+05,2631.3
2682,2734,2638,2734,1.0095e+06,2676.3
2721,2721,2650,2715,9.216e+05,2657.7
2702.5,2726.7,2673.9,2702.7,7.713e+05,2657.7
2702.5,2726.7,2673.9,2702.7,7.713e+05,2657.7
2722,2734,2682,2686,7.442e+05,2629.3
2688,2781,2688,2762,1.0355e+06,2703.7
2757,2930,2746,2883,1.685e+06,2822.1
2907,2915,2853,2859,1.3625e+06,2798.6
2881,2883,2843,2847,1.0052e+06,2786.9
2702.5,2726.7,2673.9,2702.7,7.713e+05,2657.7
2702.5,2726.7,2673.9,2702.7,7.713e+05,2657.7
2854,2857,2804.6,2810,1.026e+06,2750.7
2816,2821,2783,2805,9.917e+05,2745.8
2812,2812,2786.5,2794,7.559e+05,2735
2774,2813,2762,2810,8.96e+05,2750.7
2807,2819,2777.5,2812,6.839e+05,2752.6
2702.5,2726.7,2673.9,2702.7,7.713e+05,2657.7
2702.5,2726.7,2673.9,2702.7,7.713e+05,2657.7
2818,2857,2817,2852,4.327e+05,2791.8
2864,2915,2854.3,2914,7.209e+05,2852.5
2912,2932,2889,2915,6.788e+05,2853.5
2904,2968,2892,2967,6.99e+05,2904.4
2981,3001,2963.1,2993,9.572e+05,2929.8
2702.5,2726.7,2673.9,2702.7,7.713e+05,2657.7
2702.5,2726.7,2673.9,2702.7,7.713e+05,2657.7
2975,3012,2889,2920,1.4306e+06,2858.4
2920,2977,2900,2955,1.4648e+06,2892.6
2951,2972,2932.7,2964,9.073e+05,2901.4
2966,2982,2911,2980,7.19e+05,2917.1
2979,3017,2946,2998,9.731e+05,2934.7
2702.5,2726.7,2673.9,2702.7,7.713e+05,2657.7
2702.5,2726.7,2673.9,2702.7,7.713e+05,2657.7
2964,2981,2940,2970,9.592e+05,2907.3
2987,3030,2970,3027,7.124e+05,2963.1
3013,3028.3,2979,2980,6.297e+05,2917.1
2983,2999,2970,2990,7.21e+05,2926.9
2996,3005,2959,2969,6.067e+05,2906.3
2702.5,2726.7,2673.9,2702.7,7.713e+05,2657.7
2702.5,2726.7,2673.9,2702.7,7.713e+05,2657.7
2976,3011,2963,2976,8.745e+05,2913.2
2977,2984,2947,2954,8.745e+05,2891.6
2938,2950.1,2909,2921,7.279e+05,2859.3
2923,2923,2861.4,2862,7.941e+05,2801.6
2852,2854,2795.4,2836,8.969e+05,2776.1
2702.5,2726.7,2673.9,2702.7,7.713e+05,2657.7
2702.5,2726.7,2673.9,2702.7,7.713e+05,2657.7
2830,2853,2813,2840,5.717e+05,2780
2825,2828.9,2796,2805,8.293e+05,2745.8
2804,2814,2775,2800,7.733e+05,2740.9
2797,2797,2744,2770,7.236e+05,2711.5
2773,2793.7,2755,2758,1.0091e+06,2699.8
2702.5,2726.7,2673.9,2702.7,7.713e+05,2657.7
2702.5,2726.7,2673.9,2702.7,7.713e+05,2657.7
2766,2775,2743,2769,7.253e+05,2710.5
2771,2818,2771,2799,9.109e+05,2739.9
2801,2846,2794,2835,5.357e+05,2775.1
2830,2863,2827,2852,5.75e+05,2791.8
2864,2867,2826,2830,5.295e+05,2770.3
2702.5,2726.7,2673.9,2702.7,7.713e+05,2657.7
2702.5,2726.7,2673.9,2702.7,7.713e+05,2657.7
2842,2845,2779,2781,7.752e+05,2722.3
2787,2802,2773,2784,5.743e+05,2725.2
2781,2807,2749,2756,8.475e+05,2697.8
2773,2802,2771,2782,5.439e+05,2723.3
2791,2804.2,2778,2799,4.073e+05,2739.9
2702.5,2726.7,2673.9,2702.7,7.713e+05,2657.7
2702.5,2726.7,2673.9,2702.7,7.713e+05,2657.7
2782,2789.6,2752,2753,4.134e+05,2694.9
2747,2749,2625,2645,1.5732e+06,2589.2
2652,2665,2603,2603,1.3079e+06,2548
2622,2687,2617,2671,9.939e+05,2614.6
2672,2672,2632,2645,8.203e+05,2589.2
2702.5,2726.7,2673.9,2702.7,7.713e+05,2657.7
2702.5,2726.7,2673.9,2702.7,7.713e+05,2657.7
2640,2680,2633,2668,9.413e+05,2611.7
2660,2683,2652,2654,6.389e+05,2598
2666,2688,2661,2676,5.391e+05,2619.5
2673,2735,2659,2711,6.528e+05,2653.8
2711,2711,2711,2711,0,2653.8
2702.5,2726.7,2673.9,2702.7,7.713e+05,2657.7
2702.5,2726.7,2673.9,2702.7,7.713e+05,2657.7
2711,2711,2711,2711,0,2653.8
2736,2736,2695,2722,6.428e+05,2664.5
2847,2992,2830,2962,1.5031e+06,2899.5
2979,2984.9,2855,2865,1.2644e+06,2804.5
2892,2906.2,2865,2906,9.27e+05,2844.6
2702.5,2726.7,2673.9,2702.7,7.713e+05,2657.7
2702.5,2726.7,2673.9,2702.7,7.713e+05,2657.7
2923,2930,2888,2899,6.018e+05,2837.8
2918,2960,2913,2946,7.442e+05,2883.8
2948,2987,2941,2971,7.875e+05,2908.3
3030,3048,2969.5,2997,6.283e+05,2933.7
2992,2992,2889,2900,1.2719e+06,2838.8
2702.5,2726.7,2673.9,2702.7,7.713e+05,2657.7
2702.5,2726.7,2673.9,2702.7,7.713e+05,2657.7
2900,2900,2900,2900,0,2838.8
2924,2963.2,2892,2963,7.205e+05,2900.4
2974,3001,2953,2973,6.26e+05,2910.2
2975,3014,2964,2974,5.699e+05,2911.2
2960,2960,2923,2945,4.369e+05,2882.8
2702.5,2726.7,2673.9,2702.7,7.713e+05,2657.7
2702.5,2726.7,2673.9,2702.7,7.713e+05,2657.7
2948,2984,2927,2982,4.168e+05,2919
2989,2989,2937,2966,3.864e+05,2903.4
2967,2975,2949,2965,3.008e+05,2902.4
2967,3011,2929,2945,4.768e+05,2882.8
2952,3004,2928,3004,8.074e+05,2940.6
2702.5,2726.7,2673.9,2702.7,7.713e+05,2657.7
2702.5,2726.7,2673.9,2702.7,7.713e+05,2657.7
3014,3078,3000.7,3071,6.609e+05,3006.2
3084,3091,3053,3070,5.663e+05,3005.2
3069,3079,3007,3023,6.36e+05,2959.2
3021,3051,3005,3020,4.715e+05,2956.2
3046,3052,2953,2983.6,8.536e+05,2920.6
2702.5,2726.7,2673.9,2702.7,7.713e+05,2657.7
2702.5,2726.7,2673.9,2702.7,7.713e+05,2657.7
2983.6,2983.6,2983.6,2983.6,0,2920.6
2965,3041,2949,3029,5.728e+05,2965.1
3032,3051,3007,3019,3.822e+05,2955.3
3013,3036,2999,3025,4.03e+05,2961.1
3025,3058,3014,3018,9.321e+05,2954.3
2702.5,2726.7,2673.9,2702.7,7.713e+05,2657.7
2702.5,2726.7,2673.9,2702.7,7.713e+05,2657.7
3028,3036,2994,3028,4.49e+05,2964.1
3025,3032,2999,3017,3.651e+05,2953.3
3016,3056,3010,3048,5.077e+05,2993.3
3030,3069,2979,3034,7.215e+05,2979.5
3031,3046,3014,3027,4.488e+05,2972.7
2702.5,2726.7,2673.9,2702.7,7.713e+05,2657.7
2702.5,2726.7,2673.9,2702.7,7.713e+05,2657.7
3035,3057,3011,3057,3.07e+05,3002.1
3040,3061,3013,3061,4.544e+05,3006
3070,3081,3038,3044,4.579e+05,2989.3
3056,3069,3041,3055,3.412e+05,3000.1
3051,3067,3024,3025,5.358e+05,2970.7
2702.5,2726.7,2673.9,2702.7,7.713e+05,2657.7
2702.5,2726.7,2673.9,2702.7,7.713e+05,2657.7
3028,3028.6,2985,2997,5.013e+05,2943.2
3007,3046,2987,2990,4.927e+05,2936.3
2992,3063,2992,3050,7.634e+05,2995.2
3066,3099,3064,3071,5.287e+05,3015.9
3065,3091,3059,3086,6.895e+05,3030.6
2702.5,2726.7,2673.9,2702.7,7.713e+05,2657.7
2702.5,2726.7,2673.9,2702.7,7.713e+05,2657.7
3084,3085,3041,3065,3.342e+05,3010
3074,3074,3023,3054,4.109e+05,2999.2
3051,3059,3005,3015,5.147e+05,2960.9
3029,3047,3010,3038,3.97e+05,2983.5
3034,3047,3005,3042,3.065e+05,2987.4
2702.5,2726.7,2673.9,2702.7,7.713e+05,2657.7
2702.5,2726.7,2673.9,2702.7,7.713e+05,2657.7
3048,3060,3020.4,3049,4.513e+05,2994.3
3052,3064,3010,3032,5.085e+05,2977.6
3027,3100,3024,3097,5.746e+05,3041.4
3108,3112,3078,3098,4.993e+05,3042.4
3096,3141,3088,3125,4.182e+05,3068.9
2702.5,2726.7,2673.9,2702.7,7.713e+05,2657.7
2702.5,2726.7,2673.9,2702.7,7.713e+05,2657.7
3129,3156,3116,3125,6.417e+05,3068.9
3124,3132,3037,3045,6.378e+05,2990.3
3047,3052,2989,3000,8.819e+05,2946.1
3100,3100,2915,2958,1.602e+06,2904.9
2958,2979,2918,2949,6.94e+05,2896.1
2702.5,2726.7,2673.9,2702.7,7.713e+05,2657.7
2702.5,2726.7,2673.9,2702.7,7.713e+05,2657.7
2947,2972,2936.5,2950,5.49e+05,2897
2950,2950,2894,2897,6.951e+05,2845
2897,2918,2888,2900,8.386e+05,2847.9
2898,2910,2869.1,2876,6.369e+05,2824.4
2872,2872,2832,2842,8.842e+05,2791
2702.5,2726.7,2673.9,2702.7,7.713e+05,2657.7
2702.5,2726.7,2673.9,2702.7,7.713e+05,2657.7
2841,2845.6,2803,2808,5.737e+05,2757.6
2821,2840,2809,2831,5.555e+05,2780.2
2823,2905,2822,2874,8.958e+05,2822.4
2867,2896,2847,2894,6.066e+05,2842
2879,2893,2865,2868,3.903e+05,2816.5
2702.5,2726.7,2673.9,2702.7,7.713e+05,2657.7
2702.5,2726.7,2673.9,2702.7,7.713e+05,2657.7
2870,2885,2840,2850,4.743e+05,2798.8
2849,2883,2842,2861,4.162e+05,2809.6
2862,2862,2796,2804,3.615e+05,2753.7
2797,2797,2762,2778,6.11e+05,2728.1
2785,2785,2729,2775,5.294e+05,2725.2
2702.5,2726.7,2673.9,2702.7,7.713e+05,2657.7
2702.5,2726.7,2673.9,2702.7,7.713e+05,2657.7
2785,2797,2738,2759,5.29e+05,2709.5
2760,2806,2760,2786,5.267e+05,2736
2776,2776,2721,2742,6.091e+05,2692.8
2743,2765,2735,2740,4.19e+05,2690.8
2709,2712,2667,2686,5.948e+05,2637.8
2702.5,2726.7,2673.9,2702.7,7.713e+05,2657.7
2702.5,2726.7,2673.9,2702.7,7.713e+05,2657.7
2701,2724,2695,2715,2.907e+05,2666.3
2710,2778,2706,2769,6.367e+05,2719.3
2775,2791,2744,2774,4.773e+05,2724.2
2763,2790,2758,2786,3.526e+05,2736
2789,2833,2785,2807,7.506e+05,2756.6
2702.5,2726.7,2673.9,2702.7,7.713e+05,2657.7
2702.5,2726.7,2673.9,2702.7,7.713e+05,2657.7
2821,2863,2821,2855,5.249e+05,2803.7
2867,2907.3,2859,2895,5.888e+05,2843
2886,2894,2818,2826,6.948e+05,2775.3
2825,2855,2817,2823,5.587e+05,2772.3
2818,2828,2789,2812,3.376e+05,2761.5
2702.5,2726.7,2673.9,2702.7,7.713e+05,2657.7
2702.5,2726.7,2673.9,2702.7,7.713e+05,2657.7
2812,2812,2812,2812,0,2761.5
2820,2890,2820,2871,6.006e+05,2819.5
2866,2925,2859,2908,9.537e+05,2855.8
2900,2908.8,2852,2865,5.384e+05,2813.6
2876,2881,2826,2863,5.627e+05,2811.6
2702.5,2726.7,2673.9,2702.7,7.713e+05,2657.7
2702.5,2726.7,2673.9,2702.7,7.713e+05,2657.7
2858,2874,2846,2868,2.793e+05,2816.5
2881,2883,2847,2863,3.916e+05,2811.6
2879,2924,2864,2878,9.15e+05,2826.3
2877,2931,2860,2928,5.872e+05,2875.4
2934,2934,2869,2909,4.835e+05,2856.8
2702.5,2726.7,2673.9,2702.7,7.713e+05,2657.7
2702.5,2726.7,2673.9,2702.7,7.713e+05,2657.7
2870,2870,2743,2757,1.5877e+06,2707.5
2763,2774,2700,2700,1.374e+06,2651.5
2700,2721,2679,2709,9.693e+05,2660.4
2721,2722,2659,2677,9.267e+05,2628.9
2675,2685,2621,2621,1.0793e+06,2573.9
2702.5,2726.7,2673.9,2702.7,7.713e+05,2657.7
2702.5,2726.7,2673.9,2702.7,7.713e+05,2657.7
2634,2660,2622,2632,8.23e+05,2584.7
2632,2636,2593,2616,9.447e+05,2569
2630,2651,2618,2630,8.111e+05,2582.8
2632,2662,2623,2659,6.373e+05,2611.3
2680,2727.1,2665,2675,1.2366e+06,2627
2702.5,2726.7,2673.9,2702.7,7.713e+05,2657.7
2702.5,2726.7,2673.9,2702.7,7.713e+05,2657.7
2669,2713,2649,2694,9.125e+05,2645.6
2693,2693,2612,2619,9.601e+05,2572
2615,2615,2533,2587,1.4534e+06,2540.6
2590,2605,2539,2546,7.509e+05,2500.3
2540,2577,2505,2567,6.757e+05,2520.9
2702.5,2726.7,2673.9,2702.7,7.713e+05,2657.7
2702.5,2726.7,2673.9,2702.7,7.713e+05,2657.7
2567,2573,2547,2563,6.54e+05,2517
2585,2683,2564,2679,1.5789e+06,2630.9
2684,2702,2640,2654,8.953e+05,2606.3
2641,2646,2605,2605,1.2855e+06,2558.2
2621,2667,2612,2651,8.206e+05,2603.4
2702.5,2726.7,2673.9,2702.7,7.713e+05,2657.7
2702.5,2726.7,2673.9,2702.7,7.713e+05,2657.7
2657,2664,2635,2642,5.945e+05,2594.6
2638,2638.3,2609.1,2611,5.18e+05,2564.1
2602,2608,2553,2565,8.731e+05,2518.9
2591,2592,2533,2553,1.26e+06,2507.2
2535,2567,2487,2488,1.155e+06,2443.3
2702.5,2726.7,2673.9,2702.7,7.713e+05,2657.7
2702.5,2726.7,2673.9,2702.7,7.713e+05,2657.7
2489,2520,2477.3,2496,8.621e+05,2451.2
2499,2555,2471,2548,9.973e+05,2502.3
2563,2580,2464,2466,9.984e+05,2421.7
2484,2511,2407,2477,1.9049e+06,2432.5
2473,2569,2470,2569,1.2093e+06,2522.9
2702.5,2726.7,2673.9,2702.7,7.713e+05,2657.7
2702.5,2726.7,2673.9,2702.7,7.713e+05,2657.7
2570,2653,2554,2635,1.5548e+06,2587.7
2625,2700,2606,2693,1.3452e+06,2644.6
2699,2730,2671,2720,1.1133e+06,2671.2
2693,2740,2675,2739,9.569e+05,2689.8
2716,2725,2692,2711,6.439e+05,2662.3
2702.5,2726.7,2673.9,2702.7,7.713e+05,2657.7
2702.5,2726.7,2673.9,2702.7,7.713e+05,2657.7
2753,2753,2705,2734,7.167e+05,2684.9
2762,2763,2737,2742,7.469e+05,2692.8
2720,2745,2703,2740,1.0011e+06,2690.8
2748,2764,2717,2761,7.657e+05,2711.4
2800,2802,2740,2754,9.067e+05,2704.6
2702.5,2726.7,2673.9,2702.7,7.713e+05,2657.7
2702.5,2726.7,2673.9,2702.7,7.713e+05,2657.7
2752,2771,2662,2671,1.287e+06,2623
2603,2795,2603,2783,1.7239e+06,2733
2802,2959,2802,2942,1.7864e+06,2889.2
2944,2979,2917,2971,9.452e+05,2917.7
2982,2992,2949,2957,8.423e+05,2903.9
2702.5,2726.7,2673.9,2702.7,7.713e+05,2657.7
2702.5,2726.7,2673.9,2702.7,7.713e+05,2657.7
2954,2983,2952,2970,5.227e+05,2916.7
2978,3013,2971,3009,5.255e+05,2955
3030,3032,2977,3000,7.116e+05,2946.1
3000,3053,2994,3045,9.355e+05,2990.3
3048,3062,3042,3061,9.78e+05,3006
2702.5,2726.7,2673.9,2702.7,7.713e+05,2657.7
2702.5,2726.7,2673.9,2702.7,7.713e+05,2657.7
3048,3089,3046,3076,4.923e+05,3020.8
3085,3099,3064,3082,5.678e+05,3026.7
3090,3119,3080,3110,4.749e+05,3054.2
3105,3137,3085,3119,9.524e+05,3063
3126,3135,3091,3119,7.434e+05,3063
2702.5,2726.7,2673.9,2702.7,7.713e+05,2657.7
2702.5,2726.7,2673.9,2702.7,7.713e+05,2657.7
3120,3120,3041,3053,1.6484e+06,2998.2
3056,3109,3053,3109,9.125e+05,3053.2
3111,3136,3107,3114,7.785e+05,3058.1
3124,3173,3118,3168,4.032e+05,3111.1
3166,3221,3154.3,3203,6.32e+05,3145.5
2702.5,2726.7,2673.9,2702.7,7.713e+05,2657.7
2702.5,2726.7,2673.9,2702.7,7.713e+05,2657.7
3185,3233,3183,3205,5.176e+05,3147.5
3210,3213.8,3177,3193,5.502e+05,3135.7
3182,3215,3172,3182,1.0758e+06,3124.9
3195,3208,3173,3200,5.641e+05,3142.5
3238,3293,3027,3284,2.1402e+06,3225
2702.5,2726.7,2673.9,2702.7,7.713e+05,2657.7
2702.5,2726.7,2673.9,2702.7,7.713e+05,2657.7
3272,3285,3199,3226,8.076e+05,3168.1
3209,3214,3151,3166,7.149e+05,3109.2
3167,3226,3163,3201,6.899e+05,3143.5
3161,3199,3128,3151,7.675e+05,3118.1
3128,3130,3070,3070,7.409e+05,3037.9
2702.5,2726.7,2673.9,2702.7,7.713e+05,2657.7
2702.5,2726.7,2673.9,2702.7,7.713e+05,2657.7
3057,3095,3024,3026,6.967e+05,2994.4
3031,3063,2971,3060,9.896e+05,3028
3033,3067,3016,3042,5.061e+05,3010.2
3089,3134,3043,3133,1.0172e+06,3100.3
3165,3204,3152,3194,1.1318e+06,3160.6
2702.5,2726.7,2673.9,2702.7,7.713e+05,2657.7
2702.5,2726.7,2673.9,2702.7,7.713e+05,2657.7
3212,3241.2,3194,3217,4.467e+05,3183.4
3231,3255,3202,3210,3.355e+05,3176.5
3243,3243,3207,3227,57300,3193.3
3227,3227,3227,3227,0,3193.3
3227,3227,3227,3227,0,3193.3
2702.5,2726.7,2673.9,2702.7,7.713e+05,2657.7
2702.5,2726.7,2673.9,2702.7,7.713e+05,2657.7
3243,3243,3185,3211,3.07e+05,3177.5
3192,3210,3137,3146,3.118e+05,3113.1
3187,3202.1,3136,3153,2.095e+05,3120.1
3153,3153,3153,3153,0,3120.1
3187,3217,3135,3194,4.189e+05,3160.6
2702.5,2726.7,2673.9,2702.7,7.713e+05,2657.7
2702.5,2726.7,2673.9,2702.7,7.713e+05,2657.7
3176,3214,3093,3096,7.582e+05,3063.7
3088,3126,3061,3088,7.382e+05,3055.8
3098,3099,3041,3054,7.115e+05,3022.1
3049,3102,3020,3096,8.979e+05,3063.7
3089,3112,3069,3078,5.257e+05,3045.9
2702.5,2726.7,2673.9,2702.7,7.713e+05,2657.7
2702.5,2726.7,2673.9,2702.7,7.713e+05,2657.7
3080,3145,3080,3107,5.87e+05,3074.6
3114,3144,3089,3132,8.412e+05,3099.3
3090,3113,3013,3035,9.845e+05,3003.3
3050,3147,3050,3147,1.3376e+06,3114.1
3123,3145,3016,3093,9.029e+05,3060.7
2702.5,2726.7,2673.9,2702.7,7.713e+05,2657.7
2702.5,2726.7,2673.9,2702.7,7.713e+05,2657.7
3097,3136,3074,3113,3.977e+05,3080.5
3114,3118.2,3043,3050,5.007e+05,3018.1
3054,3078,2972,2998,8.146e+05,2966.7
3002,3002,2889,2985,1.4417e+06,2953.8
3005,3082,2959.1,3080,8.423e+05,3047.8
2702.5,2726.7,2673.9,2702.7,7.713e+05,2657.7
2702.5,2726.7,2673.9,2702.7,7.713e+05,2657.7
3075,3117,3071.8,3112,6.443e+05,3079.5
3119,3119,3084,3097,6.167e+05,3064.7
3120,3134,3084,3121,5.126e+05,3088.4
3110,3164,3096,3160,6.785e+05,3127
3160,3167,3099,3103,6.852e+05,3070.6
2702.5,2726.7,2673.9,2702.7,7.713e+05,2657.7
2702.5,2726.7,2673.9,2702.7,7.713e+05,2657.7
3119,3132,3081,3114,5.134e+05,3081.5
3110,3112,3074,3079,8.693e+05,3046.8
3077,3080,2998,3042,8.403e+05,3010.2
3032,3057,3001,3014,5.903e+05,2982.5
2997,3045,2992,3042,7.357e+05,3010.2
2702.5,2726.7,2673.9,2702.7,7.713e+05,2657.7
2702.5,2726.7,2673.9,2702.7,7.713e+05,2657.7
3020,3030,2991,3010,6.64e+05,2978.6
3008,3023,2982,3009,7.105e+05,2977.6
2999,3016,2955,2992,6.664e+05,2960.8
2988,3008,2953,2966,5.527e+05,2935
2968,2968.8,2901,2905,8.605e+05,2874.7
2702.5,2726.7,2673.9,2702.7,7.713e+05,2657.7
2702.5,2726.7,2673.9,2702.7,7.713e+05,2657.7
2900,2936,2868,2926,7.342e+05,2895.4
2912,2948,2910,2948,7.564e+05,2917.2
2949,2998,2931,2998,1.1157e+06,2966.7
2997,3070,2992,3057,8.687e+05,3025.1
3052,3053,3030,3036,6.832e+05,3004.3
2702.5,2726.7,2673.9,2702.7,7.713e+05,2657.7
2702.5,2726.7,2673.9,2702.7,7.713e+05,2657.7
3033,3082,2993.2,3058,8.743e+05,3026.1
3066,3071,2997,3009,8.977e+05,2977.6
3006,3029,2964,2994,7.838e+05,2962.7
3016,3051,2988,3049,6.619e+05,3017.2
3062,3149.4,3055.5,3125,1.128e+06,3092.4
2702.5,2726.7,2673.9,2702.7,7.713e+05,2657.7
2702.5,2726.7,2673.9,2702.7,7.713e+05,2657.7
3108,3127,3063,3085,1.0228e+06,3052.8
3116,3156,3094,3094,7.591e+05,3061.7
3109,3109,3051,3088,6.699e+05,3055.8
3083,3133,3075,3133,5.324e+05,3100.3
3133,3187,3109,3129,7.051e+05,3096.3
2702.5,2726.7,2673.9,2702.7,7.713e+05,2657.7
2702.5,2726.7,2673.9,2702.7,7.713e+05,2657.7
3125,3136,3063,3069,4.363e+05,3037
3053,3069,2976,2976,1.047e+06,2944.9
2976,3043,2968,2998,7.304e+05,2966.7
2993,3028,2967,2992,6.678e+05,2960.8
2988,3027,2968,2984,5.576e+05,2952.8
2702.5,2726.7,2673.9,2702.7,7.713e+05,2657.7
2702.5,2726.7,2673.9,2702.7,7.713e+05,2657.7
2991,3056,2990,3048,9.15e+05,3016.2
3046,3074,3010,3036,6.197e+05,3004.3
3045,3066,3016,3062,8.125e+05,3030
3077,3093,3047,3061,6.257e+05,3029
3058,3070,3025,3038,7.245e+05,3006.3
2702.5,2726.7,2673.9,2702.7,7.713e+05,2657.7
2702.5,2726.7,2673.9,2702.7,7.713e+05,2657.7
3046,3046,3008,3011,5.633e+05,2979.6
2998,2999.8,2925,2925,1.3658e+06,2894.5
2934,2954,2909,2911,8.91e+05,2880.6
2891,2908,2836,2849,8.61e+05,2819.2
2851,2861,2826,2845,9.781e+05,2815.3
2702.5,2726.7,2673.9,2702.7,7.713e+05,2657.7
2702.5,2726.7,2673.9,2702.7,7.713e+05,2657.7
2876,2883,2839,2855,5.097e+05,2825.2
2854,2868,2807,2818,8.717e+05,2788.6
2813,2853,2795.3,2816,8.686e+05,2786.6
2820,2866,2805,2866,5.849e+05,2836.1
2866,2866,2866,2866,0,2836.1
2702.5,2726.7,2673.9,2702.7,7.713e+05,2657.7
2702.5,2726.7,2673.9,2702.7,7.713e+05,2657.7
2866,2866,2866,2866,0,2836.1
2869,2964,2856,2964,1.1712e+06,2933
2950,2977,2918,2963,9.394e+05,2932.1
2976,3014,2975,3014,6.997e+05,2982.5
2999,3022,2979,3017,6.545e+05,2985.5
2702.5,2726.7,2673.9,2702.7,7.713e+05,2657.7
2702.5,2726.7,2673.9,2702.7,7.713e+05,2657.7
3008,3008,2978,2990,4.598e+05,2958.8
2969,2979,2942,2977,6.376e+05,2945.9
2966,3009,2949,2955,1.2477e+06,2924.1
2978,2990,2947,2958,7.832e+05,2927.1
2967,2994,2902,2906,1.0897e+06,2875.7
2702.5,2726.7,2673.9,2702.7,7.713e+05,2657.7
2702.5,2726.7,2673.9,2702.7,7.713e+05,2657.7
2920,2942,2860,2863,1.1288e+06,2833.1
2735,2805,2705.8,2712,3.1842e+06,2683.7
2735,2757,2706.9,2745,2.1059e+06,2716.3
2755,2778,2741,2771,1.3117e+06,2742.1
2767,2790,2760,2771,1.2133e+06,2742.1
2702.5,2726.7,2673.9,2702.7,7.713e+05,2657.7
2702.5,2726.7,2673.9,2702.7,7.713e+05,2657.7
2785,2827,2769,2809,1.5006e+06,2779.7
2807,2810,2769,2789,1.2545e+06,2759.9
2798,2808,2775,2791,1.3187e+06,2761.9
2791,2895,2780,2857,2.4018e+06,2827.2
2869,2885,2831,2874,6.468e+05,2844
2702.5,2726.7,2673.9,2702.7,7.713e+05,2657.7
2702.5,2726.7,2673.9,2702.7,7.713e+05,2657.7
2874,2874,2874,2874,0,2844
2853,2853,2853,2853,7.013e+05,2823.2
2835,2863,2835,2855,1.5269e+06,2825.2
2859,2859,2813,2841,9.862e+05,2811.3
2894,2939,2893,2928,9.655e+05,2897.4
2702.5,2726.7,2673.9,2702.7,7.713e+05,2657.7
2702.5,2726.7,2673.9,2702.7,7.713e+05,2657.7
2929,2950,2871,2879,9.991e+05,2848.9
2866,2879,2829,2839,1.3621e+06,2809.4
2850,2888,2844,2852,7.554e+05,2822.2
2851,2877,2823,2871,1.3439e+06,2841
2876,2912.7,2863,2909,8.335e+05,2878.6
2702.5,2726.7,2673.9,2702.7,7.713e+05,2657.7
2702.5,2726.7,2673.9,2702.7,7.713e+05,2657.7
2910,2936,2873,2912,5.634e+05,2881.6
2919,2961,2919,2959,7.072e+05,2928.1
2956,2960,2917,2938,5.856e+05,2907.3
2934,2944,2907,2919,7.317e+05,2888.5
2930,2957,2914,2934,9.376e+05,2903.4
2702.5,2726.7,2673.9,2702.7,7.713e+05,2657.7
2702.5,2726.7,2673.9,2702.7,7.713e+05,2657.7
2934,2934,2934,2934,0,2903.4
2944,2955,2895,2900,6.452e+05,2869.7
2905,2917,2883,2900,7.68e+05,2869.7
2900,2952,2893,2950,1.119e+06,2919.2
3009,3074,3009,3028,1.7289e+06,2996.4
2702.5,2726.7,2673.9,2702.7,7.713e+05,2657.7
2702.5,2726.7,2673.9,2702.7,7.713e+05,2657.7
3030,3040,2981,3001,1.0931e+06,2969.7
3013,3013,2946.5,2949,7.519e+05,2918.2
2945,3003,2920,2983,7.063e+05,2951.8
2957,2971,2913,2950,8.188e+05,2929
2961,2966,2913,2935,8.805e+05,2914.1
2702.5,2726.7,2673.9,2702.7,7.713e+05,2657.7
2702.5,2726.7,2673.9,2702.7,7.713e+05,2657.7
2925,2960,2919.3,2940,5.823e+05,2919.1
2941,2955,2905,2914,1.1547e+06,2893.3
2916,3084,2906,3070,1.4815e+06,3048.2
3056,3109,3042,3095,1.0284e+06,3073
3087,3089,3038,3051,6.516e+05,3029.3
2702.5,2726.7,2673.9,2702.7,7.713e+05,2657.7
2702.5,2726.7,2673.9,2702.7,7.713e+05,2657.7
3037,3044,3009,3013,4.116e+05,2991.6
3006,3033,2977,3023,6.409e+05,3001.5
3043,3045,3001,3026,6.461e+05,3004.5
3011,3014,2968,3003,8.024e+05,2981.6
3011,3058,2998,3050,1.5244e+06,3028.3
2702.5,2726.7,2673.9,2702.7,7.713e+05,2657.7
2702.5,2726.7,2673.9,2702.7,7.713e+05,2657.7
3080,3094,3041,3094,1.4819e+06,3072
3074,3081.3,3055,3064,7.775e+05,3042.2
3068,3077,3035,3035,5.35e+05,3013.4
3011,3039,3000,3024,5.87e+05,3002.5
3005,3010,2953,2987,6.087e+05,2965.7
2702.5,2726.7,2673.9,2702.7,7.713e+05,2657.7
2702.5,2726.7,2673.9,2702.7,7.713e+05,2657.7
2922,2969,2912,2927,5.629e+05,2906.2
2914,2922,2871,2871,8.128e+05,2850.6
2905,2932,2874,2921,8.415e+05,2900.2
2927,2931,2901,2907,4.056e+05,2886.3
2892,2910,2882,2892,4.573e+05,2871.4
2702.5,2726.7,2673.9,2702.7,7.713e+05,2657.7
2702.5,2726.7,2673.9,2702.7,7.713e+05,2657.7
2865,2916,2850,2912,7.198e+05,2891.3
2921,2921,2865,2870,8.89e+05,2849.6
2884,2957,2872,2931,1.1575e+06,2910.1
2940,3117,2935,3080,2.2389e+06,3058.1
3114,3125,3069,3093,8.486e+05,3071
2702.5,2726.7,2673.9,2702.7,7.713e+05,2657.7
2702.5,2726.7,2673.9,2702.7,7.713e+05,2657.7
3133,3142,3119,3135,5.73e+05,3112.7
3135,3140,3109,3133,5.306e+05,3110.7
3142,3142,3098,3125,4.434e+05,3102.8
3138,3176,3132,3170,4.977e+05,3147.4
3173,3201,3166,3187,5.122e+05,3164.3
2702.5,2726.7,2673.9,2702.7,7.713e+05,2657.7
2702.5,2726.7,2673.9,2702.7,7.713e+05,2657.7
3187,3213,3176,3202,3.945e+05,3179.2
3211,3218,3174,3204,4.251e+05,3181.2
3190,3203,3169,3193,5.628e+05,3170.3
3213,3213,3152,3174,6.655e+05,3151.4
3168,3200,3162,3180,5.224e+05,3157.4
2702.5,2726.7,2673.9,2702.7,7.713e+05,2657.7
2702.5,2726.7,2673.9,2702.7,7.713e+05,2657.7
3171,3174,3117,3119,7.321e+05,3096.8
3131,3169.3,3117,3148,5.916e+05,3125.6
3167,3173,3132,3151,4.987e+05,3128.6
3157,3168,3137,3159,4.807e+05,3136.5
3175,3224,3163,3224,5.9e+05,3201.1
2702.5,2726.7,2673.9,2702.7,7.713e+05,2657.7
2702.5,2726.7,2673.9,2702.7,7.713e+05,2657.7
3210,3252,3209,3244,4.303e+05,3220.9
3235,3253,3209,3240,4.253e+05,3216.9
3233,3240,3202,3237,4.905e+05,3214
3198,3227,3172,3220,5.206e+05,3197.1
3213,3232,3201,3211,4.288e+05,3188.2
2702.5,2726.7,2673.9,2702.7,7.713e+05,2657.7
2702.5,2726.7,2673.9,2702.7,7.713e+05,2657.7
3220,3239,3182,3227,4.794e+05,3204
3213,3233,3176,3211,5.384e+05,3188.2
3187,3208.9,3141,3179,9.484e+05,3156.4
3220,3255,3207,3228,9.465e+05,3205
3241,3262,3236,3254,3.741e+05,3230.8
2702.5,2726.7,2673.9,2702.7,7.713e+05,2657.7
2702.5,2726.7,2673.9,2702.7,7.713e+05,2657.7
3270,3282,3250,3277,5.98e+05,3253.7
3276,3291,3262,3276,3.581e+05,3252.7
3262,3266,3217,3222,4.823e+05,3199.1
3205,3228,3196,3211,4.145e+05,3188.2
3173,3195,3113,3113,7.366e+05,3090.9
2702.5,2726.7,2673.9,2702.7,7.713e+05,2657.7
2702.5,2726.7,2673.9,2702.7,7.713e+05,2657.7
3029,3083,2973,3032,1.3588e+06,3010.4
3074,3137,3059,3127,7.262e+05,3104.8
3091,3154,3065,3097,6.945e+05,3075
3162,3205,3126,3181,9.024e+05,3158.4
3183,3210,3160,3202,6.557e+05,3179.2
2702.5,2726.7,2673.9,2702.7,7.713e+05,2657.7
2702.5,2726.7,2673.9,2702.7,7.713e+05,2657.7
3202,3202,3202,3202,0,3179.2
3151,3169,3117,3129,8.564e+05,3106.7
3135,3180,3122,3153,4.478e+05,3130.6
3185,3221,3175,3197,4.994e+05,3174.3
3167,3183,3135,3139,6.775e+05,3116.7
2702.5,2726.7,2673.9,2702.7,7.713e+05,2657.7
2702.5,2726.7,2673.9,2702.7,7.713e+05,2657.7
3100,3123,3038,3113,8.264e+05,3090.9
3135,3143,3109.6,3116,7.424e+05,3093.8
3170,3208,3147,3176,6.818e+05,3153.4
3153,3186,3134,3146,8.318e+05,3123.6
3148,3152,3043,3086,8.188e+05,3064
2702.5,2726.7,2673.9,2702.7,7.713e+05,2657.7
2702.5,2726.7,2673.9,2702.7,7.713e+05,2657.7
3096,3123,3050,3050,6.791e+05,3028.3
3057,3116,3045,3105,5.898e+05,3082.9
3133,3157,3120,3138,7.412e+05,3115.7
3148,3195,3125,3184,6.94e+05,3161.3
3183,3183.6,3085,3139,8.618e+05,3116.7
2702.5,2726.7,2673.9,2702.7,7.713e+05,2657.7
2702.5,2726.7,2673.9,2702.7,7.713e+05,2657.7
3135,3205,3135,3175,4.741e+05,3152.4
3174,3231,3100,3100,6.257e+05,3077.9
3104,3170,3091,3140,6.724e+05,3117.7
3141,3181,3140,3151,7.263e+05,3128.6
3196,3251,3187,3241,5.94e+05,3217.9
2702.5,2726.7,2673.9,2702.7,7.713e+05,2657.7
2702.5,2726.7,2673.9,2702.7,7.713e+05,2657.7
3244,3268,3234.3,3251,7.011e+05,3227.9
3221,3237,3202,3205,4.832e+05,3182.2
3262,3344,3252,3340,8.885e+05,3316.2
3384,3399,3347,3353,6.586e+05,3329.1
3373,3386,3318,3367,4.598e+05,3343
2702.5,2726.7,2673.9,2702.7,7.713e+05,2657.7
2702.5,2726.7,2673.9,2702.7,7.713e+05,2657.7
3401,3441,3394,3430,7.385e+05,3405.6
3444,3454,3421,3430,4.29e+05,3405.6
3443,3450,3359,3372,6.531e+05,3348
3375,3392,3345,3384,5.563e+05,3359.9
3409,3410,3343,3343,8.152e+05,3319.2
2702.5,2726.7,2673.9,2702.7,7.713e+05,2657.7
2702.5,2726.7,2673.9,2702.7,7.713e+05,2657.7
3333,3382,3319,3379,4.473e+05,3355
3339,3340,3294,3310,9.447e+05,3286.5
3296,3309,3230,3258,8.287e+05,3234.8
3288,3307,3269,3296,6.475e+05,3272.6
3288,3313,3254,3308,7.555e+05,3284.5
2702.5,2726.7,2673.9,2702.7,7.713e+05,2657.7
2702.5,2726.7,2673.9,2702.7,7.713e+05,2657.7
3278,3299,3254,3284,4.34e+05,3260.6
3294,3320,3283,3317,4.994e+05,3293.4
3330,3366,3318,3361,4.514e+05,3337.1
3351,3392,3338,3376,4.486e+05,3352
3396,3419,3392,3399,4.483e+05,3374.8
2702.5,2726.7,2673.9,2702.7,7.713e+05,2657.7
2702.5,2726.7,2673.9,2702.7,7.713e+05,2657.7
3388,3410,3372,3395,4.369e+05,3370.8
3404,3446,3389.6,3424,5.577e+05,3399.6
3424,3479,3424,3470,4.127e+05,3445.3
3480,3520.6,3476,3507,9.673e+05,3482.1
3520,3524,3440,3455,6.743e+05,3430.4
2702.5,2726.7,2673.9,2702.7,7.713e+05,2657.7
2702.5,2726.7,2673.9,2702.7,7.713e+05,2657.7
3439,3465,3391,3434,8.662e+05,3409.6
3348,3439,3333,3435,8.309e+05,3410.6
3439,3468,3430,3435,6.558e+05,3410.6
3444,3499,3440,3482,9.286e+05,3457.2
3494,3498,3413,3429,6.725e+05,3404.6
2702.5,2726.7,2673.9,2702.7,7.713e+05,2657.7
2702.5,2726.7,2673.9,2702.7,7.713e+05,2657.7
3429,3442,3404,3409,6.573e+05,3384.7
3436,3442,3382,3413,8.375e+05,3388.7
3428,3500,3425,3454,7.302e+05,3429.4
3459,3472,3413.8,3414,6.225e+05,3389.7
3402,3403,3373,3375,5.536e+05,3351
2702.5,2726.7,2673.9,2702.7,7.713e+05,2657.7
2702.5,2726.7,2673.9,2702.7,7.713e+05,2657.7
3361,3407,3361,3405,4.365e+05,3380.8
3430,3449,3408,3443,5.751e+05,3418.5
3436,3449,3405,3445,3.545e+05,3420.5
3455,3508,3442,3504,5.721e+05,3479.1
3515,3519,3477,3516,6.498e+05,3491
2702.5,2726.7,2673.9,2702.7,7.713e+05,2657.7
2702.5,2726.7,2673.9,2702.7,7.713e+05,2657.7
3498,3498,3458,3470,5.034e+05,3445.3
3460,3460,3408,3442,6.088e+05,3417.5
3451,3504,3444,3504,7.349e+05,3479.1
3517,3527,3503,3512,3.344e+05,3487
3496,3526,3487,3516,3.244e+05,3491
2702.5,2726.7,2673.9,2702.7,7.713e+05,2657.7
2702.5,2726.7,2673.9,2702.7,7.713e+05,2657.7
3516,3556,3496,3546,9.94e+05,3520.8
3560,3571,3524,3544,6.195e+05,3518.8
3549,3606,3536,3599,4.171e+05,3573.4
3550,3584,3467,3478,1.0841e+06,3453.3
3458,3528,3423,3485,8.794e+05,3460.2
2702.5,2726.7,2673.9,2702.7,7.713e+05,2657.7
2702.5,2726.7,2673.9,2702.7,7.713e+05,2657.7
3509,3588,3508,3550,4.303e+05,3524.7
3550,3570,3511,3513,5.943e+05,3488
3534,3545,3506,3514,5.17e+05,3489
3472,3474.8,3428,3436,6.122e+05,3436
3433,3464,3398,3403,6.657e+05,3403
2702.5,2726.7,2673.9,2702.7,7.713e+05,2657.7
2702.5,2726.7,2673.9,2702.7,7.713e+05,2657.7
3404,3439,3345,3348,6.079e+05,3348
3366,3411,3355.4,3398,7.275e+05,3398
3399,3421,3390,3390,1.3135e+06,3390
3451,3451,3396,3404,5.63e+05,3404
3392,3399,3326.8,3327,1.222e+06,3327
2702.5,2726.7,2673.9,2702.7,7.713e+05,2657.7
2702.5,2726.7,2673.9,2702.7,7.713e+05,2657.7
3286,3305,3236,3236,6.037e+05,3236
3257,3274,3221,3257,6.339e+05,3257
3288,3331.1,3286,3318,5.692e+05,3318
3330,3348,3312,3339,1.153e+05,3339
2702.5,2726.7,2673.9,2702.7,7.713e+05,2657.7
2702.5,2726.7,2673.9,2702.7,7.713e+05,2657.7
2702.5,2726.7,2673.9,2702.7,7.713e+05,2657.7
2702.5,2726.7,2673.9,2702.7,7.713e+05,2657.7
3363,3380,3325,3368,3.606e+05,3368
3365,3386,3350,3378,2.578e+05,3378
3383,3383,3341,3342,1.089e+05,3342
2702.5,2726.7,2673.9,2702.7,7.713e+05,2657.7
2702.5,2726.7,2673.9,2702.7,7.713e+05,2657.7
2702.5,2726.7,2673.9,2702.7,7.713e+05,2657.7
3327,3327,3256,3276,5.56e+05,3276
3280,3285,3214,3276,3.859e+05,3276
3251,3251,3184,3193,6.794e+05,3193
3133,3164,3106,3112,8.063e+05,3112
3121,3144,3028,3033,1.0888e+06,3033
2702.5,2726.7,2673.9,2702.7,7.713e+05,2657.7
2702.5,2726.7,2673.9,2702.7,7.713e+05,2657.7
3036,3063,3033,3036,7.22e+05,3036
3036,3070,3031,3049,7.085e+05,3049
3077,3077,3041,3041,9.344e+05,3041
2998,3059,2977,3019,1.1375e+06,3019
3012,3037,2976,2986,1.3533e+06,2986
2702.5,2726.7,2673.9,2702.7,7.713e+05,2657.7
2702.5,2726.7,2673.9,2702.7,7.713e+05,2657.7
2990,3019,2976,3002,5.852e+05,3002
3053,3054,2997.8,3010,9.885e+05,3010
2968,2982,2909,2922,7.463e+05,2922
2933,2959,2919,2949,9.168e+05,2949
2994,3007,2972,2995,6.721e+05,2995
2702.5,2726.7,2673.9,2702.7,7.713e+05,2657.7
2702.5,2726.7,2673.9,2702.7,7.713e+05,2657.7
3019,3021,2984,3021,6.633e+05,3021
2990,3019,2980,3015,5.297e+05,3015
3018,3078,3008,3078,6.148e+05,3078
3059,3071,3030,3050,4.763e+05,3050
3079,3150,3072,3150,8.584e+05,3150
2702.5,2726.7,2673.9,2702.7,7.713e+05,2657.7
2702.5,2726.7,2673.9,2702.7,7.713e+05,2657.7
3140,3159,3096,3150,7.817e+05,3150
3145,3206,3136.2,3200,1.1107e+06,3200
3195,3206,3146,3159,7.479e+05,3159
3212,3212,3116.1,3135,9.003e+05,3135
3139,3189,3092,3097,6.429e+05,3097
2702.5,2726.7,2673.9,2702.7,7.713e+05,2657.7
2702.5,2726.7,2673.9,2702.7,7.713e+05,2657.7
3117,3117,3035,3045,7.934e+05,3045
3055,3057,2999,3039,8.607e+05,3039
3065,3100,3035,3041,5.625e+05,3041
3024,3024,2957,3000,6.125e+05,3000
3016,3053,3000,3052,6.398e+05,3052
2702.5,2726.7,2673.9,2702.7,7.713e+05,2657.7
2702.5,2726.7,2673.9,2702.7,7.713e+05,2657.7
3106,3137,3098,3119,3.773e+05,3119
3134,3158,3111.2,3153,6.079e+05,3153
3175,3259,3163,3259,1.0252e+06,3259
