1276,1276.6,1260,1273,1.848e+05,1151.4
1271,1291,1267.6,1290,2.974e+05,1166.7
1279,1300,1272,1291,9.677e+05,1167.6
1284,1284,1260,1264,2.439e+05,1143.2
1267,1271,1254,1261,5.393e+05,1140.5
1412.1,1424.4,1398.9,1411.8,6.7108e+05,1352.6
1412.1,1424.4,1398.9,1411.8,6.7108e+05,1352.6
1264,1270,1253,1263,3.432e+05,1142.3
1243,1251,1235,1246,2.526e+05,1126.9
1248,1253,1240.7,1251,2.846e+05,1131.5
1258,1261,1242,1251,4.879e+05,1131.5
1253,1256,1228,1247,3.934e+05,1127.8
1412.1,1424.4,1398.9,1411.8,6.7108e+05,1352.6
1412.1,1424.4,1398.9,1411.8,6.7108e+05,1352.6
1247,1276,1241,1276,6.206e+05,1154.1
1281,1291,1261,1267,7.255e+05,1145.9
1311,1350,1306.8,1334,9.6e+05,1206.5
1347,1378,1341.1,1356,8.953e+05,1226.4
1361,1363.8,1336,1353,4.363e+05,1223.7
1412.1,1424.4,1398.9,1411.8,6.7108e+05,1352.6
1412.1,1424.4,1398.9,1411.8,6.7108e+05,1352.6
1353,1367,1341,1359,3.295e+05,1229.1
1360,1361,1335,1344,3.717e+05,1215.6
1344,1351,1336,1343,4.726e+05,1214.7
1346,1355,1339,1340,5.266e+05,1212
1344,1352,1324,1336,9.387e+05,1208.3
1412.1,1424.4,1398.9,1411.8,6.7108e+05,1352.6
1412.1,1424.4,1398.9,1411.8,6.7108e+05,1352.6
1319,1350,1310,1340,4.821e+05,1212
1342,1352,1335,1339,2.716e+05,1211.1
1348,1348,1323.2,1332,2.896e+05,1204.7
1330,1341,1322,1337,6.681e+05,1209.3
1331,1339,1324,1335,3.644e+05,1207.4
1412.1,1424.4,1398.9,1411.8,6.7108e+05,1352.6
1412.1,1424.4,1398.9,1411.8,6.7108e+05,1352.6
1342,1348,1312,1319,5.157e+05,1193
1330,1333,1313,1325,3.644e+05,1198.4
1322,1327,1315,1322,3.882e+05,1195.7
1324,1337,1318,1332,4.173e+05,1204.7
1332,1332,1332,1332,0,1204.7
1412.1,1424.4,1398.9,1411.8,6.7108e+05,1352.6
1412.1,1424.4,1398.9,1411.8,6.7108e+05,1352.6
1332,1332,1332,1332,0,1204.7
1333,1374.7,1329,1374,7.172e+05,1242.7
1377,1377,1353,1355,4.724e+05,1225.5
1365,1365,1323,1324,4.079e+05,1197.5
1332,1333.9,1306.1,1311,2.821e+05,1185.7
1412.1,1424.4,1398.9,1411.8,6.7108e+05,1352.6
1412.1,1424.4,1398.9,1411.8,6.7108e+05,1352.6
1310,1322,1306,1315,2.71e+05,1189.4
1315,1327,1304.1,1318,3.009e+05,1192.1
1327,1346,1316,1343,3.381e+05,1214.7
1339,1354,1337,1347,2.724e+05,1218.3
1346,1353.9,1334.1,1350,2.309e+05,1221
1412.1,1424.4,1398.9,1411.8,6.7108e+05,1352.6
1412.1,1424.4,1398.9,1411.8,6.7108e+05,1352.6
1348,1353,1318,1321,3.322e+05,1194.8
1311,1322,1298,1304,2.96e+05,1179.4
1317,1323,1288.1,1317,6.558e+05,1191.2
1320,1335,1316,1325,5.898e+05,1198.4
1332,1334,1318,1331,4.432e+05,1203.8
1412.1,1424.4,1398.9,1411.8,6.7108e+05,1352.6
1412.1,1424.4,1398.9,1411.8,6.7108e+05,1352.6
1337,1355.8,1318,1327,5.056e+05,1200.2
1326,1349.6,1314,1347,5.38e+05,1218.3
1347,1366,1340,1349,4.168e+05,1220.1
1325,1348,1319,1320,1.4425e+06,1193.9
1314,1324,1313,1322,3.766e+05,1195.7
1412.1,1424.4,1398.9,1411.8,6.7108e+05,1352.6
1412.1,1424.4,1398.9,1411.8,6.7108e+05,1352.6
1325,1329,1316,1325,2.456e+05,1198.4
1326,1335,1280.6,1281,1.7211e+06,1158.6
1242,1289.2,1231,1241,1.3885e+06,1141.5
1244,1249,1226,1233,4.024e+05,1134.1
1233,1262,1233,1259,4.899e+05,1158
1412.1,1424.4,1398.9,1411.8,6.7108e+05,1352.6
1412.1,1424.4,1398.9,1411.8,6.7108e+05,1352.6
1259,1259,1259,1259,0,1158
1234,1274,1230,1242,5.038e+05,1142.4
1243,1257.1,1243,1253,2.92e+05,1152.5
1251,1272,1251,1261,3.749e+05,1159.9
1258,1273,1255,1262,2.331e+05,1160.8
1412.1,1424.4,1398.9,1411.8,6.7108e+05,1352.6
1412.1,1424.4,1398.9,1411.8,6.7108e+05,1352.6
1260,1266,1255,1263,2.767e+05,1161.7
1263,1275,1261,1275,2.357e+05,1172.8
1271,1290,1271,1283,2.11e+05,1180.1
1283,1286,1251,1262,4.127e+05,1160.8
1260,1264.8,1249,1261,7.567e+05,1159.9
1412.1,1424.4,1398.9,1411.8,6.7108e+05,1352.6
1412.1,1424.4,1398.9,1411.8,6.7108e+05,1352.6
1265,1276,1250,1275,2.417e+05,1172.8
1275,1278,1257,1271,3.06e+05,1169.1
1268,1296,1267,1292,4.334e+05,1188.4
1275,1291,1272,1286,4.648e+05,1182.9
1291,1298,1283,1298,6.853e+05,1193.9
1412.1,1424.4,1398.9,1411.8,6.7108e+05,1352.6
1412.1,1424.4,1398.9,1411.8,6.7108e+05,1352.6
1298,1298,1298,1298,0,1193.9
1300,1316.1,1300,1312,3.822e+05,1206.8
1315,1318,1291,1297,2.695e+05,1193
1294,1317,1294,1317,3.034e+05,1211.4
1315,1338.4,1298,1338,1.3527e+06,1230.7
1412.1,1424.4,1398.9,1411.8,6.7108e+05,1352.6
1412.1,1424.4,1398.9,1411.8,6.7108e+05,1352.6
1332,1336.1,1315,1324,3.124e+05,1217.8
1325,1331,1314,1320,2.771e+05,1214.2
1318,1327,1291,1297,5.577e+05,1193
1301,1306,1279,1280,3.248e+05,1177.4
1287,1306,1278,1304,3.563e+05,1199.4
1412.1,1424.4,1398.9,1411.8,6.7108e+05,1352.6
1412.1,1424.4,1398.9,1411.8,6.7108e+05,1352.6
1312,1319,1299,1308,3.888e+05,1203.1
1306,1306.6,1289,1304,3.06e+05,1199.4
1301,1317,1299,1306,2.879e+05,1201.3
1285,1320,1279.6,1316,5.427e+05,1210.5
1321,1322,1301,1306,2.655e+05,1201.3
1412.1,1424.4,1398.9,1411.8,6.7108e+05,1352.6
1412.1,1424.4,1398.9,1411.8,6.7108e+05,1352.6
1307,1314,1302,1306,2.426e+05,1201.3
1304,1334,1302,1325,2.988e+05,1218.8
1322,1323,1303,1318,2.372e+05,1212.3
1293,1305,1284.5,1293,3.508e+05,1189.3
1293,1332,1292,1310,8.821e+05,1205
1412.1,1424.4,1398.9,1411.8,6.7108e+05,1352.6
1412.1,1424.4,1398.9,1411.8,6.7108e+05,1352.6
1309,1319,1285,1293,2.508e+05,1189.3
1302,1305,1293,1301,2.352e+05,1196.7
1302,1318,1290,1308,2.87e+05,1203.1
1310,1326,1299,1317,2.91e+05,1211.4
1316,1346,1308,1327,6.181e+05,1220.6
1412.1,1424.4,1398.9,1411.8,6.7108e+05,1352.6
1412.1,1424.4,1398.9,1411.8,6.7108e+05,1352.6
1329,1330,1304,1314,3.763e+05,1208.6
1315,1326,1307,1325,3.407e+05,1218.8
1307,1327,1280,1325,2.875e+05,1218.8
1330,1358,1321,1347,2.587e+05,1239
1353,1360,1340,1340,2.144e+05,1232.6
1412.1,1424.4,1398.9,1411.8,6.7108e+05,1352.6
1412.1,1424.4,1398.9,1411.8,6.7108e+05,1352.6
1340,1360,1330,1350,3.575e+05,1241.8
1362,1362,1343,1352,2.35e+05,1243.6
1353,1366,1336,1350,3.724e+05,1241.8
1357,1364,1338,1347,3.025e+05,1239
1348,1373,1348,1369,2.152e+05,1259.2
1412.1,1424.4,1398.9,1411.8,6.7108e+05,1352.6
1412.1,1424.4,1398.9,1411.8,6.7108e+05,1352.6
1373,1391,1368,1391,3.175e+05,1279.5
1390,1397,1382,1390,3.89e+05,1278.5
1383,1388,1361,1375,2.725e+05,1264.7
1381,1389,1372,1384,2.948e+05,1273
1374,1387,1369,1386,4.57e+05,1274.9
1412.1,1424.4,1398.9,1411.8,6.7108e+05,1352.6
1412.1,1424.4,1398.9,1411.8,6.7108e+05,1352.6
1383,1386.6,1371.1,1380,1.756e+05,1269.3
1379,1397,1371,1380,3.441e+05,1269.3
1387,1396,1384,1392,3.188e+05,1280.4
1390,1401,1386,1400,2.627e+05,1287.7
1405,1405,1384,1400,2.966e+05,1287.7
1412.1,1424.4,1398.9,1411.8,6.7108e+05,1352.6
1412.1,1424.4,1398.9,1411.8,6.7108e+05,1352.6
1398,1411,1391,1402,2.829e+05,1289.6
1402,1417,1388,1416,2.953e+05,1302.5
1408,1425,1400,1403,4.144e+05,1290.5
1406,1412,1378,1381,6.25e+05,1270.3
1384,1384.3,1342,1364,5.682e+05,1254.6
1412.1,1424.4,1398.9,1411.8,6.7108e+05,1352.6
1412.1,1424.4,1398.9,1411.8,6.7108e+05,1352.6
1367,1367,1327.2,1330,5.752e+05,1223.4
1327,1338,1259,1268,8.19e+05,1166.3
1255,1290,1241,1265,9.175e+05,1163.6
1270,1285,1253,1253,6.518e+05,1152.5
1250,1262,1243,1251,4.556e+05,1150.7
1412.1,1424.4,1398.9,1411.8,6.7108e+05,1352.6
1412.1,1424.4,1398.9,1411.8,6.7108e+05,1352.6
1253,1259.8,1233,1237,4.494e+05,1137.8
1237,1257,1237,1257,5.907e+05,1156.2
1260,1274,1258,1267,4.218e+05,1165.4
1270,1284.3,1267,1279,7.507e+05,1176.4
1280,1297,1270,1293,6.894e+05,1189.3
1412.1,1424.4,1398.9,1411.8,6.7108e+05,1352.6
1412.1,1424.4,1398.9,1411.8,6.7108e+05,1352.6
1300,1300,1281,1290,3.044e+05,1186.6
1283,1297,1280,1296,4.221e+05,1192.1
1302,1305,1291,1294,3.984e+05,1190.2
1294,1303,1288,1293,3.666e+05,1189.3
1291,1302,1286,1295,3.685e+05,1191.2
1412.1,1424.4,1398.9,1411.8,6.7108e+05,1352.6
1412.1,1424.4,1398.9,1411.8,6.7108e+05,1352.6
1295,1295,1295,1295,0,1191.2
1310,1315,1295,1296,6.602e+05,1192.1
1297,1301,1282.5,1290,8.124e+05,1186.6
1315,1328,1232,1270,8.926e+05,1168.2
1274,1276.3,1260,1261,6.086e+05,1159.9
1412.1,1424.4,1398.9,1411.8,6.7108e+05,1352.6
1412.1,1424.4,1398.9,1411.8,6.7108e+05,1352.6
1269,1276.6,1264,1266,4.032e+05,1164.5
1267,1278.7,1262,1265,4.154e+05,1163.6
1264,1268,1258,1264,6.696e+05,1162.6
1267,1269,1249,1260,5.021e+05,1159
1253,1267,1251,1258,8.251e+05,1157.1
1412.1,1424.4,1398.9,1411.8,6.7108e+05,1352.6
1412.1,1424.4,1398.9,1411.8,6.7108e+05,1352.6
1260,1266,1254,1259,5.39e+05,1158
1260,1295.2,1260,1280,5.017e+05,1177.4
1217,1232.1,1217,1227,6.695e+05,1148.8
1225,1235,1220,1223,4.228e+05,1145.1
1220,1234.8,1220,1223,2.349e+05,1145.1
1412.1,1424.4,1398.9,1411.8,6.7108e+05,1352.6
1412.1,1424.4,1398.9,1411.8,6.7108e+05,1352.6
1230,1244,1210,1214,4.569e+05,1136.6
1215,1225,1211,1212,5.225e+05,1134.8
1210,1215,1207,1210,6.574e+05,1132.9
1215,1230,1214,1218,5.587e+05,1140.4
1215,1229,1215,1224,5.801e+05,1146
1412.1,1424.4,1398.9,1411.8,6.7108e+05,1352.6
1412.1,1424.4,1398.9,1411.8,6.7108e+05,1352.6
1224,1235.4,1215,1216,3.969e+05,1138.5
1213,1224,1209,1213,4.163e+05,1135.7
1214,1233,1204,1229,3.555e+05,1150.7
1235,1263,1235,1248,4.162e+05,1168.5
1248,1255,1243.2,1247,3.832e+05,1167.5
1412.1,1424.4,1398.9,1411.8,6.7108e+05,1352.6
1412.1,1424.4,1398.9,1411.8,6.7108e+05,1352.6
1239,1249,1226.1,1233,3.387e+05,1154.4
1227,1235,1218,1225,5.378e+05,1146.9
1225,1229,1216,1223,4.058e+05,1145.1
1220,1229,1217,1220,2.254e+05,1142.3
1218,1227,1218,1222,3.059e+05,1144.1
1412.1,1424.4,1398.9,1411.8,6.7108e+05,1352.6
1412.1,1424.4,1398.9,1411.8,6.7108e+05,1352.6
1220,1221,1208,1211,1.647e+05,1133.8
1210,1213,1196.3,1197,3.765e+05,1120.7
1193,1207,1187.7,1195,3.816e+05,1118.8
1198,1220,1193,1215,2.844e+05,1137.6
1220,1238,1218,1226,4.881e+05,1147.9
1412.1,1424.4,1398.9,1411.8,6.7108e+05,1352.6
1412.1,1424.4,1398.9,1411.8,6.7108e+05,1352.6
1225,1233,1219,1229,2.664e+05,1150.7
1226,1233,1216.3,1223,5.611e+05,1145.1
1225,1228,1200,1215,1.3619e+06,1137.6
1211,1214.8,1204,1209,5.538e+05,1132
1215,1215,1196.2,1208,8.281e+05,1131
1412.1,1424.4,1398.9,1411.8,6.7108e+05,1352.6
1412.1,1424.4,1398.9,1411.8,6.7108e+05,1352.6
1210,1221,1208,1218,7.811e+05,1140.4
1223,1237,1219,1231,5.941e+05,1152.6
1232,1242.4,1231,1238,3.792e+05,1159.1
1238,1247,1237,1243,3.047e+05,1163.8
1240,1247.1,1233,1240,2.974e+05,1161
1412.1,1424.4,1398.9,1411.8,6.7108e+05,1352.6
1412.1,1424.4,1398.9,1411.8,6.7108e+05,1352.6
1266,1279,1238,1240,3.919e+05,1161
1242,1278,1242,1270,6.743e+05,1189.1
1271,1277,1261,1269,4.403e+05,1188.1
1271,1281,1265,1279,5.525e+05,1197.5
1282,1286,1272,1280,3.744e+05,1198.4
1412.1,1424.4,1398.9,1411.8,6.7108e+05,1352.6
1412.1,1424.4,1398.9,1411.8,6.7108e+05,1352.6
1275,1287.4,1274,1276,2.372e+05,1194.7
1276,1277,1252,1268,2.714e+05,1187.2
1272,1273,1266,1271,3.337e+05,1190
1268,1300,1266,1288,5.704e+05,1205.9
1286,1286,1265,1277,4.241e+05,1195.6
1412.1,1424.4,1398.9,1411.8,6.7108e+05,1352.6
1412.1,1424.4,1398.9,1411.8,6.7108e+05,1352.6
1274,1280.8,1267.2,1273,2.605e+05,1191.9
1276,1276,1254.3,1262,4.786e+05,1181.6
1258,1265,1251,1262,5.061e+05,1181.6
1266,1288,1266,1285,5.557e+05,1203.1
1284,1287,1276,1284,3.062e+05,1202.2
1412.1,1424.4,1398.9,1411.8,6.7108e+05,1352.6
1412.1,1424.4,1398.9,1411.8,6.7108e+05,1352.6
1282,1285.8,1266,1273,3.224e+05,1191.9
1268,1269,1252.5,1265,3.696e+05,1184.4
1265,1265,1242.3,1246,4.23e+05,1166.6
1249,1252,1236,1252,4.68e+05,1172.2
1252,1264,1251,1253,2.484e+05,1173.2
1412.1,1424.4,1398.9,1411.8,6.7108e+05,1352.6
1412.1,1424.4,1398.9,1411.8,6.7108e+05,1352.6
1257,1258,1243,1249,2.448e+05,1169.4
1248,1248,1229,1235,5.862e+05,1156.3
1235,1251,1235,1245,3.451e+05,1165.7
1247,1249.3,1240,1243,1.666e+05,1163.8
1250,1257,1241,1243,3.628e+05,1163.8
1412.1,1424.4,1398.9,1411.8,6.7108e+05,1352.6
1412.1,1424.4,1398.9,1411.8,6.7108e+05,1352.6
1245,1249,1213,1215,4.716e+05,1137.6
1172,1207,1172,1195,6.212e+05,1118.8
1197,1201,1187,1196,5.083e+05,1119.8
1199,1212,1194,1210,4.89e+05,1132.9
1209,1217,1196,1206,4.632e+05,1129.1
1412.1,1424.4,1398.9,1411.8,6.7108e+05,1352.6
1412.1,1424.4,1398.9,1411.8,6.7108e+05,1352.6
1213,1221,1209,1215,4.448e+05,1137.6
1215,1228,1213,1223,4.351e+05,1145.1
1226,1231,1217,1227,3.386e+05,1148.8
1226,1231,1213,1226,3.679e+05,1147.9
1224,1242,1224,1232,2.866e+05,1153.5
1412.1,1424.4,1398.9,1411.8,6.7108e+05,1352.6
1412.1,1424.4,1398.9,1411.8,6.7108e+05,1352.6
1234,1261,1233,1261,3.945e+05,1180.6
1250,1254,1214,1233,8.452e+05,1154.4
1237,1242,1229,1238,3.418e+05,1159.1
1244,1270,1244,1267,5.918e+05,1186.3
1277,1289,1265,1278,1.1475e+06,1196.6
1412.1,1424.4,1398.9,1411.8,6.7108e+05,1352.6
1412.1,1424.4,1398.9,1411.8,6.7108e+05,1352.6
1282,1291,1277,1287,3.317e+05,1205
1296,1312.6,1293.5,1304,79500,1220.9
1304,1304,1304,1304,0,1220.9
1304,1304,1304,1304,0,1220.9
1306,1309,1299,1302,1.879e+05,1219
1412.1,1424.4,1398.9,1411.8,6.7108e+05,1352.6
1412.1,1424.4,1398.9,1411.8,6.7108e+05,1352.6
1306,1308,1292,1300,2.97e+05,1217.2
1307,1312,1301,1310,1.013e+05,1226.5
1310,1310,1310,1310,0,1226.5
1315,1315,1288.7,1305,4.453e+05,1221.8
1305,1312,1295,1306,3.475e+05,1222.8
1412.1,1424.4,1398.9,1411.8,6.7108e+05,1352.6
1412.1,1424.4,1398.9,1411.8,6.7108e+05,1352.6
1310,1327,1303,1321,3.254e+05,1236.8
1322,1344,1318,1332,5.424e+05,1247.1
1331,1343,1324,1338,5.178e+05,1252.7
1338,1339,1316,1324,4.308e+05,1239.6
1331,1340,1329,1336,4.495e+05,1250.9
1412.1,1424.4,1398.9,1411.8,6.7108e+05,1352.6
1412.1,1424.4,1398.9,1411.8,6.7108e+05,1352.6
1341,1344,1327,1335,4.313e+05,1249.9
1327,1340.1,1317,1337,3.408e+05,1251.8
1340,1348,1334,1337,3.138e+05,1251.8
1339,1339,1317,1326,6.282e+05,1241.5
1350,1423,1346.5,1407,1.6261e+06,1317.3
1412.1,1424.4,1398.9,1411.8,6.7108e+05,1352.6
1412.1,1424.4,1398.9,1411.8,6.7108e+05,1352.6
1408,1409,1395,1401,4.857e+05,1311.7
1400,1421,1396.3,1415,4.837e+05,1324.8
1435,1470,1435,1460,1.0435e+06,1367
1448,1448,1404,1420,1.5225e+06,1329.5
1420,1439,1410,1427,9.381e+05,1336.1
1412.1,1424.4,1398.9,1411.8,6.7108e+05,1352.6
1412.1,1424.4,1398.9,1411.8,6.7108e+05,1352.6
1427,1440,1409,1423,6.535e+05,1332.3
1429,1465,1426,1462,7.913e+05,1368.8
1470,1478,1440,1447,7.177e+05,1354.8
1447,1448,1431,1444,4.956e+05,1352
1442,1446,1417,1445,5.612e+05,1352.9
1412.1,1424.4,1398.9,1411.8,6.7108e+05,1352.6
1412.1,1424.4,1398.9,1411.8,6.7108e+05,1352.6
1440,1460,1434,1436,4.761e+05,1344.5
1428,1431,1396,1408,9.218e+05,1318.3
1411,1427,1404,1409,4.762e+05,1319.2
1414,1434,1401,1434,5.376e+05,1342.6
1436,1438,1407,1418,9.731e+05,1327.6
1412.1,1424.4,1398.9,1411.8,6.7108e+05,1352.6
1412.1,1424.4,1398.9,1411.8,6.7108e+05,1352.6
1417,1425,1386,1419,7.071e+05,1328.6
1426,1447,1421,1438,5.531e+05,1346.4
1443,1451,1428.4,1448,4.644e+05,1355.7
1446,1446,1428,1437,4.142e+05,1345.4
1436,1445,1428,1442,4.005e+05,1350.1
1412.1,1424.4,1398.9,1411.8,6.7108e+05,1352.6
1412.1,1424.4,1398.9,1411.8,6.7108e+05,1352.6
1443,1458,1435,1455,3.317e+05,1362.3
1460,1466,1451,1466,6.092e+05,1372.6
1463,1484,1459.4,1473,4.532e+05,1379.1
1465,1479,1461.5,1470,3.917e+05,1376.3
1476,1482,1455,1469,1.067e+06,1375.4
1412.1,1424.4,1398.9,1411.8,6.7108e+05,1352.6
1412.1,1424.4,1398.9,1411.8,6.7108e+05,1352.6
1471,1488,1460,1470,5.901e+05,1376.3
1475,1493,1469.3,1491,1.084e+06,1396
1490,1490,1445,1448,1.1395e+06,1355.7
1446,1448.5,1416,1433,5.489e+05,1341.7
1434,1440,1424,1435,5.367e+05,1343.6
1412.1,1424.4,1398.9,1411.8,6.7108e+05,1352.6
1412.1,1424.4,1398.9,1411.8,6.7108e+05,1352.6
1416,1422,1401,1417,5.329e+05,1326.7
1426,1440,1408,1419,1.3717e+06,1328.6
1431,1550,1426.5,1526,2.2224e+06,1428.8
1531,1534,1511,1521,8.786e+05,1424.1
1523,1525,1488,1496,7.074e+05,1400.7
1412.1,1424.4,1398.9,1411.8,6.7108e+05,1352.6
1412.1,1424.4,1398.9,1411.8,6.7108e+05,1352.6
1495,1507,1492.7,1500,6.86e+05,1404.4
1499,1520,1495,1518,1.7644e+06,1421.3
1514,1521,1510,1515,9.809e+05,1418.5
1515,1515,1502,1505,6.479e+05,1409.1
1496,1502,1475,1485,6.609e+05,1390.4
1412.1,1424.4,1398.9,1411.8,6.7108e+05,1352.6
1412.1,1424.4,1398.9,1411.8,6.7108e+05,1352.6
1488,1504,1453,1499,3.634e+05,1403.5
1494,1505,1482,1495,6.895e+05,1399.7
1500,1502,1474,1486,5.194e+05,1391.3
1479,1479,1441,1459,7.386e+05,1366
1465,1479,1462,1467,6.009e+05,1373.5
1412.1,1424.4,1398.9,1411.8,6.7108e+05,1352.6
1412.1,1424.4,1398.9,1411.8,6.7108e+05,1352.6
1464,1471,1450,1455,3.667e+05,1362.3
1458,1470,1455,1470,4.57e+05,1376.3
1476,1491.8,1463,1465,5.023e+05,1371.6
1463,1463,1432,1455,4.389e+05,1362.3
1466,1470,1423,1434,5.601e+05,1342.6
1412.1,1424.4,1398.9,1411.8,6.7108e+05,1352.6
1412.1,1424.4,1398.9,1411.8,6.7108e+05,1352.6
1440,1444.7,1424,1428,4.853e+05,1337
1436,1442,1426,1429,5.799e+05,1337.9
1432,1432,1413,1419,7.977e+05,1328.6
1427,1428,1406,1406,9.181e+05,1316.4
1410,1414,1408,1412,4.855e+05,1322
1412.1,1424.4,1398.9,1411.8,6.7108e+05,1352.6
1412.1,1424.4,1398.9,1411.8,6.7108e+05,1352.6
1405,1409.7,1399.9,1403,4.561e+05,1313.6
1402,1407.8,1367,1383,1.0475e+06,1294.9
1382,1400,1351,1392,1.1904e+06,1303.3
1397,1406,1379,1382,5.659e+05,1293.9
1375,1381,1355,1359,8.834e+05,1272.4
1412.1,1424.4,1398.9,1411.8,6.7108e+05,1352.6
1412.1,1424.4,1398.9,1411.8,6.7108e+05,1352.6
1358,1360,1343,1354,6.372e+05,1267.7
1355,1363,1331.2,1339,8.052e+05,1253.7
1345,1352,1333,1342,1.7895e+06,1256.5
1360,1369,1343,1350,1.0804e+06,1264
1350,1350,1350,1350,0,1264
1412.1,1424.4,1398.9,1411.8,6.7108e+05,1352.6
1412.1,1424.4,1398.9,1411.8,6.7108e+05,1352.6
1350,1350,1350,1350,0,1264
1354,1374.3,1350.2,1363,2.0642e+06,1276.1
1368,1409,1365,1408,1.2714e+06,1318.3
1415,1430,1408,1416,8.36e+05,1325.8
1417,1432,1413,1425,7.154e+05,1334.2
1412.1,1424.4,1398.9,1411.8,6.7108e+05,1352.6
1412.1,1424.4,1398.9,1411.8,6.7108e+05,1352.6
1429,1431,1416,1422,9.484e+05,1331.4
1424,1443.5,1424,1442,6.454e+05,1350.1
1394,1398,1386,1398,8.486e+05,1331.4
1409,1417,1398,1403,3.282e+05,1336.2
1403,1405,1388,1391,5.141e+05,1324.8
1412.1,1424.4,1398.9,1411.8,6.7108e+05,1352.6
1412.1,1424.4,1398.9,1411.8,6.7108e+05,1352.6
1391,1391,1391,1391,0,1324.8
1397,1400,1386,1396,3.112e+05,1329.5
1396,1411,1393,1410,6.69e+05,1342.9
1414,1425,1412,1421,4.977e+05,1353.3
1423,1430,1420,1426,7.079e+05,1358.1
1412.1,1424.4,1398.9,1411.8,6.7108e+05,1352.6
1412.1,1424.4,1398.9,1411.8,6.7108e+05,1352.6
1432,1452,1424,1449,4.161e+05,1380
1456,1467,1443,1448,8.099e+05,1379.1
1468,1468,1426,1428,4.78e+05,1360
1434,1435,1407,1416,9.232e+05,1348.6
1418,1434,1409,1419,6.19e+05,1351.4
1412.1,1424.4,1398.9,1411.8,6.7108e+05,1352.6
1412.1,1424.4,1398.9,1411.8,6.7108e+05,1352.6
1422,1431,1407,1415,4.908e+05,1347.6
1417,1420,1392,1395,4.993e+05,1328.6
1396,1399,1383,1386,5.196e+05,1320
1390,1404,1381,1400,4.21e+05,1333.3
1404,1405,1372,1385,4.453e+05,1319.1
1412.1,1424.4,1398.9,1411.8,6.7108e+05,1352.6
1412.1,1424.4,1398.9,1411.8,6.7108e+05,1352.6
1385,1385,1385,1385,0,1319.1
1397,1401,1386,1392,4.191e+05,1325.7
1404,1424,1401,1408,5.659e+05,1341
1412,1429,1409,1428,3.706e+05,1360
1430,1460.4,1430,1458,8.982e+05,1388.6
1412.1,1424.4,1398.9,1411.8,6.7108e+05,1352.6
1412.1,1424.4,1398.9,1411.8,6.7108e+05,1352.6
1462,1471.6,1456,1462,4.104e+05,1392.4
1470,1476,1452,1454,3.441e+05,1384.8
1455,1477,1455,1472,5.472e+05,1401.9
1477,1499,1473.5,1488,6.623e+05,1417.2
1493,1501,1478,1493,5.788e+05,1421.9
1412.1,1424.4,1398.9,1411.8,6.7108e+05,1352.6
1412.1,1424.4,1398.9,1411.8,6.7108e+05,1352.6
1497,1512,1494,1510,3.106e+05,1438.1
1510,1512,1496,1500,4.67e+05,1428.6
1502,1520,1501.5,1510,7e+05,1438.1
1514,1554,1490,1535,8.665e+05,1461.9
1530,1559,1525,1551,5.816e+05,1477.2
1412.1,1424.4,1398.9,1411.8,6.7108e+05,1352.6
1412.1,1424.4,1398.9,1411.8,6.7108e+05,1352.6
1553,1558,1520.7,1546,6.256e+05,1472.4
1554,1572,1547,1561,5.305e+05,1486.7
1561,1564,1549,1553,4.801e+05,1479.1
1565,1565,1547,1557,4.16e+05,1482.9
1560,1560,1541,1541,6.926e+05,1467.6
1412.1,1424.4,1398.9,1411.8,6.7108e+05,1352.6
1412.1,1424.4,1398.9,1411.8,6.7108e+05,1352.6
1548,1548,1525,1534,6.179e+05,1461
1541,1543,1519,1530,5.558e+05,1457.2
1528,1528,1507,1515,4.919e+05,1442.9
1523,1523,1506,1515,4.751e+05,1442.9
1519,1542,1512,1540,5.308e+05,1466.7
1412.1,1424.4,1398.9,1411.8,6.7108e+05,1352.6
1412.1,1424.4,1398.9,1411.8,6.7108e+05,1352.6
1545,1552,1538.6,1549,4.014e+05,1475.3
1557,1576,1553,1574,6.848e+05,1499.1
1571,1579,1564,1571,6.194e+05,1496.2
1575,1576,1568,1575,3.802e+05,1500
1577,1577,1568,1571,2.316e+05,1496.2
1412.1,1424.4,1398.9,1411.8,6.7108e+05,1352.6
1412.1,1424.4,1398.9,1411.8,6.7108e+05,1352.6
1573,1576,1566,1572,2.249e+05,1497.2
1577,1583,1568,1574,5.754e+05,1499.1
1540,1540,1467,1522,2.2548e+06,1449.5
1518,1542,1501.3,1520,9.602e+05,1447.6
1520,1544,1516,1542,7.191e+05,1468.6
1412.1,1424.4,1398.9,1411.8,6.7108e+05,1352.6
1412.1,1424.4,1398.9,1411.8,6.7108e+05,1352.6
1549,1569,1544,1558,6.699e+05,1483.8
1550,1560,1541,1553,5.595e+05,1479.1
1556,1570,1554,1560,4.921e+05,1485.7
1556,1558,1540,1550,6.003e+05,1476.2
1546,1546,1522,1537,6.958e+05,1463.8
1412.1,1424.4,1398.9,1411.8,6.7108e+05,1352.6
1412.1,1424.4,1398.9,1411.8,6.7108e+05,1352.6
1539,1540,1521,1529,3.955e+05,1456.2
1537,1551,1533,1548,5.144e+05,1474.3
1548,1549,1537,1540,6.029e+05,1466.7
1538,1545,1497,1507,8.987e+05,1435.3
1509,1509,1478,1481,7.724e+05,1410.5
1412.1,1424.4,1398.9,1411.8,6.7108e+05,1352.6
1412.1,1424.4,1398.9,1411.8,6.7108e+05,1352.6
1483,1489,1476,1481,3.693e+05,1410.5
1474,1482,1460,1469,6.881e+05,1399.1
1468,1473,1455.8,1462,4.074e+05,1392.4
1461,1466,1447,1457,1.6933e+06,1387.6
1456,1476,1451,1460,6.943e+05,1390.5
1412.1,1424.4,1398.9,1411.8,6.7108e+05,1352.6
1412.1,1424.4,1398.9,1411.8,6.7108e+05,1352.6
1461,1468,1439,1441,5.113e+05,1372.4
1453,1459,1446,1451,6.426e+05,1381.9
1447,1450,1436,1448,6.468e+05,1379.1
1447,1453,1436,1439,6.111e+05,1370.5
1430,1438,1424,1434,5.741e+05,1365.7
1412.1,1424.4,1398.9,1411.8,6.7108e+05,1352.6
1412.1,1424.4,1398.9,1411.8,6.7108e+05,1352.6
1439,1466,1432,1451,6.214e+05,1381.9
1447,1462,1446,1450,5.663e+05,1381
1459,1459,1335,1371,1.9701e+06,1305.7
1364,1375,1328,1330,1.5914e+06,1266.7
1335,1349,1331,1333,9.585e+05,1269.5
1412.1,1424.4,1398.9,1411.8,6.7108e+05,1352.6
1412.1,1424.4,1398.9,1411.8,6.7108e+05,1352.6
1334,1343.2,1331,1334,9.279e+05,1270.5
1343,1346,1334.8,1342,6.641e+05,1278.1
1345,1345,1322,1323,8.025e+05,1260
1325,1332,1310,1323,7.559e+05,1260
1325,1339,1314,1322,7.571e+05,1259.1
1412.1,1424.4,1398.9,1411.8,6.7108e+05,1352.6
1412.1,1424.4,1398.9,1411.8,6.7108e+05,1352.6
1322,1322,1322,1322,0,1259.1
1328,1334,1316.3,1325,9.163e+05,1261.9
1322,1338,1321.2,1337,1.0765e+06,1273.3
1338,1344,1331,1339,1.8643e+06,1275.3
1332,1342,1328,1335,9.842e+05,1271.4
1412.1,1424.4,1398.9,1411.8,6.7108e+05,1352.6
1412.1,1424.4,1398.9,1411.8,6.7108e+05,1352.6
1334,1337,1319,1326,6.104e+05,1262.9
1326,1334,1317,1325,7.84e+05,1261.9
1321,1323,1264,1264,2.0552e+06,1203.8
1283,1298,1279,1282,2.2007e+06,1221
1285,1295,1277.8,1289,1.3746e+06,1227.6
1412.1,1424.4,1398.9,1411.8,6.7108e+05,1352.6
1412.1,1424.4,1398.9,1411.8,6.7108e+05,1352.6
1291,1294,1283,1289,8.468e+05,1227.6
1289,1296.2,1284,1294,1.0132e+06,1232.4
1245,1245,1231.5,1234,9.963e+05,1197.2
1245,1273,1225,1235,1.2176e+06,1198.1
1238,1250,1236,1243,7.131e+05,1205.9
1412.1,1424.4,1398.9,1411.8,6.7108e+05,1352.6
1412.1,1424.4,1398.9,1411.8,6.7108e+05,1352.6
1240,1246,1235,1235,5.23e+05,1198.1
1238,1246,1224.3,1237,7.338e+05,1200.1
1240,1244,1219,1219,7.035e+05,1182.6
1220,1226,1197,1211,9.801e+05,1174.9
1219,1240,1219,1234,1.9111e+06,1197.2
1412.1,1424.4,1398.9,1411.8,6.7108e+05,1352.6
1412.1,1424.4,1398.9,1411.8,6.7108e+05,1352.6
1235,1255,1232,1250,1.1746e+06,1212.7
1254,1254,1223,1230,7.767e+05,1193.3
1232,1245,1227,1236,5.962e+05,1199.1
1234,1247,1227,1233,6.165e+05,1196.2
1234,1255,1229,1253,7.245e+05,1215.6
1412.1,1424.4,1398.9,1411.8,6.7108e+05,1352.6
1412.1,1424.4,1398.9,1411.8,6.7108e+05,1352.6
1254,1283.9,1254,1281,1.0255e+06,1242.8
1288,1288,1273,1283,1.0384e+06,1244.7
1281,1281,1258,1270,1.0702e+06,1232.1
1268,1281,1262.6,1264,8.253e+05,1226.3
1267,1298,1267,1295,9.532e+05,1256.4
1412.1,1424.4,1398.9,1411.8,6.7108e+05,1352.6
1412.1,1424.4,1398.9,1411.8,6.7108e+05,1352.6
1300,1301,1281,1290,7.52e+05,1251.5
1288,1302,1278,1284,8.576e+05,1245.7
1283,1283.6,1270,1272,6.865e+05,1234
1275,1284,1246,1259,7.586e+05,1221.4
1256,1273,1253,1255,1.1483e+06,1217.5
1412.1,1424.4,1398.9,1411.8,6.7108e+05,1352.6
1412.1,1424.4,1398.9,1411.8,6.7108e+05,1352.6
1248,1269,1197,1260,7.509e+05,1222.4
1259,1260,1243,1259,7.254e+05,1221.4
1264,1271,1235,1241,8.299e+05,1204
1249,1249,1213,1240,9.685e+05,1203
1245,1249,1215,1222,1.3261e+06,1185.5
1412.1,1424.4,1398.9,1411.8,6.7108e+05,1352.6
1412.1,1424.4,1398.9,1411.8,6.7108e+05,1352.6
1220,1231,1215,1221,6.058e+05,1184.6
1223,1243,1215,1243,4.384e+05,1205.9
1255,1287,1255,1285,1.1199e+06,1246.7
1290,1290,1267,1270,6.244e+05,1232.1
1267,1278,1260,1276,4.177e+05,1237.9
1412.1,1424.4,1398.9,1411.8,6.7108e+05,1352.6
1412.1,1424.4,1398.9,1411.8,6.7108e+05,1352.6
1286,1298,1280,1290,9.038e+05,1251.5
1296,1310,1292,1294,5.071e+05,1255.4
1301,1315,1299,1311,3.413e+05,1271.9
1314,1334,1304,1325,5.861e+05,1285.5
1335,1336,1308.9,1335,1.0222e+06,1295.2
1412.1,1424.4,1398.9,1411.8,6.7108e+05,1352.6
1412.1,1424.4,1398.9,1411.8,6.7108e+05,1352.6
1335,1348,1332,1337,1.2933e+06,1297.1
1345,1348,1330,1336,7.782e+05,1296.1
1342,1343,1289,1296,1.4261e+06,1257.3
1294,1294,1257,1259,1.1572e+06,1221.4
1250,1255,1207,1215,1.8026e+06,1178.7
1412.1,1424.4,1398.9,1411.8,6.7108e+05,1352.6
1412.1,1424.4,1398.9,1411.8,6.7108e+05,1352.6
1219,1219,1185,1195,9.774e+05,1159.3
1197,1227,1197,1224,9.369e+05,1187.5
1225,1226,1199.8,1204,7.052e+05,1168.1
1205,1213,1197,1202,6.6e+05,1166.1
1206,1211,1198,1200,7.204e+05,1164.2
1412.1,1424.4,1398.9,1411.8,6.7108e+05,1352.6
1412.1,1424.4,1398.9,1411.8,6.7108e+05,1352.6
1188,1205,1175.3,1201,7.559e+05,1165.2
1202,1214,1192,1204,6.776e+05,1168.1
1206,1221,1204,1218,7.923e+05,1181.7
1220,1221,1202,1216,6.771e+05,1179.7
1218,1246,1212,1227,9.97e+05,1190.4
1412.1,1424.4,1398.9,1411.8,6.7108e+05,1352.6
1412.1,1424.4,1398.9,1411.8,6.7108e+05,1352.6
1229,1234,1213,1216,5.667e+05,1179.7
1216,1231,1216,1222,1.1153e+06,1185.5
1219,1229,1207,1216,6.902e+05,1179.7
1223,1256,1220,1248,1.0887e+06,1210.8
1248,1254,1239,1240,1.0294e+06,1203
1412.1,1424.4,1398.9,1411.8,6.7108e+05,1352.6
1412.1,1424.4,1398.9,1411.8,6.7108e+05,1352.6
1236,1248,1220,1227,8.123e+05,1190.4
1230,1249,1225,1248,1.0983e+06,1210.8
1248,1297,1245,1284,1.342e+06,1245.7
1284,1286.6,1260,1268,8.449e+05,1230.2
1268,1293,1268,1278,6.92e+05,1239.9
1412.1,1424.4,1398.9,1411.8,6.7108e+05,1352.6
1412.1,1424.4,1398.9,1411.8,6.7108e+05,1352.6
1273,1291,1270,1285,4.622e+05,1246.7
1289,1289,1256,1259,7.47e+05,1221.4
1262,1267,1253,1257,9.873e+05,1219.5
1260,1271,1253,1262,7.14e+05,1224.3
1257,1257,1228,1230,8.398e+05,1193.3
1412.1,1424.4,1398.9,1411.8,6.7108e+05,1352.6
1412.1,1424.4,1398.9,1411.8,6.7108e+05,1352.6
1227,1240,1220,1222,8.785e+05,1185.5
1230,1270,1208,1270,1.2708e+06,1232.1
1258,1271,1250,1266,6.904e+05,1228.2
1274,1321,1272,1320,1.102e+06,1280.6
1330,1332,1302,1309,1.3401e+06,1269.9
1412.1,1424.4,1398.9,1411.8,6.7108e+05,1352.6
1412.1,1424.4,1398.9,1411.8,6.7108e+05,1352.6
1314,1350,1310,1339,5.141e+05,1299
1348,1351,1336,1346,5.088e+05,1305.8
1318,1346.8,1318,1336,1.61e+06,1296.1
1336,1336,1336,1336,0,1296.1
1336,1336,1336,1336,0,1296.1
1412.1,1424.4,1398.9,1411.8,6.7108e+05,1352.6
1412.1,1424.4,1398.9,1411.8,6.7108e+05,1352.6
1331,1343,1313,1334,4.802e+05,1294.2
1322,1332,1314,1323,2.148e+05,1283.5
1322,1333,1310.6,1322,88100,1282.5
1322,1322,1322,1322,0,1282.5
1330,1331,1308,1315,3.199e+05,1275.8
1412.1,1424.4,1398.9,1411.8,6.7108e+05,1352.6
1412.1,1424.4,1398.9,1411.8,6.7108e+05,1352.6
1312,1328,1302,1303,7.412e+05,1264.1
1302,1309,1286,1293,7.012e+05,1254.4
1299,1310.5,1290,1305,7.303e+05,1266.1
1314,1343,1293,1337,8.43e+05,1297.1
1331,1359,1331,1353,7.018e+05,1312.6
1412.1,1424.4,1398.9,1411.8,6.7108e+05,1352.6
1412.1,1424.4,1398.9,1411.8,6.7108e+05,1352.6
1357,1389,1352.7,1368,8.091e+05,1327.2
1368,1435,1366,1432,1.2663e+06,1389.3
1420,1431,1383,1390,1.5388e+06,1348.5
1395,1434,1380,1434,9.367e+05,1391.2
1431,1454,1422,1454,9.05e+05,1410.6
1412.1,1424.4,1398.9,1411.8,6.7108e+05,1352.6
1412.1,1424.4,1398.9,1411.8,6.7108e+05,1352.6
1451,1479,1447,1452,8.402e+05,1408.7
1446,1446,1398,1416,1.2717e+06,1373.7
1416,1443,1416,1442,7.263e+05,1399
1440,1445,1413,1445,9.9e+05,1401.9
1446,1480.7,1436,1443,8.986e+05,1399.9
1412.1,1424.4,1398.9,1411.8,6.7108e+05,1352.6
1412.1,1424.4,1398.9,1411.8,6.7108e+05,1352.6
1436,1447,1427,1433,5.891e+05,1390.2
1435,1459,1428.7,1443,6.622e+05,1399.9
1447,1465,1443,1457,7.434e+05,1413.5
1449,1456,1438,1450,5.407e+05,1406.7
1454,1461,1444,1448,5.978e+05,1404.8
1412.1,1424.4,1398.9,1411.8,6.7108e+05,1352.6
1412.1,1424.4,1398.9,1411.8,6.7108e+05,1352.6
1447,1460,1439,1459,9.309e+05,1415.5
1460,1477,1459,1468,1.1175e+06,1424.2
1465,1491,1464.8,1473,7.644e+05,1429
1462,1471,1446,1459,7.009e+05,1415.5
1453,1473,1451,1468,5.491e+05,1424.2
1412.1,1424.4,1398.9,1411.8,6.7108e+05,1352.6
1412.1,1424.4,1398.9,1411.8,6.7108e+05,1352.6
1462,1466,1449.6,1462,5.836e+05,1418.4
1465,1478,1453,1476,5.498e+05,1432
1480,1486,1468,1485,4.159e+05,1440.7
1483,1498,1470,1473,8.117e+05,1429
1472,1478,1456,1459,4.267e+05,1415.5
1412.1,1424.4,1398.9,1411.8,6.7108e+05,1352.6
1412.1,1424.4,1398.9,1411.8,6.7108e+05,1352.6
1459,1461.1,1428,1430,6.527e+05,1387.3
1435,1435,1413,1421,9.736e+05,1378.6
1421,1461,1421,1450,1.0761e+06,1406.7
1449,1473,1447,1460,1.4711e+06,1416.4
1461,1477.2,1455,1463,4.983e+05,1419.3
1412.1,1424.4,1398.9,1411.8,6.7108e+05,1352.6
1412.1,1424.4,1398.9,1411.8,6.7108e+05,1352.6
1475,1497,1467,1496,8.365e+05,1451.4
1500,1510.6,1478,1479,9.601e+05,1434.9
1478,1484,1458,1473,8.714e+05,1429
1467,1479,1460,1469,7.635e+05,1425.2
1472,1482.5,1461,1475,1.0654e+06,1431
1412.1,1424.4,1398.9,1411.8,6.7108e+05,1352.6
1412.1,1424.4,1398.9,1411.8,6.7108e+05,1352.6
1474,1484,1462,1476,8.747e+05,1432
1481,1496,1463,1463,8.202e+05,1419.3
1470,1470,1446,1459,8.966e+05,1415.5
1445,1514,1413,1514,2.0546e+06,1468.8
1520,1529,1496,1515,1.3104e+06,1469.8
1412.1,1424.4,1398.9,1411.8,6.7108e+05,1352.6
1412.1,1424.4,1398.9,1411.8,6.7108e+05,1352.6
1515,1522,1488.2,1518,8.144e+05,1472.7
1518,1523,1449,1449,1.623e+06,1405.8
1458,1478,1437,1475,8.494e+05,1431
1477,1489,1472,1485,7.552e+05,1440.7
1485,1507,1485,1503,7.482e+05,1458.1
1412.1,1424.4,1398.9,1411.8,6.7108e+05,1352.6
1412.1,1424.4,1398.9,1411.8,6.7108e+05,1352.6
1504,1517,1500,1509,9.9e+05,1464
1508,1520,1497.7,1508,8.737e+05,1463
1503,1538,1503,1537,6.608e+05,1491.1
1543,1556.7,1516,1518,1.1168e+06,1472.7
1526,1544,1511.8,1541,7.807e+05,1495
1412.1,1424.4,1398.9,1411.8,6.7108e+05,1352.6
1412.1,1424.4,1398.9,1411.8,6.7108e+05,1352.6
1543,1567,1538,1557,6.231e+05,1510.5
1555,1575,1550.7,1570,6.986e+05,1523.1
1572,1582,1533,1545,9.832e+05,1498.9
1535,1539,1506,1539,9.61e+05,1493.1
1544,1549,1524,1528,6.624e+05,1482.4
1412.1,1424.4,1398.9,1411.8,6.7108e+05,1352.6
1412.1,1424.4,1398.9,1411.8,6.7108e+05,1352.6
1545,1545,1528,1540,8.394e+05,1494
1540,1547,1526,1530,1.4131e+06,1484.3
1525,1543,1518,1540,6.232e+05,1494
1538,1555,1537,1551,4.291e+05,1504.7
1551,1551,1551,1551,0,1504.7
1412.1,1424.4,1398.9,1411.8,6.7108e+05,1352.6
1412.1,1424.4,1398.9,1411.8,6.7108e+05,1352.6
1551,1551,1551,1551,0,1504.7
1555,1565,1548,1559,4.97e+05,1512.5
1553,1569,1548,1566,1.1754e+06,1519.3
1570,1589,1566,1589,4.926e+05,1541.6
1589,1605,1573,1603,5.355e+05,1555.2
1412.1,1424.4,1398.9,1411.8,6.7108e+05,1352.6
1412.1,1424.4,1398.9,1411.8,6.7108e+05,1352.6
1598,1600,1581,1592,3.738e+05,1544.5
1587,1602,1576,1591,6.304e+05,1543.5
1582,1610,1563,1604,6.292e+05,1556.1
1616,1616,1591,1605,6.524e+05,1557.1
1608,1621,1587,1591,6.474e+05,1543.5
1412.1,1424.4,1398.9,1411.8,6.7108e+05,1352.6
1412.1,1424.4,1398.9,1411.8,6.7108e+05,1352.6
1595,1615,1584,1611,5.267e+05,1562.9
1625,1634.5,1617,1629,7.771e+05,1580.4
1635,1640,1596,1603,9.102e+05,1555.2
1607,1609,1588,1601,5.979e+05,1553.2
1599,1614,1572,1581,4.8e+05,1533.8
1412.1,1424.4,1398.9,1411.8,6.7108e+05,1352.6
1412.1,1424.4,1398.9,1411.8,6.7108e+05,1352.6
1582,1602,1565,1594,6.533e+05,1546.4
1591,1596,1556,1566,4.162e+05,1519.3
1574,1583,1539,1555,6.187e+05,1508.6
1553,1570.3,1540,1558,6.153e+05,1511.5
1579,1612,1563,1596,4.567e+05,1548.4
1412.1,1424.4,1398.9,1411.8,6.7108e+05,1352.6
1412.1,1424.4,1398.9,1411.8,6.7108e+05,1352.6
1596,1596,1596,1596,0,1548.4
1600,1614,1568,1569,7.62e+05,1522.2
1562,1564.2,1538,1550,9.233e+05,1503.7
1509,1511,1478.4,1496,8.379e+05,1472.7
1533,1610,1508,1523,8.927e+05,1499.3
1412.1,1424.4,1398.9,1411.8,6.7108e+05,1352.6
1412.1,1424.4,1398.9,1411.8,6.7108e+05,1352.6
1522,1530,1503,1508,6.448e+05,1484.5
1506,1508,1461,1475,1.0289e+06,1452.1
1460,1469,1442,1452,1.3205e+06,1429.4
1454,1472,1448,1466,9.964e+05,1443.2
1471,1489,1459,1463,2.3323e+06,1440.2
1412.1,1424.4,1398.9,1411.8,6.7108e+05,1352.6
1412.1,1424.4,1398.9,1411.8,6.7108e+05,1352.6
1467,1478,1445,1456,7.88e+05,1433.4
1464,1496,1459.7,1495,6.253e+05,1471.8
1499,1514,1482,1485,1.543e+06,1461.9
1480,1496,1477,1481,1.2504e+06,1458
1486,1489.6,1476,1478,4.63e+05,1455
1412.1,1424.4,1398.9,1411.8,6.7108e+05,1352.6
1412.1,1424.4,1398.9,1411.8,6.7108e+05,1352.6
1478,1478,1478,1478,0,1455
1483,1493,1457,1463,5.105e+05,1440.2
1467,1488,1464,1480,5.08e+05,1457
1479,1497,1479,1493,7.123e+05,1469.8
1497,1511.6,1483,1489,2.3401e+06,1465.8
1412.1,1424.4,1398.9,1411.8,6.7108e+05,1352.6
1412.1,1424.4,1398.9,1411.8,6.7108e+05,1352.6
1496,1502.6,1483,1491,5.879e+05,1467.8
1500,1500,1474,1485,7.982e+05,1461.9
1489,1502,1484,1492,7.353e+05,1468.8
1491,1496,1478,1482,4.755e+05,1459
1478,1478,1463,1466,3.329e+05,1443.2
1412.1,1424.4,1398.9,1411.8,6.7108e+05,1352.6
1412.1,1424.4,1398.9,1411.8,6.7108e+05,1352.6
1463,1467,1454,1455,2.097e+05,1432.4
1456,1458,1430,1436,1.1313e+06,1413.7
1436,1459,1425,1458,6.717e+05,1435.3
1453,1475,1453,1474,4.696e+05,1451.1
1467,1476.5,1454,1454,6.583e+05,1431.4
1412.1,1424.4,1398.9,1411.8,6.7108e+05,1352.6
1412.1,1424.4,1398.9,1411.8,6.7108e+05,1352.6
1447,1450,1429,1429,1.4645e+06,1406.8
1429,1432,1412.7,1428,1.6549e+06,1405.8
1429,1437,1405,1413,1.8154e+06,1391
1411,1422.7,1402,1420,5.824e+05,1397.9
1422,1437,1413,1435,9.807e+05,1412.7
1412.1,1424.4,1398.9,1411.8,6.7108e+05,1352.6
1412.1,1424.4,1398.9,1411.8,6.7108e+05,1352.6
1451,1457,1440,1449,4.419e+05,1426.5
1457,1459,1443,1443,3.22e+05,1420.6
1441,1445.6,1430,1431,4.301e+05,1408.7
1402,1413,1392,1408,1.5276e+06,1386.1
1399,1411,1379.7,1408,9.799e+05,1386.1
1412.1,1424.4,1398.9,1411.8,6.7108e+05,1352.6
1412.1,1424.4,1398.9,1411.8,6.7108e+05,1352.6
1380,1410,1372,1393,8.568e+05,1371.3
1389,1401,1370,1387,1.0928e+06,1365.4
1386,1397,1372,1393,7.058e+05,1371.3
1396,1414,1391,1406,5.264e+05,1384.1
1402,1411,1395.8,1399,2.816e+05,1377.2
1412.1,1424.4,1398.9,1411.8,6.7108e+05,1352.6
1412.1,1424.4,1398.9,1411.8,6.7108e+05,1352.6
1392,1402,1386.6,1391,2.2276e+06,1369.4
1399,1402,1381,1385,6.375e+05,1363.5
1384,1406,1378,1405,6.112e+05,1383.2
1407,1424,1404,1411,7.206e+05,1389.1
1428,1437,1425,1433,6.737e+05,1410.7
1412.1,1424.4,1398.9,1411.8,6.7108e+05,1352.6
1412.1,1424.4,1398.9,1411.8,6.7108e+05,1352.6
1446,1475,1440,1472,6.364e+05,1449.1
1475,1480,1462,1478,4.434e+05,1455
1477,1485,1475,1479,4.948e+05,1456
1481,1492,1480,1486,3.572e+05,1462.9
1482,1484,1466,1471,4.199e+05,1448.1
1412.1,1424.4,1398.9,1411.8,6.7108e+05,1352.6
1412.1,1424.4,1398.9,1411.8,6.7108e+05,1352.6
1473,1473,1448,1453,6.658e+05,1430.4
1459,1533,1459,1518,1.5231e+06,1494.4
1507,1519,1499,1504,6.384e+05,1480.6
1513,1522,1499,1506,6e+05,1482.6
1506,1506,1484,1493,4.399e+05,1469.8
1412.1,1424.4,1398.9,1411.8,6.7108e+05,1352.6
1412.1,1424.4,1398.9,1411.8,6.7108e+05,1352.6
1488,1493.7,1464,1466,5.253e+05,1443.2
1468,1498,1468,1496,8.364e+05,1472.7
1501,1506.1,1478,1491,5.853e+05,1467.8
1492,1507,1465,1468,6.357e+05,1445.2
1474,1488,1454,1481,7.567e+05,1458
1412.1,1424.4,1398.9,1411.8,6.7108e+05,1352.6
1412.1,1424.4,1398.9,1411.8,6.7108e+05,1352.6
1473,1497,1472,1490,4.431e+05,1466.8
1496,1507,1494,1505,5.207e+05,1481.6
1505,1512,1500,1506,6.524e+05,1482.6
1503,1509,1501,1501,3.554e+05,1477.7
1501,1501,1477,1481,3.577e+05,1458
1412.1,1424.4,1398.9,1411.8,6.7108e+05,1352.6
1412.1,1424.4,1398.9,1411.8,6.7108e+05,1352.6
1485,1486,1453.5,1470,8.233e+05,1447.1
1468,1469,1450,1458,4.779e+05,1435.3
1452,1457.2,1427,1433,5.834e+05,1410.7
1450,1469,1447,1456,4.249e+05,1433.4
1460,1461,1438,1440,5.952e+05,1417.6
1412.1,1424.4,1398.9,1411.8,6.7108e+05,1352.6
1412.1,1424.4,1398.9,1411.8,6.7108e+05,1352.6
1451,1475,1445.5,1471,1.0141e+06,1448.1
1470,1476,1459,1466,5.567e+05,1443.2
1490,1550,1490,1522,1.711e+06,1498.3
1521,1589,1516,1587,1.9034e+06,1562.3
1560,1591,1560,1561,1.3623e+06,1536.7
1412.1,1424.4,1398.9,1411.8,6.7108e+05,1352.6
1412.1,1424.4,1398.9,1411.8,6.7108e+05,1352.6
1526,1550,1489,1505,1.4214e+06,1481.6
1520,1551,1516,1547,1.5209e+06,1522.9
1535,1553,1501,1506,1.355e+06,1482.6
1536,1547,1518,1542,1.1177e+06,1518
1539,1550,1511,1550,1.0258e+06,1525.9
1412.1,1424.4,1398.9,1411.8,6.7108e+05,1352.6
1412.1,1424.4,1398.9,1411.8,6.7108e+05,1352.6
1550,1550,1550,1550,0,1525.9
1550,1569,1510,1516,1.5293e+06,1492.4
1527,1546,1522,1540,9.562e+05,1516.1
1552,1566,1546,1559,9.846e+05,1534.8
1545,1561,1544,1549,6.858e+05,1524.9
1412.1,1424.4,1398.9,1411.8,6.7108e+05,1352.6
1412.1,1424.4,1398.9,1411.8,6.7108e+05,1352.6
1543,1557,1533,1551,5.201e+05,1526.9
1551,1584,1545,1584,7.596e+05,1559.4
1607,1625,1605,1614,9.2e+05,1588.9
1560,1560,1525,1540,9.599e+05,1540
1545,1559,1523,1534,5.666e+05,1534
1412.1,1424.4,1398.9,1411.8,6.7108e+05,1352.6
1412.1,1424.4,1398.9,1411.8,6.7108e+05,1352.6
1539,1556,1530,1530,5.676e+05,1530
1532,1543,1505,1536,6.001e+05,1536
1542,1557,1537,1539,4.331e+05,1539
1536,1543,1524,1528,5.182e+05,1528
1526,1540.7,1516,1519,8.482e+05,1519
1412.1,1424.4,1398.9,1411.8,6.7108e+05,1352.6
1412.1,1424.4,1398.9,1411.8,6.7108e+05,1352.6
1517,1548,1517,1526,5.27e+05,1526
1522,1527,1472,1475,9.697e+05,1475
1473,1509,1466,1500,4.308e+05,1500
1500,1500,1475,1478,4.823e+05,1478
1503,1514,1497,1507,5.212e+05,1507
1412.1,1424.4,1398.9,1411.8,6.7108e+05,1352.6
1412.1,1424.4,1398.9,1411.8,6.7108e+05,1352.6
1504,1512,1475,1475,4.352e+05,1475
1464,1480,1454,1455,6.854e+05,1455
1481,1507,1470,1502,9.682e+05,1502
1511,1519,1493,1497,4.05e+05,1497
1501,1516,1484,1493,4.688e+05,1493
1412.1,1424.4,1398.9,1411.8,6.7108e+05,1352.6
1412.1,1424.4,1398.9,1411.8,6.7108e+05,1352.6
1513,1526,1505,1509,4.221e+05,1509
1507,1528,1507,1519,6.619e+05,1519
1521,1522.2,1497.7,1506,8.694e+05,1506
1508,1530,1502,1530,7.171e+05,1530
1545,1595,1545,1565,1.5625e+06,1565
1412.1,1424.4,1398.9,1411.8,6.7108e+05,1352.6
1412.1,1424.4,1398.9,1411.8,6.7108e+05,1352.6
1569,1569,1537,1543,2.5645e+06,1543
1546,1546,1514,1534,9.62e+05,1534
1529,1560,1519,1556,7.792e+05,1556
1563,1588,1557,1583,8.679e+05,1583
1585,1600,1582,1600,7.175e+05,1600
1412.1,1424.4,1398.9,1411.8,6.7108e+05,1352.6
1412.1,1424.4,1398.9,1411.8,6.7108e+05,1352.6
1594,1604,1577.4,1598,6.958e+05,1598
1599,1613,1593,1601,5.955e+05,1601
1605,1618,1590,1608,7.272e+05,1608
1610,1663.1,1600,1648,1.7353e+06,1648
1651,1672,1644,1657,1.1908e+06,1657
1412.1,1424.4,1398.9,1411.8,6.7108e+05,1352.6
1412.1,1424.4,1398.9,1411.8,6.7108e+05,1352.6
1649,1655,1625,1625,5.99e+05,1625
1619,1641,1619,1623,7.07e+05,1623
1623,1635,1619,1625,7.256e+05,1625
1627,1640,1620,1627,5.659e+05,1627
1631,1634,1602,1613,7.431e+05,1613
1412.1,1424.4,1398.9,1411.8,6.7108e+05,1352.6
1412.1,1424.4,1398.9,1411.8,6.7108e+05,1352.6
1608,1630,1601.8,1609,8.385e+05,1609
1610,1646,1610,1638,7.436e+05,1638
1645,1645,1622,1633,6.771e+05,1633
1634,1637,1628,1633,6.945e+05,1633
1631,1650,1630,1645,8.299e+05,1645
1412.1,1424.4,1398.9,1411.8,6.7108e+05,1352.6
1412.1,1424.4,1398.9,1411.8,6.7108e+05,1352.6
1642,1645,1633.4,1640,6.344e+05,1640
1640,1647,1621,1630,5.565e+05,1630
1633,1650,1630,1640,6.196e+05,1640
1636,1651,1617,1625,6.091e+05,1625
1621,1622,1604,1615,6.002e+05,1615
1412.1,1424.4,1398.9,1411.8,6.7108e+05,1352.6
1412.1,1424.4,1398.9,1411.8,6.7108e+05,1352.6
1602,1624,1600,1622,4.415e+05,1622
1630,1645,1619,1631,1.7491e+06,1631
1623,1632,1610,1630,5.906e+05,1630
1635,1649,1634,1641,6.882e+05,1641
1648,1648,1624,1625,6.072e+05,1625
1412.1,1424.4,1398.9,1411.8,6.7108e+05,1352.6
1412.1,1424.4,1398.9,1411.8,6.7108e+05,1352.6
1613,1627,1598,1623,7.159e+05,1623
1619,1619,1584,1589,1.1516e+06,1589
1596,1614,1592,1603,1.1012e+06,1603
1601,1606,1596,1601,9.255e+05,1601
1596,1632,1592,1621,5.011e+05,1621
1412.1,1424.4,1398.9,1411.8,6.7108e+05,1352.6
1412.1,1424.4,1398.9,1411.8,6.7108e+05,1352.6
1623,1627,1611,1621,8.468e+05,1621
1629,1645,1626,1639,7.001e+05,1639
1646,1656,1635,1650,5.631e+05,1650
1644,1658,1615,1621,5.765e+05,1621
1616,1623,1605,1618,4.936e+05,1618
1412.1,1424.4,1398.9,1411.8,6.7108e+05,1352.6
1412.1,1424.4,1398.9,1411.8,6.7108e+05,1352.6
1626,1652.4,1624,1634,4.196e+05,1634
1632,1639,1621,1623,4.129e+05,1623
1624,1638,1617,1619,4.329e+05,1619
1609,1627,1603,1608,7.282e+05,1608
1607,1627,1604,1613,1.2212e+06,1613
1412.1,1424.4,1398.9,1411.8,6.7108e+05,1352.6
1412.1,1424.4,1398.9,1411.8,6.7108e+05,1352.6
1618,1636,1606,1611,6.954e+05,1611
1625,1657.5,1624.5,1653,7.31e+05,1653
1654,1674,1654,1672,6.132e+05,1672
1698,1699,1675,1675,6.513e+05,1675
1667,1683,1650,1655,8.601e+05,1655
1412.1,1424.4,1398.9,1411.8,6.7108e+05,1352.6
1412.1,1424.4,1398.9,1411.8,6.7108e+05,1352.6
1650,1657,1635,1635,4.015e+05,1635
1645,1645,1619,1627,4.091e+05,1627
1637,1649,1616,1646,6.056e+05,1646
1654,1654,1639,1639,40100,1639
1412.1,1424.4,1398.9,1411.8,6.7108e+05,1352.6
1412.1,1424.4,1398.9,1411.8,6.7108e+05,1352.6
1412.1,1424.4,1398.9,1411.8,6.7108e+05,1352.6
1412.1,1424.4,1398.9,1411.8,6.7108e+05,1352.6
1650,1673.3,1639.1,1673,3.992e+05,1673
1665,1665,1652,1662,2.46e+05,1662
1662,1670,1632.8,1659,1.415e+05,1659
1412.1,1424.4,1398.9,1411.8,6.7108e+05,1352.6
1412.1,1424.4,1398.9,1411.8,6.7108e+05,1352.6
1412.1,1424.4,1398.9,1411.8,6.7108e+05,1352.6
1642,1650,1599,1609,5.482e+05,1609
1623,1633,1605.4,1609,2.112e+05,1609
1622,1637,1605.6,1629,6.818e+05,1629
1600,1614,1591.6,1601,1.0013e+06,1601
1601,1638,1598,1620,5.394e+05,1620
1412.1,1424.4,1398.9,1411.8,6.7108e+05,1352.6
1412.1,1424.4,1398.9,1411.8,6.7108e+05,1352.6
1610,1628.8,1603,1615,6.939e+05,1615
1621,1641,1613,1635,6.724e+05,1635
1645,1650,1626,1635,4.215e+05,1635
1623,1624,1605,1611,4.732e+05,1611
1611,1630.3,1599.8,1630,1.126e+06,1630
1412.1,1424.4,1398.9,1411.8,6.7108e+05,1352.6
1412.1,1424.4,1398.9,1411.8,6.7108e+05,1352.6
1622,1644,1616,1641,7.014e+05,1641
1663,1695,1623.2,1695,1.1666e+06,1695
1670,1676,1612,1619,9.878e+05,1619
1619,1682,1619,1657,1.253e+06,1657
1680,1682,1656,1676,5.554e+05,1676
1412.1,1424.4,1398.9,1411.8,6.7108e+05,1352.6
1412.1,1424.4,1398.9,1411.8,6.7108e+05,1352.6
1688,1695,1676,1694,6.433e+05,1694
1679,1708,1679,1697,8.374e+05,1697
1698,1740,1693,1740,1.1328e+06,1740
1729,1751,1725,1725,1.0513e+06,1725
1744,1774,1735,1774,1.1069e+06,1774
1412.1,1424.4,1398.9,1411.8,6.7108e+05,1352.6
1412.1,1424.4,1398.9,1411.8,6.7108e+05,1352.6
1782,1782,1749,1768,7.366e+05,1768
1763,1787,1762,1775,7.463e+05,1775
1767,1777,1757,1760,1.4273e+06,1760
1770,1774,1733,1736,1.3335e+06,1736
1740,1744,1702,1702,2.1853e+06,1702
1412.1,1424.4,1398.9,1411.8,6.7108e+05,1352.6
1412.1,1424.4,1398.9,1411.8,6.7108e+05,1352.6
1716,1716,1691,1693,1.004e+06,1693
1698,1708,1668,1680,8.789e+05,1680
1705,1732,1690,1723,7.324e+05,1723
1712,1712,1665,1665,5.796e+05,1665
1677,1696,1668,1674,9.872e+05,1674
1412.1,1424.4,1398.9,1411.8,6.7108e+05,1352.6
1412.1,1424.4,1398.9,1411.8,6.7108e+05,1352.6
1706,1719,1694,1700,5.423e+05,1700
1713,1713,1689,1700,5.815e+05,1700
1712,1736,1712,1730,5.225e+05,1730
