428.3,429.26,423.7,424.3,1.7969e+06,368.24
425,437.8,424.08,437,4.0799e+06,379.26
437.4,442.37,436.5,441.9,2.7496e+06,383.51
439.9,439.9,425.3,425.3,3.3062e+06,369.11
427,437.3,426.6,435.1,3.5853e+06,377.61
406.05,410.55,400.39,405.37,4.4287e+06,371.24
406.05,410.55,400.39,405.37,4.4287e+06,371.24
438.1,439.4,432.3,435.5,3.387e+06,377.96
429.8,429.8,421.2,424.7,3.6574e+06,368.59
426.8,428.09,420.98,427,3.3326e+06,370.58
429.9,433.5,424.7,429.9,4.6216e+06,373.1
429,433.77,425.2,430,2.3485e+06,373.19
406.05,410.55,400.39,405.37,4.4287e+06,371.24
406.05,410.55,400.39,405.37,4.4287e+06,371.24
430,430.6,425.6,429.8,2.2143e+06,373.01
431,436.8,431,434.9,5.1677e+06,377.44
436.3,437.7,430.5,431.9,2.3449e+06,374.84
433.7,438.3,433.5,435.4,2.598e+06,377.87
437.3,437.4,426.5,430.1,3.7861e+06,373.27
406.05,410.55,400.39,405.37,4.4287e+06,371.24
406.05,410.55,400.39,405.37,4.4287e+06,371.24
428.3,431.1,425.7,430,2.7888e+06,373.19
430,433,428.2,428.9,3.0072e+06,372.23
429,430.6,420.7,421.2,3.0101e+06,365.55
423.9,428,421.3,424.6,3.5879e+06,368.5
425.2,429.1,411.09,411.3,9.2028e+06,356.96
406.05,410.55,400.39,405.37,4.4287e+06,371.24
406.05,410.55,400.39,405.37,4.4287e+06,371.24
406.7,420.5,402.3,420.3,5.3894e+06,364.77
418.9,423.2,415.8,417.1,2.6331e+06,361.99
419.9,423.4,418.8,422.5,3.6243e+06,366.68
421.2,422.5,413.9,416.3,2.4166e+06,361.3
413.3,413.4,402.09,409,4.207e+06,354.96
406.05,410.55,400.39,405.37,4.4287e+06,371.24
406.05,410.55,400.39,405.37,4.4287e+06,371.24
420,436.7,411.8,411.8,6.4983e+06,357.39
425.1,431.6,421.8,428.4,4.453e+06,371.8
432,432,422.8,428.7,5.3406e+06,372.06
429.8,433.2,425.1,429.2,3.8273e+06,372.49
429.2,429.2,429.2,429.2,0,372.49
406.05,410.55,400.39,405.37,4.4287e+06,371.24
406.05,410.55,400.39,405.37,4.4287e+06,371.24
429.2,429.2,429.2,429.2,0,372.49
430.2,434.9,428.5,433.6,5.9409e+06,376.31
434.6,437.5,427.4,427.4,2.7759e+06,370.93
427.8,428.94,411.8,412.6,4.0147e+06,358.09
411.7,411.7,395.3,397.1,5.8798e+06,344.63
406.05,410.55,400.39,405.37,4.4287e+06,371.24
406.05,410.55,400.39,405.37,4.4287e+06,371.24
400.1,408.6,399.2,408.5,5.1442e+06,354.53
408.6,414.23,399.4,402,4.747e+06,348.89
404.6,416.3,401.5,415.1,4.0367e+06,360.26
416.2,426.6,415.8,424,9.9291e+06,367.98
422.9,425.5,420.7,422.6,3.7582e+06,366.76
406.05,410.55,400.39,405.37,4.4287e+06,371.24
406.05,410.55,400.39,405.37,4.4287e+06,371.24
423.5,424.2,412.9,421.1,2.0565e+06,365.46
418,421.9,413.7,418.2,2.0048e+06,362.95
417.9,420.7,405.2,406.8,4.1018e+06,353.05
406.7,408.1,401.1,401.1,3.8599e+06,348.11
403.5,403.5,396.6,400.3,3.3423e+06,347.41
406.05,410.55,400.39,405.37,4.4287e+06,371.24
406.05,410.55,400.39,405.37,4.4287e+06,371.24
401.5,408.15,395.3,398.2,2.4628e+06,345.59
399.9,418.3,399.88,416,4.6752e+06,361.04
414.7,417.4,411,416,3.4524e+06,361.04
415.8,422.4,415.7,420.9,2.7389e+06,365.29
421.9,422.8,413.7,417.1,3.2164e+06,361.99
406.05,410.55,400.39,405.37,4.4287e+06,371.24
406.05,410.55,400.39,405.37,4.4287e+06,371.24
433,458.7,430.1,450.5,1.2963e+07,390.98
454,457.49,443.9,448.7,7.3431e+06,389.42
447.3,454.8,443.8,444.9,3.6377e+06,386.12
443.3,448.8,436,448.1,4.4747e+06,388.89
448.1,462.91,446.05,459.6,3.2585e+06,398.88
406.05,410.55,400.39,405.37,4.4287e+06,371.24
406.05,410.55,400.39,405.37,4.4287e+06,371.24
459.6,459.6,459.6,459.6,0,398.88
461.5,468.8,458.6,468,3.2632e+06,406.17
460.5,467,456.65,460.9,5.3903e+06,405.79
459.5,466.8,459.5,465.1,2.4617e+06,409.48
464.4,466.8,461.2,464.8,1.7454e+06,409.22
406.05,410.55,400.39,405.37,4.4287e+06,371.24
406.05,410.55,400.39,405.37,4.4287e+06,371.24
464.2,465.5,455.9,460.2,2.112e+06,405.17
461.6,464.7,455.8,463.5,2.4911e+06,408.07
462.8,480,462.8,476.4,2.9453e+06,419.43
474.6,478.4,470.6,472.9,2.8008e+06,416.35
471.2,471.4,463.2,470,2.0371e+06,413.8
406.05,410.55,400.39,405.37,4.4287e+06,371.24
406.05,410.55,400.39,405.37,4.4287e+06,371.24
471,473.1,462.8,471.7,5.5572e+06,415.29
472.1,482.3,469.9,482.3,2.9917e+06,424.63
481.8,486.9,478.7,484.1,3.3632e+06,426.21
476.9,480.8,469.9,475,5.8046e+06,418.2
477.6,486.1,476.1,479.1,3.4815e+06,421.81
406.05,410.55,400.39,405.37,4.4287e+06,371.24
406.05,410.55,400.39,405.37,4.4287e+06,371.24
479.1,479.1,479.1,479.1,0,421.81
485.7,492.2,482.8,492.1,2.7483e+06,433.25
490,490.55,470.7,472.6,2.4984e+06,416.09
467.8,470.1,464.9,469.9,1.9973e+06,413.71
471.4,471.4,460.4,466,6.9054e+06,410.27
406.05,410.55,400.39,405.37,4.4287e+06,371.24
406.05,410.55,400.39,405.37,4.4287e+06,371.24
461.8,462.1,449.3,456.5,3.6748e+06,401.91
459.9,469.31,459.2,463.9,2.7035e+06,408.43
458.3,459.8,433.2,437.5,7.3793e+06,385.18
437,437.71,422,422.8,5.1189e+06,372.24
420,420.79,400.1,415.7,9.0862e+06,365.99
406.05,410.55,400.39,405.37,4.4287e+06,371.24
406.05,410.55,400.39,405.37,4.4287e+06,371.24
415,417.1,413.7,414.1,4.2873e+06,364.58
413,413,380.1,395.8,1.163e+07,348.47
396.5,416.8,395.8,402.5,8.9246e+06,354.37
396.2,399.5,384.9,396,8.4162e+06,348.65
401.5,401.5,393.8,396.3,5.0914e+06,348.91
406.05,410.55,400.39,405.37,4.4287e+06,371.24
406.05,410.55,400.39,405.37,4.4287e+06,371.24
399.1,407.6,396.3,404.3,3.3191e+06,355.95
403,408.8,402.6,404.6,2.1842e+06,356.22
404.8,404.8,392.8,400,5.6041e+06,352.17
390,390.7,365.7,368.5,9.7517e+06,324.43
369.2,376.2,364.13,364.2,9.0759e+06,320.65
406.05,410.55,400.39,405.37,4.4287e+06,371.24
406.05,410.55,400.39,405.37,4.4287e+06,371.24
364.1,364.8,345.7,348.9,5.8474e+06,307.18
352,362.6,351.9,361.1,4.9698e+06,317.92
365,383.3,363.2,378.3,6.4607e+06,333.06
380.1,388.3,375.3,384.4,5.7972e+06,338.43
386.5,390.4,379.9,382.8,4.2233e+06,337.02
406.05,410.55,400.39,405.37,4.4287e+06,371.24
406.05,410.55,400.39,405.37,4.4287e+06,371.24
389.4,397.9,382.7,391.6,3.5832e+06,344.77
391.5,391.5,377.3,382.4,3.2568e+06,336.67
377.9,377.9,369.2,375.7,3.0441e+06,330.77
383,388.5,375.6,385.8,3.6778e+06,339.67
388.1,398.8,384.8,387.3,8.4866e+06,340.99
406.05,410.55,400.39,405.37,4.4287e+06,371.24
406.05,410.55,400.39,405.37,4.4287e+06,371.24
391.1,391.1,385.2,385.9,2.6258e+06,339.75
392.9,400.7,387.1,399.6,5.1505e+06,351.82
399.3,410,395.3,398.5,3.9162e+06,350.85
406.4,421.5,401.4,407.4,3.8807e+06,358.68
411.6,420.3,408.5,413.9,5.9781e+06,364.4
406.05,410.55,400.39,405.37,4.4287e+06,371.24
406.05,410.55,400.39,405.37,4.4287e+06,371.24
415.9,416.9,398,409,5.9452e+06,360.09
410.1,411.53,402.1,403.9,3.8143e+06,355.6
405.2,405.2,393.3,398.2,4.9016e+06,350.58
396.7,416,394.6,414.7,5.1049e+06,365.11
411.6,414,407.6,413.3,2.547e+06,363.88
406.05,410.55,400.39,405.37,4.4287e+06,371.24
406.05,410.55,400.39,405.37,4.4287e+06,371.24
413.7,414.24,407.5,412.5,2.1338e+06,363.17
416,416,408.4,408.4,2.3265e+06,359.56
408,412.8,407.1,409.6,2.1509e+06,360.62
408.9,410.5,401.2,408,2.9735e+06,359.21
411.2,411.3,402.3,407.8,3.3401e+06,359.03
406.05,410.55,400.39,405.37,4.4287e+06,371.24
406.05,410.55,400.39,405.37,4.4287e+06,371.24
400.2,406.5,395,402.5,4.2474e+06,354.37
392,392,366.7,386.8,8.2444e+06,340.55
393.3,393.3,383,384.3,5.3027e+06,338.35
385.4,388.8,379.4,385,5.0791e+06,338.96
386,387.3,381.4,385.4,3.1121e+06,339.31
406.05,410.55,400.39,405.37,4.4287e+06,371.24
406.05,410.55,400.39,405.37,4.4287e+06,371.24
385.3,388.2,379.2,379.8,3.5392e+06,334.38
380.8,387.64,380.6,385,7.6377e+06,338.96
384.1,387.1,377.95,378.8,3.3672e+06,333.5
379.2,381.7,378.72,379.8,4.3394e+06,334.38
382.2,391.6,379.4,387.9,2.9378e+06,341.51
406.05,410.55,400.39,405.37,4.4287e+06,371.24
406.05,410.55,400.39,405.37,4.4287e+06,371.24
387.5,388.24,381.6,382,2.811e+06,336.32
382.4,387.9,376.8,378.4,4.4556e+06,333.15
379.3,385.4,377,384.3,6.0203e+06,338.35
384.9,386.3,374.5,375,5.6672e+06,330.16
374.1,381.1,371,380.6,4.4171e+06,335.09
406.05,410.55,400.39,405.37,4.4287e+06,371.24
406.05,410.55,400.39,405.37,4.4287e+06,371.24
382.3,386.2,382.2,385.5,3.6177e+06,339.4
380.6,381.8,375.6,378.8,8.521e+06,333.5
378.2,379.3,351.2,356.3,1.4259e+07,313.69
355,367.5,351.8,361.6,8.7587e+06,318.36
360.6,367.6,358.7,366.7,4.9318e+06,322.85
406.05,410.55,400.39,405.37,4.4287e+06,371.24
406.05,410.55,400.39,405.37,4.4287e+06,371.24
366.7,366.7,366.7,366.7,0,322.85
366.2,381.93,352,352,7.8228e+06,309.91
350,351.1,342.6,348.2,5.7736e+06,306.56
352,357.6,349.8,356.7,4.9987e+06,314.05
358,359.2,351.4,352.2,3.7878e+06,310.08
406.05,410.55,400.39,405.37,4.4287e+06,371.24
406.05,410.55,400.39,405.37,4.4287e+06,371.24
358.4,370.3,357.2,368,4.6203e+06,323.99
368,370,363.3,365.5,4.5146e+06,321.79
365.4,366.4,356.6,365.4,3.5291e+06,321.7
366.2,372.3,359.3,364.9,4.5793e+06,321.26
363.4,372.6,359.5,370.6,4.102e+06,326.28
406.05,410.55,400.39,405.37,4.4287e+06,371.24
406.05,410.55,400.39,405.37,4.4287e+06,371.24
373,374.4,369,369.2,3.0361e+06,325.05
374.6,386.3,371.9,384.1,6.7805e+06,338.17
382.9,385.03,378,379.8,3.2424e+06,334.38
379.2,381.5,373.3,375.9,2.3857e+06,330.95
375.2,379.1,375.2,377.8,1.8291e+06,332.62
406.05,410.55,400.39,405.37,4.4287e+06,371.24
406.05,410.55,400.39,405.37,4.4287e+06,371.24
380,386,376.9,379.9,3.6443e+06,334.47
380,382.1,377.5,380.5,2.7174e+06,335
380,380,360.8,367.3,9.4043e+06,323.38
384.5,399.9,381,390.8,7.3271e+06,344.07
389.1,391.1,384.8,387.3,5.2939e+06,340.99
406.05,410.55,400.39,405.37,4.4287e+06,371.24
406.05,410.55,400.39,405.37,4.4287e+06,371.24
396,401,385.6,388.5,3.8749e+06,342.04
389,393.31,385.9,393.2,3.8647e+06,346.18
393,396.61,383.4,385.3,2.7355e+06,339.23
385.1,389,380.7,386,2.6356e+06,339.84
392,392,383,386.9,1.4923e+06,340.63
406.05,410.55,400.39,405.37,4.4287e+06,371.24
406.05,410.55,400.39,405.37,4.4287e+06,371.24
380.4,380.4,371.5,378.6,3.8068e+06,333.33
379.2,381,377.74,378.7,2.3702e+06,333.41
376.6,377,371.7,374,3.26e+06,329.28
374,386.4,372.2,378,2.8718e+06,332.8
381.6,381.7,373.44,377.4,2.8004e+06,332.27
406.05,410.55,400.39,405.37,4.4287e+06,371.24
406.05,410.55,400.39,405.37,4.4287e+06,371.24
375.5,376.75,372.8,375.2,2.0912e+06,330.33
374.4,377.06,368.04,368.9,3.3014e+06,324.79
367.4,374.9,366.9,372.9,2.8721e+06,328.31
375,383.8,375,383.4,2.8725e+06,337.55
384.2,394.4,384,393.4,2.7911e+06,346.36
406.05,410.55,400.39,405.37,4.4287e+06,371.24
406.05,410.55,400.39,405.37,4.4287e+06,371.24
393.1,396.9,388.69,396.9,1.5565e+06,349.44
402.5,412.6,397.7,410.3,4.2039e+06,361.24
412.7,416.5,403.4,413.5,4.2684e+06,364.05
414.6,414.6,405.5,409.7,2.6564e+06,360.71
414,417,408.81,415,3.1421e+06,365.37
406.05,410.55,400.39,405.37,4.4287e+06,371.24
406.05,410.55,400.39,405.37,4.4287e+06,371.24
417.5,420.9,414.7,416.8,4.3737e+06,366.96
416.3,428.4,414.44,426.4,4.2376e+06,375.41
425.2,427.9,420.5,425.6,1.9349e+06,374.71
426.5,461.7,421.8,450.4,9.1624e+06,396.54
451,459.3,445.2,459.1,5.2638e+06,404.2
406.05,410.55,400.39,405.37,4.4287e+06,371.24
406.05,410.55,400.39,405.37,4.4287e+06,371.24
460.3,463,453.5,454.1,3.5322e+06,399.8
452.1,452.5,444.2,448.3,4.7558e+06,394.69
448.6,450.41,443.94,444.6,2.4718e+06,391.43
444.8,446.3,441.29,442.9,2.8873e+06,389.94
442.9,446,438.1,440.4,2.6427e+06,387.74
406.05,410.55,400.39,405.37,4.4287e+06,371.24
406.05,410.55,400.39,405.37,4.4287e+06,371.24
442.9,451.2,441,445.7,2.219e+06,392.4
445.7,445.7,429.2,436.6,2.8592e+06,384.39
439.3,444.1,437.1,439.4,2.139e+06,386.86
439.8,454.2,435,442.4,4.2067e+06,389.5
437,437,414.1,422.2,7.2576e+06,371.71
406.05,410.55,400.39,405.37,4.4287e+06,371.24
406.05,410.55,400.39,405.37,4.4287e+06,371.24
424,441.2,423.9,436.6,2.5509e+06,384.39
436,436,412.6,416.9,6.1352e+06,367.05
414.1,414.11,403.6,406.9,4.7988e+06,358.24
413.3,423.1,411.2,419.2,6.0477e+06,369.07
421,428.4,421,426.8,2.7917e+06,375.76
406.05,410.55,400.39,405.37,4.4287e+06,371.24
406.05,410.55,400.39,405.37,4.4287e+06,371.24
472.3,494.6,471.48,489.7,1.7234e+07,431.14
484.2,484.93,470.7,475.2,5.9437e+06,418.38
480,494.4,480,492,5.635e+06,433.17
488.4,490.2,478.9,487,3.2746e+06,428.76
483.5,485.2,472.8,475.4,3.5542e+06,418.55
406.05,410.55,400.39,405.37,4.4287e+06,371.24
406.05,410.55,400.39,405.37,4.4287e+06,371.24
479.1,488.5,477.1,486.1,3.0909e+06,427.97
487,493.5,480.5,481.3,3.9285e+06,423.75
480.1,489,479.1,487,2.6494e+06,428.76
486.2,491,481.6,491,2.1324e+06,432.29
491.2,494.6,486.7,492.3,2.108e+06,433.43
406.05,410.55,400.39,405.37,4.4287e+06,371.24
406.05,410.55,400.39,405.37,4.4287e+06,371.24
483.4,490.4,481,483.2,3.1908e+06,425.42
482.9,484.6,473.7,483.7,3.9148e+06,425.86
479,479,456.5,461.4,4.5282e+06,415.78
457.4,468.3,450.6,462,3.8284e+06,416.32
465,469.4,458.8,467.1,2.2163e+06,420.91
406.05,410.55,400.39,405.37,4.4287e+06,371.24
406.05,410.55,400.39,405.37,4.4287e+06,371.24
470.3,473.5,465.14,471.1,2.8971e+06,424.52
470.7,476.1,466.4,468,1.9961e+06,421.72
467.9,468,462.5,465,2.6054e+06,419.02
464.2,464.2,444.3,447.4,4.0864e+06,403.16
449.3,459.4,447.9,456.1,3.0308e+06,411
406.05,410.55,400.39,405.37,4.4287e+06,371.24
406.05,410.55,400.39,405.37,4.4287e+06,371.24
455.6,456.9,445.8,453.1,3.1862e+06,408.3
452.1,461.1,450.48,455.5,2.4468e+06,410.46
457.8,462.1,454.3,455,1.8309e+06,410.01
459.7,474.02,457.3,459.9,3.0313e+06,414.42
460.5,470.32,455.9,465.3,3.5665e+06,419.29
406.05,410.55,400.39,405.37,4.4287e+06,371.24
406.05,410.55,400.39,405.37,4.4287e+06,371.24
467.4,480.1,467.3,480.1,1.643e+06,432.63
475.2,489.5,475,484.1,4.971e+05,436.23
484.1,484.1,484.1,484.1,0,436.23
484.1,484.1,484.1,484.1,0,436.23
488.9,490.3,483.8,485.6,1.9927e+06,437.58
406.05,410.55,400.39,405.37,4.4287e+06,371.24
406.05,410.55,400.39,405.37,4.4287e+06,371.24
487.2,488.1,482.55,485.2,1.1302e+06,437.22
488.9,500,485.32,500,1.0304e+06,450.56
500,500,500,500,0,450.56
497.5,497.5,482.7,490,3.9125e+06,441.55
490,496.66,485,488.3,3.2689e+06,440.02
406.05,410.55,400.39,405.37,4.4287e+06,371.24
406.05,410.55,400.39,405.37,4.4287e+06,371.24
488,493.2,487,491,2.5953e+06,442.45
495.1,498.2,489.6,491,4.1021e+06,442.45
490.7,491.93,473,473.3,4.3988e+06,426.5
474,474.3,446,449.6,6.7156e+06,405.14
450.9,470.91,440.7,455.4,5.2796e+06,410.37
406.05,410.55,400.39,405.37,4.4287e+06,371.24
406.05,410.55,400.39,405.37,4.4287e+06,371.24
468,472,458.4,459.9,3.6972e+06,414.42
452.3,457.8,448.1,453.1,3.5895e+06,408.3
455.6,455.6,447,448.7,3.5249e+06,404.33
435,458.4,425.1,451,1.0568e+07,406.4
450.6,453.1,436.7,439,4.5949e+06,395.59
406.05,410.55,400.39,405.37,4.4287e+06,371.24
406.05,410.55,400.39,405.37,4.4287e+06,371.24
437.5,439.3,432.7,435.4,2.5725e+06,392.35
436.3,439.3,423.3,426,5.4083e+06,383.88
427,430.3,419,421.4,4.5527e+06,379.73
421.6,429.6,419.33,421.4,4.5489e+06,379.73
412.5,413,385.8,397.3,1.3932e+07,358.01
406.05,410.55,400.39,405.37,4.4287e+06,371.24
406.05,410.55,400.39,405.37,4.4287e+06,371.24
398,401.4,388.7,391.3,5.2003e+06,352.61
395.5,408.4,391.52,403.2,5.3732e+06,363.33
412,423.4,394.4,399.6,7.6176e+06,360.09
400.6,402.4,393.2,401.7,4.1668e+06,361.98
403.4,403.4,386.1,390.8,5.9761e+06,352.16
406.05,410.55,400.39,405.37,4.4287e+06,371.24
406.05,410.55,400.39,405.37,4.4287e+06,371.24
389.9,394.6,375,376.7,6.369e+06,339.45
380,398.6,377.14,395,1.1765e+07,355.94
394.7,403,391.4,401.7,7.9819e+06,361.98
405,410.8,400,407.8,1.0168e+07,367.48
410.5,420.5,410.5,419.8,9.5779e+06,378.29
406.05,410.55,400.39,405.37,4.4287e+06,371.24
406.05,410.55,400.39,405.37,4.4287e+06,371.24
423.2,425.7,415.7,421.5,6.4433e+06,379.82
423.9,428.6,423.2,426,9.7494e+06,383.88
428.3,433,425.7,427.6,5.9603e+06,385.32
418.5,420.1,403.2,408.2,1.0674e+07,367.84
408.9,410.5,399.79,401.4,5.2464e+06,361.71
406.05,410.55,400.39,405.37,4.4287e+06,371.24
406.05,410.55,400.39,405.37,4.4287e+06,371.24
401.7,401.98,389.6,394,9.736e+06,355.04
397.8,400,392.2,395,7.298e+06,355.94
397.4,399,394.4,395,4.58e+06,355.94
390,390,378.7,386,5.7797e+06,347.83
389.1,391.5,384.9,388.5,6.1485e+06,350.08
406.05,410.55,400.39,405.37,4.4287e+06,371.24
406.05,410.55,400.39,405.37,4.4287e+06,371.24
389.6,393.4,385.3,390,5.7921e+06,351.44
385,389.9,379.5,385.4,1.0048e+07,347.29
385.6,388.84,380.4,384.1,5.3302e+06,346.12
383.2,384.9,377.4,383.8,5.1947e+06,345.85
385.6,392.01,381.54,390.6,6.6039e+06,351.98
406.05,410.55,400.39,405.37,4.4287e+06,371.24
406.05,410.55,400.39,405.37,4.4287e+06,371.24
381.9,382.44,371.6,373.7,7.2501e+06,336.75
379,384.9,377.5,383.5,5.5757e+06,345.58
382.8,384.3,376.7,382,6.036e+06,344.23
384.3,390.9,384.11,390.1,7.3747e+06,351.53
391.1,391.16,380.7,381.5,3.1981e+06,343.78
406.05,410.55,400.39,405.37,4.4287e+06,371.24
406.05,410.55,400.39,405.37,4.4287e+06,371.24
380.1,383.2,374.7,376,4.6238e+06,338.82
378.2,386.53,376.66,381.9,5.5087e+06,344.14
380.1,382.1,375.1,380,3.9059e+06,342.43
381.9,382.63,375,376.7,6.687e+06,339.45
371.5,371.6,364,365,7.831e+06,328.91
406.05,410.55,400.39,405.37,4.4287e+06,371.24
406.05,410.55,400.39,405.37,4.4287e+06,371.24
367.6,372.1,366.6,369.5,4.5559e+06,332.96
370.7,378.9,369.5,376.4,4.9658e+06,339.18
378,382.3,377.3,378.1,6.8724e+06,340.71
376.1,377,366.7,374,7.3695e+06,337.02
374.9,375.8,362.9,363.3,7.2979e+06,327.38
406.05,410.55,400.39,405.37,4.4287e+06,371.24
406.05,410.55,400.39,405.37,4.4287e+06,371.24
363.6,368.6,360.76,366,5.5167e+06,329.81
367.8,374.1,367.4,373.4,4.1749e+06,336.48
374.7,387.5,373.74,387.3,8.2967e+06,349
385.8,397.3,383.8,396.9,6.5333e+06,357.65
400.4,401.9,392,395.3,7.7675e+06,356.21
406.05,410.55,400.39,405.37,4.4287e+06,371.24
406.05,410.55,400.39,405.37,4.4287e+06,371.24
397.5,400,389.5,390.3,7.3364e+06,351.71
387.1,425.5,380,416.5,1.4775e+07,375.32
418.9,418.9,413.3,415,5.2164e+06,373.96
416,436.3,415.8,433.5,6.9416e+06,390.63
436.9,442.55,433.5,441.6,6.8308e+06,397.93
406.05,410.55,400.39,405.37,4.4287e+06,371.24
406.05,410.55,400.39,405.37,4.4287e+06,371.24
435.3,440.4,434,437.2,3.9407e+06,393.97
437,440.2,432.8,440.2,5.7199e+06,396.67
444.9,449.26,442.57,445.5,4.9996e+06,401.45
446.4,446.8,439.5,440.5,4.0337e+06,396.94
435.1,437.1,428.7,432,2.6104e+06,389.28
406.05,410.55,400.39,405.37,4.4287e+06,371.24
406.05,410.55,400.39,405.37,4.4287e+06,371.24
430,430.8,422.7,426.1,3.812e+06,383.97
424.9,428.8,417.5,417.8,2.2843e+06,376.49
423.7,425.6,419.78,424.6,2.1366e+06,382.62
425,437.4,423.15,436.8,2.1075e+06,393.61
436.8,436.8,436.8,436.8,0,393.61
406.05,410.55,400.39,405.37,4.4287e+06,371.24
406.05,410.55,400.39,405.37,4.4287e+06,371.24
436.8,436.8,436.8,436.8,0,393.61
439,447.5,438.7,443.8,2.9823e+06,399.92
442.8,443.98,430.2,435.4,2.2722e+06,392.35
437.8,440.5,434.4,440,2.664e+06,396.49
438.1,440.2,433.3,435,1.6258e+06,391.99
406.05,410.55,400.39,405.37,4.4287e+06,371.24
406.05,410.55,400.39,405.37,4.4287e+06,371.24
436.2,440.9,433.7,436.8,2.2117e+06,393.61
438.1,442,435.6,439.8,1.7001e+06,396.31
439.1,439.8,433.2,436.8,2.313e+06,393.61
439.8,445.5,436.52,443.4,1.4428e+06,399.56
444.6,447.8,438.3,445.9,2.7634e+06,401.81
406.05,410.55,400.39,405.37,4.4287e+06,371.24
406.05,410.55,400.39,405.37,4.4287e+06,371.24
445.9,445.9,445.9,445.9,0,401.81
438.5,445.5,413.5,435.4,7.7929e+06,392.35
433.7,435.2,414.78,433,3.428e+06,390.18
434.9,442.1,432,438.9,2.4112e+06,395.5
439.2,444.1,432.6,442.8,2.8337e+06,399.01
406.05,410.55,400.39,405.37,4.4287e+06,371.24
406.05,410.55,400.39,405.37,4.4287e+06,371.24
443.7,447,438.3,445.4,8.7014e+06,401.36
448.5,450.5,434.8,435.5,3.0381e+06,392.44
431.2,432.21,421.8,429.6,2.5225e+06,393.21
430.6,433.1,414.6,416.5,3.1973e+06,381.22
417.8,418.6,406.55,417.6,3.4756e+06,382.23
406.05,410.55,400.39,405.37,4.4287e+06,371.24
406.05,410.55,400.39,405.37,4.4287e+06,371.24
418.6,425.9,416,423.5,2.5895e+06,387.63
422,424.6,417.3,421.7,3.3452e+06,385.98
421,429.8,420.9,429,2.7074e+06,392.67
433,442.2,431.7,440,3.9175e+06,402.73
441.4,443,438,439.92,3.4096e+06,402.66
406.05,410.55,400.39,405.37,4.4287e+06,371.24
406.05,410.55,400.39,405.37,4.4287e+06,371.24
439.92,439.92,439.92,439.92,0,402.66
442.1,451.2,442,447,4.0038e+06,409.14
447,448.18,442.9,443.9,2.6305e+06,406.3
443.4,447.5,441,442.7,2.2166e+06,405.2
442.7,445.12,439.6,445.1,5.7181e+06,407.4
406.05,410.55,400.39,405.37,4.4287e+06,371.24
406.05,410.55,400.39,405.37,4.4287e+06,371.24
447.1,450.3,443.9,447.2,2.1455e+06,409.32
445.7,446.1,441.1,442.5,2.6179e+06,405.02
441.4,442.5,437.7,439.7,2.7102e+06,402.46
440.6,446.8,436,446,3.3246e+06,408.23
447.6,463.4,446.6,462,4.677e+06,422.87
406.05,410.55,400.39,405.37,4.4287e+06,371.24
406.05,410.55,400.39,405.37,4.4287e+06,371.24
461.9,462,454.5,454.6,2.9501e+06,416.1
454.7,456.4,451,453.3,2.0604e+06,414.91
452.2,453.8,444.7,445.5,3.3592e+06,407.77
445,449.4,442.1,448.3,2.4659e+06,410.33
446.3,447.2,436.3,439,2.9508e+06,401.82
406.05,410.55,400.39,405.37,4.4287e+06,371.24
406.05,410.55,400.39,405.37,4.4287e+06,371.24
438,448.8,437.9,445.1,3.4441e+06,407.4
448.7,454.4,440.7,442.1,2.656e+06,404.66
444.3,446.9,434,434.6,2.598e+06,397.79
440.2,448,436.7,440,3.6719e+06,402.73
442.4,443.3,436.3,441.6,5.059e+06,404.2
406.05,410.55,400.39,405.37,4.4287e+06,371.24
406.05,410.55,400.39,405.37,4.4287e+06,371.24
442.9,444.3,438.4,441,5.1319e+06,403.65
444.4,447.3,432.9,439.6,2.5431e+06,402.37
438.4,444.2,435.9,439.7,2.3173e+06,402.46
443.3,445.4,439.82,444.1,2.066e+06,406.49
444.6,448.8,442.1,447.4,1.9782e+06,409.51
406.05,410.55,400.39,405.37,4.4287e+06,371.24
406.05,410.55,400.39,405.37,4.4287e+06,371.24
448.5,455.2,444.3,453.9,5.0438e+06,415.46
454.2,454.2,448.8,452.8,3.4161e+06,414.45
455,457.3,449.7,453.3,2.3102e+06,414.91
454.7,461,453.2,459.6,5.3628e+06,420.67
459,463.3,457.5,461.2,1.4385e+06,422.14
406.05,410.55,400.39,405.37,4.4287e+06,371.24
406.05,410.55,400.39,405.37,4.4287e+06,371.24
460,460.7,455.3,457.1,2.4327e+06,418.39
464.1,464.1,452.9,453.5,4.7767e+06,415.09
455.2,456.9,449.33,455.5,2.3158e+06,416.92
455.5,460.5,442.5,447,3.8366e+06,409.14
448.6,452.3,446.6,452.1,1.8228e+06,413.81
406.05,410.55,400.39,405.37,4.4287e+06,371.24
406.05,410.55,400.39,405.37,4.4287e+06,371.24
454.7,459.3,448.8,455.8,1.7995e+06,417.2
460,460.8,453.3,454.4,2.4593e+06,415.91
454.5,457.5,449.4,455,2.6034e+06,416.46
450.5,459.3,445.5,453.4,3.0138e+06,415
451.6,453.5,447.5,452.9,2.0109e+06,414.54
406.05,410.55,400.39,405.37,4.4287e+06,371.24
406.05,410.55,400.39,405.37,4.4287e+06,371.24
454.4,454.4,447.6,449.7,1.7651e+06,411.61
454.1,460,451.4,459.2,1.7292e+06,420.31
459.7,460.76,457.18,459.7,3.5857e+06,420.76
460,460,456.3,460,2.4163e+06,421.04
460,465.7,458.6,459.4,3.5989e+06,420.49
406.05,410.55,400.39,405.37,4.4287e+06,371.24
406.05,410.55,400.39,405.37,4.4287e+06,371.24
448.3,448.4,433.9,435,9.0792e+06,398.16
434.7,436.5,426,430.7,5.0108e+06,394.22
432.8,432.8,420,421.1,4.1255e+06,385.44
421.9,421.9,412.4,413.8,4.4123e+06,378.75
415,416.3,408.86,414.3,4.9544e+06,379.21
406.05,410.55,400.39,405.37,4.4287e+06,371.24
406.05,410.55,400.39,405.37,4.4287e+06,371.24
418.5,425.3,414.7,415.7,5.9321e+06,380.49
418.6,422.5,414.44,415.3,3.3121e+06,380.13
414.3,415.9,406.3,413.3,3.7318e+06,378.3
412.5,414.6,407.8,408.5,2.448e+06,373.9
405.3,410.22,402.1,405.3,3.1746e+06,370.97
406.05,410.55,400.39,405.37,4.4287e+06,371.24
406.05,410.55,400.39,405.37,4.4287e+06,371.24
409.6,416.6,407.9,416,2.0502e+06,380.77
415.1,419.32,414.8,417,1.8961e+06,381.68
418.4,424.4,415.2,423.6,1.3867e+06,387.72
422.3,426.7,420.9,425.2,1.3974e+06,389.19
426.8,431.9,424.9,426.2,1.7596e+06,390.1
406.05,410.55,400.39,405.37,4.4287e+06,371.24
406.05,410.55,400.39,405.37,4.4287e+06,371.24
430.7,433.3,427.6,431.4,1.7682e+06,394.86
435,438.7,429,437.2,1.4708e+06,400.17
439.2,439.6,433.8,436.5,1.9645e+06,399.53
437.9,438.6,431.4,431.7,3.1065e+06,395.14
433,433.6,429.4,431.8,2.8306e+06,395.23
406.05,410.55,400.39,405.37,4.4287e+06,371.24
406.05,410.55,400.39,405.37,4.4287e+06,371.24
431.8,431.8,431.8,431.8,0,395.23
433.8,433.8,429.3,432,4.0911e+06,395.41
431.9,437.2,431.6,436.8,2.9948e+06,399.81
436.3,436.5,431.1,431.7,7.9497e+06,395.14
433.9,437,431.3,434.4,3.8778e+06,397.61
406.05,410.55,400.39,405.37,4.4287e+06,371.24
406.05,410.55,400.39,405.37,4.4287e+06,371.24
435.7,436.5,432.2,435,1.2565e+06,398.16
436.9,441.5,434.2,435.7,3.2565e+06,398.8
436.8,444.3,436.39,439,4.1272e+06,401.82
440,447.6,439.1,446.1,3.5009e+06,408.32
447.1,449.9,444.7,446.4,2.6527e+06,408.59
406.05,410.55,400.39,405.37,4.4287e+06,371.24
406.05,410.55,400.39,405.37,4.4287e+06,371.24
444.5,445.1,437.9,441,3.7073e+06,403.65
439.8,446.2,411.4,437.9,2.6221e+06,400.81
437.5,438.9,424.28,435.8,3.6183e+06,398.89
438.6,438.7,426.8,431.2,2.4975e+06,394.68
431.6,436.1,424.11,432.2,2.0859e+06,395.6
406.05,410.55,400.39,405.37,4.4287e+06,371.24
406.05,410.55,400.39,405.37,4.4287e+06,371.24
431.3,434.8,426.9,429.3,2.3516e+06,392.94
429.6,429.6,422.2,427.5,2.5757e+06,391.29
428,434,423.46,427.6,2.2367e+06,391.38
427.8,437.28,420.83,435.5,3.7244e+06,398.62
441,445.1,430.4,430.7,9.3226e+06,394.22
406.05,410.55,400.39,405.37,4.4287e+06,371.24
406.05,410.55,400.39,405.37,4.4287e+06,371.24
430.7,431.55,412.2,417.1,5.0411e+06,381.77
417.8,417.8,406.6,407.6,5.3547e+06,373.08
408.7,408.7,401.3,405.1,5.0997e+06,370.79
405.5,409.6,397.1,398.8,6.7146e+06,365.02
399.5,400.32,394.9,399.5,4.0711e+06,365.66
406.05,410.55,400.39,405.37,4.4287e+06,371.24
406.05,410.55,400.39,405.37,4.4287e+06,371.24
407,410,395.3,399,8.1661e+06,365.21
400,402.7,396.6,400.5,5.755e+06,366.58
400.7,402.1,390.4,391,6.6064e+06,357.88
392.4,396.8,383.4,383.4,8.9796e+06,350.93
386.3,392.9,384.3,390.1,5.3577e+06,357.06
406.05,410.55,400.39,405.37,4.4287e+06,371.24
406.05,410.55,400.39,405.37,4.4287e+06,371.24
391.8,397.8,390.6,393,5.9385e+06,359.71
392,396.8,390.6,395.2,7.1367e+06,361.73
393.3,395.4,390.6,394,4.4978e+06,360.63
399,402,393.3,393.3,4.9249e+06,359.99
392.2,398.1,389.7,396,4.9953e+06,362.46
406.05,410.55,400.39,405.37,4.4287e+06,371.24
406.05,410.55,400.39,405.37,4.4287e+06,371.24
392,397,390.3,394.7,5.3535e+06,361.27
391.3,398.8,390.7,397.4,5.2379e+06,363.74
397.7,400.7,389.7,395.9,8.2196e+06,362.37
397.3,401.9,387.3,397.5,1.2908e+07,363.83
396.5,405.2,393.7,405,6.258e+06,370.7
406.05,410.55,400.39,405.37,4.4287e+06,371.24
406.05,410.55,400.39,405.37,4.4287e+06,371.24
405.1,408.9,402.21,405.8,5.2655e+06,371.43
404.1,409.3,401.8,407.8,4.2797e+06,373.26
409.9,415.4,408.6,413.2,3.2031e+06,378.2
412.3,415.9,407.4,415.6,2.5972e+06,380.4
414.3,415.2,410.6,411.5,2.4073e+06,376.65
406.05,410.55,400.39,405.37,4.4287e+06,371.24
406.05,410.55,400.39,405.37,4.4287e+06,371.24
414.1,414.59,399.6,400.9,5.3728e+06,366.95
402.6,414.3,402.6,413.2,3.443e+06,378.2
415.3,424.6,413.2,421.5,4.7149e+06,385.8
423,425,416.8,421.7,4.331e+06,385.98
426.1,434.9,425.4,434,4.3339e+06,397.24
406.05,410.55,400.39,405.37,4.4287e+06,371.24
406.05,410.55,400.39,405.37,4.4287e+06,371.24
432.9,436.1,428,430.4,2.4142e+06,393.95
429.7,435.3,428,430.5,3.5383e+06,394.04
432.1,442,431.5,442,5.9844e+06,404.57
439.8,447.3,439.2,447.2,3.8947e+06,409.32
448.9,449.1,439.74,442.7,2.8264e+06,405.2
406.05,410.55,400.39,405.37,4.4287e+06,371.24
406.05,410.55,400.39,405.37,4.4287e+06,371.24
443.9,451.1,442.06,451.1,2.1048e+06,412.89
451.7,456.1,441.51,446,3.6405e+06,408.23
434.3,434.3,423.4,426.9,8.927e+06,390.74
429.1,435.1,427.37,432.3,2.9727e+06,395.69
432.3,446,432.3,441.6,3.4999e+06,404.2
406.05,410.55,400.39,405.37,4.4287e+06,371.24
406.05,410.55,400.39,405.37,4.4287e+06,371.24
439,445,436.5,443.8,2.2894e+06,406.21
445.9,449.5,443.9,447.9,2.6623e+06,409.96
448.3,448.5,443,444.8,1.9912e+06,407.13
440,446.6,437.7,446.4,2.4193e+06,408.59
449.9,455.8,448.3,455.2,7.8732e+06,416.65
406.05,410.55,400.39,405.37,4.4287e+06,371.24
406.05,410.55,400.39,405.37,4.4287e+06,371.24
454.4,456.6,451,454.2,2.2747e+06,415.73
453.3,459.9,451.7,457.7,3.3317e+06,418.94
458.2,460,449.8,453.4,4.3243e+06,415
454.4,459.7,450.3,455.8,2.4034e+06,417.2
454.6,458.4,448.1,449.9,7.8378e+06,411.8
406.05,410.55,400.39,405.37,4.4287e+06,371.24
406.05,410.55,400.39,405.37,4.4287e+06,371.24
448.4,481.74,445.6,457.5,7.5451e+06,418.75
455,465.8,454.9,460.4,4.9774e+06,421.41
460,465.7,460,461.7,3.3157e+06,422.6
463.9,464.4,457.6,461,4.6902e+06,421.95
463.9,470.25,462.6,467.7,4.3736e+06,428.09
406.05,410.55,400.39,405.37,4.4287e+06,371.24
406.05,410.55,400.39,405.37,4.4287e+06,371.24
465.6,466.9,450.67,461.7,4.6812e+06,422.6
455.2,461.03,444.4,444.8,5.3146e+06,407.13
441.4,444.69,435.1,438.6,5.1877e+06,401.45
425.8,430,418.2,423.9,3.4977e+06,398.21
422.7,423.08,410,410,4.0663e+06,385.15
406.05,410.55,400.39,405.37,4.4287e+06,371.24
406.05,410.55,400.39,405.37,4.4287e+06,371.24
407.8,419.6,400.8,400.8,4.5103e+06,376.51
404,416.68,391.8,404,1.0288e+07,379.52
401,418.23,400,408.6,5.4184e+06,383.84
413.5,431.8,410.6,431.4,5.9251e+06,405.26
435.2,437.8,423.1,429.3,6.2828e+06,403.28
406.05,410.55,400.39,405.37,4.4287e+06,371.24
406.05,410.55,400.39,405.37,4.4287e+06,371.24
429.8,436.2,428.7,435,2.7709e+06,408.64
435.2,439.3,433.6,436.4,2.1436e+06,409.95
437,449.71,434.2,435.3,7.462e+05,408.92
435.3,435.3,435.3,435.3,0,408.92
435.3,435.3,435.3,435.3,0,408.92
406.05,410.55,400.39,405.37,4.4287e+06,371.24
406.05,410.55,400.39,405.37,4.4287e+06,371.24
434.7,440,429.6,434.5,2.0404e+06,408.17
432.3,435.9,420.5,426.3,3.2356e+06,400.47
426.3,433.6,424.3,432.2,1.0618e+06,406.01
432.2,432.2,432.2,432.2,0,406.01
433,434.2,425.8,433.4,3.3531e+06,407.14
406.05,410.55,400.39,405.37,4.4287e+06,371.24
406.05,410.55,400.39,405.37,4.4287e+06,371.24
431.9,443.9,423.6,424.9,8.1296e+06,399.15
424.7,425.7,410.6,414.5,6.8889e+06,389.38
417.4,425.8,415.2,418.8,5.0399e+06,393.42
424,428.8,424,428.3,3.9872e+06,402.35
427.5,433.7,420,421.9,4.065e+06,396.33
406.05,410.55,400.39,405.37,4.4287e+06,371.24
406.05,410.55,400.39,405.37,4.4287e+06,371.24
422.5,427.9,416.5,417.5,4.4751e+06,392.2
416,419.3,412.4,418,3.7447e+06,392.67
415.2,415.5,401.4,405.4,6.3205e+06,380.83
407.8,411,395.6,408.7,5.3413e+06,383.93
407.5,409.4,400.4,407.9,4.0496e+06,383.18
406.05,410.55,400.39,405.37,4.4287e+06,371.24
406.05,410.55,400.39,405.37,4.4287e+06,371.24
408.1,413.1,406.2,410.1,2.5681e+06,385.25
413.1,415,409.8,412.2,3.9829e+06,387.22
413.9,428.4,413.5,427.8,8.9009e+06,401.88
429.7,444.4,426.7,441.5,1.1107e+07,414.75
445,445,438.8,444,3.1094e+06,417.09
406.05,410.55,400.39,405.37,4.4287e+06,371.24
406.05,410.55,400.39,405.37,4.4287e+06,371.24
442.5,450,439,450,3.84e+06,422.73
451.2,454,442.77,444.1,3.3039e+06,417.19
446,447,438.7,444.9,2.7603e+06,417.94
448.9,448.9,429.42,444,3.4168e+06,417.09
445,449.5,437.5,437.7,3.6314e+06,411.18
406.05,410.55,400.39,405.37,4.4287e+06,371.24
406.05,410.55,400.39,405.37,4.4287e+06,371.24
439,440.6,432.9,440.1,3.695e+06,413.43
435,435,419.9,425,1.0443e+07,399.25
426.8,429.29,421.6,426.2,5.0423e+06,400.37
424.7,431.6,423.2,430.8,4.5923e+06,404.69
438.5,444.5,434.1,440.9,5.019e+06,414.18
406.05,410.55,400.39,405.37,4.4287e+06,371.24
406.05,410.55,400.39,405.37,4.4287e+06,371.24
439.4,442.4,433.5,438.1,3.1161e+06,411.55
438.6,443.9,435.9,443,3.3395e+06,416.15
443,445.6,442.3,443.7,2.5814e+06,416.81
445.4,449.9,443.42,447.3,2.8976e+06,420.19
447,450.8,444.33,448.9,2.6288e+06,421.7
406.05,410.55,400.39,405.37,4.4287e+06,371.24
406.05,410.55,400.39,405.37,4.4287e+06,371.24
450.3,459.2,449.68,457.3,3.2906e+06,429.59
457,457.85,451.9,454.6,2.8603e+06,427.05
457,463,457,462.9,3.6074e+06,434.85
461,464.7,458.4,460.5,2.9928e+06,432.59
461,467.4,459,467.4,7.9573e+06,439.07
406.05,410.55,400.39,405.37,4.4287e+06,371.24
406.05,410.55,400.39,405.37,4.4287e+06,371.24
469.8,472.9,465.82,469.2,4.9441e+06,440.77
470.6,470.88,464.3,467.8,3.5603e+06,439.45
470.5,473.9,467.1,471.8,2.3001e+06,443.21
472.9,479.7,471.28,475.9,2.8391e+06,447.06
477.7,479.5,467.8,468.6,3.4974e+06,440.2
406.05,410.55,400.39,405.37,4.4287e+06,371.24
406.05,410.55,400.39,405.37,4.4287e+06,371.24
465,470.5,462.1,470.1,4.0245e+06,441.61
471.6,473,463.2,463.2,3.8239e+06,435.13
463,465.8,455.7,461.5,3.4674e+06,433.53
464.8,466.9,461.3,463.5,8.8793e+06,435.41
464.6,468.05,459,459,4.5922e+06,431.19
406.05,410.55,400.39,405.37,4.4287e+06,371.24
406.05,410.55,400.39,405.37,4.4287e+06,371.24
458.3,459.59,447.31,458.5,3.9963e+06,430.71
461.2,461.2,441.1,441.1,4.747e+06,414.37
443.9,451.3,440.8,450.7,4.0782e+06,423.39
452.4,458.4,451.9,455.8,3.4903e+06,428.18
456.1,457.5,450,451.3,5.47e+06,423.95
406.05,410.55,400.39,405.37,4.4287e+06,371.24
406.05,410.55,400.39,405.37,4.4287e+06,371.24
454.7,462.2,452.72,461.7,3.1347e+06,433.72
463.4,465.9,460.5,461.4,5.5444e+06,433.44
461.9,472.1,461.2,469.7,3.1646e+06,441.24
471.9,478.8,469,472.7,4.438e+06,444.05
474.3,476.5,471.3,475.6,3.7794e+06,446.78
406.05,410.55,400.39,405.37,4.4287e+06,371.24
406.05,410.55,400.39,405.37,4.4287e+06,371.24
476,476.17,471.1,474.8,2.4627e+06,446.03
475,482.9,472.6,478.2,3.2562e+06,449.22
479.5,483.5,474.5,474.7,2.5595e+06,445.93
473,473.65,449.41,469.9,2.9831e+06,441.42
472.3,472.3,464,465,2.663e+06,436.82
406.05,410.55,400.39,405.37,4.4287e+06,371.24
406.05,410.55,400.39,405.37,4.4287e+06,371.24
470.1,473.1,465.8,470,4.8357e+06,441.52
468.6,471.7,458.4,459.6,3.2996e+06,431.75
457,467.1,456,464,3.8041e+06,435.88
462.9,467.1,457.5,464.9,2.7681e+06,436.73
464.9,464.9,464.9,464.9,0,436.73
406.05,410.55,400.39,405.37,4.4287e+06,371.24
406.05,410.55,400.39,405.37,4.4287e+06,371.24
464.9,464.9,464.9,464.9,0,436.73
465.6,468.1,459.5,465.4,4.6135e+06,437.2
466.5,472.3,463.43,465.3,3.0815e+06,437.1
468.8,485.05,468.1,485,4.9144e+06,455.61
485.2,507.5,485.2,507.5,7.6418e+06,476.75
406.05,410.55,400.39,405.37,4.4287e+06,371.24
406.05,410.55,400.39,405.37,4.4287e+06,371.24
507,509.64,500.5,506.5,3.9404e+06,475.81
495,498.4,488,493.8,6.1571e+06,463.88
492.9,492.9,488.1,492.5,9.6719e+06,462.65
494.6,494.9,487.6,490,5.0575e+06,460.31
491.2,492.6,478.9,480.8,5.1228e+06,451.66
406.05,410.55,400.39,405.37,4.4287e+06,371.24
406.05,410.55,400.39,405.37,4.4287e+06,371.24
483.7,488.6,482.8,484.7,6.0727e+06,455.33
488,491.5,482.98,487.6,2.9936e+06,458.05
490.6,491.7,480.7,485.2,2.2622e+06,455.8
487.5,488.6,481.8,487.5,2.4906e+06,457.96
483,487.2,473.3,473.6,4.9147e+06,444.9
406.05,410.55,400.39,405.37,4.4287e+06,371.24
406.05,410.55,400.39,405.37,4.4287e+06,371.24
476,476,469.07,472,8.0213e+06,443.4
472.4,479.29,459.5,463.8,8.2272e+06,435.69
466.2,470.6,464,466.1,6.0717e+06,437.85
465.7,476.2,463,475.1,5.6509e+06,446.31
472.7,474.31,462.3,463.1,2.7207e+06,435.04
406.05,410.55,400.39,405.37,4.4287e+06,371.24
406.05,410.55,400.39,405.37,4.4287e+06,371.24
463.1,463.1,463.1,463.1,0,435.04
458,464.5,447,450.6,8.6911e+06,423.29
446.8,447.6,429.8,431.1,9.7673e+06,404.98
430.5,445.9,421,445.3,9.8908e+06,418.32
450.3,456.3,446,451.8,6.5176e+06,424.42
406.05,410.55,400.39,405.37,4.4287e+06,371.24
406.05,410.55,400.39,405.37,4.4287e+06,371.24
446,454.92,443.2,450,4.1025e+06,422.73
449.5,449.8,432.9,434.5,7.3738e+06,408.17
435.5,443.7,434.7,443.6,5.4778e+06,416.72
433.9,438.5,431.1,437.5,4.1099e+06,418.06
439.6,441.6,431.8,433.5,3.5876e+06,414.23
406.05,410.55,400.39,405.37,4.4287e+06,371.24
406.05,410.55,400.39,405.37,4.4287e+06,371.24
434.8,434.8,428,433.6,2.8265e+06,414.33
435.7,441,434.4,438.9,3.3618e+06,419.39
437,439.7,433.9,438.9,5.14e+06,419.39
437.7,448.5,437.31,448.5,4.3244e+06,428.57
449,451,447.3,448.5,3.2967e+06,428.57
406.05,410.55,400.39,405.37,4.4287e+06,371.24
406.05,410.55,400.39,405.37,4.4287e+06,371.24
448.5,448.5,448.5,448.5,0,428.57
455.5,455.6,445.2,446.5,3.5541e+06,426.66
448.1,453.5,445.3,452.3,4.1955e+06,432.2
450.8,453.1,447.8,451.8,4.9023e+06,431.72
452.2,453.5,445.5,446.6,9.0095e+06,426.75
406.05,410.55,400.39,405.37,4.4287e+06,371.24
406.05,410.55,400.39,405.37,4.4287e+06,371.24
448.4,448.9,438.92,440.2,3.3067e+06,420.64
442.5,444.4,436.1,441.1,3.6388e+06,421.5
441.4,443,436,439.2,3.7586e+06,419.68
438.8,440.27,429.9,432.1,3.4765e+06,412.9
431,432.1,420.5,421.4,3.0266e+06,402.67
406.05,410.55,400.39,405.37,4.4287e+06,371.24
406.05,410.55,400.39,405.37,4.4287e+06,371.24
423.2,423.83,420.2,420.5,2.9197e+06,401.81
421.4,422.7,419.34,421.6,3.9524e+06,402.86
421,426.1,419.8,424.4,4.4925e+06,405.54
424,429.3,423.1,426.6,3.3532e+06,407.64
425.1,425.4,413.8,416.9,3.3742e+06,398.37
406.05,410.55,400.39,405.37,4.4287e+06,371.24
406.05,410.55,400.39,405.37,4.4287e+06,371.24
415.3,417.03,405.9,407.9,3.6665e+06,389.77
407.2,412.9,403.1,409.4,4.5606e+06,391.2
411.6,411.7,404.9,405,3.6713e+06,387
402.8,408.2,399.2,407.7,4.0073e+06,389.58
408.6,410.3,405.9,407,3.626e+06,388.91
406.05,410.55,400.39,405.37,4.4287e+06,371.24
406.05,410.55,400.39,405.37,4.4287e+06,371.24
413.3,421.9,412.6,419.7,4.0732e+06,401.05
422.3,423.3,419.7,420,3.6523e+06,401.33
420.4,421.2,416.2,418.7,3.4615e+06,400.09
417.4,420,414.9,415.4,2.7023e+06,396.94
413.3,418.2,409.5,417.8,3.8552e+06,399.23
406.05,410.55,400.39,405.37,4.4287e+06,371.24
406.05,410.55,400.39,405.37,4.4287e+06,371.24
405.7,412.9,400,408.5,6.127e+06,390.34
405.7,412.1,402,404,4.9305e+06,386.04
405.4,413.9,402.5,408.2,5.366e+06,390.06
408.5,409.5,403.9,404,3.6111e+06,386.04
402.3,405.5,400.1,401,2.6807e+06,383.18
406.05,410.55,400.39,405.37,4.4287e+06,371.24
406.05,410.55,400.39,405.37,4.4287e+06,371.24
399,400,394.2,397.6,2.7168e+06,379.93
399.1,400.5,390,390,4.1359e+06,372.67
387.8,390.2,381,385.3,5.1529e+06,368.18
387.3,397.1,385.3,390.2,6.9242e+06,372.86
394.5,405.3,393.7,403.6,5.1563e+06,385.66
406.05,410.55,400.39,405.37,4.4287e+06,371.24
406.05,410.55,400.39,405.37,4.4287e+06,371.24
407.4,410.7,399.7,409.1,3.8956e+06,390.92
408.1,409.55,400.48,403.2,3.7679e+06,385.28
403,404.5,401,402.8,1.4875e+06,384.9
404.3,411,401.5,409.1,3.1999e+06,390.92
409.6,411.2,406.6,410.1,2.4494e+06,391.87
406.05,410.55,400.39,405.37,4.4287e+06,371.24
406.05,410.55,400.39,405.37,4.4287e+06,371.24
409.3,411.9,408.1,409,2.316e+06,390.82
409.5,415.09,407.5,408.7,2.1595e+06,390.54
404.7,406.8,396.4,399.5,4.0137e+06,381.74
388,388,365.8,369.1,1.3388e+07,352.7
370,370.9,361.9,365,8.4194e+06,348.78
406.05,410.55,400.39,405.37,4.4287e+06,371.24
406.05,410.55,400.39,405.37,4.4287e+06,371.24
364.8,365.65,356.2,356.2,5.5144e+06,340.37
358,369.2,358,367.5,7.3839e+06,351.17
368.6,371.6,366.2,368,6.6727e+06,351.64
369.3,371.4,362.2,363.3,5.6765e+06,347.15
367,367.9,359.8,364,4.8296e+06,347.82
406.05,410.55,400.39,405.37,4.4287e+06,371.24
406.05,410.55,400.39,405.37,4.4287e+06,371.24
365.1,367,358.7,359.6,4.7431e+06,343.62
359.7,362.2,356.6,357.5,5.6653e+06,341.61
357.3,359.5,355.5,358.5,4.3373e+06,342.57
358.5,359.1,346.8,348.9,7.6005e+06,333.39
348.7,355.78,346.6,351.1,5.8564e+06,335.5
406.05,410.55,400.39,405.37,4.4287e+06,371.24
406.05,410.55,400.39,405.37,4.4287e+06,371.24
350,352.6,343.8,348.6,6.3258e+06,333.11
347.9,350.54,343.7,344.1,5.2731e+06,328.81
342,345.48,338,340.8,6.4556e+06,325.65
344.7,346.28,338.5,340.1,3.9967e+06,324.98
341.6,344.1,338.3,341.9,3.4846e+06,326.7
406.05,410.55,400.39,405.37,4.4287e+06,371.24
406.05,410.55,400.39,405.37,4.4287e+06,371.24
342.8,345,337.4,339.6,2.2732e+06,324.51
338.4,339.98,335,335.4,2.6847e+06,320.49
333.5,335.2,329.9,330.6,5.5205e+06,315.91
328.9,331.1,325.2,325.9,4.9034e+06,311.42
322.2,326.9,313.1,313.6,5.6758e+06,299.66
406.05,410.55,400.39,405.37,4.4287e+06,371.24
406.05,410.55,400.39,405.37,4.4287e+06,371.24
303.7,305.7,291.9,300.5,1.042e+07,287.14
305,315.7,303.26,314.4,5.3762e+06,300.43
309.5,315.7,303.7,307.2,5.9599e+06,293.55
316,317.3,311,315.3,6.0475e+06,301.29
314.9,318.9,310.3,318.9,4.5318e+06,304.73
406.05,410.55,400.39,405.37,4.4287e+06,371.24
406.05,410.55,400.39,405.37,4.4287e+06,371.24
318.9,318.9,318.9,318.9,0,304.73
316.5,319.25,306.3,307.9,6.5847e+06,294.22
308.1,311.2,304,305,4.2537e+06,291.44
307.7,314.2,307.1,312.5,7.6338e+06,298.61
309.3,319.9,306.2,306.7,6.6579e+06,293.07
406.05,410.55,400.39,405.37,4.4287e+06,371.24
406.05,410.55,400.39,405.37,4.4287e+06,371.24
309.1,312.2,307.08,308.1,2.844e+06,294.41
312,319.6,312,317.4,5.0753e+06,303.29
324.7,329.9,322,324.1,5.3086e+06,309.7
321.4,321.8,314.48,316.6,4.008e+06,302.53
317.5,320,316.5,316.8,2.1066e+06,302.72
406.05,410.55,400.39,405.37,4.4287e+06,371.24
406.05,410.55,400.39,405.37,4.4287e+06,371.24
317.3,321.7,310.8,312.4,3.6014e+06,298.52
312.8,321.2,307.98,320.3,3.3638e+06,306.06
322.6,335.9,322.3,334.5,6.7367e+06,319.63
335.4,339.86,331.7,337.3,6.3001e+06,322.31
335.8,339.5,325.2,331.2,1.1141e+07,316.48
406.05,410.55,400.39,405.37,4.4287e+06,371.24
406.05,410.55,400.39,405.37,4.4287e+06,371.24
328.6,330,322.99,323,3.5421e+06,308.64
323.5,323.6,309.5,310.1,4.4161e+06,296.32
309.6,317.7,307.6,312.6,3.772e+06,298.71
311.9,312.6,300.9,301.8,3.9574e+06,288.39
307.6,312.45,303.4,306.3,4.4708e+06,292.69
406.05,410.55,400.39,405.37,4.4287e+06,371.24
406.05,410.55,400.39,405.37,4.4287e+06,371.24
306.2,306.2,295.18,295.2,4.0355e+06,282.08
290,296.7,288.8,293,3.3443e+06,279.98
298.9,299.5,293.6,296.5,4.7781e+06,283.32
297,301.8,295.4,296.6,4.4848e+06,283.42
300.7,308.5,295.6,306.5,7.2015e+06,292.88
406.05,410.55,400.39,405.37,4.4287e+06,371.24
406.05,410.55,400.39,405.37,4.4287e+06,371.24
311.9,323.2,308.9,322.8,4.6337e+06,308.45
324,329.7,321.2,327.2,5.1169e+06,312.66
330,347.2,329.4,340.7,7.7148e+06,325.56
340.5,344.9,335.5,343,3.9647e+06,327.76
347,350.8,346,349,3.7642e+06,333.49
406.05,410.55,400.39,405.37,4.4287e+06,371.24
406.05,410.55,400.39,405.37,4.4287e+06,371.24
348.5,351.82,342.7,344.5,3.6345e+06,329.19
343.9,346.1,333.3,334,4.0001e+06,319.16
331.9,335.9,329.7,332.1,2.7798e+06,317.34
333,347.8,330.08,341.3,7.681e+06,326.13
344.5,352.11,342.5,344.4,3.8634e+06,329.09
406.05,410.55,400.39,405.37,4.4287e+06,371.24
406.05,410.55,400.39,405.37,4.4287e+06,371.24
344.1,346.1,338.77,338.8,2.3212e+06,323.74
340.4,341.3,334.5,336,3.0575e+06,321.07
336.6,336.72,328.1,333.1,3.28e+06,318.3
333.1,338.8,330,337.6,2.6232e+06,322.6
339,354.8,338.3,351.4,4.3414e+06,335.78
406.05,410.55,400.39,405.37,4.4287e+06,371.24
406.05,410.55,400.39,405.37,4.4287e+06,371.24
376,376.6,358.85,361.7,9.2086e+06,345.62
361,361.7,355,355,4.3743e+06,339.22
353.8,359,351.8,358.4,3.4833e+06,342.47
355,358.3,348,350,3.2673e+06,334.44
349.1,350.6,345.1,346.7,4.0886e+06,331.29
406.05,410.55,400.39,405.37,4.4287e+06,371.24
406.05,410.55,400.39,405.37,4.4287e+06,371.24
346.4,347.12,343.56,345.5,2.5518e+06,330.14
348.7,355.9,345.9,355.9,3.3744e+06,340.08
355.3,372.8,354.6,364.5,4.7515e+06,348.3
364.3,364.65,348.6,349.5,3.7882e+06,333.97
349.9,351.8,345.44,347.6,3.9113e+06,332.15
406.05,410.55,400.39,405.37,4.4287e+06,371.24
406.05,410.55,400.39,405.37,4.4287e+06,371.24
351,361.7,349.3,353.9,4.7815e+06,338.17
355.5,355.52,343.5,345,3.2448e+06,329.67
345,345.2,337.5,339.5,3.7032e+06,324.41
338.9,341.5,333.1,335.3,3.6228e+06,320.4
333.3,333.8,319.5,323.7,3.7774e+06,309.31
406.05,410.55,400.39,405.37,4.4287e+06,371.24
406.05,410.55,400.39,405.37,4.4287e+06,371.24
321.8,326.1,319,321.1,3.2315e+06,306.83
324.6,332,323,331.5,2.4776e+06,316.77
331,339.9,328.3,337.2,3.2424e+06,322.21
338.7,343.5,336,338.9,3.0945e+06,323.84
340,347.1,338.5,345.3,3.5825e+06,329.95
406.05,410.55,400.39,405.37,4.4287e+06,371.24
406.05,410.55,400.39,405.37,4.4287e+06,371.24
341.5,342.9,338.7,341.1,2.7139e+06,325.94
340.7,342.4,333.8,334.5,2.9597e+06,319.63
336,343.6,335.2,343,2.3302e+06,327.76
343,347.8,341.2,343.5,1.6434e+06,328.23
340,340.8,334.7,334.8,2.7201e+06,319.92
406.05,410.55,400.39,405.37,4.4287e+06,371.24
406.05,410.55,400.39,405.37,4.4287e+06,371.24
326.5,334.8,318.8,319.4,9.0484e+06,305.2
313.1,318.3,311.9,314.8,5.7605e+06,300.81
315.7,316.3,309.5,311.9,4.7325e+06,298.04
309.7,314.1,299.5,301.2,7.0107e+06,287.81
299.5,305.2,298.4,304,5.3454e+06,290.49
406.05,410.55,400.39,405.37,4.4287e+06,371.24
406.05,410.55,400.39,405.37,4.4287e+06,371.24
305.1,309.9,303.8,305.4,3.8819e+06,291.83
306.8,306.8,299.4,300,8.3458e+06,286.67
300.2,303,293.3,298.2,4.649e+06,284.95
297.1,299.3,290.6,292.9,5.0603e+06,279.88
291.2,291.3,283.9,286.3,5.4198e+06,273.58
406.05,410.55,400.39,405.37,4.4287e+06,371.24
406.05,410.55,400.39,405.37,4.4287e+06,371.24
287.5,292.4,280.3,280.4,4.3767e+06,267.94
282.9,292.2,282.6,291.1,4.3169e+06,278.16
293.7,298.7,289.5,295.1,4.0266e+06,281.98
301.2,301.6,284.8,289,6.8235e+06,276.16
286.3,289,282.2,287.3,5.8262e+06,274.53
406.05,410.55,400.39,405.37,4.4287e+06,371.24
406.05,410.55,400.39,405.37,4.4287e+06,371.24
286.5,290.4,284.9,284.9,3.3032e+06,272.24
286.3,290.8,285.35,289.8,2.4201e+06,276.92
291.9,294.6,290.9,292.3,4.5488e+06,279.31
293.5,293.5,289.5,290,1.157e+06,277.11
406.05,410.55,400.39,405.37,4.4287e+06,371.24
406.05,410.55,400.39,405.37,4.4287e+06,371.24
406.05,410.55,400.39,405.37,4.4287e+06,371.24
406.05,410.55,400.39,405.37,4.4287e+06,371.24
290,292.5,288.4,290.5,4.0775e+06,277.59
289.8,290.52,284.4,289,2.4546e+06,276.16
288.8,291,287.4,289.4,8.814e+05,276.54
406.05,410.55,400.39,405.37,4.4287e+06,371.24
406.05,410.55,400.39,405.37,4.4287e+06,371.24
406.05,410.55,400.39,405.37,4.4287e+06,371.24
285.4,287.49,279,282,4.6445e+06,269.47
274.9,277.5,264.5,282,8.2492e+06,269.47
274.1,275.37,266.2,270,6.0396e+06,258
255,256.5,244.8,249,1.6709e+07,249
250,257,248.94,249.3,9.0414e+06,249.3
406.05,410.55,400.39,405.37,4.4287e+06,371.24
406.05,410.55,400.39,405.37,4.4287e+06,371.24
248.9,254.5,248.2,249.9,6.1561e+06,249.9
251.5,251.5,244.2,244.3,6.0351e+06,244.3
245.6,251.72,241.3,243,7.065e+06,243
240,240.4,231.4,232.5,8.0367e+06,232.5
231.8,233.1,222.5,226.4,7.5762e+06,226.4
406.05,410.55,400.39,405.37,4.4287e+06,371.24
406.05,410.55,400.39,405.37,4.4287e+06,371.24
226.3,231.4,223,223.6,4.3804e+06,223.6
227.1,233.9,226.6,228.3,4.6292e+06,228.3
224.4,225.7,214.7,216.5,5.2415e+06,216.5
218.5,227.3,217,225.7,7.0961e+06,225.7
231.6,236.5,228.2,232.1,7.7306e+06,232.1
406.05,410.55,400.39,405.37,4.4287e+06,371.24
406.05,410.55,400.39,405.37,4.4287e+06,371.24
234.4,234.55,224.1,225.7,4.4886e+06,225.7
221.9,234,218.2,232.8,5.4629e+06,232.8
237.9,245.21,230,240,8.3139e+06,240
238,244.1,232,237,7.7398e+06,237
240.9,247.3,239.7,246.5,7.5115e+06,246.5
406.05,410.55,400.39,405.37,4.4287e+06,371.24
406.05,410.55,400.39,405.37,4.4287e+06,371.24
248.2,248.2,241,245,6.9115e+06,245
243.4,246.24,233.9,235,8.4018e+06,235
234.5,235,220.3,224.3,1.0741e+07,224.3
228,243,227.7,240.5,9.4607e+06,240.5
241.7,248.1,237.6,242.5,5.7398e+06,242.5
406.05,410.55,400.39,405.37,4.4287e+06,371.24
406.05,410.55,400.39,405.37,4.4287e+06,371.24
244.3,244.9,229,230.1,5.4478e+06,230.1
229.4,234.3,221.6,225.5,5.9992e+06,225.5
231.3,237.6,224.7,226,6.9327e+06,226
223,224.2,208.5,209.3,1.3178e+07,209.3
212.2,220.4,211.2,220.4,5.7758e+06,220.4
406.05,410.55,400.39,405.37,4.4287e+06,371.24
406.05,410.55,400.39,405.37,4.4287e+06,371.24
225,231.2,224.82,228.8,3.9905e+06,228.8
230.5,231.5,220.54,226.5,4.141e+06,226.5
227.3,245.3,226.43,245.3,6.8849e+06,245.3
