490.9,494.2,484.7,486.9,5.619e+05,466.56
487.5,504.5,484.3,503,1.063e+06,481.98
502.5,505,499,504.5,1.0079e+06,483.42
501.5,503.35,491.7,494.7,9.431e+05,474.03
496.1,500.85,494.78,497.2,9.668e+05,476.43
894.58,905.25,881.99,893.73,1.9551e+06,874.61
894.58,905.25,881.99,893.73,1.9551e+06,874.61
501.5,505.46,495.95,502,9.957e+05,481.03
490.1,499.6,482.7,497,1.2021e+06,476.24
501.5,510,497.4,508.5,9.352e+05,487.25
511,520,507.5,515,9.009e+05,493.48
514,537,512.81,533,1.3631e+06,510.73
894.58,905.25,881.99,893.73,1.9551e+06,874.61
894.58,905.25,881.99,893.73,1.9551e+06,874.61
530,532.5,515.5,524.5,1.8414e+06,502.59
550.5,580,545.88,561,4.154e+06,537.56
573,577.21,561.5,575,2.1038e+06,550.98
576.5,596,574,587,1.5774e+06,562.47
594,596,583.5,591.5,1.7997e+06,566.79
894.58,905.25,881.99,893.73,1.9551e+06,874.61
894.58,905.25,881.99,893.73,1.9551e+06,874.61
591.5,596.5,577.75,584,1.4691e+06,559.6
582,586.5,576.5,576.5,9.828e+05,552.41
577.5,585,569.59,584.5,8.985e+05,560.08
588,595,579.5,583.5,1.5999e+06,559.12
591,593,580.5,588.5,1.8337e+06,563.91
894.58,905.25,881.99,893.73,1.9551e+06,874.61
894.58,905.25,881.99,893.73,1.9551e+06,874.61
575.5,594,574.5,594,1.1745e+06,569.18
594,598.5,589,593.5,9.876e+05,568.7
594.5,598.64,581.5,587.5,7.539e+05,562.95
585,588.5,571,575.5,1.073e+06,551.46
574.5,590.5,571,573,2.3455e+06,549.06
894.58,905.25,881.99,893.73,1.9551e+06,874.61
894.58,905.25,881.99,893.73,1.9551e+06,874.61
578.5,599,577.5,582,1.853e+06,557.68
585,587.5,578,580.5,1.1453e+06,556.25
582.5,582.5,573.5,575,1.2887e+06,550.98
573.5,589,572.76,586.5,7.298e+05,562
586.5,586.5,586.5,586.5,0,562
894.58,905.25,881.99,893.73,1.9551e+06,874.61
894.58,905.25,881.99,893.73,1.9551e+06,874.61
586.5,586.5,586.5,586.5,0,562
586.5,614.5,582.31,609,1.9484e+06,583.55
623.5,639.5,613.97,635,2.8251e+06,608.47
635,635,600.82,607,1.9916e+06,581.64
611,613,568,578,2.5052e+06,553.85
894.58,905.25,881.99,893.73,1.9551e+06,874.61
894.58,905.25,881.99,893.73,1.9551e+06,874.61
582,596.5,580,584,1.4095e+06,559.6
587.5,588.5,569.5,575,1.7957e+06,550.98
579.5,600.5,574,596.5,1.1924e+06,571.58
596.5,619,595.5,615,1.2828e+06,589.3
617.5,620.5,608.5,620,1.2026e+06,594.1
894.58,905.25,881.99,893.73,1.9551e+06,874.61
894.58,905.25,881.99,893.73,1.9551e+06,874.61
618,623,607.72,615,1.5117e+06,589.3
611.5,613.11,585,598.5,1.2447e+06,573.49
601.5,605,579.34,584.5,1.7176e+06,560.08
587.5,596.5,583,593,1.6934e+06,568.22
597,611.5,589.5,610,1.5007e+06,584.51
894.58,905.25,881.99,893.73,1.9551e+06,874.61
894.58,905.25,881.99,893.73,1.9551e+06,874.61
614.5,617,582.5,585,2.0629e+06,560.56
587.5,615,583.7,604,1.2632e+06,578.76
607,607,588.51,591.5,1.6036e+06,566.79
590.5,613.5,589,606.5,1.3336e+06,581.16
606,608,598,605,1.0643e+06,579.72
894.58,905.25,881.99,893.73,1.9551e+06,874.61
894.58,905.25,881.99,893.73,1.9551e+06,874.61
606,611,594.5,596.5,8.215e+05,571.58
599.5,602.5,587.5,587.5,9.438e+05,562.95
590,594.29,579.25,590,4.717e+05,565.35
586,586,569.5,573.5,2.2443e+06,549.54
577,594.5,571.63,587,1.1765e+06,562.47
894.58,905.25,881.99,893.73,1.9551e+06,874.61
894.58,905.25,881.99,893.73,1.9551e+06,874.61
587,587,587,587,0,562.47
584.5,594,581,583.5,9.017e+05,559.12
585.5,600.5,583,590,9.796e+05,565.35
590.5,598,582.5,596,5.895e+05,571.1
596,605,587.5,591.5,7.836e+05,566.79
894.58,905.25,881.99,893.73,1.9551e+06,874.61
894.58,905.25,881.99,893.73,1.9551e+06,874.61
592,603.5,587.5,597.5,6.256e+05,572.54
599,616.5,594.5,613.5,1.3718e+06,587.87
615,636.5,614.1,632.5,1.7253e+06,606.07
630.5,641.2,629.64,634.5,1.7783e+06,607.99
635.5,638,622.5,636,6.397e+05,609.43
894.58,905.25,881.99,893.73,1.9551e+06,874.61
894.58,905.25,881.99,893.73,1.9551e+06,874.61
640,658.5,639,658.5,9.865e+05,630.99
656.5,675,656,671,1.2521e+06,642.97
668.5,671,652.77,663.5,1.591e+06,635.78
640,651,633.5,639.5,1.2231e+06,612.78
645,651.5,627.5,633.5,7.935e+05,607.03
894.58,905.25,881.99,893.73,1.9551e+06,874.61
894.58,905.25,881.99,893.73,1.9551e+06,874.61
633.5,633.5,633.5,633.5,0,607.03
645.5,666.5,639.5,666,1.7122e+06,638.17
661.5,662.59,646,649.5,2.1878e+06,622.36
645,646.96,622,644.5,1.1531e+06,617.57
643,645.82,621,631,7.159e+05,604.64
894.58,905.25,881.99,893.73,1.9551e+06,874.61
894.58,905.25,881.99,893.73,1.9551e+06,874.61
628,646.5,623.48,640.5,5.859e+05,613.74
644,650.5,636,637,5.492e+05,610.38
630,633,621.5,624.5,9.227e+05,598.41
625.5,629,604.5,605.5,1.0277e+06,580.2
608,623.86,595.15,621,1.4403e+06,595.05
894.58,905.25,881.99,893.73,1.9551e+06,874.61
894.58,905.25,881.99,893.73,1.9551e+06,874.61
620.5,632,618.58,627,1.0589e+06,600.8
626,631.5,608,613.5,9.585e+05,587.87
611.5,620,606,609,1.2203e+06,583.55
599,604.5,582,599,1.389e+06,573.97
600.5,616.5,600.5,612,9.48e+05,586.43
894.58,905.25,881.99,893.73,1.9551e+06,874.61
894.58,905.25,881.99,893.73,1.9551e+06,874.61
615.5,623.9,613.5,615.5,8.077e+05,589.78
618,633,618,623,8.27e+05,596.97
630,631.5,616,627,1.5782e+06,600.8
650,667,623.5,658.5,3.4584e+06,630.99
673,673,642.5,643.5,2.9187e+06,616.61
894.58,905.25,881.99,893.73,1.9551e+06,874.61
894.58,905.25,881.99,893.73,1.9551e+06,874.61
641.5,646,594.5,598,3.1893e+06,573.01
606,635.5,599,625.5,1.9257e+06,599.37
627.5,640,625.5,632.5,1.1529e+06,606.07
633.5,647.4,631,644.5,9.185e+05,617.57
644.5,651.11,637.5,645.5,1.2556e+06,618.53
894.58,905.25,881.99,893.73,1.9551e+06,874.61
894.58,905.25,881.99,893.73,1.9551e+06,874.61
650.5,666,642.5,664.5,8.884e+05,636.74
665,669.5,649.55,661,9.012e+05,633.38
658,675.5,652.87,672,1.2918e+06,643.92
673.5,697.95,668,695.5,8.435e+05,666.44
693,703,676.5,682,8.404e+05,653.51
894.58,905.25,881.99,893.73,1.9551e+06,874.61
894.58,905.25,881.99,893.73,1.9551e+06,874.61
684.5,694.5,675,691.5,8.436e+05,662.61
695.5,705.5,692,701,1.6103e+06,671.71
697.5,703,674,685,1.0021e+06,656.38
692.5,700.5,685,696.5,1.0668e+06,667.4
696.5,713.5,694.5,700,8.846e+05,670.75
894.58,905.25,881.99,893.73,1.9551e+06,874.61
894.58,905.25,881.99,893.73,1.9551e+06,874.61
702.5,717.11,700.54,713,7.421e+05,683.21
709.5,715.2,689.5,691.5,1.4373e+06,662.61
699,703.5,688.5,702.5,1.1674e+06,673.15
709.5,734,709.5,730,1.2171e+06,699.5
728.5,729,716.5,727.5,7.536e+05,697.1
894.58,905.25,881.99,893.73,1.9551e+06,874.61
894.58,905.25,881.99,893.73,1.9551e+06,874.61
730.5,736.46,721.83,726,7.084e+05,695.67
726.5,728,717.5,717.5,1.2192e+06,687.52
721,725.5,711,715.5,1.2224e+06,685.61
714,718.5,700,709.5,1.0355e+06,679.86
713.5,718,699.67,700,1.1093e+06,670.75
894.58,905.25,881.99,893.73,1.9551e+06,874.61
894.58,905.25,881.99,893.73,1.9551e+06,874.61
699.5,709,696,700,6.089e+05,670.75
703,716,702.5,714.5,5.162e+05,684.65
711.5,714,697.5,706,1.0016e+06,676.5
708.5,733.5,708.5,713,1.027e+06,683.21
716.5,721.96,702,715,8.87e+05,685.13
894.58,905.25,881.99,893.73,1.9551e+06,874.61
894.58,905.25,881.99,893.73,1.9551e+06,874.61
718.5,726.83,712.5,716.5,5.918e+05,686.56
714.5,731.54,713.5,719.5,7.31e+05,689.44
719,719,700,705.5,7.704e+05,676.02
706,712.5,687,689,9.327e+05,660.21
692,694.5,673.5,675,1.6333e+06,646.8
894.58,905.25,881.99,893.73,1.9551e+06,874.61
894.58,905.25,881.99,893.73,1.9551e+06,874.61
679.5,683,662,671.5,8.824e+05,643.44
673,691.4,670.5,683,1.6957e+06,654.46
681,688,663.5,666.5,7.746e+05,644.95
668,668.5,622.5,625.5,1.5866e+06,605.27
626,643,607,634,2.22e+06,613.5
894.58,905.25,881.99,893.73,1.9551e+06,874.61
894.58,905.25,881.99,893.73,1.9551e+06,874.61
640,652.62,637.5,642,9.655e+05,621.24
638.5,642.5,626.5,640.5,1.1988e+06,619.79
643.5,668.5,638,648.5,1.4202e+06,627.53
650.5,658.5,644,656.5,8.681e+05,635.27
654,687,652.5,677.5,1.1992e+06,655.59
894.58,905.25,881.99,893.73,1.9551e+06,874.61
894.58,905.25,881.99,893.73,1.9551e+06,874.61
677.5,677.5,677.5,677.5,0,655.59
679.5,684.5,667,668,2.0443e+06,646.4
666,666.83,635,638.5,1.4137e+06,617.85
646,655.5,638.5,653,1.2989e+06,631.88
650.5,657.5,638.08,645,1.0189e+06,624.14
894.58,905.25,881.99,893.73,1.9551e+06,874.61
894.58,905.25,881.99,893.73,1.9551e+06,874.61
653,675.5,652.38,673,1.2967e+06,651.24
678.5,689.5,672.5,687.5,2.3051e+06,665.27
713,719.5,618.5,651,5.9945e+06,629.95
656,667.74,643.5,655,2.6533e+06,633.82
656,660,645,654,1.5675e+06,632.85
894.58,905.25,881.99,893.73,1.9551e+06,874.61
894.58,905.25,881.99,893.73,1.9551e+06,874.61
655.5,660,647,653.5,1.0014e+06,632.37
656.5,671.5,656.5,670,1.2837e+06,648.34
672,678.5,647,648.5,1.896e+06,627.53
650.5,655.5,631.5,635,1.7147e+06,614.47
635,653,635,652.5,1.6285e+06,631.4
894.58,905.25,881.99,893.73,1.9551e+06,874.61
894.58,905.25,881.99,893.73,1.9551e+06,874.61
661,670.18,658,668.5,1.3114e+06,646.88
667,669,652.5,654.5,1.0513e+06,633.34
655.5,659.5,639,645,1.0038e+06,624.14
660,672,657,659.5,1.8422e+06,638.17
660,670,654,654,3.7904e+06,632.85
894.58,905.25,881.99,893.73,1.9551e+06,874.61
894.58,905.25,881.99,893.73,1.9551e+06,874.61
658,661.5,644.5,644.5,1.4197e+06,623.66
645.5,655,643.9,651.5,1.0408e+06,630.43
648,653.5,640.25,640.5,1.2891e+06,619.79
645.5,645.5,631.5,634.5,1.0637e+06,613.98
638,639.05,618,619.5,1.3749e+06,599.47
894.58,905.25,881.99,893.73,1.9551e+06,874.61
894.58,905.25,881.99,893.73,1.9551e+06,874.61
615,616.5,605.5,615.5,1.2536e+06,595.6
616,623,612.5,620,1.113e+06,599.95
616,623,612,617,1.1275e+06,597.05
618,619,609.5,610,9.806e+05,590.27
610,610,594.5,606,1.3759e+06,586.4
894.58,905.25,881.99,893.73,1.9551e+06,874.61
894.58,905.25,881.99,893.73,1.9551e+06,874.61
605.5,606.73,590.5,600.5,1.1079e+06,581.08
600,601,587,588,8.276e+05,568.99
586,590.5,576,590,1.9326e+06,570.92
605,628,597.5,624,2.1288e+06,603.82
628.5,638,625.5,630.5,1.454e+06,610.11
894.58,905.25,881.99,893.73,1.9551e+06,874.61
894.58,905.25,881.99,893.73,1.9551e+06,874.61
630,632,618.5,629,6.246e+05,608.66
657.5,665.5,636.5,638,1.1552e+06,617.37
638.5,654.5,628.5,650.5,1.5136e+06,629.47
652,669.5,651,656.5,2.5204e+06,635.27
665,670,650.53,668.5,1.8339e+06,646.88
894.58,905.25,881.99,893.73,1.9551e+06,874.61
894.58,905.25,881.99,893.73,1.9551e+06,874.61
670,670,662,665.5,6.466e+05,643.98
665,668.23,656.88,666,6.764e+05,644.46
662.5,671.34,662.5,670,7.369e+05,648.34
670,676,668,673,7.945e+05,651.24
672.5,672.5,662.26,665,1.0066e+06,643.5
894.58,905.25,881.99,893.73,1.9551e+06,874.61
894.58,905.25,881.99,893.73,1.9551e+06,874.61
665,669.5,657.5,663.5,1.0335e+06,642.04
660.5,667.5,659.5,666,1.108e+06,644.46
664,667.5,659.5,662.5,6.035e+05,641.08
660,671,650.5,655,1.2704e+06,633.82
657.5,672,653.3,668.5,1.1267e+06,646.88
894.58,905.25,881.99,893.73,1.9551e+06,874.61
894.58,905.25,881.99,893.73,1.9551e+06,874.61
674.5,675,663.5,664,7.348e+05,642.53
664,669,654.5,659.5,1.1816e+06,638.17
660.5,682,659,673.5,1.3479e+06,651.72
672.5,691.5,664.5,685,1.7193e+06,662.85
681.5,685.5,673,680,1.1318e+06,658.01
894.58,905.25,881.99,893.73,1.9551e+06,874.61
894.58,905.25,881.99,893.73,1.9551e+06,874.61
681,689,680,685.5,6.746e+05,663.33
685,699,685,692,1.1621e+06,669.62
690.5,693.45,668,668.5,1.19e+06,646.88
675.5,687,672,674.5,8.761e+05,652.69
675,676,666.5,673,8.455e+05,651.24
894.58,905.25,881.99,893.73,1.9551e+06,874.61
894.58,905.25,881.99,893.73,1.9551e+06,874.61
672.5,674.26,664,669,8.102e+05,647.37
666.5,667.03,654,655.5,9.07e+05,634.3
653,654,641.5,645,1.118e+06,624.14
642.5,645,635,636.5,1.3395e+06,615.92
635.5,659.68,635.5,653.5,1.1779e+06,632.37
894.58,905.25,881.99,893.73,1.9551e+06,874.61
894.58,905.25,881.99,893.73,1.9551e+06,874.61
660.5,670.12,655.5,663,1.1387e+06,641.56
663,682,662,679.5,1.3397e+06,657.53
680,695.5,680,693.5,1.1049e+06,671.08
691.5,704,689.5,692.5,8.206e+05,670.11
694,702.5,687.57,695.5,7.738e+05,673.01
894.58,905.25,881.99,893.73,1.9551e+06,874.61
894.58,905.25,881.99,893.73,1.9551e+06,874.61
697.5,705,683.5,687.5,1.2997e+06,665.27
686.5,698,673.5,673.5,1.403e+06,651.72
677.5,678.5,666.75,669.5,9.339e+05,647.85
667.5,684,659,680,1.3036e+06,658.01
683.5,694.3,671.5,690.5,8.574e+05,668.17
894.58,905.25,881.99,893.73,1.9551e+06,874.61
894.58,905.25,881.99,893.73,1.9551e+06,874.61
695.5,717.5,689.5,713.5,1.3159e+06,690.43
758.5,758.5,700.5,740,5.4158e+06,716.07
739.5,744,718,730,2.4568e+06,706.39
730.5,735.76,711,711,1.7443e+06,688.01
716,732.5,713,729,2.0535e+06,705.43
894.58,905.25,881.99,893.73,1.9551e+06,874.61
894.58,905.25,881.99,893.73,1.9551e+06,874.61
730,754.5,721.5,754.5,1.4977e+06,730.1
751.5,759.25,742,742.5,1.7842e+06,718.49
745,751.45,742,750,2.0666e+06,725.75
760.5,764.5,745,763,2.0556e+06,738.33
764.5,780,754,773.5,1.2211e+07,748.49
894.58,905.25,881.99,893.73,1.9551e+06,874.61
894.58,905.25,881.99,893.73,1.9551e+06,874.61
766.5,774.5,757.38,764.5,1.1591e+06,739.78
767,772.5,761.5,771,2.525e+05,746.07
771,771,771,771,0,746.07
771,771,771,771,0,746.07
775,776.5,769,773,7.457e+05,748
894.58,905.25,881.99,893.73,1.9551e+06,874.61
894.58,905.25,881.99,893.73,1.9551e+06,874.61
773.5,776,759,762,1.1805e+06,737.36
765.5,773,758.5,760,5.484e+05,735.42
760,760,760,760,0,735.42
765.5,785.5,760.5,783.5,2.4488e+06,758.16
780.5,782.5,769.5,776.5,1.0869e+06,751.39
894.58,905.25,881.99,893.73,1.9551e+06,874.61
894.58,905.25,881.99,893.73,1.9551e+06,874.61
776,792.5,772.5,790,1.7049e+06,764.45
790,807.5,790,804,1.8121e+06,778
805,811.5,789,790,1.1724e+06,764.45
792.5,798,784.5,790.5,1.4855e+06,764.94
796,814.5,796,812,1.5056e+06,785.74
894.58,905.25,881.99,893.73,1.9551e+06,874.61
894.58,905.25,881.99,893.73,1.9551e+06,874.61
812,814.04,802.5,803.5,8.76e+05,777.52
794.5,803,781,802.5,2.0632e+06,776.55
805.5,813,803,811.5,9.508e+05,787.71
813,813.5,803,809,1.118e+06,785.29
811.5,812.5,797,807,1.4984e+06,783.35
894.58,905.25,881.99,893.73,1.9551e+06,874.61
894.58,905.25,881.99,893.73,1.9551e+06,874.61
809,810,801.5,804.5,5.893e+05,780.92
806.5,810,802.5,807,1.4006e+06,783.35
807,817,806.55,814,9.689e+05,790.14
816,816,794.41,799,3.3861e+06,775.58
801,808,769.49,770,1.6108e+06,747.43
894.58,905.25,881.99,893.73,1.9551e+06,874.61
894.58,905.25,881.99,893.73,1.9551e+06,874.61
771,773.5,753.5,760,1.3196e+06,737.72
764,777,759.5,773,1.2272e+06,750.34
781,789.5,772,776.5,1.7295e+06,753.74
782.5,797.5,772,795,1.4168e+06,771.7
794,795,775.5,789.5,1.225e+06,766.36
894.58,905.25,881.99,893.73,1.9551e+06,874.61
894.58,905.25,881.99,893.73,1.9551e+06,874.61
789,799,783,786,1.1415e+06,762.96
780.5,795.5,761.82,790.5,1.9834e+06,767.33
789,798,783.5,789,9.138e+05,765.87
792.5,800,788.5,797.5,2.0172e+06,774.12
800,816.5,797,813,2.224e+06,789.17
894.58,905.25,881.99,893.73,1.9551e+06,874.61
894.58,905.25,881.99,893.73,1.9551e+06,874.61
814,819,806.5,808.5,7.667e+05,784.8
812.5,816,808.5,815.5,7.995e+05,791.6
818.5,836,814.8,828,1.3464e+06,803.73
827.5,832,817,830,1.0393e+06,805.67
829,834.5,827,832,1.0183e+06,807.61
894.58,905.25,881.99,893.73,1.9551e+06,874.61
894.58,905.25,881.99,893.73,1.9551e+06,874.61
831,843.5,830.5,840,6.544e+05,815.38
843,845.5,832,843.5,3.2005e+06,818.77
843.5,852.5,839.87,844.5,9.005e+05,819.75
837,852.5,834.92,851,1.0962e+06,826.05
855,860,842,850,1.269e+06,825.09
894.58,905.25,881.99,893.73,1.9551e+06,874.61
894.58,905.25,881.99,893.73,1.9551e+06,874.61
848,868,843,868,9.621e+05,842.56
866.5,869.5,856.5,868,2.3463e+06,842.56
868,875.07,859,862,1.5826e+06,836.73
861.5,871,845.32,870.5,1.404e+06,844.98
872,879,861.5,876,1.3596e+06,850.32
894.58,905.25,881.99,893.73,1.9551e+06,874.61
894.58,905.25,881.99,893.73,1.9551e+06,874.61
862.5,863.5,844.5,846,2.2609e+06,821.2
893.5,957.5,890,956,4.9647e+06,927.98
958.5,958.5,928,937.5,1.8402e+06,910.02
949.5,952.5,938.5,943,1.9941e+06,915.36
936.5,957.5,933.5,939,1.3347e+06,911.48
894.58,905.25,881.99,893.73,1.9551e+06,874.61
894.58,905.25,881.99,893.73,1.9551e+06,874.61
939,955.5,932,936,1.5359e+06,908.56
936,952,935,941.5,1.1276e+06,913.9
937,948,932.5,945.5,1.2416e+06,917.78
947,949.5,903.5,903.5,1.4431e+06,877.02
898,902.5,886,900,1.7087e+06,873.62
894.58,905.25,881.99,893.73,1.9551e+06,874.61
894.58,905.25,881.99,893.73,1.9551e+06,874.61
902.5,924.5,902,922.5,1.1278e+06,895.46
922,941,919.5,940.5,1.1924e+06,912.93
944.5,956,934.5,949.5,1.8216e+06,921.67
942,947.5,928,941,1.6626e+06,913.42
938,942.4,923.91,924,4.8487e+06,896.92
894.58,905.25,881.99,893.73,1.9551e+06,874.61
894.58,905.25,881.99,893.73,1.9551e+06,874.61
922.5,934,922,927.5,1.537e+06,900.31
928.5,953.8,928.5,953.5,1.0656e+06,925.55
958,962,952.5,960,1.0121e+06,931.86
957,965,952.5,956.5,1.3864e+06,928.46
961,964.3,951,951,1.7316e+06,923.12
894.58,905.25,881.99,893.73,1.9551e+06,874.61
894.58,905.25,881.99,893.73,1.9551e+06,874.61
957,964.5,948.76,951,8.528e+05,923.12
958.5,976.5,951.01,975.5,1.7434e+06,946.91
980,991.5,973.5,982,1.3829e+06,953.22
986,989.5,977,979,9.038e+05,950.3
982,991,980.5,983,1.5189e+06,954.19
894.58,905.25,881.99,893.73,1.9551e+06,874.61
894.58,905.25,881.99,893.73,1.9551e+06,874.61
973,974.42,949,952.5,1.8075e+06,924.58
951.5,951.5,871.25,901,4.6361e+06,874.59
908,930.5,902.08,920,2.2791e+06,893.03
931,942,915.5,923.5,1.821e+06,896.43
913,913,866.5,880,2.5985e+06,854.21
894.58,905.25,881.99,893.73,1.9551e+06,874.61
894.58,905.25,881.99,893.73,1.9551e+06,874.61
873.5,877.05,813,842,4.5357e+06,817.32
846.5,860,819.5,845.5,2.7396e+06,820.72
856.5,889,850,888,2.9505e+06,861.97
896,912.18,890,907.5,2.1275e+06,880.9
907.5,907.5,907.5,907.5,0,880.9
894.58,905.25,881.99,893.73,1.9551e+06,874.61
894.58,905.25,881.99,893.73,1.9551e+06,874.61
907.5,907.5,907.5,907.5,0,880.9
913.5,920.5,897.5,900.5,1.7682e+06,874.1
900,905,871.68,877,2.3693e+06,851.29
886.5,898,844,848.5,2.1646e+06,823.63
843.5,866.5,826,863,3.256e+06,837.7
894.58,905.25,881.99,893.73,1.9551e+06,874.61
894.58,905.25,881.99,893.73,1.9551e+06,874.61
874,875.5,844,850,1.3649e+06,825.09
854.5,869.59,846,867.5,1.8136e+06,842.07
868,878.5,855,874.5,1.2161e+06,848.87
878.5,881.5,863.5,872.5,6.912e+05,846.92
873.5,879.1,867,873,8.918e+05,847.41
894.58,905.25,881.99,893.73,1.9551e+06,874.61
894.58,905.25,881.99,893.73,1.9551e+06,874.61
873,873,873,873,0,847.41
872,893,872,878.5,1.3034e+06,852.75
874,877.5,856,859.5,1.2999e+06,834.31
860.5,860.5,842.5,857,1.6278e+06,831.88
855,860.5,848,854,2.0228e+06,828.97
894.58,905.25,881.99,893.73,1.9551e+06,874.61
894.58,905.25,881.99,893.73,1.9551e+06,874.61
856,867,852.72,866,1.453e+06,840.62
872,873.64,855,859,1.7403e+06,833.82
860,861.42,830.5,835,1.4358e+06,810.52
832.5,840.14,783.5,802,4.3737e+06,778.49
804,812.5,763,798.5,4.8651e+06,775.09
894.58,905.25,881.99,893.73,1.9551e+06,874.61
894.58,905.25,881.99,893.73,1.9551e+06,874.61
801,819.5,784,817,2.6232e+06,793.05
818,839,817.5,830,1.6729e+06,805.67
829.5,851.18,818,850,2.4094e+06,825.09
854,861,837.5,851,1.735e+06,826.05
854,870,849,861.33,2.0302e+06,836.08
894.58,905.25,881.99,893.73,1.9551e+06,874.61
894.58,905.25,881.99,893.73,1.9551e+06,874.61
861.33,861.33,861.33,861.33,0,836.08
871,891.88,866,888.5,2.2449e+06,862.46
889,893.5,880.5,892.5,1.8223e+06,866.34
890.5,900.8,883.5,886,1.7512e+06,860.03
881.5,889.5,874.5,880.5,2.052e+06,854.69
894.58,905.25,881.99,893.73,1.9551e+06,874.61
894.58,905.25,881.99,893.73,1.9551e+06,874.61
882,902,880,900,2.5377e+06,873.62
897,900.5,884.5,890.5,3.563e+06,864.4
889.5,901.5,885.5,900,9.679e+05,873.62
900,918.5,889,917,1.4759e+06,890.12
917.5,926.5,914,922,2.0417e+06,894.97
894.58,905.25,881.99,893.73,1.9551e+06,874.61
894.58,905.25,881.99,893.73,1.9551e+06,874.61
922,928.09,918,922.5,1.2066e+06,895.46
922.5,926.5,916.5,922,8.659e+05,894.97
920,922.5,900.18,912.5,9.397e+05,885.75
914,922,905.5,918,1.3709e+06,891.09
915.5,917.5,866.5,887,2.7391e+06,861
894.58,905.25,881.99,893.73,1.9551e+06,874.61
894.58,905.25,881.99,893.73,1.9551e+06,874.61
885,888.5,869,887,1.5937e+06,861
886,899.5,823.5,831.5,6.1248e+06,807.13
832,842.82,815.5,830,5.0506e+06,805.67
838,865.5,838,863.5,3.3132e+06,838.19
860,872.5,852.5,855,1.9227e+06,829.94
894.58,905.25,881.99,893.73,1.9551e+06,874.61
894.58,905.25,881.99,893.73,1.9551e+06,874.61
851,856.9,834.5,854,2.3476e+06,828.97
856,860.5,821,827,2.22e+06,802.76
823,842,820.18,841.5,2.2484e+06,816.83
843.5,869.98,842.86,866,1.9156e+06,840.62
869,875,862.5,873.5,1.0048e+06,847.9
894.58,905.25,881.99,893.73,1.9551e+06,874.61
894.58,905.25,881.99,893.73,1.9551e+06,874.61
876.5,877.5,864.77,875,1.4009e+06,849.35
876,896.5,876,894.5,1.5009e+06,868.28
898.5,918.5,898,914.5,1.7909e+06,887.69
914.5,936.5,908.5,934.5,1.7239e+06,907.11
936,947.5,930.12,936.5,1.6249e+06,909.05
894.58,905.25,881.99,893.73,1.9551e+06,874.61
894.58,905.25,881.99,893.73,1.9551e+06,874.61
936,938,926.5,926.5,1.5938e+06,899.34
929.5,933,907,907,3.105e+06,880.41
907,918.5,898,914,3.9139e+06,887.21
917.5,921.2,866.5,878.5,2.5515e+06,852.75
883,897,871.3,881,2.0269e+06,855.18
894.58,905.25,881.99,893.73,1.9551e+06,874.61
894.58,905.25,881.99,893.73,1.9551e+06,874.61
886.5,898.25,880.5,896,1.0166e+06,869.74
900,900,878.5,879.5,1.7752e+06,853.72
884,898,872.5,892,1.3703e+06,865.85
892.5,911.75,892,907,1.9865e+06,880.41
902.5,923,891,923,1.4916e+06,895.95
894.58,905.25,881.99,893.73,1.9551e+06,874.61
894.58,905.25,881.99,893.73,1.9551e+06,874.61
920.5,931,908.81,917,1.7801e+06,890.12
923.5,940.58,920.5,937.5,1.5085e+06,910.02
936.5,953.93,935.5,946,2.5525e+06,918.27
947.5,954.5,934,953.5,1.3266e+06,925.55
952.5,959.5,943.18,947,1.0994e+06,919.24
894.58,905.25,881.99,893.73,1.9551e+06,874.61
894.58,905.25,881.99,893.73,1.9551e+06,874.61
950,951.5,929,934,1.4278e+06,906.62
935,941,928.5,931.5,9.357e+05,904.2
930,932,915,915,1.7333e+06,888.18
917,917,888.5,893.5,3.3177e+06,867.31
890.5,906,867.5,900,2.4466e+06,873.62
894.58,905.25,881.99,893.73,1.9551e+06,874.61
894.58,905.25,881.99,893.73,1.9551e+06,874.61
903,903,876.5,888,1.1995e+06,861.97
888,891.5,876.5,887.5,1.5336e+06,861.49
881,881,858.5,871,1.5644e+06,845.47
868.5,884.5,861,880,1.3456e+06,854.21
868,892.29,849.5,869.5,2.5013e+06,844.01
894.58,905.25,881.99,893.73,1.9551e+06,874.61
894.58,905.25,881.99,893.73,1.9551e+06,874.61
878.5,910.75,878.15,906.5,1.2551e+06,879.93
904,907.5,888.5,894.5,9.341e+05,868.28
890,895,877.5,893.5,7.3e+05,876.37
889.5,900,885,894.5,7.158e+05,877.35
896.5,920.5,894,907.5,1.4292e+06,890.1
894.58,905.25,881.99,893.73,1.9551e+06,874.61
894.58,905.25,881.99,893.73,1.9551e+06,874.61
916.5,920.5,906,917.5,8.663e+05,899.91
923.5,935.5,922.5,932,1.101e+06,914.13
933,938,923,934,1.1216e+06,916.1
934.5,947.88,934,944,7.327e+05,925.9
946.5,952.5,941.5,950,1.0492e+06,931.79
894.58,905.25,881.99,893.73,1.9551e+06,874.61
894.58,905.25,881.99,893.73,1.9551e+06,874.61
950,950,950,950,0,931.79
954.5,977.5,951,973,1.927e+06,954.35
970.5,979.38,970.5,977,9.741e+05,958.27
975.5,978.5,961.5,967,1.8108e+06,948.46
972.5,979.5,965,979.5,1.1853e+06,960.72
894.58,905.25,881.99,893.73,1.9551e+06,874.61
894.58,905.25,881.99,893.73,1.9551e+06,874.61
980,987,978.5,983,1.2127e+06,964.16
988,988,971,986.5,2.6437e+06,967.59
1025,1046.1,981.36,1022,4.3315e+06,1002.4
1022,1024,998.5,1018,2.0633e+06,998.49
1016,1027,1009.2,1024,1.2664e+06,1004.4
894.58,905.25,881.99,893.73,1.9551e+06,874.61
894.58,905.25,881.99,893.73,1.9551e+06,874.61
1020,1028.1,992,1022,1.9667e+06,1002.4
1017,1026,1010,1016,1.1929e+06,996.52
1011,1016,1001,1011,4.1679e+06,991.62
1017,1029,1013,1021,1.4704e+06,1001.4
1025,1031,1016,1028,1.0471e+06,1008.3
894.58,905.25,881.99,893.73,1.9551e+06,874.61
894.58,905.25,881.99,893.73,1.9551e+06,874.61
1019,1032,1018,1027,1.841e+06,1007.3
1028,1028,1006,1022,2.151e+06,1002.4
1024,1027,1018,1027,1.9411e+06,1007.3
1030,1036,1024,1035,1.3462e+06,1015.2
1046,1068,1042.2,1059,2.6927e+06,1038.7
894.58,905.25,881.99,893.73,1.9551e+06,874.61
894.58,905.25,881.99,893.73,1.9551e+06,874.61
1052,1058.3,1045,1051,1.2537e+06,1030.9
1053,1054,1030,1035,1.2449e+06,1015.2
1034,1034,1019,1032,2.1234e+06,1012.2
1028,1050.3,1024,1028,1.8937e+06,1008.3
1026,1039,1012,1036,2.1254e+06,1016.1
894.58,905.25,881.99,893.73,1.9551e+06,874.61
894.58,905.25,881.99,893.73,1.9551e+06,874.61
1036,1052,1031,1043,1.5898e+06,1023
1046,1048,1035.5,1043,1.8972e+06,1023
1044,1051,1020,1024,2.797e+06,1004.4
1014,1015,972.5,977,5.1612e+06,958.27
986.5,1021,977.5,1018,2.1779e+06,998.49
894.58,905.25,881.99,893.73,1.9551e+06,874.61
894.58,905.25,881.99,893.73,1.9551e+06,874.61
1024,1025,1000,1013,1.8825e+06,993.58
1010,1013,974.5,977,3.6487e+06,958.27
962,966.6,932,945,4.4311e+06,926.88
965,983.5,934.5,939,3.0114e+06,921
925.5,934.24,896.02,912,4.7975e+06,894.52
894.58,905.25,881.99,893.73,1.9551e+06,874.61
894.58,905.25,881.99,893.73,1.9551e+06,874.61
900.5,923,892,915,2.9847e+06,897.46
906.5,933.5,900.5,930,2.9824e+06,912.17
932,947.5,892,893,4.6908e+06,875.88
901,928.88,879.05,923,5.7212e+06,905.31
925,961.5,925,961,3.3568e+06,942.58
894.58,905.25,881.99,893.73,1.9551e+06,874.61
894.58,905.25,881.99,893.73,1.9551e+06,874.61
957.5,963,935,936.5,3.2341e+06,918.55
934.5,977.5,927.5,976.5,2.119e+06,957.78
985,997.5,972,980,2.3257e+06,961.21
972.5,994.58,957,992.5,2.859e+06,973.47
989,1008,984.5,995.5,2.3058e+06,976.42
894.58,905.25,881.99,893.73,1.9551e+06,874.61
894.58,905.25,881.99,893.73,1.9551e+06,874.61
1005,1011,987.5,992.5,2.2104e+06,973.47
999,1016,998,1007,1.5099e+06,987.7
1016,1022.6,1002,1003,1.1701e+06,983.77
1007,1024,999.5,1019,2.2263e+06,999.47
1036,1049.3,1030,1044,2.0519e+06,1024
894.58,905.25,881.99,893.73,1.9551e+06,874.61
894.58,905.25,881.99,893.73,1.9551e+06,874.61
1044,1050,1030,1033,1.8445e+06,1013.2
1034,1056,1033,1040,2.2473e+06,1020.1
1048,1059,1046,1057,1.8686e+06,1036.7
1049,1053,1024,1043,5.4283e+06,1023
1048,1061,1037,1043,2.1293e+06,1023
894.58,905.25,881.99,893.73,1.9551e+06,874.61
894.58,905.25,881.99,893.73,1.9551e+06,874.61
1050,1065,1044,1064,1.5824e+06,1043.6
1061,1075,1058,1062,1.5301e+06,1041.6
1060,1066,1052,1054,1.8669e+06,1033.8
1058,1070.3,1056,1066,1.0811e+06,1045.6
1070,1075.8,1059.4,1067,1.4552e+06,1046.5
894.58,905.25,881.99,893.73,1.9551e+06,874.61
894.58,905.25,881.99,893.73,1.9551e+06,874.61
1058,1077,1058,1065,1.0434e+06,1044.6
1072,1075,1045,1048,2.1064e+06,1027.9
1050,1050,1022,1030,2.7474e+06,1010.3
1028,1033.2,1005,1030,3.1266e+06,1010.3
1039,1054,1031,1053,1.797e+06,1032.8
894.58,905.25,881.99,893.73,1.9551e+06,874.61
894.58,905.25,881.99,893.73,1.9551e+06,874.61
1058,1070,1052,1059,2.0581e+06,1038.7
1066,1076,1049,1051,2.7945e+07,1030.9
1054,1061,1046,1058,2.5893e+06,1037.7
1057,1082,1057,1078,2.1565e+06,1057.3
1078,1085,1048.5,1054,2.5006e+06,1033.8
894.58,905.25,881.99,893.73,1.9551e+06,874.61
894.58,905.25,881.99,893.73,1.9551e+06,874.61
1050,1058,1022,1027,3.179e+06,1007.3
1032,1053,1026,1050,2.3437e+06,1029.9
1051,1074,1044,1069,3.3799e+06,1048.5
1072,1089,1071,1080,1.9457e+06,1059.3
1090,1102,1084.2,1101,1.9105e+06,1079.9
894.58,905.25,881.99,893.73,1.9551e+06,874.61
894.58,905.25,881.99,893.73,1.9551e+06,874.61
1100,1107,1089,1104,1.7228e+06,1082.8
1095,1106,1074,1077,2.9291e+06,1056.4
1185,1196,1134,1175,5.4444e+06,1152.5
1174,1186,1156,1172,2.8184e+06,1149.5
1164,1173,1142,1150,2.7623e+06,1128
894.58,905.25,881.99,893.73,1.9551e+06,874.61
894.58,905.25,881.99,893.73,1.9551e+06,874.61
1142,1153.6,1114,1115,3.2846e+06,1093.6
1116,1139,1101,1139,3.0694e+06,1117.2
1126,1135,1116,1126,1.8405e+06,1104.4
1146,1151.2,1127,1151,2.0532e+06,1128.9
1170,1174,1147,1159,2.8391e+06,1136.8
894.58,905.25,881.99,893.73,1.9551e+06,874.61
894.58,905.25,881.99,893.73,1.9551e+06,874.61
1165,1176,1159,1175,3.8714e+06,1152.5
1179,1184,1164,1169,7.56e+05,1146.6
1170,1175.4,1160,1168,2.138e+05,1145.6
1168,1168,1168,1168,0,1145.6
1168,1168,1168,1168,0,1145.6
894.58,905.25,881.99,893.73,1.9551e+06,874.61
894.58,905.25,881.99,893.73,1.9551e+06,874.61
1207,1219,1166,1176,9.662e+05,1153.5
1170,1182,1154,1156,8.507e+05,1133.8
1163,1170,1152,1152,3.094e+05,1129.9
1152,1152,1152,1152,0,1129.9
1169,1176.6,1148.4,1165,9.035e+05,1142.7
894.58,905.25,881.99,893.73,1.9551e+06,874.61
894.58,905.25,881.99,893.73,1.9551e+06,874.61
1158,1198,1157,1182,2.4695e+06,1159.3
1115,1117,1071,1109,6.5382e+06,1087.7
1116,1142,1105,1109,3.2919e+06,1087.7
1124,1139,1115,1131,2.3839e+06,1109.3
1135,1174,1129.4,1139,2.7733e+06,1117.2
894.58,905.25,881.99,893.73,1.9551e+06,874.61
894.58,905.25,881.99,893.73,1.9551e+06,874.61
1135,1155,1114,1117,2.3854e+06,1095.6
1114,1116,1071,1084,4.4831e+06,1063.2
1072,1073.8,1019,1033,5.3882e+06,1013.2
1039,1046.8,1010,1030,4.3883e+06,1013.2
1025,1048,993.01,1045,3.1547e+06,1028
894.58,905.25,881.99,893.73,1.9551e+06,874.61
894.58,905.25,881.99,893.73,1.9551e+06,874.61
1047,1052.7,1023.3,1041,2.1579e+06,1024
1044,1065,1040,1065,2.1728e+06,1047.6
1060,1075,1057,1075,2.8966e+06,1057.5
1098,1120,1066,1088,4.6383e+06,1070.3
1091,1098.8,1040.2,1093,3.1142e+06,1075.2
894.58,905.25,881.99,893.73,1.9551e+06,874.61
894.58,905.25,881.99,893.73,1.9551e+06,874.61
1088,1118.1,1071,1118,2.0301e+06,1099.8
1120,1120,1095,1105,2.3319e+06,1087
1110,1123,1097,1121,2.0572e+06,1102.7
1114,1130.3,1108,1119,2.1739e+06,1100.7
1126,1131,1087,1088,2.6193e+06,1070.3
894.58,905.25,881.99,893.73,1.9551e+06,874.61
894.58,905.25,881.99,893.73,1.9551e+06,874.61
1091,1094,1048.2,1063,4.0365e+06,1045.7
1066,1073,1058,1064,2.1083e+06,1046.6
1066,1101,1065,1079,2.129e+06,1061.4
1074,1078,1057,1073,2.6547e+06,1055.5
1067,1100,1067,1094,2.5394e+06,1076.2
894.58,905.25,881.99,893.73,1.9551e+06,874.61
894.58,905.25,881.99,893.73,1.9551e+06,874.61
1091,1097,1070,1088,2.343e+06,1070.3
1090,1099,1081.3,1090,1.975e+06,1072.2
1092,1092,1082,1086,1.1842e+06,1068.3
1086,1104,1083,1100,1.5062e+06,1082.1
1105,1113,1073,1073,2.0264e+06,1055.5
894.58,905.25,881.99,893.73,1.9551e+06,874.61
894.58,905.25,881.99,893.73,1.9551e+06,874.61
1074,1088,1069.3,1086,1.0162e+06,1068.3
1079,1095,1076.7,1080,1.2735e+06,1062.4
1083,1120,1083,1111,2.7862e+06,1092.9
1110,1135,1109,1128,2.2609e+06,1109.6
1128,1138.8,1121,1130,1.9256e+06,1111.6
894.58,905.25,881.99,893.73,1.9551e+06,874.61
894.58,905.25,881.99,893.73,1.9551e+06,874.61
1140,1148,1138,1143,1.4488e+06,1124.4
1144,1155,1140.2,1151,3.0079e+06,1132.2
1151,1182,1150.7,1176,2.8364e+06,1156.8
1177,1193.6,1170,1190,1.698e+06,1170.6
1190,1194,1182,1190,1.6396e+06,1170.6
894.58,905.25,881.99,893.73,1.9551e+06,874.61
894.58,905.25,881.99,893.73,1.9551e+06,874.61
1188,1194,1166,1181,2.681e+06,1161.7
1210,1216,1141,1157,4.2378e+06,1138.1
1172,1176.4,1142,1144,2.9775e+06,1125.3
1148,1150,1122,1129,2.7071e+06,1110.6
1129,1129,1109,1118,2.3676e+06,1099.8
894.58,905.25,881.99,893.73,1.9551e+06,874.61
894.58,905.25,881.99,893.73,1.9551e+06,874.61
1116,1118,1090,1098,3.0536e+06,1080.1
1095,1120,1085,1093,2.814e+06,1075.2
1098,1119,1091.4,1116,2.1826e+06,1097.8
1117,1125,1104,1113,1.5705e+06,1094.8
1116,1120,1095,1107,1.794e+06,1088.9
894.58,905.25,881.99,893.73,1.9551e+06,874.61
894.58,905.25,881.99,893.73,1.9551e+06,874.61
1109,1114,1091.3,1097,1.931e+06,1079.1
1095,1098,1081,1097,1.6906e+06,1079.1
1094,1139,1094,1134,2.3092e+06,1115.5
1140,1161,1132,1133,2.2583e+06,1114.5
1133,1147,1124,1132,1.3594e+06,1113.5
894.58,905.25,881.99,893.73,1.9551e+06,874.61
894.58,905.25,881.99,893.73,1.9551e+06,874.61
1134,1141,1112,1119,1.0908e+06,1100.7
1115,1137,1115,1131,2.1717e+06,1112.6
1131,1144,1122,1122,2.6375e+06,1103.7
1114,1114,1086,1098,4.2383e+06,1080.1
1101,1108,1065.3,1070,2.6976e+06,1052.5
894.58,905.25,881.99,893.73,1.9551e+06,874.61
894.58,905.25,881.99,893.73,1.9551e+06,874.61
1081,1103,1074.9,1101,3.0051e+06,1083
1102,1116,1071,1084,2.4221e+06,1066.3
1082,1098,1081,1087,1.5615e+06,1069.3
1085,1087,1068.5,1082,1.7328e+06,1064.3
1082,1082,1082,1082,0,1064.3
894.58,905.25,881.99,893.73,1.9551e+06,874.61
894.58,905.25,881.99,893.73,1.9551e+06,874.61
1082,1082,1082,1082,0,1064.3
1090,1101,1081,1095,2.1114e+06,1077.1
1096,1098,1063,1064,3.1497e+06,1046.6
1065,1071,1054,1059,1.6893e+06,1041.7
1058,1076,1043.8,1076,2.9196e+06,1058.4
894.58,905.25,881.99,893.73,1.9551e+06,874.61
894.58,905.25,881.99,893.73,1.9551e+06,874.61
1073,1095,1070.5,1093,1.5105e+06,1075.2
1088,1118.7,1088,1112,2.2784e+06,1093.9
1112,1144.1,1111,1125,2.3214e+06,1106.6
1132,1136,1105,1115,1.7108e+06,1096.8
1112,1134,1108,1112,2.5996e+06,1093.9
894.58,905.25,881.99,893.73,1.9551e+06,874.61
894.58,905.25,881.99,893.73,1.9551e+06,874.61
1121,1146,1117.2,1144,2.1905e+06,1125.3
1149,1173,1149,1163,3.4068e+06,1144
1122,1151,1092,1139,5.246e+06,1120.4
1142,1173,1134.2,1169,2.5895e+06,1149.9
1175,1185,1164,1166,2.0772e+06,1147
894.58,905.25,881.99,893.73,1.9551e+06,874.61
894.58,905.25,881.99,893.73,1.9551e+06,874.61
1167,1169,1151,1167,1.8605e+06,1148
1166,1166,1133,1144,1.827e+06,1125.3
1149,1157,1115,1118,1.4809e+06,1099.8
1120,1130,1107,1126,3.2828e+06,1107.6
1125,1149,1110,1147,7.791e+05,1128.3
894.58,905.25,881.99,893.73,1.9551e+06,874.61
894.58,905.25,881.99,893.73,1.9551e+06,874.61
1147,1147,1147,1147,0,1128.3
1149,1150,1119,1129,3.014e+06,1110.6
1125,1137,1116,1130,1.6522e+06,1111.6
1129,1143,1096,1140,3.3315e+06,1121.4
1160,1180,1148,1163,2.3888e+06,1144
894.58,905.25,881.99,893.73,1.9551e+06,874.61
894.58,905.25,881.99,893.73,1.9551e+06,874.61
1161,1180,1156,1177,2.0091e+06,1157.8
1170,1170,1133,1139,1.507e+06,1120.4
1148,1182,1146,1171,1.8079e+06,1151.9
1168,1186.2,1151,1184,1.1133e+06,1164.7
1188,1193,1173,1177,2.4702e+06,1157.8
894.58,905.25,881.99,893.73,1.9551e+06,874.61
894.58,905.25,881.99,893.73,1.9551e+06,874.61
1179,1193,1175,1183,1.0096e+06,1163.7
1185,1202,1185,1197,1.365e+06,1177.5
1200,1205.2,1189,1193,8.548e+05,1173.5
1189,1193.2,1183,1189,8.896e+05,1169.6
1190,1198,1179.5,1191,8.1e+05,1171.6
894.58,905.25,881.99,893.73,1.9551e+06,874.61
894.58,905.25,881.99,893.73,1.9551e+06,874.61
1191,1191,1191,1191,0,1171.6
1189,1201,1175,1184,1.203e+06,1164.7
1184,1221.7,1183,1217,1.9574e+06,1197.1
1213,1231,1156,1161,3.7789e+06,1142.1
1155,1158.8,1113,1120,5.1613e+06,1101.7
894.58,905.25,881.99,893.73,1.9551e+06,874.61
894.58,905.25,881.99,893.73,1.9551e+06,874.61
1122,1165,1118,1151,2.7251e+06,1132.2
1159,1164.2,1139,1153,1.9573e+06,1134.2
1156,1167,1145,1158,2.1142e+06,1139.1
1152,1160.5,1138,1142,1.9332e+06,1123.4
1140,1155,1130,1149,1.5543e+06,1130.3
894.58,905.25,881.99,893.73,1.9551e+06,874.61
894.58,905.25,881.99,893.73,1.9551e+06,874.61
1149,1151,1134,1137,1.3741e+06,1118.5
1139,1145,1127,1134,1.4019e+06,1115.5
1134,1159,1130,1155,1.6959e+06,1136.2
1149,1168,1149,1154,1.9435e+06,1135.2
1150,1157,1127,1134,2.0219e+06,1115.5
894.58,905.25,881.99,893.73,1.9551e+06,874.61
894.58,905.25,881.99,893.73,1.9551e+06,874.61
1130,1132,1115,1127,2.2106e+06,1108.6
1123,1141,1084,1097,5.9742e+06,1079.1
1101,1110,1098,1100,2.1373e+06,1082.1
1094,1101,1083,1100,2.0595e+06,1082.1
1119,1126,1108,1120,3.6345e+06,1101.7
894.58,905.25,881.99,893.73,1.9551e+06,874.61
894.58,905.25,881.99,893.73,1.9551e+06,874.61
1140,1153,1133,1144,4.2826e+06,1125.3
1148,1157,1138,1148,1.8246e+06,1129.3
1150,1158,1147,1157,1.8443e+06,1138.1
1156,1157,1141,1144,1.9568e+06,1125.3
1136,1139.2,1128,1132,1.2406e+06,1113.5
894.58,905.25,881.99,893.73,1.9551e+06,874.61
894.58,905.25,881.99,893.73,1.9551e+06,874.61
1100,1123,1093,1104,1.8114e+06,1086
1094,1110,1083,1099,2.2934e+06,1081.1
1106,1132,1099,1101,2.9357e+06,1083
1100,1101,1059,1059,3.4902e+06,1041.7
1061,1081,1061,1074,2.7111e+06,1056.5
894.58,905.25,881.99,893.73,1.9551e+06,874.61
894.58,905.25,881.99,893.73,1.9551e+06,874.61
1062,1068,1049,1051,2.0073e+06,1033.9
1050,1055,1035,1035,2.4906e+06,1018.1
1034,1058,1028,1038,2.2146e+06,1021.1
1038,1058.8,1036.8,1053,1.6691e+06,1035.8
1067,1070,1046,1050,1.5391e+06,1032.9
894.58,905.25,881.99,893.73,1.9551e+06,874.61
894.58,905.25,881.99,893.73,1.9551e+06,874.61
1062,1068.3,1042,1054,1.8669e+06,1036.8
1054,1069,1049.6,1069,1.7289e+06,1051.6
1070,1070,1056,1057,1.3622e+06,1039.8
1064,1085.6,1063,1078,1.4123e+06,1060.4
1083,1083,1070,1079,1.0709e+06,1061.4
894.58,905.25,881.99,893.73,1.9551e+06,874.61
894.58,905.25,881.99,893.73,1.9551e+06,874.61
1076,1084,1067,1068,1.3175e+06,1050.6
1065,1065,1036,1043,2.1565e+06,1026
1012,1018,977,1007,4.8574e+06,990.57
950,995,949,974.5,5.6261e+06,958.6
950,963.5,932,940,5.3641e+06,924.67
894.58,905.25,881.99,893.73,1.9551e+06,874.61
894.58,905.25,881.99,893.73,1.9551e+06,874.61
936,941.85,919.59,937.5,2.2858e+06,922.21
943.5,962.5,943,955.5,3.9777e+06,939.91
964.5,969.5,955,965.5,3.2016e+06,949.75
972.5,980,956.5,964,2.7257e+06,948.27
969,985,965,981.5,2.819e+06,965.49
894.58,905.25,881.99,893.73,1.9551e+06,874.61
894.58,905.25,881.99,893.73,1.9551e+06,874.61
975,977,963,965,2.2074e+06,949.26
966.5,966.5,940,950,2.6715e+06,934.5
949,968.5,937,966,3.8073e+06,950.24
960,971.92,954.5,955.5,1.6294e+06,939.91
958,963,947.5,956,1.9382e+06,940.4
894.58,905.25,881.99,893.73,1.9551e+06,874.61
894.58,905.25,881.99,893.73,1.9551e+06,874.61
961,971.5,951.5,969,2.6273e+06,953.19
964.5,979.5,958,975,3.3263e+06,959.1
967,980,959.5,978,3.1803e+06,962.05
981,983.5,949,951,3.0423e+06,947.35
949.5,954.5,942.47,952,2.1117e+06,948.35
894.58,905.25,881.99,893.73,1.9551e+06,874.61
894.58,905.25,881.99,893.73,1.9551e+06,874.61
957,959.34,946.5,952,1.907e+06,948.35
950,954.5,942,950,2.5227e+06,946.36
947,947,909.76,911.5,2.4015e+06,908
904.5,931.54,904,912.5,2.5082e+06,909
902.5,912.37,892,892,2.3256e+06,888.58
894.58,905.25,881.99,893.73,1.9551e+06,874.61
894.58,905.25,881.99,893.73,1.9551e+06,874.61
865,889,838,883,4.7723e+06,879.61
889,928.5,887,922.5,3.7629e+06,918.96
908,921.5,892.5,902,2.9381e+06,898.54
923,941,921,937.5,6.8804e+06,933.9
936.5,950,931.5,945.5,2.8645e+06,941.87
894.58,905.25,881.99,893.73,1.9551e+06,874.61
894.58,905.25,881.99,893.73,1.9551e+06,874.61
945.5,945.5,945.5,945.5,0,941.87
931.5,936.5,914.5,917,2.9398e+06,913.48
970,1000,951.5,988,6.4513e+06,984.21
1000,1023,996.5,1013,5.0859e+06,1009.1
1010,1011.7,974.5,977.5,4.3141e+06,973.75
894.58,905.25,881.99,893.73,1.9551e+06,874.61
894.58,905.25,881.99,893.73,1.9551e+06,874.61
993,997,981,981,2.2417e+06,977.24
990,995.35,974.5,974.5,2.3816e+06,970.76
995.5,1002.2,978.5,990.5,2.6354e+06,986.7
985,1025.5,983.5,1018,4.0555e+06,1014.1
1018,1025,1001,1009,2.213e+06,1005.1
894.58,905.25,881.99,893.73,1.9551e+06,874.61
894.58,905.25,881.99,893.73,1.9551e+06,874.61
1009,1015,993,993,1.3386e+06,989.19
995.5,1002,979.5,999,2.081e+06,995.17
1004,1016,999.5,1013,1.9762e+06,1009.1
1020,1024,1001,1003,1.2432e+06,999.15
997,997,964,981,2.7924e+06,977.24
894.58,905.25,881.99,893.73,1.9551e+06,874.61
894.58,905.25,881.99,893.73,1.9551e+06,874.61
977.5,988.5,962.5,964.5,1.9799e+06,960.8
961.5,967,936,943.5,2.1469e+06,939.88
945.5,961.5,938.5,955,1.5555e+06,951.34
953,958,925.5,930,3.2374e+06,926.43
947,971,943.5,949.5,2.0992e+06,945.86
894.58,905.25,881.99,893.73,1.9551e+06,874.61
894.58,905.25,881.99,893.73,1.9551e+06,874.61
949.5,951,926.5,930.5,1.4372e+06,926.93
920.5,926,904.5,908,2.5243e+06,904.52
925,932.5,912.5,930,1.9179e+06,926.43
942.5,955,915.5,923,2.0325e+06,919.46
925,947,914.5,930,2.5983e+06,926.43
894.58,905.25,881.99,893.73,1.9551e+06,874.61
894.58,905.25,881.99,893.73,1.9551e+06,874.61
944,969,941.5,966.5,3.0369e+06,962.79
970,984.5,962.5,980.5,2.8073e+06,976.74
982,1001,978.5,986.5,2.9583e+06,982.72
990,1004.1,989,1001,2.4625e+06,997.16
1006,1058,1006,1045,3.4921e+06,1041
894.58,905.25,881.99,893.73,1.9551e+06,874.61
894.58,905.25,881.99,893.73,1.9551e+06,874.61
1042,1042,1010.8,1011,1.7487e+06,1007.1
1012,1014,990,996,1.8319e+06,992.18
989.5,1000,978.5,979,1.8554e+06,975.25
983,983.31,959,964.5,2.5323e+06,960.8
973,975.5,944,949.5,1.9421e+06,945.86
894.58,905.25,881.99,893.73,1.9551e+06,874.61
894.58,905.25,881.99,893.73,1.9551e+06,874.61
946.5,952.18,927,938,1.7627e+06,934.4
936,947,922.5,941,1.9464e+06,937.39
944.5,963.88,936,950,2.5241e+06,946.36
960,990,960,987,2.9548e+06,983.22
995.5,1022,990,1012,2.2508e+06,1008.1
894.58,905.25,881.99,893.73,1.9551e+06,874.61
894.58,905.25,881.99,893.73,1.9551e+06,874.61
1010,1016,995.5,998,7.18e+05,994.17
1003,1003,981.5,981.5,1.2289e+06,977.74
984,1002,978,1002,9.348e+05,998.16
1004,1006,984,989,9.129e+05,985.21
992.5,1003.3,991,1000,1.135e+06,996.16
894.58,905.25,881.99,893.73,1.9551e+06,874.61
894.58,905.25,881.99,893.73,1.9551e+06,874.61
994.5,1022,993.72,1022,1.4158e+06,1018.1
1024,1041,1019,1037,1.5976e+06,1033
1042,1048,1033,1035,1.2377e+06,1031
1030,1033,1015,1017,1.8267e+06,1013.1
1015,1023,1009,1017,1.6989e+06,1013.1
894.58,905.25,881.99,893.73,1.9551e+06,874.61
894.58,905.25,881.99,893.73,1.9551e+06,874.61
1021,1040,1015,1016,4.3282e+06,1012.1
1022,1022.1,988.5,999.5,1.5492e+06,995.67
1004,1016,1000,1011,1.1647e+06,1007.1
1011,1012,988.5,990,1.422e+06,986.2
985,986,973,983.5,1.0719e+06,979.73
894.58,905.25,881.99,893.73,1.9551e+06,874.61
894.58,905.25,881.99,893.73,1.9551e+06,874.61
975,991,971.98,990.5,1.0202e+06,986.7
995.5,1021,993.5,1021,1.6758e+06,1017.1
1018,1033,1008,1031,1.168e+06,1027
1042,1064,1037,1052,2.4951e+06,1048
1057,1060,1039,1060,1.5461e+06,1055.9
894.58,905.25,881.99,893.73,1.9551e+06,874.61
894.58,905.25,881.99,893.73,1.9551e+06,874.61
1051,1066,1046,1058,1.263e+06,1053.9
1056,1056,1024,1032,1.6818e+06,1028
1038,1065,1032,1061,1.0774e+06,1056.9
1060,1081,1057,1080,1.0377e+06,1075.9
1077,1091,1076,1084,1.271e+06,1079.8
894.58,905.25,881.99,893.73,1.9551e+06,874.61
894.58,905.25,881.99,893.73,1.9551e+06,874.61
1080,1101.3,1077,1095,1.5577e+06,1090.8
1102,1106,1087,1100,1.4785e+06,1095.8
1107,1115,1092,1106,1.6256e+06,1101.8
1090,1091,1048.3,1051,2.9327e+06,1047
1046,1058,1037,1052,2.101e+06,1048
894.58,905.25,881.99,893.73,1.9551e+06,874.61
894.58,905.25,881.99,893.73,1.9551e+06,874.61
1061,1074,1047,1053,2.0908e+06,1049
1047,1052,1026,1031,2.461e+06,1027
1080,1128,1080,1120,4.8695e+06,1115.7
1118,1128,1101,1101,2.4528e+06,1096.8
1101,1114,1088,1088,2.5796e+06,1083.8
894.58,905.25,881.99,893.73,1.9551e+06,874.61
894.58,905.25,881.99,893.73,1.9551e+06,874.61
1086,1104,1067,1077,2.0435e+06,1072.9
1085,1105,1078,1100,1.7017e+06,1095.8
1101,1129.8,1101,1120,3.4516e+06,1115.7
1140,1155,1127,1127,2.2589e+06,1122.7
1123,1123,1102,1110,3.0963e+06,1105.7
894.58,905.25,881.99,893.73,1.9551e+06,874.61
894.58,905.25,881.99,893.73,1.9551e+06,874.61
1104,1109,1086,1095,1.6129e+06,1090.8
1107,1109,1085,1094,1.0604e+06,1089.8
1098,1127,1098,1122,1.1991e+06,1117.7
1119,1124,1112,1112,3.26e+05,1107.7
894.58,905.25,881.99,893.73,1.9551e+06,874.61
894.58,905.25,881.99,893.73,1.9551e+06,874.61
894.58,905.25,881.99,893.73,1.9551e+06,874.61
894.58,905.25,881.99,893.73,1.9551e+06,874.61
1121,1134,1116,1128,1.1597e+06,1123.7
1127,1130,1119,1125,9.293e+05,1120.7
1118,1124,1112,1119,4.529e+05,1114.7
894.58,905.25,881.99,893.73,1.9551e+06,874.61
894.58,905.25,881.99,893.73,1.9551e+06,874.61
894.58,905.25,881.99,893.73,1.9551e+06,874.61
1102,1106,1077,1080,2.9935e+06,1075.9
1090,1103.4,1080,1080,1.2491e+06,1075.9
1092,1098.6,1054,1067,1.9559e+06,1062.9
1041,1051,1009,1047,2.559e+06,1043
1052,1052,1016,1021,2.6878e+06,1017.1
894.58,905.25,881.99,893.73,1.9551e+06,874.61
894.58,905.25,881.99,893.73,1.9551e+06,874.61
1017,1032.9,1014,1020,1.4981e+06,1016.1
1023,1043,1016,1026,1.6306e+06,1022.1
1037,1056,1030,1043,2.0107e+06,1039
1024,1027,990.5,997,2.8032e+06,997
994,1003,954.36,960,4.1368e+06,960
894.58,905.25,881.99,893.73,1.9551e+06,874.61
894.58,905.25,881.99,893.73,1.9551e+06,874.61
967.5,980,949.48,950,1.7624e+06,950
969.5,980,959.94,968,1.3726e+06,968
946.5,954,925.81,932.5,2.8418e+06,932.5
942.5,957,927.5,957,2.488e+06,957
973,993.5,971,990,2.8166e+06,990
894.58,905.25,881.99,893.73,1.9551e+06,874.61
894.58,905.25,881.99,893.73,1.9551e+06,874.61
997,997,968.5,970,2.7416e+06,970
956,970,953,964,2.6455e+06,964
963,977.78,954.5,965,1.911e+06,965
900,920.5,883,890,7.9677e+06,890
898.5,912.5,885.5,899,4.7147e+06,899
894.58,905.25,881.99,893.73,1.9551e+06,874.61
894.58,905.25,881.99,893.73,1.9551e+06,874.61
906,910,884,893.5,3.3492e+06,893.5
888.5,891,875.5,887.5,3.8002e+06,887.5
882,890,863.73,878,2.499e+06,878
890,908.5,871,899,2.4775e+06,899
901.5,912,887.5,896,3.2414e+06,896
894.58,905.25,881.99,893.73,1.9551e+06,874.61
894.58,905.25,881.99,893.73,1.9551e+06,874.61
898,899,823.5,828,2.9179e+06,828
829.5,834.5,810,825,2.6804e+06,825
834,835,794.71,798.5,3.3807e+06,798.5
785,790,749,769,6.2122e+06,769
776.5,807.5,772.5,805,3.3864e+06,805
894.58,905.25,881.99,893.73,1.9551e+06,874.61
894.58,905.25,881.99,893.73,1.9551e+06,874.61
821.5,827.5,814.5,821.5,1.9612e+06,821.5
832.5,840.5,814,836,2.5989e+06,836
840,862.5,838.5,862.5,2.2861e+06,862.5
