1123,1125,1082,1098,1.627e+06,993.48
1096,1102,1087,1095,2.4986e+06,990.76
1093,1097,1064.8,1068,2.1839e+06,966.33
1056,1071,1039,1067,3.1625e+06,965.43
1082,1101,1077.5,1084,3.1346e+06,980.81
757.06,767,744.78,755.6,2.5708e+06,720.56
757.06,767,744.78,755.6,2.5708e+06,720.56
1101,1126,1100,1117,2.3955e+06,1010.7
1098,1115,1095.4,1101,2.0798e+06,996.19
1110,1119,1085,1115,1.6425e+06,1008.9
1127,1130,1089,1093,2.0119e+06,988.95
1093,1093,1062,1079,2.1373e+06,976.29
757.06,767,744.78,755.6,2.5708e+06,720.56
757.06,767,744.78,755.6,2.5708e+06,720.56
1071,1072,1050,1058,2.9933e+06,957.29
1069,1097,1064.1,1095,2.2366e+06,990.76
1100,1100,1063,1064,1.5967e+06,962.72
1070,1086.3,1066,1070,2.92e+06,968.14
1075,1079.4,1063.5,1069,2.0358e+06,967.24
757.06,767,744.78,755.6,2.5708e+06,720.56
757.06,767,744.78,755.6,2.5708e+06,720.56
1071,1105.3,1067.4,1095,2.784e+06,990.76
1135,1157.7,1126,1129,4.9148e+06,1021.5
1141,1150,1086,1095,3.6205e+06,990.76
1100,1104,1078,1088,2.451e+06,984.43
1094,1097,1077,1082,3.5878e+06,979
757.06,767,744.78,755.6,2.5708e+06,720.56
757.06,767,744.78,755.6,2.5708e+06,720.56
1059,1074,1047,1066,1.866e+06,964.52
1068,1070,1045,1050,2.3264e+06,950.05
1051,1062.5,1041,1048,1.8446e+06,948.24
1053,1060,1037.5,1048,1.5672e+06,948.24
1042,1055,1032,1033,1.4521e+06,934.67
757.06,767,744.78,755.6,2.5708e+06,720.56
757.06,767,744.78,755.6,2.5708e+06,720.56
1043,1043,1002,1008,1.7562e+06,912.04
1009,1030,1004.5,1021,1.6008e+06,923.81
1034,1038,1019,1025,1.4684e+06,927.43
1015,1015,980,984,3.9835e+06,890.33
984,984,984,984,0,890.33
757.06,767,744.78,755.6,2.5708e+06,720.56
757.06,767,744.78,755.6,2.5708e+06,720.56
984,984,984,984,0,890.33
979.5,992.5,950.08,966.5,2.5486e+06,874.5
966.5,971.5,944.5,952.5,1.978e+06,861.83
949,985.5,947,969,1.8446e+06,876.76
973.5,985,950,961,1.4244e+06,869.52
757.06,767,744.78,755.6,2.5708e+06,720.56
757.06,767,744.78,755.6,2.5708e+06,720.56
969.5,1002,962.5,990.5,3.1091e+06,896.21
1007,1029,1000,1028,2.8987e+06,930.14
1034,1043,1018,1032,2.6981e+06,933.76
1037,1037,1001,1015,2.1363e+06,918.38
1017,1060,1010,1013,2.7638e+06,916.57
757.06,767,744.78,755.6,2.5708e+06,720.56
757.06,767,744.78,755.6,2.5708e+06,720.56
1008,1008,934.5,937,3.6218e+06,847.8
939,957,938,944,2.4589e+06,854.14
949.5,949.5,901.5,906,3.3603e+06,819.76
896.5,896.5,859.16,889.5,5.6266e+06,804.83
896.5,919,890,902.5,3.9083e+06,816.59
757.06,767,744.78,755.6,2.5708e+06,720.56
757.06,767,744.78,755.6,2.5708e+06,720.56
905,911.5,886,892.5,2.2391e+06,807.54
887,890,875.5,884,2.8656e+06,799.85
890,923,890,911.5,3.1667e+06,824.73
918.5,956.46,917.5,953.5,3.8372e+06,862.73
955,955,915,916,2.1871e+06,828.8
757.06,767,744.78,755.6,2.5708e+06,720.56
757.06,767,744.78,755.6,2.5708e+06,720.56
918.5,935,906,910,2.0183e+06,823.37
914.5,918.5,888,897.5,2.5884e+06,812.06
938,938,889.22,895,2.4567e+06,809.8
910.5,922.5,878.5,912.5,2.5093e+06,825.64
922.5,985,918,983,3.91e+06,889.42
757.06,767,744.78,755.6,2.5708e+06,720.56
757.06,767,744.78,755.6,2.5708e+06,720.56
983,983,983,983,0,889.42
989,1027,981.5,989.5,3.4846e+06,895.31
947.5,962,928,941,2.7994e+06,858.54
942,959,924.89,931.5,1.655e+06,849.88
934.5,948.38,911,913,2.5187e+06,833
757.06,767,744.78,755.6,2.5708e+06,720.56
757.06,767,744.78,755.6,2.5708e+06,720.56
940,950.5,922.5,940.5,2.5162e+06,858.09
945,945.5,924.91,939.5,2.4604e+06,857.18
937.5,938.5,917,919,2.2305e+06,838.47
924,927.6,909,924,1.614e+06,843.03
923,948,921.5,935,1.9714e+06,853.07
757.06,767,744.78,755.6,2.5708e+06,720.56
757.06,767,744.78,755.6,2.5708e+06,720.56
936,936,916.5,926,1.2288e+06,844.86
929,975,928.5,964,3.2371e+06,879.53
965.5,1026,958,1002,3.8703e+06,914.2
958,972.5,943.5,958,2.7195e+06,874.06
963,963.18,943,961,1.909e+06,876.79
757.06,767,744.78,755.6,2.5708e+06,720.56
757.06,767,744.78,755.6,2.5708e+06,720.56
961,961,961,961,0,876.79
962.5,976.5,959,964.5,2.351e+06,879.99
956.5,962,926.82,946,2.3598e+06,863.11
943,963,940,958.5,2.1425e+06,874.51
960.5,963.5,945.23,945.5,1.8714e+06,862.65
757.06,767,744.78,755.6,2.5708e+06,720.56
757.06,767,744.78,755.6,2.5708e+06,720.56
943,973.5,940.5,970.5,1.7281e+06,885.46
978,983.91,952.91,956,1.2425e+06,872.23
948,965,936,941,1.5033e+06,858.54
936.5,939.5,907,908,2.5486e+06,828.44
908.5,931.5,902.99,922,2.344e+06,841.21
757.06,767,744.78,755.6,2.5708e+06,720.56
757.06,767,744.78,755.6,2.5708e+06,720.56
916.5,918.5,899.5,911,2.0386e+06,831.17
903,904.5,867,884.5,4.0979e+06,807
880,900.13,876.5,879.5,1.9715e+06,802.43
866,904,864.38,892,2.0873e+06,813.84
902,923.5,898.5,904,2.125e+06,824.79
757.06,767,744.78,755.6,2.5708e+06,720.56
757.06,767,744.78,755.6,2.5708e+06,720.56
917.5,917.5,896.5,896.5,1.5012e+06,817.95
892.5,899.5,877,879,2.3963e+06,801.98
885,895,857.5,869.5,2.658e+06,793.31
850,850,821.5,824.5,3.7044e+06,752.25
825,849.5,822.25,838.5,4.1721e+06,765.03
757.06,767,744.78,755.6,2.5708e+06,720.56
757.06,767,744.78,755.6,2.5708e+06,720.56
827.5,829.4,811.5,813,2.5648e+06,741.76
820.5,834.07,809,819,1.8179e+06,747.24
820.5,820.5,783,801.5,2.3984e+06,731.27
807,829.5,802.5,816.5,2.9251e+06,744.96
819.5,826,791,795,2.7569e+06,725.34
757.06,767,744.78,755.6,2.5708e+06,720.56
757.06,767,744.78,755.6,2.5708e+06,720.56
805,837,795.4,832.5,2.9037e+06,759.55
834,851.5,824,825.5,2.7079e+06,753.17
824,827.5,800.5,812,1.4457e+06,740.85
820,842,811,835,1.3599e+06,761.83
839.5,840,784,784.5,2.1605e+06,715.76
757.06,767,744.78,755.6,2.5708e+06,720.56
757.06,767,744.78,755.6,2.5708e+06,720.56
794,807.5,785,802,1.4585e+06,731.73
813,825.1,809.5,817.5,1.4589e+06,745.87
815.5,822,798,814.5,2.4954e+06,743.13
843.5,864,549.5,853.5,2.5184e+06,778.71
856,856,827,832.5,1.4196e+06,759.55
757.06,767,744.78,755.6,2.5708e+06,720.56
757.06,767,744.78,755.6,2.5708e+06,720.56
835.5,846.5,812.5,823,1.9998e+06,750.88
829,838.5,819.5,833,2.9681e+06,760.01
837,855,830,835,1.6679e+06,761.83
834,854,832,848.5,1.3697e+06,774.15
864.5,867,832,846,1.9625e+06,771.87
757.06,767,744.78,755.6,2.5708e+06,720.56
757.06,767,744.78,755.6,2.5708e+06,720.56
850,861.11,840.5,846,1.3023e+06,771.87
857.5,871.64,855,857,1.4647e+06,781.91
864,890,857.5,885,3.1693e+06,807.45
878.5,885,864,871.5,2.3466e+06,795.13
877,891.5,856,858.5,1.9411e+06,783.27
757.06,767,744.78,755.6,2.5708e+06,720.56
757.06,767,744.78,755.6,2.5708e+06,720.56
861.5,878.5,855,876,1.5139e+06,799.24
879.5,882.5,869.5,875,1.8966e+06,798.33
877,897.11,875,882,3.7094e+06,804.72
888,914.5,883.5,913.5,1.8539e+06,833.46
908.5,909.5,888,901,2.3877e+06,822.05
757.06,767,744.78,755.6,2.5708e+06,720.56
757.06,767,744.78,755.6,2.5708e+06,720.56
902.5,908,889,893.5,1.0744e+06,815.21
885,888.5,843.5,849.5,2.2739e+06,775.06
849.5,853.81,832,844.5,1.5542e+06,770.5
860,890,860,876.5,1.7186e+06,799.7
880,944.5,876.5,942,3.4268e+06,859.46
757.06,767,744.78,755.6,2.5708e+06,720.56
757.06,767,744.78,755.6,2.5708e+06,720.56
950,965.5,931.25,958,1.892e+06,874.06
964.5,979,958,979,1.8958e+06,893.22
977.5,985,960,971,1.4307e+06,885.92
959,963,926.5,930,1.8137e+06,848.51
942,958.5,931.5,936.5,2.7521e+06,854.44
757.06,767,744.78,755.6,2.5708e+06,720.56
757.06,767,744.78,755.6,2.5708e+06,720.56
930,937,921.5,922,2.2207e+06,841.21
912.5,925,892,912,2.0985e+06,832.09
915,917,893,895,1.9708e+06,816.58
903,924.64,900.5,908,3.1129e+06,828.44
908,932.84,903.5,915,2.0039e+06,834.82
757.06,767,744.78,755.6,2.5708e+06,720.56
757.06,767,744.78,755.6,2.5708e+06,720.56
915,915,915,915,0,834.82
910,930,868.5,884.5,4.5478e+06,807
880,882.5,852,874.5,3.2125e+06,797.87
879,879,846,849,3.0278e+06,774.61
851,860.25,846.5,855,2.5908e+06,780.08
757.06,767,744.78,755.6,2.5708e+06,720.56
757.06,767,744.78,755.6,2.5708e+06,720.56
872,894,867.5,885.5,1.451e+06,807.91
888.5,901.5,883,893.5,1.8289e+06,815.21
896,899,874,886,1.3232e+06,808.37
884.5,889.78,871.5,881,1.8875e+06,803.8
881,905.5,875.5,899,2.0092e+06,820.23
757.06,767,744.78,755.6,2.5708e+06,720.56
757.06,767,744.78,755.6,2.5708e+06,720.56
901,905,887.5,891.5,9.793e+05,813.38
900,906,894,896.5,1.8383e+06,817.95
899,900,881,886,1.2067e+06,808.37
888,890.5,860.5,864,1.5243e+06,788.29
861.5,861.5,840,849.5,1.3151e+06,775.06
757.06,767,744.78,755.6,2.5708e+06,720.56
757.06,767,744.78,755.6,2.5708e+06,720.56
859.5,891,857.5,883,1.7849e+06,805.63
879.5,889,874.5,882,1.5799e+06,804.72
877,881,851.19,860.5,2.3092e+06,790.06
900,908,881,886,2.4887e+06,813.47
880,884.5,849.82,851.5,2.6686e+06,781.8
757.06,767,744.78,755.6,2.5708e+06,720.56
757.06,767,744.78,755.6,2.5708e+06,720.56
851.5,865.5,846.5,852,1.1233e+06,782.26
852,861.5,842.5,850,1.0443e+06,780.42
848.5,858,838.5,855.5,1.148e+06,785.47
854,864,848.5,853.5,1.2497e+06,783.63
846.5,848,816.76,830,2.4468e+06,762.06
757.06,767,744.78,755.6,2.5708e+06,720.56
757.06,767,744.78,755.6,2.5708e+06,720.56
816.5,823,806,818.5,1.4322e+06,751.5
821,825,807.5,816,1.404e+06,749.2
810.5,824.5,805.5,824,1.4481e+06,756.55
825.5,831.5,806.5,815,1.5413e+06,748.28
812,825,806,821.5,1.2917e+06,754.25
757.06,767,744.78,755.6,2.5708e+06,720.56
757.06,767,744.78,755.6,2.5708e+06,720.56
820,822.5,810.5,820.5,1.0551e+06,753.33
819,839,811.5,833.5,2.7283e+06,765.27
834,838,825,830.5,2.259e+06,762.51
835.5,854.5,831.5,852,1.2325e+06,782.26
858,865,810.75,859,1.4494e+06,788.68
757.06,767,744.78,755.6,2.5708e+06,720.56
757.06,767,744.78,755.6,2.5708e+06,720.56
849,872.5,844.75,867,1.3216e+06,796.03
875,895.5,875,888.5,1.7972e+06,815.77
884,894,866,891,1.5691e+06,818.06
894,901.5,884.56,888.5,1.4311e+06,815.77
896,901.5,886,899,1.031e+06,825.41
757.06,767,744.78,755.6,2.5708e+06,720.56
757.06,767,744.78,755.6,2.5708e+06,720.56
899,910.5,887,891,1.2453e+06,818.06
890,910,880.5,904,1.3066e+06,830
904,905.5,864,865.5,2.2205e+06,794.65
867,880.5,867,874,1.6364e+06,802.46
870.5,881.5,862.19,875.5,9.952e+05,803.83
757.06,767,744.78,755.6,2.5708e+06,720.56
757.06,767,744.78,755.6,2.5708e+06,720.56
883.5,885,864,870,1.7046e+06,798.78
868,888.59,862.5,888.5,1.8003e+06,815.77
893.5,898,867,897.5,1.3234e+06,824.03
895,896.94,847.5,855,2.5304e+06,785.01
856,858.5,829.5,837,2.346e+06,768.48
757.06,767,744.78,755.6,2.5708e+06,720.56
757.06,767,744.78,755.6,2.5708e+06,720.56
841,864.5,839.08,863.5,1.6352e+06,792.81
866.5,890.5,865,889,2.3298e+06,816.23
895,900.5,853,858,2.8087e+06,787.76
855,865.5,841.5,845,2.2742e+06,775.83
837,842.26,821,836.5,1.7907e+06,768.02
757.06,767,744.78,755.6,2.5708e+06,720.56
757.06,767,744.78,755.6,2.5708e+06,720.56
834.5,839.5,818.5,818.5,1.6514e+06,751.5
820,825.21,809,812.5,2.7715e+06,745.99
813.5,815.94,802.5,813.5,1.9785e+06,746.91
825,833.5,790.5,804,4.0948e+06,738.18
809.5,826.5,807.5,812,2.0087e+06,745.53
757.06,767,744.78,755.6,2.5708e+06,720.56
757.06,767,744.78,755.6,2.5708e+06,720.56
812.5,818.5,808,812.5,1.2964e+06,745.99
809,817,796,805,1.5418e+06,739.1
797.5,814.5,797.5,807,1.3222e+06,740.94
798,801.84,788,797,1.7769e+06,731.76
800,804.5,781.5,789.5,2.1675e+06,724.87
757.06,767,744.78,755.6,2.5708e+06,720.56
757.06,767,744.78,755.6,2.5708e+06,720.56
792.5,797,785.38,789.5,1.819e+06,724.87
787,792,776.5,779,1.7097e+06,715.23
779,781,768,776,1.5354e+06,712.48
778.5,793.45,774.5,788.5,1.3459e+06,723.95
790.5,806,789.31,794,2.6961e+06,729
757.06,767,744.78,755.6,2.5708e+06,720.56
757.06,767,744.78,755.6,2.5708e+06,720.56
794.5,798.5,779.5,780.5,1.722e+06,716.61
777,777.5,733,754,3.094e+06,692.28
758.5,773.5,755.5,767,1.7754e+06,704.21
761,774.5,761,768.5,2.0674e+06,705.59
767.5,781,765,769,1.2886e+06,706.05
757.06,767,744.78,755.6,2.5708e+06,720.56
757.06,767,744.78,755.6,2.5708e+06,720.56
771.5,771.5,747,761.5,1.1763e+06,699.16
766,771.5,760,765.5,1.3343e+06,702.84
766,770,753,760.5,1.0746e+06,698.25
756.5,768.5,753.78,761,2.3443e+06,698.71
762,765,752.5,761,1.4406e+06,698.71
757.06,767,744.78,755.6,2.5708e+06,720.56
757.06,767,744.78,755.6,2.5708e+06,720.56
755.5,771,747,768,1.6009e+06,705.13
768,781,758.5,779.5,1.4338e+06,715.69
779,795.5,776,795.5,1.7259e+06,730.38
803,803,790.5,799.5,1.7543e+06,734.05
801,802.5,781,796.5,2.3883e+06,731.3
757.06,767,744.78,755.6,2.5708e+06,720.56
757.06,767,744.78,755.6,2.5708e+06,720.56
800.5,807,793,804.5,9.224e+05,738.64
804.5,809,802.5,805,1.449e+05,739.1
805,805,805,805,0,739.1
805,805,805,805,0,739.1
803,834,803,830.5,8.447e+05,762.51
757.06,767,744.78,755.6,2.5708e+06,720.56
757.06,767,744.78,755.6,2.5708e+06,720.56
832,842,827,834,5.811e+05,765.73
838.5,838.5,823,824,1.733e+05,756.55
824,824,824,824,0,756.55
825,825.75,805,822,1.2299e+06,754.71
821,824,805,821,9.529e+05,753.79
757.06,767,744.78,755.6,2.5708e+06,720.56
757.06,767,744.78,755.6,2.5708e+06,720.56
820.5,822,785.5,787,1.4641e+06,722.58
788.5,807,777.5,780.5,1.7749e+06,716.61
780,791,769,772.5,1.2968e+06,709.26
770.5,772.5,762.5,768.5,1.541e+06,705.59
769,787.5,768,782,1.6892e+06,717.99
757.06,767,744.78,755.6,2.5708e+06,720.56
757.06,767,744.78,755.6,2.5708e+06,720.56
785,795,781.5,784,1.3659e+06,719.82
778,792.5,776,789,1.1123e+06,724.41
790,791.5,780,790,2.4726e+06,725.33
795.5,836,795.5,832.5,3.5408e+06,764.35
835,848.98,828.5,846.5,2.5796e+06,777.21
757.06,767,744.78,755.6,2.5708e+06,720.56
757.06,767,744.78,755.6,2.5708e+06,720.56
840,847.5,832.5,845,1.4576e+06,775.83
847,854,816,819.5,2.1949e+06,752.42
825.5,837,818.5,819.5,2.2312e+06,752.42
814,831,805,807,1.6718e+06,740.94
808.5,816.5,799.5,807,2.0083e+06,740.94
757.06,767,744.78,755.6,2.5708e+06,720.56
757.06,767,744.78,755.6,2.5708e+06,720.56
802.5,815,796.19,801.5,1.7665e+06,735.89
805.5,826.03,805.5,822.5,1.8248e+06,755.17
880,887.5,853,872.5,6.5171e+06,801.08
880,882.5,861.5,873.5,2.2921e+06,802
877,882,843.5,850.5,2.6787e+06,780.88
757.06,767,744.78,755.6,2.5708e+06,720.56
757.06,767,744.78,755.6,2.5708e+06,720.56
848,864.5,843.5,848,2.1393e+06,778.58
840,863.5,838.5,860.5,2.6911e+06,790.06
858.5,870,850,864,2.1521e+06,793.27
867,882.5,864,875.5,1.6668e+06,803.83
882.5,896,871.5,894,3.5263e+06,820.82
757.06,767,744.78,755.6,2.5708e+06,720.56
757.06,767,744.78,755.6,2.5708e+06,720.56
895,906.5,891.5,897.5,2.4624e+06,824.03
900,910.05,888.5,903,3.2963e+06,829.08
906.5,932,900.5,927.5,3.8557e+06,851.58
930,930.5,895,905.5,3.1916e+06,831.38
909.5,940.5,907.5,938.5,2.56e+06,861.67
757.06,767,744.78,755.6,2.5708e+06,720.56
757.06,767,744.78,755.6,2.5708e+06,720.56
939,949.5,931,949,1.2278e+06,871.32
946,951,938,950,2.2591e+06,872.23
949.5,959.5,942.13,959,1.5835e+06,880.5
945.5,950.98,930.5,950.5,3.2628e+06,872.69
953,957.5,929.5,955,1.8441e+06,876.82
757.06,767,744.78,755.6,2.5708e+06,720.56
757.06,767,744.78,755.6,2.5708e+06,720.56
950,950,928,933,2.3208e+06,856.63
932.5,933.5,904.5,914.5,3.1965e+06,839.64
912.5,923.5,908,911.5,1.4228e+06,836.88
913.5,926.5,909,921.5,2.5033e+06,846.07
921,921.5,897.5,900.5,2.0554e+06,826.78
757.06,767,744.78,755.6,2.5708e+06,720.56
757.06,767,744.78,755.6,2.5708e+06,720.56
885.5,907.5,879.5,882.5,4.8067e+06,810.26
891,906,886.5,902.5,2.0225e+06,828.62
903,917,903,911.5,1.5501e+06,836.88
914.5,920,911.5,915,2.1286e+06,840.1
914,915,874.25,877,2.931e+06,805.21
757.06,767,744.78,755.6,2.5708e+06,720.56
757.06,767,744.78,755.6,2.5708e+06,720.56
850,868.5,843.5,858.5,3.5127e+06,788.22
861,873,834.5,840,2.9564e+06,771.24
834,862.5,826,853.5,3.9143e+06,783.63
854,858.5,835,835.5,2.1928e+06,767.11
827.5,836,816.5,829.5,2.3331e+06,761.6
757.06,767,744.78,755.6,2.5708e+06,720.56
757.06,767,744.78,755.6,2.5708e+06,720.56
829.5,851.75,828,847.5,1.9605e+06,778.12
885,900,816,828.5,3.8813e+06,760.68
799,813,773.5,785,5.5408e+06,720.74
779,796,773.5,794,3.0509e+06,729
797,810.9,794.49,806.5,3.0865e+06,740.48
757.06,767,744.78,755.6,2.5708e+06,720.56
757.06,767,744.78,755.6,2.5708e+06,720.56
806,813,795.5,797,2.4943e+06,731.76
800,818.75,799,818.5,4.1704e+06,751.5
823,842.5,822.5,834,3.4187e+06,765.73
829,831,817,827.5,2.1818e+06,759.76
835.5,845,827.5,841.5,2.1716e+06,772.62
757.06,767,744.78,755.6,2.5708e+06,720.56
757.06,767,744.78,755.6,2.5708e+06,720.56
844.5,854.45,832,835.5,1.4542e+06,767.11
843,846.5,834,839.5,1.7082e+06,770.78
850,871.52,848.5,856.5,2.7707e+06,786.39
853.5,860,841,845.5,2.1652e+06,776.29
848,868.5,846,863,1.3791e+06,792.36
757.06,767,744.78,755.6,2.5708e+06,720.56
757.06,767,744.78,755.6,2.5708e+06,720.56
857,861.5,846.5,851.5,1.4502e+06,781.8
856,874,851.5,870.5,2.0456e+06,799.24
865,873.5,847.5,848,1.8912e+06,778.58
852,861,824,829.5,3.3055e+06,761.6
821.5,833,809,825,3.1798e+06,757.47
757.06,767,744.78,755.6,2.5708e+06,720.56
757.06,767,744.78,755.6,2.5708e+06,720.56
823,843.5,823,842,2.3548e+06,773.07
839,847,828,832.5,2.6704e+06,764.35
842.5,851.5,830,846,1.5886e+06,776.75
847,847,827,828.5,3.394e+06,760.68
828.5,828.5,828.5,828.5,0,760.68
757.06,767,744.78,755.6,2.5708e+06,720.56
757.06,767,744.78,755.6,2.5708e+06,720.56
828.5,828.5,828.5,828.5,0,760.68
827.5,847,822.5,844.5,1.589e+06,775.37
799,802.22,791.5,796.5,1.891e+06,778.28
803,812,792.5,800,2.2935e+06,781.7
809.5,810,789,790,2.4871e+06,771.93
757.06,767,744.78,755.6,2.5708e+06,720.56
757.06,767,744.78,755.6,2.5708e+06,720.56
789,797.2,783.15,787.5,2.0081e+06,769.48
784.5,790.5,776,781,2.8274e+06,763.13
787,803.42,777.5,787,1.8784e+06,769
791,791,760.5,776,1.0866e+06,758.25
775.5,790.5,771,790.5,2.0714e+06,772.41
757.06,767,744.78,755.6,2.5708e+06,720.56
757.06,767,744.78,755.6,2.5708e+06,720.56
790.5,790.5,790.5,790.5,0,772.41
799.5,808.5,781.82,783.5,2.3702e+06,765.58
780,782.5,768.5,780,1.9291e+06,762.16
776,781.67,775.5,779.5,1.4665e+06,761.67
776.5,780.5,760,769,3.3226e+06,751.41
757.06,767,744.78,755.6,2.5708e+06,720.56
757.06,767,744.78,755.6,2.5708e+06,720.56
778.5,797,777,796,2.8939e+06,777.79
802.5,810.5,776.5,779,2.7564e+06,761.18
782.5,798.5,772.94,795,2.0435e+06,776.81
803,812.88,788.31,800,3.0861e+06,781.7
799,800.5,779,790.5,1.9971e+06,772.41
757.06,767,744.78,755.6,2.5708e+06,720.56
757.06,767,744.78,755.6,2.5708e+06,720.56
793,801.5,792.5,800,1.6969e+06,781.7
799.5,802,783,783.5,1.1152e+06,765.58
781,781,768,771,2.3275e+06,753.36
776,790,775,786,1.5851e+06,768.02
788,800,783,799,1.2184e+06,780.72
757.06,767,744.78,755.6,2.5708e+06,720.56
757.06,767,744.78,755.6,2.5708e+06,720.56
799,799,799,799,0,780.72
804,807,795,795,1.4828e+06,776.81
796,804.5,794,797.5,3.2164e+06,779.26
795.5,805.5,794,804.5,7.421e+05,786.1
798.5,799.71,785,788.5,1.9853e+06,770.46
757.06,767,744.78,755.6,2.5708e+06,720.56
757.06,767,744.78,755.6,2.5708e+06,720.56
793,802,791,797.5,1.0598e+06,779.26
800,806,789.5,790,1.3376e+06,771.93
788,791,772,778,2.0386e+06,760.2
780,781.5,769,778,1.5825e+06,760.2
778.5,779.5,766,772.5,1.955e+06,754.83
757.06,767,744.78,755.6,2.5708e+06,720.56
757.06,767,744.78,755.6,2.5708e+06,720.56
773,789,773,781,1.1388e+06,763.13
780.5,780.5,769,773,1.383e+06,755.32
773.5,778.89,766.5,769.5,1.2663e+06,751.9
767,767,746.5,749.5,3.126e+06,732.35
749.5,749.5,735,746.5,5.9581e+06,729.42
757.06,767,744.78,755.6,2.5708e+06,720.56
757.06,767,744.78,755.6,2.5708e+06,720.56
748,753,745,748.5,4.8801e+06,731.38
753.5,756,734.5,755.5,2.7571e+06,738.22
759,762,754.5,757.5,1.5899e+06,740.17
766.5,774.5,765,765,1.5419e+06,747.5
767,775,765.5,770.5,2.2338e+06,752.87
757.06,767,744.78,755.6,2.5708e+06,720.56
757.06,767,744.78,755.6,2.5708e+06,720.56
777,782.5,775.5,779,1.3512e+06,761.18
784,786.5,775,779,1.5313e+06,761.18
777,777.88,757,762.5,1.6739e+06,745.06
769.5,777.5,762,763.5,1.5637e+06,746.03
766,766,759.1,764.5,2.3726e+06,747.01
757.06,767,744.78,755.6,2.5708e+06,720.56
757.06,767,744.78,755.6,2.5708e+06,720.56
762,767.5,759,763,1.3249e+06,745.54
772,774.4,765,769.5,3.9452e+06,751.9
773,783,767.5,781.5,4.6161e+06,763.62
781.5,821.5,780.5,820,6.6768e+06,801.24
825,834.5,814,827,2.2345e+06,808.08
757.06,767,744.78,755.6,2.5708e+06,720.56
757.06,767,744.78,755.6,2.5708e+06,720.56
819,823.5,807.5,815.5,1.9538e+06,796.84
819,822.5,811.5,811.5,2.8195e+06,792.93
812,819.5,802.5,817.5,1.7009e+06,798.8
819,823.5,802.5,812,2.2747e+06,793.42
816,816,796,809.5,1.4034e+06,790.98
757.06,767,744.78,755.6,2.5708e+06,720.56
757.06,767,744.78,755.6,2.5708e+06,720.56
813,815.5,809.5,814.5,1.9082e+06,795.87
816,823,807,810,1.6988e+06,791.47
815,825.5,806.75,824.5,2.0053e+06,805.64
823.5,825,810,812,1.4534e+06,793.42
809,810,802,805.5,1.7961e+06,787.07
757.06,767,744.78,755.6,2.5708e+06,720.56
757.06,767,744.78,755.6,2.5708e+06,720.56
807,819.5,807,815.5,1.0631e+06,796.84
820,835.5,820,831,1.2263e+06,811.99
831.5,842,829.5,834,1.0864e+06,814.92
841,848.9,838,847,1.8363e+06,827.62
846,850,842.5,847,1.212e+06,827.62
757.06,767,744.78,755.6,2.5708e+06,720.56
757.06,767,744.78,755.6,2.5708e+06,720.56
850,858.5,840.5,845.5,1.1013e+06,826.16
850,861.5,845,855,2.0351e+06,835.44
852,852,813.5,816,2.9646e+06,797.33
814.5,824.5,808,810.5,2.9084e+06,791.96
807,816.5,796,809.5,2.1001e+06,790.98
757.06,767,744.78,755.6,2.5708e+06,720.56
757.06,767,744.78,755.6,2.5708e+06,720.56
815.5,819,810,811,1.2897e+06,792.45
813,819,805.5,811.5,1.4662e+06,792.93
805.5,824,803.25,822.5,1.8891e+06,803.68
824,836,803.5,806.5,1.4085e+06,788.05
797.5,810.5,795,806.5,1.4171e+06,788.05
757.06,767,744.78,755.6,2.5708e+06,720.56
757.06,767,744.78,755.6,2.5708e+06,720.56
811,826.5,808.5,823,1.0702e+06,804.17
822,826.5,814.5,821.5,8.841e+05,802.71
821,822.5,804,809,2.1199e+06,790.49
807,820.5,801.5,813,1.834e+06,794.4
818,821.5,804,807,1.669e+06,788.54
757.06,767,744.78,755.6,2.5708e+06,720.56
757.06,767,744.78,755.6,2.5708e+06,720.56
814.5,817,808,811,1.3073e+06,792.45
813,823,809,818,1.7224e+06,799.29
818,822.5,806,819,1.3693e+06,800.26
817.5,817.5,801.5,808.5,1.0773e+06,790
809.5,815,802.5,808,1.1975e+06,789.51
757.06,767,744.78,755.6,2.5708e+06,720.56
757.06,767,744.78,755.6,2.5708e+06,720.56
808,808,808,808,0,789.51
802.5,807,775.5,798.5,3.5306e+06,780.23
803,813,797.5,808,2.0616e+06,789.51
803.5,803.5,787.5,790,2.7774e+06,771.93
791,792,776.5,785.5,1.7198e+06,767.53
757.06,767,744.78,755.6,2.5708e+06,720.56
757.06,767,744.78,755.6,2.5708e+06,720.56
784,788.5,778,780.5,1.2421e+06,762.64
781.5,794,780.5,791,1.5358e+06,772.9
793,806.5,787.65,792.5,1.5225e+06,774.37
792,798,789,792.5,2.1806e+06,774.37
789,797,785.5,794,1.8622e+06,775.84
757.06,767,744.78,755.6,2.5708e+06,720.56
757.06,767,744.78,755.6,2.5708e+06,720.56
793,795,787.5,791,1.0454e+06,772.9
790,796.5,782,785,1.6458e+06,767.04
784,791,778,779,2.7992e+06,761.18
778.5,779.33,764,767,1.6899e+06,749.45
766.5,770.5,761,764,1.7374e+06,746.52
757.06,767,744.78,755.6,2.5708e+06,720.56
757.06,767,744.78,755.6,2.5708e+06,720.56
760,764,758,761.5,1.2148e+06,744.08
767.5,770.5,756,762,2.004e+06,744.57
760,760,751.5,753,2.1979e+06,742.75
751.5,755.5,743,753,2.0359e+06,742.75
755,759.5,748.5,752.5,2.0334e+06,742.25
757.06,767,744.78,755.6,2.5708e+06,720.56
757.06,767,744.78,755.6,2.5708e+06,720.56
747.5,750.82,732.5,734.5,2.8604e+06,724.5
737.5,738.5,722.5,729,3.2128e+06,719.07
728.5,744,722.5,741,6.752e+06,730.91
740,740,722.5,727,2.1517e+06,717.1
725.5,732.5,719.5,722,1.3967e+06,712.17
757.06,767,744.78,755.6,2.5708e+06,720.56
757.06,767,744.78,755.6,2.5708e+06,720.56
719.5,721,707.5,718.5,1.4385e+06,708.72
718.5,734.5,714,721,2.7932e+06,711.18
716,716.5,700.5,702,2.9063e+06,692.44
701,709.5,696.5,698.5,3.2603e+06,688.99
704.5,705.5,678.5,680.5,4.2403e+06,671.24
757.06,767,744.78,755.6,2.5708e+06,720.56
757.06,767,744.78,755.6,2.5708e+06,720.56
683,710,679.5,706.5,2.6592e+06,696.88
714,718,698.5,698.5,2.6358e+06,688.99
696,696.5,673,675,3.4822e+06,665.81
691,702,683.5,686,3.3138e+06,676.66
676.5,677.68,658.85,661.5,4.098e+06,652.49
757.06,767,744.78,755.6,2.5708e+06,720.56
757.06,767,744.78,755.6,2.5708e+06,720.56
660.5,680,658,677,2.4799e+06,667.78
675.5,682.5,668.5,679.5,3.9722e+06,670.25
682,682,661.5,666,3.2063e+06,656.93
677.5,684,659,679,4.7319e+06,669.76
682,688.5,673,683.5,2.2955e+06,674.19
757.06,767,744.78,755.6,2.5708e+06,720.56
757.06,767,744.78,755.6,2.5708e+06,720.56
685,686,674,680.5,1.9277e+06,671.24
676,693.5,675.5,691,2.2584e+06,681.59
694,699.5,688,694.5,2.8539e+06,685.04
690.5,698.5,679,697.5,2.2781e+06,688
697.5,697.5,688.5,693,2.2106e+06,683.57
757.06,767,744.78,755.6,2.5708e+06,720.56
757.06,767,744.78,755.6,2.5708e+06,720.56
700,702.5,674.5,678.5,3.0375e+06,669.26
683,702,679.5,700.5,2.3754e+06,690.96
680,713.5,680,704,3.303e+06,694.41
705.5,707.5,683.5,690.5,2.6852e+06,681.1
699.5,704,694.5,702.5,3.3359e+06,692.93
757.06,767,744.78,755.6,2.5708e+06,720.56
757.06,767,744.78,755.6,2.5708e+06,720.56
698.5,706.48,694,696,2.3268e+06,686.52
693,706,691,696,2.358e+06,686.52
697,700.5,689.5,698,1.6084e+06,688.5
694.5,700.5,690,696,1.7798e+06,686.52
698,715,698,703.5,2.6217e+06,693.92
757.06,767,744.78,755.6,2.5708e+06,720.56
757.06,767,744.78,755.6,2.5708e+06,720.56
704,722.5,703.5,715.5,2.2449e+06,705.76
713,714.5,700.5,711.5,1.1111e+06,701.81
710.5,723.5,706.6,720.5,1.7262e+06,710.69
723.5,724,711.5,717.5,1.5175e+06,707.73
715.5,720,707.5,717.5,1.3165e+06,707.73
757.06,767,744.78,755.6,2.5708e+06,720.56
757.06,767,744.78,755.6,2.5708e+06,720.56
711,726.96,710.5,716.5,1.4891e+06,706.75
715,720.5,706,709.5,2.0554e+06,699.84
705.5,713.77,697,706.5,1.3695e+06,696.88
708,708.5,688.82,697,1.7981e+06,687.51
701,733.5,694,730.5,3.4242e+06,720.55
757.06,767,744.78,755.6,2.5708e+06,720.56
757.06,767,744.78,755.6,2.5708e+06,720.56
727.5,730,719,725.5,1.6352e+06,715.62
722,736,714.5,733.5,2.157e+06,723.51
747,765.5,742.5,761,5.3422e+06,750.64
763,766.95,748.5,750.5,1.7803e+06,740.28
748,754.5,731.5,737,4.0728e+06,726.97
757.06,767,744.78,755.6,2.5708e+06,720.56
757.06,767,744.78,755.6,2.5708e+06,720.56
724,736,713,735,4.1119e+06,724.99
737,753,732,741,2.3776e+06,730.91
737,742,725,739,2.4519e+06,728.94
740,741,724.5,732.5,2.0891e+06,722.53
734.5,738.5,727.5,732,1.6584e+06,722.03
757.06,767,744.78,755.6,2.5708e+06,720.56
757.06,767,744.78,755.6,2.5708e+06,720.56
728.5,736.5,724,726.5,1.3372e+06,716.61
719,742,709,731,2.9208e+06,721.05
730,734,723.5,726.5,2.2843e+06,716.61
722.5,730.5,704.5,713.5,1.9673e+06,703.78
708.5,711,694.5,701.5,1.6375e+06,691.95
757.06,767,744.78,755.6,2.5708e+06,720.56
757.06,767,744.78,755.6,2.5708e+06,720.56
696,712,685.5,686,2.3033e+06,676.66
685.5,700,672.5,700,3.5159e+06,690.47
690,722,689,716.5,3.9649e+06,706.75
727,728.68,716,722,2.3691e+06,712.17
729.5,748.5,726.08,744.5,4.2066e+06,734.36
757.06,767,744.78,755.6,2.5708e+06,720.56
757.06,767,744.78,755.6,2.5708e+06,720.56
746,754.5,733,738.5,2.3915e+06,728.45
739.5,748,735,745.5,1.1702e+06,735.35
754.5,754.5,742,745.5,1.864e+05,735.35
745.5,745.5,745.5,745.5,0,735.35
745.5,745.5,745.5,745.5,0,735.35
757.06,767,744.78,755.6,2.5708e+06,720.56
757.06,767,744.78,755.6,2.5708e+06,720.56
753.5,761.5,748.5,755,1.2066e+06,744.72
751,757.5,744,755,1.3929e+06,744.72
751,757,746.5,752.5,3.305e+05,742.25
752.5,752.5,752.5,752.5,0,742.25
758.5,761.5,737.5,748,1.5797e+06,737.82
757.06,767,744.78,755.6,2.5708e+06,720.56
757.06,767,744.78,755.6,2.5708e+06,720.56
747,759,721,722,2.7043e+06,712.17
726.5,734,715.5,717.5,3.1546e+06,707.73
724,732,711.5,719.5,2.3343e+06,709.7
728.5,751,726.5,746,3.205e+06,735.84
748,755,735.5,750,2.3978e+06,739.79
757.06,767,744.78,755.6,2.5708e+06,720.56
757.06,767,744.78,755.6,2.5708e+06,720.56
752.5,752.5,718.5,727.5,3.6386e+06,717.6
729,729,701.5,709,4.2724e+06,699.35
660,680,620,675,9.5616e+06,665.81
678,683,652.5,670,4.7437e+06,660.88
667.5,696.5,660.5,691,3.9588e+06,681.59
757.06,767,744.78,755.6,2.5708e+06,720.56
757.06,767,744.78,755.6,2.5708e+06,720.56
706.5,708.33,682.5,693.5,2.2466e+06,684.06
695.5,709,690,704.5,2.5634e+06,694.91
703,713,693,712.5,3.0633e+06,702.8
716,743.5,694.88,719,4.8091e+06,709.21
714,714,681.5,684.5,4.8668e+06,675.18
757.06,767,744.78,755.6,2.5708e+06,720.56
757.06,767,744.78,755.6,2.5708e+06,720.56
664,698,659,697,2.8769e+06,687.51
699,703,684,693.5,1.9015e+06,684.06
696,696,664,673.5,6.4203e+06,664.33
660,665.5,646,655,4.5077e+06,646.08
653,663,649,650,3.8094e+06,641.15
757.06,767,744.78,755.6,2.5708e+06,720.56
757.06,767,744.78,755.6,2.5708e+06,720.56
651,672.5,649,672,5.1714e+06,662.85
682,709,682,706,4.8923e+06,696.39
709,718,682,697.5,4.9519e+06,688
694,712,684,711,2.1092e+06,701.32
715.5,715.5,698.5,702,2.0544e+06,692.44
757.06,767,744.78,755.6,2.5708e+06,720.56
757.06,767,744.78,755.6,2.5708e+06,720.56
701,719,699.5,716.5,1.6294e+06,706.75
720,721,684.82,693.5,3.2781e+06,684.06
697,697,682.89,690.5,2.0151e+06,681.1
688,709.5,687,705.5,2.6176e+06,695.89
713,738.5,713,731,3.598e+06,721.05
757.06,767,744.78,755.6,2.5708e+06,720.56
757.06,767,744.78,755.6,2.5708e+06,720.56
732.5,753,729,750,2.2367e+06,739.79
744.5,767,730.5,744,3.4176e+06,733.87
747,755.5,735,752.5,2.2768e+06,742.25
753,755.5,740,748,1.5072e+06,737.82
747,761,746.5,753.5,2.2528e+06,743.24
757.06,767,744.78,755.6,2.5708e+06,720.56
757.06,767,744.78,755.6,2.5708e+06,720.56
750,754.5,727,732.5,2.8912e+06,722.53
736.5,756.5,723,754.5,2.8288e+06,744.23
753,766.5,747.5,754,2.5685e+06,743.73
755,786,754,768,3.7913e+06,757.54
765,771.5,760.5,767,2.2521e+06,756.56
757.06,767,744.78,755.6,2.5708e+06,720.56
757.06,767,744.78,755.6,2.5708e+06,720.56
770.5,778,761,765,2.3422e+06,754.58
763.5,765.5,753,755,3.1863e+06,744.72
753.5,757.5,738.5,740.5,1.9644e+06,730.42
736.5,754.5,730.5,754,6.5653e+06,743.73
750,756.5,743,748,1.9453e+06,737.82
757.06,767,744.78,755.6,2.5708e+06,720.56
757.06,767,744.78,755.6,2.5708e+06,720.56
740,754.5,737,752.5,2.4942e+06,742.25
745,745,711,711,4.6558e+06,701.32
711,717.1,693.5,699,3.7812e+06,689.48
710,722.76,700.5,700.5,3.139e+06,690.96
702,714,692,698.5,2.0856e+06,688.99
757.06,767,744.78,755.6,2.5708e+06,720.56
757.06,767,744.78,755.6,2.5708e+06,720.56
701.5,708,691.5,707,2.881e+06,697.37
687.5,703.5,675.5,687,4.401e+06,677.65
690,692.5,675,681.5,4.5474e+06,672.22
689.5,707,687.5,695,4.1638e+06,685.54
698.5,716,686.5,714.5,3.8081e+06,704.77
757.06,767,744.78,755.6,2.5708e+06,720.56
757.06,767,744.78,755.6,2.5708e+06,720.56
716.5,729,706.5,727,2.3399e+06,717.1
728,739.5,723.5,724,3.0294e+06,714.14
725.5,735.5,722.5,728.5,1.4989e+06,718.58
713.5,738.5,712.5,724.5,2.9e+06,714.64
720,721.5,704.42,715,2.6968e+06,705.26
757.06,767,744.78,755.6,2.5708e+06,720.56
757.06,767,744.78,755.6,2.5708e+06,720.56
724,746.84,715,739.5,2.9652e+06,729.43
745,762,729.5,732.5,4.7426e+06,722.53
732,739.5,720.5,733.5,3.514e+06,723.51
729.5,732,715,718,2.317e+06,708.22
718,718,718,718,0,708.22
757.06,767,744.78,755.6,2.5708e+06,720.56
757.06,767,744.78,755.6,2.5708e+06,720.56
718,718,718,718,0,708.22
718.5,740.5,718.34,740.5,4.6445e+06,730.42
742,752.5,732,733,3.7184e+06,723.02
735,741,717,738.5,1.9887e+06,728.45
740.5,743,732.5,740.5,2.0992e+06,730.42
757.06,767,744.78,755.6,2.5708e+06,720.56
757.06,767,744.78,755.6,2.5708e+06,720.56
737,740.5,716.5,722,2.01e+06,712.17
718,745,717,743,2.2409e+06,732.88
742,757.85,739.5,751,1.6408e+06,740.77
756,758,743,747,2.1309e+06,736.83
747.5,749.5,726,732,2.6877e+06,722.03
757.06,767,744.78,755.6,2.5708e+06,720.56
757.06,767,744.78,755.6,2.5708e+06,720.56
735.5,749,735,747,2.9178e+06,736.83
750,750,738,745,2.3088e+06,734.86
753.5,755,740,749.5,3.3966e+06,739.29
746,787.5,735.5,784.5,4.4386e+06,780.48
796,805,783,793.5,3.4363e+06,789.43
757.06,767,744.78,755.6,2.5708e+06,720.56
757.06,767,744.78,755.6,2.5708e+06,720.56
803,809.5,781.5,807.5,3.1246e+06,803.36
802.5,808.5,792.5,802,2.6143e+06,797.89
780,790.5,767.5,784,4.5365e+06,779.98
785.5,789.5,766.5,781.5,2.8092e+06,777.49
783,800,783,792.5,1.2722e+06,788.44
757.06,767,744.78,755.6,2.5708e+06,720.56
757.06,767,744.78,755.6,2.5708e+06,720.56
792.5,792.5,792.5,792.5,0,788.44
794,811.5,784,798.5,3.7009e+06,794.4
795.5,805,779,782.5,2.73e+06,778.49
780.5,798.5,774.5,781,3.5916e+06,777
791.5,794.5,781.5,790,3.0085e+06,785.95
757.06,767,744.78,755.6,2.5708e+06,720.56
757.06,767,744.78,755.6,2.5708e+06,720.56
785,802,782,782.5,2.9081e+06,778.49
779.5,793.5,767,791.5,4.1663e+06,787.44
794,805,788.5,798.5,1.8545e+06,794.4
795,805,783.5,795.5,1.3863e+06,791.42
795,802,780,789,2.0027e+06,784.95
757.06,767,744.78,755.6,2.5708e+06,720.56
757.06,767,744.78,755.6,2.5708e+06,720.56
787,802,786,793,1.4735e+06,788.93
793,794,770.5,775,2.8497e+06,771.03
776.5,785.5,767.5,779,3.5912e+06,775.01
779.5,794.5,779.5,785,1.8122e+06,780.97
785,792.5,771.5,774,2.942e+06,770.03
757.06,767,744.78,755.6,2.5708e+06,720.56
757.06,767,744.78,755.6,2.5708e+06,720.56
774,774,774,774,0,770.03
775,779.64,753,755.5,2.2199e+06,751.63
754.5,765.5,753,761.5,1.3791e+06,757.6
759.5,763.14,750.5,756,1.6742e+06,752.12
757.5,760.5,744.5,746,3.1286e+06,742.17
757.06,767,744.78,755.6,2.5708e+06,720.56
757.06,767,744.78,755.6,2.5708e+06,720.56
748.5,752,736.5,743,2.5644e+06,739.19
744,772.5,736,766.5,2.8361e+06,762.57
765,769,753,760,1.472e+06,756.1
763.5,763.5,736,741,3.0274e+06,737.2
735,750,728.36,737,2.6866e+06,733.22
757.06,767,744.78,755.6,2.5708e+06,720.56
757.06,767,744.78,755.6,2.5708e+06,720.56
735,740,725,730,1.5643e+06,726.26
732,734.5,721.5,726.5,2.1928e+06,722.77
728,742,727,736,2.2923e+06,732.23
734.5,742,720.5,727.5,2.937e+06,723.77
721.5,736,721.5,732,3.0184e+06,728.25
757.06,767,744.78,755.6,2.5708e+06,720.56
757.06,767,744.78,755.6,2.5708e+06,720.56
727,732,723.5,728,2.2394e+06,724.27
725,726.04,706.5,712.5,2.6828e+06,708.85
715,717.5,708.5,711,2.2213e+06,707.35
709,725,707.5,717,2.2013e+06,713.32
713.5,719,709,713,2.9263e+06,709.34
757.06,767,744.78,755.6,2.5708e+06,720.56
757.06,767,744.78,755.6,2.5708e+06,720.56
720,721,708.5,715.5,1.5301e+06,711.83
718.5,727.5,713,722,1.7729e+06,718.3
722,727.5,718.5,721,1.5135e+06,717.3
720,723.5,716.5,719.5,1.7185e+06,715.81
716,723,707,712.5,1.69e+06,708.85
757.06,767,744.78,755.6,2.5708e+06,720.56
757.06,767,744.78,755.6,2.5708e+06,720.56
695,711,685.5,705,1.9891e+06,701.38
698.5,701.5,687.5,689.5,3.0396e+06,685.96
689.5,691.5,677.5,680.5,3.0827e+06,677.01
677.5,689.5,676.5,684.5,2.5167e+06,680.99
683,685,674.67,682,1.402e+06,678.5
757.06,767,744.78,755.6,2.5708e+06,720.56
757.06,767,744.78,755.6,2.5708e+06,720.56
671.5,674,665.36,669,3.0664e+06,665.57
666.5,668,641.67,642.5,4.1603e+06,639.21
640,652.5,629,644,3.9496e+06,640.7
647.5,657,642,650,3.4125e+06,646.67
665,666.5,652,657,2.435e+06,653.63
757.06,767,744.78,755.6,2.5708e+06,720.56
757.06,767,744.78,755.6,2.5708e+06,720.56
660.5,668,650,667,4.572e+06,663.58
665,667.5,654.5,658,1.6819e+06,654.63
659.5,667,651,654.5,4.3963e+06,651.14
655,662,647.5,658.5,1.8393e+06,655.12
658.5,658.5,646.5,651,2.3647e+06,647.66
757.06,767,744.78,755.6,2.5708e+06,720.56
757.06,767,744.78,755.6,2.5708e+06,720.56
652.5,652.5,638,641,2.0365e+06,637.71
642.5,650.5,638.5,648,1.6288e+06,644.68
641.5,641.5,621.5,627.5,3.0132e+06,624.28
630.5,635,619,628.5,2.9771e+06,625.28
625.5,627.5,587,589,4.8899e+06,585.98
757.06,767,744.78,755.6,2.5708e+06,720.56
757.06,767,744.78,755.6,2.5708e+06,720.56
583,587,568.94,573,4.3402e+06,570.06
574,591.5,568.5,586,4.7808e+06,583
584,587.5,571,585,3.9563e+06,582
585,588.5,577.5,580.5,2.1582e+06,577.52
577,577,552.5,567,5.4408e+06,564.09
757.06,767,744.78,755.6,2.5708e+06,720.56
757.06,767,744.78,755.6,2.5708e+06,720.56
566,572,561.5,568,3.2929e+06,565.09
566.5,581,564,574.5,3.2631e+06,571.55
573.5,600.5,573.5,591,3.6756e+06,587.97
589,590.5,568,580,3.016e+06,577.03
582,595,580.5,589.5,2.3474e+06,586.48
757.06,767,744.78,755.6,2.5708e+06,720.56
757.06,767,744.78,755.6,2.5708e+06,720.56
589.5,594.05,573.5,594,2.9187e+06,590.95
588,596,570,572,2.6034e+06,569.07
564.5,579,549,574,4.8798e+06,571.06
580,587,569,572.5,2.1161e+06,569.56
569.5,583.5,565.5,569.5,2.4098e+06,566.58
757.06,767,744.78,755.6,2.5708e+06,720.56
757.06,767,744.78,755.6,2.5708e+06,720.56
571,582,562.5,573.5,2.4575e+06,570.56
571,573.5,553.5,561.5,2.3719e+06,558.62
561.5,565.5,550.5,552,2.8906e+06,549.17
547,575.09,546.83,571.5,3.3087e+06,568.57
563.5,572,560,563,2.602e+06,560.11
757.06,767,744.78,755.6,2.5708e+06,720.56
757.06,767,744.78,755.6,2.5708e+06,720.56
548,552,519.5,533,3.9711e+06,530.27
540.5,583.5,540.5,579.5,5.3729e+06,576.53
573,578.5,557,561.5,5.2463e+06,558.62
574.5,618,568,611.5,5.6814e+06,608.36
614,622,588.5,609,5.7236e+06,605.88
757.06,767,744.78,755.6,2.5708e+06,720.56
757.06,767,744.78,755.6,2.5708e+06,720.56
609,609,609,609,0,605.88
600,606,569,574.5,6.2396e+06,571.55
579.5,593.5,574.5,577.5,5.5643e+06,574.54
583.5,610.5,583.5,596.5,4.5186e+06,593.44
591,604,562,564.5,3.6209e+06,561.61
757.06,767,744.78,755.6,2.5708e+06,720.56
757.06,767,744.78,755.6,2.5708e+06,720.56
590,617.5,589.5,607,5.3304e+06,603.89
603,613,600.5,610,3.3333e+06,606.87
625,633.5,613.5,615,4.2162e+06,611.85
610,622.5,601.5,604.5,3.065e+06,601.4
606,621,606,607.5,2.3054e+06,604.38
757.06,767,744.78,755.6,2.5708e+06,720.56
757.06,767,744.78,755.6,2.5708e+06,720.56
607,615.5,586.5,592.5,2.6071e+06,589.46
589.5,608,576,605.5,2.6737e+06,602.39
612,616,587.5,604.5,3.3507e+06,601.4
606,608.75,587,589.5,2.7141e+06,589.5
586,592.5,571.5,579.5,3.2595e+06,579.5
757.06,767,744.78,755.6,2.5708e+06,720.56
757.06,767,744.78,755.6,2.5708e+06,720.56
576.5,583.5,564,565.5,2.1554e+06,565.5
563.5,563.5,521.36,524.5,5.1286e+06,524.5
526.5,534,517,524.5,3.2081e+06,524.5
524.5,528.5,511,511.5,3.2817e+06,511.5
522,531.5,504,506,4.2409e+06,506
757.06,767,744.78,755.6,2.5708e+06,720.56
757.06,767,744.78,755.6,2.5708e+06,720.56
502,506.1,481,481,4.9156e+06,481
478,500.5,476.43,491.7,4.3024e+06,491.7
503,505.5,493.1,499.7,4.2207e+06,499.7
508.5,516,497.9,501,3.1653e+06,501
502,512,498.1,509.5,2.3514e+06,509.5
757.06,767,744.78,755.6,2.5708e+06,720.56
757.06,767,744.78,755.6,2.5708e+06,720.56
523,539.5,518.5,537.5,3.049e+06,537.5
542.5,544,523.5,537,2.6151e+06,537
544.5,602.5,544.5,576.5,6.6457e+06,576.5
574,586.5,564,578,4.0728e+06,578
589.5,610.5,584,596,4.4377e+06,596
757.06,767,744.78,755.6,2.5708e+06,720.56
757.06,767,744.78,755.6,2.5708e+06,720.56
599,599,573,576.5,2.6694e+06,576.5
573.5,574,560,566.5,3.1723e+06,566.5
560,593,559,580.5,3.9407e+06,580.5
588,597.5,576.5,586.5,3.8068e+06,586.5
592,592,577.5,579.5,3.0835e+06,579.5
757.06,767,744.78,755.6,2.5708e+06,720.56
757.06,767,744.78,755.6,2.5708e+06,720.56
576.5,576.5,557.5,559.5,2.8502e+06,559.5
557.5,562,547,558,2.4348e+06,558
557,562.38,539,545.5,3.1753e+06,545.5
543,570,538,561,4.4616e+06,561
565,584.5,558,574.5,3.8648e+06,574.5
757.06,767,744.78,755.6,2.5708e+06,720.56
757.06,767,744.78,755.6,2.5708e+06,720.56
575,586,565,567.5,2.5656e+06,567.5
567.5,568,543,544.5,3.377e+06,544.5
536.5,540,513.5,536.5,4.4638e+06,536.5
532,532,507.13,526.5,5.311e+06,526.5
527,536.5,522.5,526.5,3.2996e+06,526.5
757.06,767,744.78,755.6,2.5708e+06,720.56
757.06,767,744.78,755.6,2.5708e+06,720.56
521,529,516.5,522,2.1726e+06,522
526,537,510.5,535.5,3.6962e+06,535.5
541,558.18,537,537.5,3.8435e+06,537.5
536,537,515.5,516,2.9799e+06,516
517.5,524.5,502.5,514.5,2.8415e+06,514.5
757.06,767,744.78,755.6,2.5708e+06,720.56
757.06,767,744.78,755.6,2.5708e+06,720.56
515,527.5,507.75,509.5,2.9047e+06,509.5
509.5,510.64,493,497.7,4.0035e+06,497.7
498.5,513,493.3,505.5,2.5561e+06,505.5
504,508,480.3,480.8,4.6233e+06,480.8
480,486.18,474.21,479.6,4.4912e+06,479.6
757.06,767,744.78,755.6,2.5708e+06,720.56
757.06,767,744.78,755.6,2.5708e+06,720.56
477,493.1,471.3,475.3,3.9336e+06,475.3
478.6,488.1,470.9,472.4,4.3864e+06,472.4
472,505.5,465.9,500,5.7249e+06,500
505,518,499.7,501,2.9112e+06,501
502,517.5,499,508,3.2563e+06,508
757.06,767,744.78,755.6,2.5708e+06,720.56
757.06,767,744.78,755.6,2.5708e+06,720.56
499,507.5,486.8,496.2,3.8702e+06,496.2
491,499.6,478.9,496.3,4.5711e+06,496.3
499.4,502.5,493.5,498.6,2.7265e+06,498.6
503.5,520.5,502,517.5,2.2125e+06,517.5
515,516,492.6,496.7,2.4521e+06,496.7
757.06,767,744.78,755.6,2.5708e+06,720.56
757.06,767,744.78,755.6,2.5708e+06,720.56
495.8,509,483.2,507.5,3.6878e+06,507.5
507,516.5,506.5,512.5,2.9386e+06,512.5
513.5,520.5,508.5,514.5,2.4736e+06,514.5
511.5,515,500.96,501,2.6408e+06,501
502,508.5,489.3,491.7,2.5264e+06,491.7
757.06,767,744.78,755.6,2.5708e+06,720.56
757.06,767,744.78,755.6,2.5708e+06,720.56
494.7,494.7,477.3,477.9,1.9532e+06,477.9
475.1,475.1,441.1,441.7,6.4093e+06,441.7
445.2,450.8,422.8,446.6,5.1567e+06,446.6
445.1,459.7,441,446,2.2526e+06,446
448.1,456.9,426.4,428.9,3.3168e+06,428.9
757.06,767,744.78,755.6,2.5708e+06,720.56
757.06,767,744.78,755.6,2.5708e+06,720.56
431.1,434.9,408.9,412.3,2.9489e+06,412.3
418.4,420.8,411.3,412.9,3.4091e+06,412.9
413.5,426.4,412.2,417.7,3.3829e+06,417.7
427.4,431.5,413.4,415,3.117e+06,415
410.3,421.7,409.4,416.3,3.3923e+06,416.3
757.06,767,744.78,755.6,2.5708e+06,720.56
757.06,767,744.78,755.6,2.5708e+06,720.56
414.1,432.5,412.8,425.2,3.3789e+06,425.2
429.3,445.5,424,445,2.8556e+06,445
455.2,466.8,455,463.1,2.5148e+06,463.1
473.9,473.9,458.3,462.6,4.259e+05,462.6
757.06,767,744.78,755.6,2.5708e+06,720.56
757.06,767,744.78,755.6,2.5708e+06,720.56
757.06,767,744.78,755.6,2.5708e+06,720.56
757.06,767,744.78,755.6,2.5708e+06,720.56
459.8,460.7,449.3,460.7,2.0779e+06,460.7
457.3,475.4,457.3,472.1,2.3953e+06,472.1
466.9,471.2,465.3,469.3,5.683e+05,469.3
757.06,767,744.78,755.6,2.5708e+06,720.56
757.06,767,744.78,755.6,2.5708e+06,720.56
757.06,767,744.78,755.6,2.5708e+06,720.56
460,460,443.1,445.7,2.3307e+06,445.7
452.5,458.3,438.1,445.7,2.3191e+06,445.7
442.3,442.3,423.1,433.7,2.2614e+06,433.7
417.1,417.9,402.4,410.6,3.8105e+06,410.6
408.1,418.9,396.9,398.3,2.7044e+06,398.3
757.06,767,744.78,755.6,2.5708e+06,720.56
757.06,767,744.78,755.6,2.5708e+06,720.56
394,405.5,380.36,387.7,4.1146e+06,387.7
383,397.9,372.5,374.1,5.3492e+06,374.1
380,386,366.8,368.8,3.7735e+06,368.8
367.3,379.69,354.4,372.9,8.8364e+06,372.9
367.5,368.6,348.6,350.6,4.3363e+06,350.6
757.06,767,744.78,755.6,2.5708e+06,720.56
757.06,767,744.78,755.6,2.5708e+06,720.56
350.6,356.6,343.1,350,4.1018e+06,350
358.9,370,352.2,355.5,4.4258e+06,355.5
344.5,354.2,340.6,346.1,4.0009e+06,346.1
345.8,366,343.4,365.4,3.2003e+06,365.4
399,399.2,369.2,372.2,6.6072e+06,372.2
757.06,767,744.78,755.6,2.5708e+06,720.56
757.06,767,744.78,755.6,2.5708e+06,720.56
374.3,374.4,359.6,363.2,4.3687e+06,363.2
353.5,381.4,350.4,378,5.3924e+06,378
369.1,376.7,358,375.4,5.1351e+06,375.4
376.8,393.1,374,384,6.12e+06,384
391,391.9,364.3,380.2,4.3702e+06,380.2
757.06,767,744.78,755.6,2.5708e+06,720.56
757.06,767,744.78,755.6,2.5708e+06,720.56
380,383,364.7,374,3.7973e+06,374
372.2,373.6,359.3,365.5,4.4449e+06,365.5
365.7,379,361.1,375.6,4.4163e+06,375.6
391,445.1,389.5,430.3,7.0571e+06,430.3
427.9,449.9,417.2,446.3,6.3398e+06,446.3
757.06,767,744.78,755.6,2.5708e+06,720.56
757.06,767,744.78,755.6,2.5708e+06,720.56
449.4,456.7,426,453.4,6.5771e+06,453.4
431.1,439.1,406.2,410.9,6.4519e+06,410.9
411,420.2,394.1,398.4,4.5513e+06,398.4
392,399.6,373,389.5,5.1442e+06,389.5
390.6,433.8,390.6,433.3,5.1254e+06,433.3
757.06,767,744.78,755.6,2.5708e+06,720.56
757.06,767,744.78,755.6,2.5708e+06,720.56
444,449.5,430.79,442.8,3.2152e+06,442.8
448.8,456.4,426.3,440.6,2.9446e+06,440.6
440.9,478.7,434.6,478.4,4.53e+06,478.4
