935.5,939.76,921,923,1.2397e+06,899.35
920.5,943,920.5,941.5,2.1182e+06,917.37
941.5,965.1,939.42,951.5,2.9946e+06,927.12
937.5,942.5,906,919.5,6.5859e+06,895.94
914.5,928.5,914.5,924,3.0749e+06,900.32
975.97,987.62,963.98,975.25,4.0625e+06,960.75
975.97,987.62,963.98,975.25,4.0625e+06,960.75
932,943.5,930.3,939,3.1566e+06,914.94
922.5,941.5,921,936,2.8452e+06,912.01
944,951.77,937.5,950,2.1673e+06,925.65
956.5,960,947.5,955,3.1736e+06,930.53
956,970.5,943,965.5,3.3107e+06,940.76
975.97,987.62,963.98,975.25,4.0625e+06,960.75
975.97,987.62,963.98,975.25,4.0625e+06,960.75
964,967.64,957,963,2.1085e+06,938.32
969,978,958.5,971.5,3.1376e+06,946.6
971.5,985,962.5,963,2.4923e+06,938.32
959.5,967,944.5,946,3.8201e+06,921.76
950.5,953.51,934.5,945.5,4.8465e+06,921.27
975.97,987.62,963.98,975.25,4.0625e+06,960.75
975.97,987.62,963.98,975.25,4.0625e+06,960.75
942.5,957.5,941,948.5,3.2711e+06,924.19
945.5,958,945.2,950,3.4381e+06,925.65
945,951.5,916,920,3.9782e+06,896.42
921,927.78,912,922.5,4.2911e+06,898.86
930,957.33,926,928.5,7.8393e+06,904.71
975.97,987.62,963.98,975.25,4.0625e+06,960.75
975.97,987.62,963.98,975.25,4.0625e+06,960.75
915,938.5,910,920.5,4.1238e+06,896.91
912,913.5,888,896.5,7.7606e+06,873.53
903.5,909,894.5,906.5,3.2076e+06,883.27
901.5,904.99,876,878.5,3.9056e+06,855.99
874,887.42,862.5,879,4.0163e+06,856.48
975.97,987.62,963.98,975.25,4.0625e+06,960.75
975.97,987.62,963.98,975.25,4.0625e+06,960.75
893,922.23,886.5,916,6.108e+06,892.53
914.5,922,904.5,918,3.4974e+06,894.48
922,925,911,918.5,3.2086e+06,894.96
921.5,931.54,914.5,921,2.5665e+06,897.4
921,921,921,921,0,897.4
975.97,987.62,963.98,975.25,4.0625e+06,960.75
975.97,987.62,963.98,975.25,4.0625e+06,960.75
921,921,921,921,0,897.4
913,923,913,916,2.494e+06,892.53
913,936,912.74,916,3.4171e+06,892.53
908,909,879.5,879.5,4.5665e+06,856.96
890,892,869.8,878,3.4417e+06,855.5
975.97,987.62,963.98,975.25,4.0625e+06,960.75
975.97,987.62,963.98,975.25,4.0625e+06,960.75
888,911,882.5,885.5,2.277e+06,862.81
891,896.5,873,876.5,2.8627e+06,854.04
877,888.5,870,886.5,3.2529e+06,863.78
886,902,882.5,899.5,2.0127e+06,876.45
894,901,889.5,896,1.8607e+06,873.04
975.97,987.62,963.98,975.25,4.0625e+06,960.75
975.97,987.62,963.98,975.25,4.0625e+06,960.75
901.5,908.5,885.5,896.5,1.965e+06,873.53
886.5,886.64,854,868,6.8724e+06,845.76
872,897,857,868,5.4332e+06,848.83
876,892,864,866,3.3721e+06,846.88
871,874,854.5,872.5,3.8407e+06,853.23
975.97,987.62,963.98,975.25,4.0625e+06,960.75
975.97,987.62,963.98,975.25,4.0625e+06,960.75
874.5,880.5,864,869,3.8306e+06,849.81
925,978.5,920.89,972,1.0439e+07,950.53
1010,1019,966.5,985,8.5923e+06,963.25
977.5,994.5,972.5,988.5,4.9278e+06,966.67
987.5,999.05,973,979,3.3534e+06,957.38
975.97,987.62,963.98,975.25,4.0625e+06,960.75
975.97,987.62,963.98,975.25,4.0625e+06,960.75
978.5,985.96,969.5,979,2.9486e+06,957.38
985,1000.3,982.03,996,6.7958e+06,974.01
999,1031,995.5,1026,5.2446e+06,1003.3
1020,1022,1005.2,1013,6.0879e+06,990.63
1016,1033.3,1010,1032,4.9846e+06,1009.2
975.97,987.62,963.98,975.25,4.0625e+06,960.75
975.97,987.62,963.98,975.25,4.0625e+06,960.75
1032,1032,1032,1032,0,1009.2
1037,1046,1031,1046,4.1062e+06,1022.9
1050,1068.4,1046,1068,3.4556e+06,1044.4
1062,1070,1060,1069,2.596e+06,1045.4
1067,1075,1062,1072,2.2056e+06,1048.3
975.97,987.62,963.98,975.25,4.0625e+06,960.75
975.97,987.62,963.98,975.25,4.0625e+06,960.75
1071,1076,1063,1068,1.4502e+06,1044.4
1074,1079,1065,1076,1.6882e+06,1052.2
1075,1099.6,1074,1097,3.1431e+06,1072.8
1098,1108,1090.2,1096,3.319e+06,1071.8
1091,1098,1084.8,1088,2.2672e+06,1064
975.97,987.62,963.98,975.25,4.0625e+06,960.75
975.97,987.62,963.98,975.25,4.0625e+06,960.75
1094,1100.2,1088,1096,2.968e+06,1071.8
1092,1111,1052.5,1065,7.5058e+06,1041.5
1040,1051,1017.3,1050,8.138e+06,1026.8
980,1014.3,975,995,9.1415e+06,973.03
1001,1006,978.5,985.5,4.9897e+06,963.74
975.97,987.62,963.98,975.25,4.0625e+06,960.75
975.97,987.62,963.98,975.25,4.0625e+06,960.75
985.5,985.5,985.5,985.5,0,963.74
989,1020,989,1010,3.6156e+06,987.7
998,998.76,972,977.5,4.8782e+06,955.91
975,1005,973.5,995,2.9482e+06,973.03
994.5,996,981.5,988,3.8376e+06,966.18
975.97,987.62,963.98,975.25,4.0625e+06,960.75
975.97,987.62,963.98,975.25,4.0625e+06,960.75
970,974.15,915,919,8.2437e+06,898.71
926.5,942,900.5,924,8.7698e+06,903.6
919,937.5,891.5,893,7.5941e+06,873.28
884,903.5,876.5,878.5,7.6864e+06,859.1
878.5,880.5,861.5,864.5,7.6899e+06,845.41
975.97,987.62,963.98,975.25,4.0625e+06,960.75
975.97,987.62,963.98,975.25,4.0625e+06,960.75
860,873,856,869,4.6068e+06,849.81
866,889,853.61,866,5.5913e+06,846.88
860,869.5,857,858,4.6946e+06,839.05
845,860,838.5,857,4.0867e+06,838.08
869.5,875,859.5,862,3.2941e+06,842.96
975.97,987.62,963.98,975.25,4.0625e+06,960.75
975.97,987.62,963.98,975.25,4.0625e+06,960.75
865,868.5,814,830,8.5871e+06,811.67
827,855.5,823.34,846,8.4812e+06,827.32
844,846.15,833,835.5,5.2051e+06,817.05
803.5,814,792.56,799,1.0323e+07,781.36
795,808,772.35,772.5,9.1883e+06,755.44
975.97,987.62,963.98,975.25,4.0625e+06,960.75
975.97,987.62,963.98,975.25,4.0625e+06,960.75
759.5,771,752,758.5,5.4876e+06,741.75
790,796.5,776,786,6.0855e+06,768.64
789,804,782.9,795,1.1336e+07,777.44
796,815.5,787.07,803.5,7.1487e+06,785.76
805,813.5,788,795,3.9633e+06,777.44
975.97,987.62,963.98,975.25,4.0625e+06,960.75
975.97,987.62,963.98,975.25,4.0625e+06,960.75
801.5,806,789.74,805.5,4.3502e+06,787.71
802,812,784,807.5,3.7223e+06,789.67
821,824.5,810.75,820.5,4.8626e+06,802.38
830.5,853.5,826,851,4.3335e+06,832.21
853,861.5,837,841,5.3632e+06,822.43
975.97,987.62,963.98,975.25,4.0625e+06,960.75
975.97,987.62,963.98,975.25,4.0625e+06,960.75
862,868.08,856,860,2.9413e+06,841.01
864,871,857.5,863,3.279e+06,843.94
858.5,864.5,844.5,854.5,3.4123e+06,835.63
865,871,857.5,869,3.7411e+06,849.81
873.5,898,869,897,4.1511e+06,877.19
975.97,987.62,963.98,975.25,4.0625e+06,960.75
975.97,987.62,963.98,975.25,4.0625e+06,960.75
902,911.33,898.5,908,3.4289e+06,887.95
913.5,924,907,912,4.2425e+06,891.86
914,917.24,892.5,908,7.382e+06,887.95
906.5,922.08,903,921,4.3822e+06,900.66
906,908.7,888.41,897.5,6.108e+06,877.68
975.97,987.62,963.98,975.25,4.0625e+06,960.75
975.97,987.62,963.98,975.25,4.0625e+06,960.75
897,916.35,897,906,2.8977e+06,885.99
915,916.78,893,898,3.5848e+06,878.17
927,953,875.5,888.5,1.2686e+07,868.88
860,868.5,825.5,859,9.4421e+06,840.03
862,868.28,842.35,846,3.5677e+06,827.32
975.97,987.62,963.98,975.25,4.0625e+06,960.75
975.97,987.62,963.98,975.25,4.0625e+06,960.75
869,873,849.5,858.5,3.2624e+06,839.54
861,868,855.86,865.5,2.4743e+06,846.39
866.5,882,859,875,4.3539e+06,855.68
882,891,875,889,3.5422e+06,869.37
896.5,896.5,880,881,2.3061e+06,861.54
975.97,987.62,963.98,975.25,4.0625e+06,960.75
975.97,987.62,963.98,975.25,4.0625e+06,960.75
884.5,889.5,869.73,872,2.1108e+06,852.74
872,886.5,871.5,886.5,2.893e+06,866.92
882,888.5,859.5,860.5,3.0009e+06,841.5
863.5,888.5,862,880,4.0169e+06,860.57
883,885,869.5,875,2.1888e+06,855.68
975.97,987.62,963.98,975.25,4.0625e+06,960.75
975.97,987.62,963.98,975.25,4.0625e+06,960.75
877,887,869.5,886.5,1.63e+06,866.92
889,897,881.5,891.5,1.8822e+06,871.81
900.5,906.18,894,897,2.4536e+06,877.19
898.5,900.5,868.25,874.5,2.1775e+06,855.19
872.5,877.5,857.5,870,3.6824e+06,850.79
975.97,987.62,963.98,975.25,4.0625e+06,960.75
975.97,987.62,963.98,975.25,4.0625e+06,960.75
874.5,889.5,870.46,889,2.1286e+06,869.37
881.5,890.5,875,887.5,2.5662e+06,867.9
885,887.5,871,871.5,2.0491e+06,852.25
869.5,884.5,869,878.5,1.8652e+06,859.1
878,895.5,875.59,890,1.7504e+06,870.35
975.97,987.62,963.98,975.25,4.0625e+06,960.75
975.97,987.62,963.98,975.25,4.0625e+06,960.75
890,890,890,890,0,870.35
888.5,897.5,871,872,2.9505e+06,852.74
858.5,865,848.84,863.5,3.7598e+06,844.43
868.5,885.5,865.5,882.5,2.6189e+06,863.01
895,898.5,874.5,875,3.4492e+06,855.68
975.97,987.62,963.98,975.25,4.0625e+06,960.75
975.97,987.62,963.98,975.25,4.0625e+06,960.75
880,896.9,880,893.5,1.8106e+06,873.77
900,907.5,881,884,3.2753e+06,864.48
884,884.5,869,875,3.441e+06,857.94
880,900.15,880,894,2.9211e+06,876.57
897,902,884,892.5,2.2553e+06,875.1
975.97,987.62,963.98,975.25,4.0625e+06,960.75
975.97,987.62,963.98,975.25,4.0625e+06,960.75
900,918.49,897.5,917.5,4.547e+06,899.61
929.5,944,926.38,941,3.3797e+06,922.65
996,998,974,986.5,7.3854e+06,967.27
991.5,996,971.61,986.5,4.6023e+06,967.27
984.5,989.67,965.5,972,2.3425e+06,953.05
975.97,987.62,963.98,975.25,4.0625e+06,960.75
975.97,987.62,963.98,975.25,4.0625e+06,960.75
986.5,988.5,968,972,1.9244e+06,953.05
971.5,971.5,953.21,953.5,3.2925e+06,934.91
961,989.5,959,984,4.2024e+06,964.82
996.5,1015.2,983.5,1001,4.2462e+06,981.49
1000,1007,990,1001,4.1452e+06,981.49
975.97,987.62,963.98,975.25,4.0625e+06,960.75
975.97,987.62,963.98,975.25,4.0625e+06,960.75
1004,1014,986.5,992.5,3.3076e+06,973.15
991.5,1008,986,993,2.8054e+06,973.64
992.5,1003.5,984,994,2.006e+06,974.62
997,1007,993.5,1004,2.0224e+06,984.43
1013,1013,997.5,1010,2.2239e+06,990.31
975.97,987.62,963.98,975.25,4.0625e+06,960.75
975.97,987.62,963.98,975.25,4.0625e+06,960.75
996.5,1001.1,984.5,986,3.7447e+06,966.78
989.5,999,980,998,2.1256e+06,978.54
990.5,996.5,981.82,996.5,2.5322e+06,977.07
1000,1001.5,981.5,982,2.6162e+06,962.86
980.5,987,974.5,983,2.7983e+06,963.84
975.97,987.62,963.98,975.25,4.0625e+06,960.75
975.97,987.62,963.98,975.25,4.0625e+06,960.75
981,981,964.5,970,2.0513e+06,951.09
970,989,964.5,977.5,2.9895e+06,958.44
964.5,967.42,940.56,945.5,4.6484e+06,927.07
955,990,949.07,983.5,3.167e+06,964.33
988,988.22,974,984,1.6029e+06,964.82
975.97,987.62,963.98,975.25,4.0625e+06,960.75
975.97,987.62,963.98,975.25,4.0625e+06,960.75
977,988.5,969,986.5,2.1422e+06,967.27
990.5,1021,989.5,1018,2.28e+06,998.15
1011,1041,997.9,1030,3.9407e+06,1009.9
1024,1026,994.5,1005,3.9361e+06,985.41
1019,1020,1001,1014,4.1352e+06,994.23
975.97,987.62,963.98,975.25,4.0625e+06,960.75
975.97,987.62,963.98,975.25,4.0625e+06,960.75
1018,1048,1015,1039,3.9604e+06,1018.7
1040,1059,961,1004,8.7198e+06,984.43
973.5,994,947,953.5,8.1046e+06,934.91
945.5,963.5,944.48,960.5,3.8009e+06,941.77
956,990,952,983,4.6995e+06,963.84
975.97,987.62,963.98,975.25,4.0625e+06,960.75
975.97,987.62,963.98,975.25,4.0625e+06,960.75
987.5,989.5,966.5,972,4.3663e+06,953.05
963.5,993,955.5,991,4.2582e+06,971.68
992,1021,989,994,4.5008e+06,974.62
989,993.15,975.5,985.5,4.6041e+06,966.29
983.5,988.5,971.5,976,2.509e+06,956.97
975.97,987.62,963.98,975.25,4.0625e+06,960.75
975.97,987.62,963.98,975.25,4.0625e+06,960.75
975,979.5,960.5,967,2.9116e+06,948.15
970,975.5,960,975.5,4.0399e+06,956.48
982.5,986.5,969.24,980,5.7617e+06,960.89
984,992,961.92,964,4.2604e+06,945.21
949,955,939.5,941,5.1716e+06,922.65
975.97,987.62,963.98,975.25,4.0625e+06,960.75
975.97,987.62,963.98,975.25,4.0625e+06,960.75
950,959,946,949.5,3.5212e+06,930.99
945.5,951,928.5,933,3.8462e+06,914.81
928.5,933.5,917.5,923.5,3.3528e+06,905.5
932,939.5,925,929.5,2.6695e+06,911.38
940,944,928,944,3.7391e+06,925.6
975.97,987.62,963.98,975.25,4.0625e+06,960.75
975.97,987.62,963.98,975.25,4.0625e+06,960.75
947.5,961.5,941,959.5,2.5174e+06,940.79
953,956,946,950,2.5584e+06,931.48
946,957,944.32,955,2.1094e+06,936.38
947.5,965,946.5,964,3.0492e+06,945.21
978,994,978,991,3.5517e+06,971.68
975.97,987.62,963.98,975.25,4.0625e+06,960.75
975.97,987.62,963.98,975.25,4.0625e+06,960.75
1001,1010.3,997.8,1005,3.5674e+06,985.41
1004,1009.4,1000,1003,3.078e+06,983.45
1000,1007,995,1004,1.4395e+06,984.43
1003,1019,1001.6,1017,1.4869e+06,997.17
1013,1025,1013,1018,2.1238e+06,998.15
975.97,987.62,963.98,975.25,4.0625e+06,960.75
975.97,987.62,963.98,975.25,4.0625e+06,960.75
1017,1020,1007.5,1011,1.8216e+06,991.29
1008,1010,1000,1003,2.1192e+06,983.45
1004,1015.4,998,1005,2.5075e+06,985.41
998.5,1004,995.5,1002,1.8825e+06,982.47
998,1020,992,1018,2.6256e+06,998.15
975.97,987.62,963.98,975.25,4.0625e+06,960.75
975.97,987.62,963.98,975.25,4.0625e+06,960.75
1022,1023,1004,1011,1.9903e+06,991.29
999,1011,996.5,999,2.5517e+06,979.52
994,1007,991.5,994.5,2.7602e+06,975.11
984,986,970.5,972,3.1022e+06,953.05
978.5,1028,969.98,1001,4.8074e+06,981.49
975.97,987.62,963.98,975.25,4.0625e+06,960.75
975.97,987.62,963.98,975.25,4.0625e+06,960.75
997,1009.6,987,995.5,2.4993e+06,976.09
992.5,999,985.65,993,1.9083e+06,973.64
1001,1031.2,1001,1027,3.0768e+06,1007
1049,1056,1038,1056,4.1046e+06,1035.4
1063,1076.1,1050,1068,4.6041e+06,1047.2
975.97,987.62,963.98,975.25,4.0625e+06,960.75
975.97,987.62,963.98,975.25,4.0625e+06,960.75
1095,1112,1086.2,1110,3.2817e+06,1088.4
1109,1110,1091,1095,6.493e+05,1073.7
1095,1095,1095,1095,0,1073.7
1095,1095,1095,1095,0,1073.7
1095,1109,1091,1106,1.6829e+06,1084.4
975.97,987.62,963.98,975.25,4.0625e+06,960.75
975.97,987.62,963.98,975.25,4.0625e+06,960.75
1104,1111,1092,1096,1.2799e+06,1074.6
1100,1103,1095,1099,1.4103e+06,1077.6
1099,1099,1099,1099,0,1077.6
1097,1102,1082,1095,3.135e+06,1073.7
1095,1101,1084,1087,2.6704e+06,1065.8
975.97,987.62,963.98,975.25,4.0625e+06,960.75
975.97,987.62,963.98,975.25,4.0625e+06,960.75
1084,1094.6,1078,1078,2.9098e+06,1057
1079,1082,1050,1055,3.9019e+06,1034.4
1060,1073.4,1057,1067,3.9125e+06,1046.2
1050,1069.5,991.5,997.5,7.1644e+06,978.05
980.5,997,967.5,972,5.6638e+06,953.05
975.97,987.62,963.98,975.25,4.0625e+06,960.75
975.97,987.62,963.98,975.25,4.0625e+06,960.75
975,988,967.5,978,3.2857e+06,958.93
961,999,957,997,4.3607e+06,977.56
1002,1018,1000,1007,3.4285e+06,987.37
1006,1009,982.5,986.5,3.8362e+06,967.27
983.5,996,981.5,989,3.5667e+06,969.72
975.97,987.62,963.98,975.25,4.0625e+06,960.75
975.97,987.62,963.98,975.25,4.0625e+06,960.75
993.5,1005,992,999,1.2117e+06,979.52
998,1005.1,986.5,991,2.02e+06,971.68
994.5,1019,994.5,1004,2.9938e+06,984.43
1002,1016,966.5,973,5.8175e+06,954.03
975.5,984.5,970.65,978,4.1042e+06,958.93
975.97,987.62,963.98,975.25,4.0625e+06,960.75
975.97,987.62,963.98,975.25,4.0625e+06,960.75
971,973.5,952.5,957.5,4.505e+06,938.83
941.5,956,924.36,944.5,5.7876e+06,926.09
949,957.25,918,941,5.9409e+06,922.65
940,947,932,946,4.5047e+06,927.56
951,951,918.5,935,6.2522e+06,916.77
975.97,987.62,963.98,975.25,4.0625e+06,960.75
975.97,987.62,963.98,975.25,4.0625e+06,960.75
925.5,949.44,918.69,930,8.0904e+06,911.87
900,910,835,875,2.2471e+07,857.94
885,919,877.5,892.5,1.0205e+07,875.1
904,909.5,895,900.5,4.8686e+06,882.95
896,912.37,893.5,896,1.0844e+07,878.53
975.97,987.62,963.98,975.25,4.0625e+06,960.75
975.97,987.62,963.98,975.25,4.0625e+06,960.75
901,919.5,895.5,916,3.737e+06,898.14
916.5,938,915.5,937,4.7896e+06,918.73
933,935.5,921.65,925,5.7322e+06,906.97
916.5,940.5,916.5,937.5,6.9597e+06,919.22
933,934.5,923.5,931,5.0148e+06,912.85
975.97,987.62,963.98,975.25,4.0625e+06,960.75
975.97,987.62,963.98,975.25,4.0625e+06,960.75
934.5,940,929.5,939,2.7817e+06,920.69
939,948.5,890,946.5,5.422e+06,928.05
945,958.5,934,950.5,3.4264e+06,931.97
941.5,951,930.5,947,2.7332e+06,928.54
953,977,953,970,3.9885e+06,951.09
975.97,987.62,963.98,975.25,4.0625e+06,960.75
975.97,987.62,963.98,975.25,4.0625e+06,960.75
970,990.1,970,989,3.9938e+06,969.72
985,990,964,975.5,6.0081e+06,956.48
974,994.5,970.5,991,3.7061e+06,971.68
989,994.5,973,992,3.428e+06,972.66
996.5,1020,993,1010,5.3362e+06,990.31
975.97,987.62,963.98,975.25,4.0625e+06,960.75
975.97,987.62,963.98,975.25,4.0625e+06,960.75
987,991.82,973.4,986,3.2091e+06,966.78
992.5,1015,992.5,1014,2.3472e+06,994.23
1015,1021,1003,1008,5.3429e+06,988.35
1010,1014,998.5,1007,3.0129e+06,987.37
1010,1014.3,1000,1001,1.8031e+06,981.49
975.97,987.62,963.98,975.25,4.0625e+06,960.75
975.97,987.62,963.98,975.25,4.0625e+06,960.75
997.5,1008,988.5,992,4.0943e+06,972.66
993.5,1003.3,980.5,992.5,3.5886e+06,973.15
986,990,972,980.5,5.5432e+06,961.38
984,986,966,966,3.5959e+06,947.17
960,964,950,951.5,3.8108e+06,932.95
975.97,987.62,963.98,975.25,4.0625e+06,960.75
975.97,987.62,963.98,975.25,4.0625e+06,960.75
953.5,969.5,951,964,3.4865e+06,945.21
963,985,959,982.5,2.8142e+06,963.35
983.5,986.5,975,976.5,3.0812e+06,957.46
969,991.5,957,990.5,3.8175e+06,971.19
988,999.5,985,994.5,5.2936e+06,975.11
975.97,987.62,963.98,975.25,4.0625e+06,960.75
975.97,987.62,963.98,975.25,4.0625e+06,960.75
991,994,972.5,978.5,3.9702e+06,959.42
974.5,993,973.5,979.5,3.7394e+06,960.4
1000,1000,977.5,981,4.4116e+06,961.88
976,980.5,965,972,2.9137e+06,953.05
977.5,990,965,977.5,4.021e+06,958.44
975.97,987.62,963.98,975.25,4.0625e+06,960.75
975.97,987.62,963.98,975.25,4.0625e+06,960.75
984.5,1006,984.5,998,3.6127e+06,978.54
1018,1048,1009.7,1047,6.0886e+06,1026.6
1053,1054,1028,1031,4.114e+06,1010.9
1029,1040.2,1023,1026,3.5249e+06,1006
1020,1023.5,994,996,4.728e+06,976.58
975.97,987.62,963.98,975.25,4.0625e+06,960.75
975.97,987.62,963.98,975.25,4.0625e+06,960.75
976.5,977,965.5,972.5,3.7197e+06,953.54
980,995.21,960.5,984.5,6.7572e+06,965.31
1002,1029,989.5,1029,4.0336e+06,1008.9
1037,1037.4,1000,1004,2.8229e+06,984.43
981,982.48,949.25,958.5,6.3577e+06,939.81
975.97,987.62,963.98,975.25,4.0625e+06,960.75
975.97,987.62,963.98,975.25,4.0625e+06,960.75
949.5,955,933,954.5,4.6923e+06,935.89
958.5,958.5,927.5,930,4.1356e+06,911.87
940,943.5,924.5,932,2.8286e+06,917.38
940,980,937.5,976.5,4.6314e+06,961.18
976.5,976.5,976.5,976.5,0,961.18
975.97,987.62,963.98,975.25,4.0625e+06,960.75
975.97,987.62,963.98,975.25,4.0625e+06,960.75
976.5,976.5,976.5,976.5,0,961.18
984,992,978,983,3.7529e+06,967.58
955.5,974,942.5,956,6.2203e+06,941.01
960,970,949.5,960,5.5036e+06,944.94
955,966.4,942,945.5,5.3811e+06,930.67
975.97,987.62,963.98,975.25,4.0625e+06,960.75
975.97,987.62,963.98,975.25,4.0625e+06,960.75
945,954.5,912,915,4.7837e+06,900.65
915,924.5,903,909,5.9562e+06,894.74
897.5,906.94,880.5,891.5,5.8573e+06,877.52
890.5,899.88,876,886,3.5311e+06,872.1
877,889,876,886,4.6425e+06,872.1
975.97,987.62,963.98,975.25,4.0625e+06,960.75
975.97,987.62,963.98,975.25,4.0625e+06,960.75
886,886,886,886,0,872.1
887,903,885,887,5.8145e+06,873.09
881.5,886.5,869,871.5,4.5701e+06,857.83
872.5,903.93,871.5,901.5,4.7435e+06,887.36
895,895.5,878.5,886,3.4409e+06,872.1
975.97,987.62,963.98,975.25,4.0625e+06,960.75
975.97,987.62,963.98,975.25,4.0625e+06,960.75
886.5,916.5,886.5,909.5,3.7178e+06,895.23
920,922.5,900.5,906.5,2.9715e+06,892.28
907.5,907.5,888.5,890.5,2.9792e+06,876.53
891.5,892.5,860.15,866,6.957e+06,852.42
866,870.5,838,860.5,6.1746e+06,847
975.97,987.62,963.98,975.25,4.0625e+06,960.75
975.97,987.62,963.98,975.25,4.0625e+06,960.75
864.5,874,855,868,3.8175e+06,854.38
872,876,842.5,845,6.0904e+06,831.75
844.5,868.77,844.06,861,7.7787e+06,847.5
870,891,870,889.5,4.901e+06,875.55
889.5,890,877,881.72,2.5975e+06,867.89
975.97,987.62,963.98,975.25,4.0625e+06,960.75
975.97,987.62,963.98,975.25,4.0625e+06,960.75
881.72,881.72,881.72,881.72,0,867.89
892,919.5,892,917,4.3228e+06,902.62
920,931.5,917.5,925.5,3.1849e+06,910.98
922.5,925.42,914.5,918,1.844e+06,903.6
914.5,930.08,914.5,920,3.212e+06,905.57
975.97,987.62,963.98,975.25,4.0625e+06,960.75
975.97,987.62,963.98,975.25,4.0625e+06,960.75
924,928,909.5,915.5,2.0256e+06,901.14
916.5,919,907,913.5,2.2533e+06,899.17
910.5,918,904,915,2.6829e+06,900.65
912.5,917,892,894,2.9469e+06,879.98
894,907,891.88,897,2.7312e+06,882.93
975.97,987.62,963.98,975.25,4.0625e+06,960.75
975.97,987.62,963.98,975.25,4.0625e+06,960.75
896,911,896,909.5,2.0789e+06,895.23
905,911.5,902,908,2.8466e+06,893.76
909,914.5,896.5,907.5,2.2546e+06,893.27
902,904.35,893.5,898,1.9577e+06,883.91
896,900,874,884.5,3.3113e+06,870.63
975.97,987.62,963.98,975.25,4.0625e+06,960.75
975.97,987.62,963.98,975.25,4.0625e+06,960.75
880,899.9,880,885,2.6673e+06,871.12
888.5,899.16,884.5,893,2.28e+06,878.99
895,903.85,890.5,891,2.8713e+06,877.02
896.5,907.5,889,891,2.9261e+06,877.02
890.5,903,888,889,2.7916e+06,875.06
975.97,987.62,963.98,975.25,4.0625e+06,960.75
975.97,987.62,963.98,975.25,4.0625e+06,960.75
895,917,894.3,908,3.9539e+06,893.76
914,917.77,903.5,908,2.9957e+06,893.76
897.5,908.5,884.5,886,3.7471e+06,872.1
886.5,894,869.42,876,2.8801e+06,862.26
876,886,873.5,881.5,2.768e+06,867.67
975.97,987.62,963.98,975.25,4.0625e+06,960.75
975.97,987.62,963.98,975.25,4.0625e+06,960.75
887.5,889.5,873.5,881,3.113e+06,867.18
881.5,899.5,870.5,897,2.6991e+06,882.93
898,905.32,897.5,903.5,2.0365e+06,889.33
904,919,904,915,3.3486e+06,900.65
916.5,919.5,906.5,911,1.3009e+06,896.71
975.97,987.62,963.98,975.25,4.0625e+06,960.75
975.97,987.62,963.98,975.25,4.0625e+06,960.75
911,914,902,902.5,1.837e+06,888.34
902,906.5,876.5,876.5,2.9661e+06,862.75
868.5,880.32,866.5,867.5,4.3902e+06,853.89
867,871,848,851,3.1603e+06,837.65
850,854.5,840,844,4.0562e+06,830.76
975.97,987.62,963.98,975.25,4.0625e+06,960.75
975.97,987.62,963.98,975.25,4.0625e+06,960.75
845,857,844.5,850,2.6203e+06,836.67
843.5,849.5,832,833.5,3.8139e+06,820.43
837,861.28,836,853,5.7669e+06,839.62
849,851,836.5,837,3.4684e+06,823.87
825,836.5,814.42,835.5,5.6033e+06,822.39
975.97,987.62,963.98,975.25,4.0625e+06,960.75
975.97,987.62,963.98,975.25,4.0625e+06,960.75
827,841.5,815.5,833.5,5.7288e+06,820.43
817,891.99,811,881,1.072e+07,867.18
890,900.4,877.5,880.5,4.6543e+06,866.69
874,880,862.5,866,4.0593e+06,852.42
865,879.5,859,862,2.9379e+06,848.48
975.97,987.62,963.98,975.25,4.0625e+06,960.75
975.97,987.62,963.98,975.25,4.0625e+06,960.75
862.5,864.63,837,846,3.6275e+06,832.73
848,853.5,840.5,842,2.7849e+06,828.79
841,853.5,833.5,852,3.7137e+06,838.64
853,854.5,834.5,847,4.7667e+06,833.72
849,857.5,827.5,848,4.8255e+06,834.7
975.97,987.62,963.98,975.25,4.0625e+06,960.75
975.97,987.62,963.98,975.25,4.0625e+06,960.75
855,855,832.42,843,3.9884e+06,829.78
845.5,847.5,830.5,841,3.1839e+06,827.81
844,856.5,834.5,851.5,4.0403e+06,838.14
849.5,884,849,870.5,5.1702e+06,856.85
845,894.5,842.99,887.5,4.96e+06,873.58
975.97,987.62,963.98,975.25,4.0625e+06,960.75
975.97,987.62,963.98,975.25,4.0625e+06,960.75
898.5,901.5,884.5,897.5,4.7708e+06,883.42
899,900.5,893.31,895,3.0937e+06,880.96
899.5,901,885.88,899,3.166e+06,884.9
894.5,905,890.5,904,2.4942e+06,889.82
905,917.5,903,907,2.573e+06,892.77
975.97,987.62,963.98,975.25,4.0625e+06,960.75
975.97,987.62,963.98,975.25,4.0625e+06,960.75
922,934.5,916,930.5,3.2127e+06,915.9
935,940.89,930,938,2.6603e+06,923.29
937.5,939.5,933,938,2.1609e+06,923.29
946.5,947.5,938,941,2.3e+06,926.24
945,952.5,940,952,2.9196e+06,937.07
975.97,987.62,963.98,975.25,4.0625e+06,960.75
975.97,987.62,963.98,975.25,4.0625e+06,960.75
952,952,952,952,0,937.07
954,956,936.49,954,3.6425e+06,939.04
951,962.94,951,960.5,2.579e+06,945.43
963,970.5,959,964.5,6.4131e+06,949.37
967,972.46,966,971,3.837e+06,955.77
975.97,987.62,963.98,975.25,4.0625e+06,960.75
975.97,987.62,963.98,975.25,4.0625e+06,960.75
970.5,978,968,976,3.2766e+06,960.69
981,988.5,980.16,986,6.1209e+06,970.53
989,996,970.16,972.5,4.5009e+06,959.7
973.5,976.8,963.5,973.5,4.5214e+06,960.69
973,973,954,956.5,3.5416e+06,943.91
975.97,987.62,963.98,975.25,4.0625e+06,960.75
975.97,987.62,963.98,975.25,4.0625e+06,960.75
962,981,932.24,981,3.5963e+06,968.09
981.5,995,969.5,972.5,1.9935e+06,959.7
958.5,960,945,949,4.8138e+06,936.51
955,961.5,942.8,948.5,3.0269e+06,936.01
955.5,963.5,948,954.5,1.9903e+06,941.94
975.97,987.62,963.98,975.25,4.0625e+06,960.75
975.97,987.62,963.98,975.25,4.0625e+06,960.75
944,948.5,932.5,938,2.3268e+06,925.65
924,927.57,907.82,920,4.7245e+06,907.89
930,945.5,928,940.5,3.4553e+06,928.12
939.5,954.5,939,953,2.8033e+06,940.46
960.5,966.34,946.18,948.5,4.6645e+06,936.01
975.97,987.62,963.98,975.25,4.0625e+06,960.75
975.97,987.62,963.98,975.25,4.0625e+06,960.75
942.5,943.1,933,935,2.8326e+06,922.69
938.5,938.5,913.5,916.5,4.1876e+06,904.44
916,935,906,930,3.3852e+06,917.76
929.5,930.5,898,904,4.1401e+06,892.1
904,922,891.71,919,3.7046e+06,906.9
975.97,987.62,963.98,975.25,4.0625e+06,960.75
975.97,987.62,963.98,975.25,4.0625e+06,960.75
921,926.5,911,924.5,2.1232e+06,912.33
914,914,898.5,906,4.9195e+06,894.07
905,909.5,883,887.5,3.0306e+06,875.82
882.5,895.5,875.5,876,3.6888e+06,864.47
880,889.5,876.5,886.5,3.61e+06,874.83
975.97,987.62,963.98,975.25,4.0625e+06,960.75
975.97,987.62,963.98,975.25,4.0625e+06,960.75
890,893,881,883,2.8068e+06,871.38
878.5,882,866,867.5,3.3547e+06,856.08
862,869.5,848.5,855.5,4.7843e+06,844.24
872.5,888,863,872.5,5.2733e+06,861.01
858,863,836.82,842.5,7.3392e+06,831.41
975.97,987.62,963.98,975.25,4.0625e+06,960.75
975.97,987.62,963.98,975.25,4.0625e+06,960.75
825.5,830.5,806.5,822,7.0008e+06,811.18
823.5,856,820.74,853,5.3294e+06,841.77
865,865,823.5,831,7.2354e+06,820.06
840,869,822.5,862.5,6.81e+06,851.15
863,883,861.22,875,4.663e+06,863.48
975.97,987.62,963.98,975.25,4.0625e+06,960.75
975.97,987.62,963.98,975.25,4.0625e+06,960.75
868.5,870.32,846.5,851.5,4.824e+06,840.29
854.5,885,778.5,806,1.617e+07,795.39
835,844.5,810.67,827,1.2051e+07,816.11
819.5,823,800,822,8.4922e+06,811.18
820,820,810,817,5.9005e+06,806.25
975.97,987.62,963.98,975.25,4.0625e+06,960.75
975.97,987.62,963.98,975.25,4.0625e+06,960.75
822.5,823,800.89,809.5,6.3713e+06,798.85
814.5,827.5,810.5,826.5,5.5739e+06,815.62
835,842.5,825.5,827.5,4.4928e+06,816.61
827.5,838.5,821,838.5,5.3122e+06,827.46
853.5,877.5,848.5,875,8.644e+06,863.48
975.97,987.62,963.98,975.25,4.0625e+06,960.75
975.97,987.62,963.98,975.25,4.0625e+06,960.75
880,883.5,870.16,880.5,4.3798e+06,868.91
874,881.14,868.5,869,3.8085e+06,857.56
873.5,882.5,870.5,875,3.8067e+06,863.48
870,892.5,867,890,5.323e+06,878.28
891.5,891.5,871,871.5,3.9937e+06,860.03
975.97,987.62,963.98,975.25,4.0625e+06,960.75
975.97,987.62,963.98,975.25,4.0625e+06,960.75
868.5,880,868.5,878.5,2.4626e+06,866.94
883,885.35,871.5,874.5,1.9293e+06,862.99
873.5,875.5,863.4,869,2.8453e+06,857.56
866.5,877.5,866.5,873,3.4329e+06,861.51
872.5,875,850.08,869,2.5374e+06,857.56
975.97,987.62,963.98,975.25,4.0625e+06,960.75
975.97,987.62,963.98,975.25,4.0625e+06,960.75
880,893.5,875.5,890,4.0312e+06,878.28
893,893,879,881,4.8593e+06,869.4
885.5,889.27,878.5,884,3.5829e+06,872.36
893.5,897,882.5,893,4.2524e+06,881.25
899,905.3,894,901,4.45e+06,889.14
975.97,987.62,963.98,975.25,4.0625e+06,960.75
975.97,987.62,963.98,975.25,4.0625e+06,960.75
902.5,907.5,894.5,896.5,2.833e+06,884.7
896.5,904.5,890,900,2.8895e+06,888.15
900,902.5,892,898,1.7631e+06,886.18
898,917,897.5,914.5,3.2821e+06,902.46
912,919,905.18,914.5,3.0208e+06,902.46
975.97,987.62,963.98,975.25,4.0625e+06,960.75
975.97,987.62,963.98,975.25,4.0625e+06,960.75
905.5,923,903,915.5,3.2034e+06,903.45
910.5,912,888,891,3.9504e+06,879.27
885,918.5,884.5,915,3.6354e+06,902.96
922,926.5,918.59,923,3.3561e+06,910.85
928.5,947.5,925.5,946.5,3.8661e+06,934.04
975.97,987.62,963.98,975.25,4.0625e+06,960.75
975.97,987.62,963.98,975.25,4.0625e+06,960.75
947.5,966.5,947,963,5.1114e+06,950.32
956.5,957.5,941,943,5.4144e+06,930.59
950,973,949,959.5,4.6147e+06,946.87
955,963.5,934.56,959,3.7229e+06,946.38
952.5,955.5,932,932,3.4975e+06,919.73
975.97,987.62,963.98,975.25,4.0625e+06,960.75
975.97,987.62,963.98,975.25,4.0625e+06,960.75
927,940,914,914,3.6823e+06,901.97
915,936,903.5,935,4.6668e+06,922.69
924.5,936.5,917,930,3.354e+06,917.76
965,982.16,955,975.5,6.0798e+06,962.66
986,986,964.5,971.5,4.9082e+06,958.71
975.97,987.62,963.98,975.25,4.0625e+06,960.75
975.97,987.62,963.98,975.25,4.0625e+06,960.75
977.5,981.5,969.5,975.5,2.6134e+06,962.66
986.5,1001,984.5,998,4.4111e+06,984.86
1001,1004,991,995.5,5.649e+05,982.4
995.5,995.5,995.5,995.5,0,982.4
995.5,995.5,995.5,995.5,0,982.4
975.97,987.62,963.98,975.25,4.0625e+06,960.75
975.97,987.62,963.98,975.25,4.0625e+06,960.75
997,1000,984.12,996,1.4312e+06,982.89
994.5,1000.6,977,982.5,2.1569e+06,969.57
999,1002,991,995,9.564e+05,981.9
995,995,995,995,0,981.9
994.5,1000,981,988,2.6681e+06,975
975.97,987.62,963.98,975.25,4.0625e+06,960.75
975.97,987.62,963.98,975.25,4.0625e+06,960.75
985.5,998,983,987,3.1083e+06,974.01
983.5,988.5,942.5,943.5,5.1289e+06,931.08
952.5,980,950,977,5.5407e+06,964.14
990,1002,956.26,1000,4.2405e+06,986.84
995,1003,972.5,978.5,4.2813e+06,965.62
975.97,987.62,963.98,975.25,4.0625e+06,960.75
975.97,987.62,963.98,975.25,4.0625e+06,960.75
993,1007,983.88,998,4.0284e+06,984.86
978.5,992.5,974.72,990,3.9624e+06,976.97
980.5,997.5,978.5,984.5,5.681e+06,971.54
992,1000,966.5,995.5,4.2947e+06,982.4
984,991.5,963.5,990,4.3351e+06,976.97
975.97,987.62,963.98,975.25,4.0625e+06,960.75
975.97,987.62,963.98,975.25,4.0625e+06,960.75
990,1019,987.36,1017,2.1252e+06,1003.6
1023,1029,1011,1028,3.169e+06,1014.5
1040,1063,1033.4,1059,6.7491e+06,1045.1
1061,1064,1042,1058,3.4544e+06,1044.1
1062,1065.4,1048,1054,3.5598e+06,1040.1
975.97,987.62,963.98,975.25,4.0625e+06,960.75
975.97,987.62,963.98,975.25,4.0625e+06,960.75
1045,1053,1039.5,1050,2.7452e+06,1036.2
1049,1050.4,1021,1031,3.4999e+06,1017.4
1080,1080,1043,1049,4.5275e+06,1035.2
1047,1059,1042,1050,3.4381e+06,1036.2
1060,1060,1038.6,1041,2.7319e+06,1027.3
975.97,987.62,963.98,975.25,4.0625e+06,960.75
975.97,987.62,963.98,975.25,4.0625e+06,960.75
1044,1045,1028,1040,2.941e+06,1026.3
1045,1050,1032,1037,4.5525e+06,1023.4
1045,1069,1037,1069,4.3267e+06,1054.9
1082,1098,1076,1082,6.1329e+06,1067.8
1081,1096.7,1068.6,1079,2.7617e+06,1064.8
975.97,987.62,963.98,975.25,4.0625e+06,960.75
975.97,987.62,963.98,975.25,4.0625e+06,960.75
1066,1072.2,1046,1055,3.4516e+06,1041.1
1055,1065,1051,1056,4.4196e+06,1042.1
1067,1105,1067,1087,5.7957e+06,1072.7
1094,1098,1042,1085,9.09e+06,1070.7
1090,1090,1055,1062,4.938e+06,1048
975.97,987.62,963.98,975.25,4.0625e+06,960.75
975.97,987.62,963.98,975.25,4.0625e+06,960.75
1077,1077,1039,1061,2.401e+06,1047
1056,1072,1052,1072,3.165e+06,1057.9
1083,1099,1071,1099,4.0199e+06,1084.5
1100,1100,1088,1099,3.1921e+06,1084.5
1098,1116,1091.8,1116,4.4595e+06,1101.3
975.97,987.62,963.98,975.25,4.0625e+06,960.75
975.97,987.62,963.98,975.25,4.0625e+06,960.75
1122,1136,1115.5,1130,3.6901e+06,1115.1
1133,1163.5,1118,1133,7.8459e+06,1118.1
1135,1152.6,1130,1151,4.4638e+06,1135.8
1140,1163.6,1134,1160,3.1137e+06,1144.7
1158,1166,1148.6,1159,2.7088e+06,1143.7
975.97,987.62,963.98,975.25,4.0625e+06,960.75
975.97,987.62,963.98,975.25,4.0625e+06,960.75
1167,1182,1150,1182,3.6258e+06,1166.4
1180,1192,1161,1161,2.6393e+06,1145.7
1163,1176,1155,1174,3.3193e+06,1158.5
1179,1193,1175,1193,2.4748e+06,1177.3
1188,1199,1183,1191,4.1759e+06,1175.3
975.97,987.62,963.98,975.25,4.0625e+06,960.75
975.97,987.62,963.98,975.25,4.0625e+06,960.75
1188,1190.3,1175,1179,2.5199e+06,1163.5
1174,1192,1157,1157,5.0255e+06,1141.8
1163,1177.6,1159,1173,3.2767e+06,1157.6
1179,1185,1161,1162,2.7648e+06,1146.7
1169,1189.4,1169,1186,2.6471e+06,1170.4
975.97,987.62,963.98,975.25,4.0625e+06,960.75
975.97,987.62,963.98,975.25,4.0625e+06,960.75
1192,1208.8,1188,1205,2.3081e+06,1189.1
1208,1210,1180,1189,4.9633e+06,1173.3
1185,1198,1181,1192,2.5896e+06,1176.3
1188,1205,1188,1202,3.1951e+06,1186.2
1205,1211,1198,1202,3.7425e+06,1186.2
975.97,987.62,963.98,975.25,4.0625e+06,960.75
975.97,987.62,963.98,975.25,4.0625e+06,960.75
1206,1206,1189,1203,4.4904e+06,1187.2
1200,1207,1194,1200,4.502e+06,1184.2
1195,1200,1119,1127,6.2777e+06,1112.2
1104,1104,1033,1080,9.4039e+06,1065.8
1089,1095,1075,1079,4.6434e+06,1064.8
975.97,987.62,963.98,975.25,4.0625e+06,960.75
975.97,987.62,963.98,975.25,4.0625e+06,960.75
1099,1111,1089,1106,5.5758e+06,1091.4
1108,1119.7,1095,1105,6.0503e+06,1090.5
1100,1116,1086,1095,4.7281e+06,1080.6
1100,1110,1094,1099,2.802e+06,1084.5
1099,1099,1099,1099,0,1084.5
975.97,987.62,963.98,975.25,4.0625e+06,960.75
975.97,987.62,963.98,975.25,4.0625e+06,960.75
1099,1099,1099,1099,0,1084.5
1110,1111,1093,1102,2.9553e+06,1087.5
1108,1140,1097,1123,6.3334e+06,1108.2
1135,1150.1,1132.8,1147,4.3962e+06,1131.9
1151,1170.2,1146,1170,4.4574e+06,1154.6
975.97,987.62,963.98,975.25,4.0625e+06,960.75
975.97,987.62,963.98,975.25,4.0625e+06,960.75
1164,1170,1147.1,1163,2.7543e+06,1147.7
1169,1180.3,1155.5,1167,4.9028e+06,1151.6
1165,1178,1152,1154,3.3079e+06,1138.8
1157,1166,1135,1137,4.1196e+06,1122
1130,1143.7,1118.8,1127,3.7769e+06,1112.2
975.97,987.62,963.98,975.25,4.0625e+06,960.75
975.97,987.62,963.98,975.25,4.0625e+06,960.75
1133,1154,1132,1150,3.493e+06,1134.9
1218,1233,1185,1195,6.7484e+06,1179.3
1203,1210,1179.8,1201,5.6576e+06,1185.2
1189,1205.9,1184.8,1190,4.9623e+06,1178.8
1195,1204,1182,1186,3.5486e+06,1174.8
975.97,987.62,963.98,975.25,4.0625e+06,960.75
975.97,987.62,963.98,975.25,4.0625e+06,960.75
1178,1200,1162,1190,4.7704e+06,1178.8
1199,1199,1139,1156,5.4102e+06,1145.1
1162,1170.8,1125,1125,4.6739e+06,1114.4
1126,1126,1103.5,1114,5.872e+06,1103.5
1118,1151.9,1108,1118,2.2655e+06,1107.4
975.97,987.62,963.98,975.25,4.0625e+06,960.75
975.97,987.62,963.98,975.25,4.0625e+06,960.75
1118,1118,1118,1118,0,1107.4
1137,1145,1116,1116,6.9609e+06,1105.5
1110,1134,1103.8,1122,4.6014e+06,1111.4
1115,1144,1106.5,1135,4.9099e+06,1124.3
1146,1160,1141,1146,5.0057e+06,1135.2
975.97,987.62,963.98,975.25,4.0625e+06,960.75
975.97,987.62,963.98,975.25,4.0625e+06,960.75
1140,1154,1133,1144,2.9001e+06,1133.2
1135,1137,1113,1116,4.8953e+06,1105.5
1117,1143.2,1104,1109,5.2893e+06,1098.5
1105,1131.1,1095.2,1101,4.5899e+06,1090.6
1112,1140.7,1099,1101,5.0989e+06,1090.6
975.97,987.62,963.98,975.25,4.0625e+06,960.75
975.97,987.62,963.98,975.25,4.0625e+06,960.75
1101,1113,1090,1111,2.8275e+06,1100.5
1119,1136,1116,1126,2.9243e+06,1115.4
1128,1130,1116,1120,2.5396e+06,1109.4
1118,1122,1109,1120,2.6217e+06,1109.4
1125,1131,1103,1123,4.2905e+06,1112.4
975.97,987.62,963.98,975.25,4.0625e+06,960.75
975.97,987.62,963.98,975.25,4.0625e+06,960.75
1123,1123,1123,1123,0,1112.4
1131,1132,1111,1114,2.7868e+06,1103.5
1120,1143,1112.5,1139,4.0149e+06,1128.2
1160,1172,1153.3,1168,4.4859e+06,1157
1166,1172,1150,1155,3.4855e+06,1144.1
975.97,987.62,963.98,975.25,4.0625e+06,960.75
975.97,987.62,963.98,975.25,4.0625e+06,960.75
1161,1168,1153.6,1158,2.8909e+06,1147.1
1166,1169.1,1142,1143,3.1259e+06,1132.2
1137,1156,1137,1145,2.8692e+06,1134.2
1145,1148.1,1125,1141,3.6451e+06,1130.2
1136,1137,1121,1128,3.0963e+06,1117.3
975.97,987.62,963.98,975.25,4.0625e+06,960.75
975.97,987.62,963.98,975.25,4.0625e+06,960.75
1131,1140,1122,1125,2.3807e+06,1114.4
1123,1126.7,1107,1112,2.8193e+06,1101.5
1112,1120.3,1098,1113,4.2961e+06,1102.5
1113,1140.7,1107,1129,2.6691e+06,1118.3
1132,1135,1124.8,1126,3.2021e+06,1115.4
975.97,987.62,963.98,975.25,4.0625e+06,960.75
975.97,987.62,963.98,975.25,4.0625e+06,960.75
1119,1119,1100,1103,2.8487e+06,1092.6
1095,1100.3,1083,1089,4.6752e+06,1078.7
1092,1096,1079.2,1089,3.7865e+06,1078.7
1085,1093.6,1066,1088,3.6406e+06,1077.7
1093,1119,1089,1118,6.5085e+06,1107.4
975.97,987.62,963.98,975.25,4.0625e+06,960.75
975.97,987.62,963.98,975.25,4.0625e+06,960.75
1126,1176.7,1122.4,1133,3.5473e+06,1122.3
1136,1148,1134.9,1137,2.6022e+06,1126.3
1139,1175.6,1122.9,1125,4.5227e+06,1114.4
1120,1152,1119,1148,3.9198e+06,1137.2
1119,1122.1,1084.9,1090,5.2178e+06,1079.7
975.97,987.62,963.98,975.25,4.0625e+06,960.75
975.97,987.62,963.98,975.25,4.0625e+06,960.75
1051,1123.4,1047,1050,5.8683e+06,1040.1
1045,1066,1037,1037,5.8652e+06,1027.2
1047,1079.6,1047,1063,4.374e+06,1053
1055,1056,1031,1037,4.4884e+06,1027.2
1042,1048.5,1033.8,1036,1.8736e+06,1026.2
975.97,987.62,963.98,975.25,4.0625e+06,960.75
975.97,987.62,963.98,975.25,4.0625e+06,960.75
1029,1042,1023,1036,2.7016e+06,1026.2
1055,1072.6,1031,1031,5.9398e+06,1021.3
1035,1042,1003,1017,5.4628e+06,1007.4
1020,1056.2,1020,1045,4.9598e+06,1035.1
1040,1049.5,1012,1015,6.8144e+06,1005.4
975.97,987.62,963.98,975.25,4.0625e+06,960.75
975.97,987.62,963.98,975.25,4.0625e+06,960.75
1010,1023,1002.5,1018,5.4545e+06,1008.4
1024,1027.3,1007.8,1017,4.4254e+06,1007.4
1019,1028,1014,1017,4.4574e+06,1007.4
1022,1039,1016,1018,4.4087e+06,1008.4
1030,1035,1016,1018,3.3064e+06,1008.4
975.97,987.62,963.98,975.25,4.0625e+06,960.75
975.97,987.62,963.98,975.25,4.0625e+06,960.75
1016,1036.8,1012,1030,3.328e+06,1020.3
1023,1046,1018,1039,6.8242e+06,1029.2
1008,1023,966,970,1.5749e+07,960.83
995,1020,981,1015,9.1139e+06,1005.4
1021,1027,997,1001,5.7689e+06,991.54
975.97,987.62,963.98,975.25,4.0625e+06,960.75
975.97,987.62,963.98,975.25,4.0625e+06,960.75
1001,1007,989,995.5,4.8029e+06,986.09
1000,1001,973,987,7.5876e+06,977.67
993.5,1003,985.5,990,5.6996e+06,980.64
997,1012,986.5,1011,5.3701e+06,1001.4
1017,1017,1002,1007,5.8685e+06,997.48
975.97,987.62,963.98,975.25,4.0625e+06,960.75
975.97,987.62,963.98,975.25,4.0625e+06,960.75
1003,1008,991,993.5,4.0081e+06,984.11
983.5,985.5,945,948.5,8.61e+06,939.53
947,961,938.29,957.5,7.0652e+06,948.45
953,965.5,947,947.5,5.6203e+06,938.54
954.5,960.5,946.5,951,3.3189e+06,942.01
975.97,987.62,963.98,975.25,4.0625e+06,960.75
975.97,987.62,963.98,975.25,4.0625e+06,960.75
958.5,961,938.5,952,4.4067e+06,943
955,968,949.85,959.5,5.8004e+06,950.43
949.5,961.03,913.48,916,7.1768e+06,907.34
933.5,947.5,917.5,918.5,6.9542e+06,909.82
942,945,903.5,906,9.6839e+06,897.44
975.97,987.62,963.98,975.25,4.0625e+06,960.75
975.97,987.62,963.98,975.25,4.0625e+06,960.75
913,921.5,902,919.5,4.1832e+06,910.81
923,929,908.5,913.5,4.7608e+06,904.87
908,913.82,894.41,894.5,4.527e+06,886.05
892,905.08,887,897,6.2622e+06,888.52
875,884,862.5,864.5,6.1903e+06,856.33
975.97,987.62,963.98,975.25,4.0625e+06,960.75
975.97,987.62,963.98,975.25,4.0625e+06,960.75
825.5,858,812,848.5,1.0169e+07,840.48
860,911.5,856.71,895.5,1.1083e+07,887.04
863,911,863,875,1.2046e+07,866.73
897,926.5,893,918,9.0518e+06,909.32
920,935.14,915.5,933.5,6.7248e+06,924.68
975.97,987.62,963.98,975.25,4.0625e+06,960.75
975.97,987.62,963.98,975.25,4.0625e+06,960.75
933.5,933.5,933.5,933.5,0,924.68
902.5,920,898.77,913.5,8.4591e+06,904.87
920,942.5,918.5,921.5,4.9616e+06,912.79
930,953,930,950,5.8621e+06,944.25
940,950.5,932.5,943.5,5.3109e+06,937.79
975.97,987.62,963.98,975.25,4.0625e+06,960.75
975.97,987.62,963.98,975.25,4.0625e+06,960.75
942.5,955.5,937,953,3.2538e+06,947.23
958,969.5,934.61,959.5,3.5562e+06,953.69
973.5,977.5,947,952.5,3.371e+06,946.73
941.5,955.5,937,950,4.6021e+06,944.25
953,959,934,934,3.9142e+06,928.35
975.97,987.62,963.98,975.25,4.0625e+06,960.75
975.97,987.62,963.98,975.25,4.0625e+06,960.75
938.5,971,936.34,948,4.6539e+06,942.26
946.5,984,940,980.5,5.528e+06,974.56
981.5,987,965.5,973.5,6.0631e+06,967.61
975,978.1,959.5,960.5,2.7944e+06,954.68
957.5,965.5,945,960.5,5.8015e+06,954.68
975.97,987.62,963.98,975.25,4.0625e+06,960.75
975.97,987.62,963.98,975.25,4.0625e+06,960.75
954.5,962.5,952,952,3.5031e+06,946.24
952,954.5,929,929.5,3.5326e+06,923.87
931.5,944,916,936.5,3.5761e+06,930.83
934.5,945,921.5,926.5,4.2055e+06,920.89
945,994.5,944,982,4.268e+06,976.05
975.97,987.62,963.98,975.25,4.0625e+06,960.75
975.97,987.62,963.98,975.25,4.0625e+06,960.75
975.5,975.7,933,940,5.1853e+06,934.31
919.5,927,901.5,919,8.6466e+06,913.44
938.5,951.5,932.5,947.5,6.5843e+06,941.76
970,970,928.5,935.5,3.5368e+06,929.84
943,955,925.22,935,4.4501e+06,929.34
975.97,987.62,963.98,975.25,4.0625e+06,960.75
975.97,987.62,963.98,975.25,4.0625e+06,960.75
951,965.85,949.2,963,4.1699e+06,957.17
952.5,952.5,934,942,6.349e+06,936.3
958,961,937,938,5.1486e+06,932.32
945,957,941,954,3.8954e+06,948.23
960.5,965.5,953.5,960,3.2876e+06,954.19
975.97,987.62,963.98,975.25,4.0625e+06,960.75
975.97,987.62,963.98,975.25,4.0625e+06,960.75
958,965.1,952.5,957,3.75e+06,951.21
958,959,946.5,947,2.5484e+06,941.27
935.5,946.5,932.5,933,3.8771e+06,927.35
953.5,992,952,979.5,6.1963e+06,973.57
978.5,1332.5,967,975,3.4328e+06,969.1
975.97,987.62,963.98,975.25,4.0625e+06,960.75
975.97,987.62,963.98,975.25,4.0625e+06,960.75
972,984.5,965.5,975.5,3.0084e+06,969.6
978,979.5,963,963,3.1694e+06,957.17
1015,1057,1004,1026,7.6551e+06,1019.8
1000,1043,1000,1037,5.092e+06,1030.7
1047,1084,1041,1073,6.3093e+06,1066.5
975.97,987.62,963.98,975.25,4.0625e+06,960.75
975.97,987.62,963.98,975.25,4.0625e+06,960.75
1070,1074,1047,1051,3.4609e+06,1044.6
1052,1053,1039.8,1040,3.9855e+06,1033.7
1040,1064,1033,1054,3.3785e+06,1047.6
1054,1060,1027,1033,3.6595e+06,1026.7
1040,1045,1020,1025,2.6778e+06,1018.8
975.97,987.62,963.98,975.25,4.0625e+06,960.75
975.97,987.62,963.98,975.25,4.0625e+06,960.75
1017,1036,1002.5,1032,2.355e+06,1025.8
1027,1040,1027,1040,2.4022e+06,1033.7
1043,1049,1036,1049,2.9206e+06,1042.7
1050,1068,1035,1047,3.3427e+06,1040.7
1047,1064,1045,1064,2.8793e+06,1057.6
975.97,987.62,963.98,975.25,4.0625e+06,960.75
975.97,987.62,963.98,975.25,4.0625e+06,960.75
1063,1070,1055,1058,1.5814e+06,1051.6
1067,1069,1030,1046,3.3915e+06,1039.7
1048,1061.7,1031.9,1053,1.9023e+06,1046.6
1056,1056.1,1043,1051,2.7113e+06,1044.6
1045,1047,1029,1036,2.2746e+06,1029.7
975.97,987.62,963.98,975.25,4.0625e+06,960.75
975.97,987.62,963.98,975.25,4.0625e+06,960.75
1023,1044,1023,1041,2.3779e+06,1034.7
1048,1061,1045,1055,2.0654e+06,1048.6
1053,1066,1049.3,1066,1.7841e+06,1059.5
1076,1094,1071,1084,3.9897e+06,1077.4
1080,1091,1071,1088,3.1692e+06,1081.4
975.97,987.62,963.98,975.25,4.0625e+06,960.75
975.97,987.62,963.98,975.25,4.0625e+06,960.75
1082,1089,1073,1084,1.9972e+06,1077.4
1084,1088,1069,1084,2.9149e+06,1077.4
1090,1105,1090,1105,2.367e+06,1098.3
1107,1126,1104,1119,1.8101e+06,1112.2
1112,1119,1099.6,1117,1.7836e+06,1110.2
975.97,987.62,963.98,975.25,4.0625e+06,960.75
975.97,987.62,963.98,975.25,4.0625e+06,960.75
1115,1124,1110,1124,3.7014e+06,1117.2
1127,1136.7,1121,1131,2.7338e+06,1124.2
1121,1140,1121,1135,2.6266e+06,1128.1
1134,1140.4,1118,1122,4.1017e+06,1115.2
1119,1120.4,1098,1116,2.8679e+06,1109.2
975.97,987.62,963.98,975.25,4.0625e+06,960.75
975.97,987.62,963.98,975.25,4.0625e+06,960.75
1119,1126.7,1099,1102,2.8455e+06,1095.3
1100,1106,1090,1095,4.0803e+06,1088.4
1103,1111.6,1094,1094,3.5393e+06,1087.4
1085,1100,1082,1087,2.5878e+06,1080.4
1082,1088.4,1074,1074,2.5345e+06,1067.5
975.97,987.62,963.98,975.25,4.0625e+06,960.75
975.97,987.62,963.98,975.25,4.0625e+06,960.75
1070,1073,1041,1041,3.9301e+06,1034.7
1035,1054,1009.9,1052,5.5912e+06,1045.6
1055,1055.8,1014,1021,5.2672e+06,1014.8
1034,1051,1034,1040,3.7347e+06,1033.7
1020,1030,1012.3,1019,4.7548e+06,1012.8
975.97,987.62,963.98,975.25,4.0625e+06,960.75
975.97,987.62,963.98,975.25,4.0625e+06,960.75
1018,1041.5,1018,1024,2.1516e+06,1017.8
1037,1041,1022,1030,2.0064e+06,1023.8
1039,1052.6,1035,1044,1.8556e+06,1037.7
1042,1045,1033,1038,2.057e+05,1031.7
1038,1038,1038,1038,0,1031.7
975.97,987.62,963.98,975.25,4.0625e+06,960.75
975.97,987.62,963.98,975.25,4.0625e+06,960.75
1038,1038,1038,1038,0,1031.7
1047,1052.5,1032,1050,1.7687e+06,1043.6
1046,1054,1042,1046,1.2284e+06,1039.7
1045,1051.7,1039,1039,4.482e+05,1032.7
975.97,987.62,963.98,975.25,4.0625e+06,960.75
975.97,987.62,963.98,975.25,4.0625e+06,960.75
975.97,987.62,963.98,975.25,4.0625e+06,960.75
1015,1019.1,996,1004,4.1197e+06,997.92
1010,1015.4,992,1004,3.2136e+06,997.92
982,984,962.5,974,6.1465e+06,968.1
955,972.5,939,968,4.3073e+06,962.14
963.5,967,943.5,943.5,4.7119e+06,937.79
975.97,987.62,963.98,975.25,4.0625e+06,960.75
975.97,987.62,963.98,975.25,4.0625e+06,960.75
943,962.5,941,953,3.523e+06,947.23
961.5,986.5,956,980,4.6382e+06,974.07
992.5,996,977.5,983,4.0415e+06,977.05
970.5,971,949.5,961,3.7274e+06,955.18
960,971.5,926.5,933,5.397e+06,927.35
975.97,987.62,963.98,975.25,4.0625e+06,960.75
975.97,987.62,963.98,975.25,4.0625e+06,960.75
930,955.5,930,949,2.4352e+06,943.26
970,974.5,949.2,964,5.6763e+06,958.16
949,955.5,932.39,948,4.2441e+06,942.26
955,969.5,947,967.5,3.4384e+06,961.64
986.5,1003,980,995.5,2.7586e+06,989.47
975.97,987.62,963.98,975.25,4.0625e+06,960.75
975.97,987.62,963.98,975.25,4.0625e+06,960.75
1007,1026,1003,1010,4.8807e+06,1003.9
999,1020,992.5,1015,2.68e+06,1008.9
1005,1007,986.5,995.5,4.8917e+06,989.47
989,990.5,952,953.5,4.0354e+06,947.73
952,993,948.83,993,5.79e+06,986.99
975.97,987.62,963.98,975.25,4.0625e+06,960.75
975.97,987.62,963.98,975.25,4.0625e+06,960.75
1007,1013,997,1011,3.0505e+06,1004.9
1003,1005,978,981,3.0899e+06,975.06
995.5,1023,978.5,986.5,5.3541e+06,980.53
994,1012,981,1001,3.8676e+06,994.94
1005,1009.2,980.5,983,3.655e+06,977.05
975.97,987.62,963.98,975.25,4.0625e+06,960.75
975.97,987.62,963.98,975.25,4.0625e+06,960.75
981.5,982,919,920,7.5459e+06,914.43
925,952,924.5,940,6.6251e+06,934.31
935,949,879.5,899,1.0494e+07,893.56
858.5,873,831.64,860.5,1.3339e+07,855.29
870.5,888.02,866.5,885.5,5.8162e+06,880.14
975.97,987.62,963.98,975.25,4.0625e+06,960.75
975.97,987.62,963.98,975.25,4.0625e+06,960.75
900,908,891.5,893,2.4274e+06,887.59
900,908.5,890.5,898,3.2289e+06,892.56
903.5,932.5,901.5,930,5.2853e+06,924.37
