362.8,362.88,359.9,360,4.4015e+06,315.74
359.9,370.82,359.36,369.2,9.6278e+06,323.81
363,363.8,348.8,354,3.0747e+07,310.48
358,358,351.6,355.9,1.4519e+07,312.15
356.7,360.5,355.6,360,9.1007e+06,315.74
465.77,470.63,460.88,465.56,8.3625e+06,439.54
465.77,470.63,460.88,465.56,8.3625e+06,439.54
361.9,365.72,356.1,358.9,8.7625e+06,314.78
350.3,352.82,347.69,348.7,1.0817e+07,305.83
350.3,354.13,347.39,352.6,6.7101e+06,309.25
355,358.5,352.5,356.8,1.0111e+07,312.94
356.7,358.54,350.17,356.5,8.0087e+06,312.67
465.77,470.63,460.88,465.56,8.3625e+06,439.54
465.77,470.63,460.88,465.56,8.3625e+06,439.54
352.1,352.1,344.9,348.3,1.4297e+07,305.48
351.3,358.1,350.83,356.7,9.9277e+06,312.85
356.3,363.59,355.38,359.8,1.6123e+07,315.57
303,320.56,295,314.8,9.5041e+07,276.1
318,325.98,312.29,324.8,3.0867e+07,284.87
465.77,470.63,460.88,465.56,8.3625e+06,439.54
465.77,470.63,460.88,465.56,8.3625e+06,439.54
324.4,324.4,320.2,322.2,1.459e+07,282.59
321.1,325.97,319.08,324,1.5607e+07,284.17
322.7,324.96,321.6,324.7,1.1132e+07,284.78
326.5,328.41,323,328.4,1.1054e+07,288.03
329.5,332.99,326.2,326.2,1.8473e+07,286.1
465.77,470.63,460.88,465.56,8.3625e+06,439.54
465.77,470.63,460.88,465.56,8.3625e+06,439.54
320,326,316.7,323.3,1.3774e+07,283.56
323.3,325.61,320.94,323.2,1.1503e+07,283.47
316,320.95,311.32,315,1.5071e+07,284.19
316.1,316.1,309.09,309.9,1.0975e+07,279.59
309,311.03,300.6,309.1,1.0066e+07,278.87
465.77,470.63,460.88,465.56,8.3625e+06,439.54
465.77,470.63,460.88,465.56,8.3625e+06,439.54
310.5,312.5,300.6,301,1.4342e+07,271.56
302.5,306.41,300.63,303.7,1.091e+07,273.99
305.6,305.6,294,297.5,1.4265e+07,268.4
298.4,301.29,295.62,296.2,1.0546e+07,267.23
296.2,296.2,296.2,296.2,0,267.23
465.77,470.63,460.88,465.56,8.3625e+06,439.54
465.77,470.63,460.88,465.56,8.3625e+06,439.54
296.2,296.2,296.2,296.2,0,267.23
296,301.1,294,301,1.3263e+07,271.56
300.4,301.77,298.24,298.4,1.0465e+07,269.21
299,300.6,294.07,294.2,9.9288e+06,265.42
295,298.3,293,295.7,1.1928e+07,266.78
465.77,470.63,460.88,465.56,8.3625e+06,439.54
465.77,470.63,460.88,465.56,8.3625e+06,439.54
297.7,300.59,294.9,296.7,2.0923e+07,267.68
298.1,302.77,298.1,301.5,1.9847e+07,272.01
302.2,313,301.7,311,1.2309e+07,280.58
310.1,310.9,304.6,306.5,1.3209e+07,276.52
304.5,304.5,300.7,302.7,8.0837e+06,273.09
465.77,470.63,460.88,465.56,8.3625e+06,439.54
465.77,470.63,460.88,465.56,8.3625e+06,439.54
302.9,304.41,297.2,300.4,9.0077e+06,271.02
298.2,302,295.7,298.2,6.8893e+06,269.03
301.6,301.93,292.5,295,9.2934e+06,266.14
296.3,298.8,292.6,294.1,6.7979e+06,265.33
294.9,297.4,292.9,295.6,7.6609e+06,266.69
465.77,470.63,460.88,465.56,8.3625e+06,439.54
465.77,470.63,460.88,465.56,8.3625e+06,439.54
298.1,300.2,294.8,295.3,6.2499e+06,266.42
295.8,303.73,293.91,303.3,1.3134e+07,273.63
303.6,308.18,302.3,306.8,9.8834e+06,276.79
307.2,312.4,305.4,311.9,9.846e+06,281.39
310.7,311.4,307.4,311.1,4.9147e+06,280.67
465.77,470.63,460.88,465.56,8.3625e+06,439.54
465.77,470.63,460.88,465.56,8.3625e+06,439.54
312.6,315,306.4,308.4,8.027e+06,278.24
310,312,303.3,305.1,1.1346e+07,275.26
303.6,310.7,303.6,310.1,4.0986e+06,279.77
309,314.4,308.3,310.8,8.825e+06,280.4
311.5,319.2,310.1,316.4,1.15e+07,285.45
465.77,470.63,460.88,465.56,8.3625e+06,439.54
465.77,470.63,460.88,465.56,8.3625e+06,439.54
316.4,316.4,316.4,316.4,0,285.45
316.1,323.74,315.6,320.8,1.2064e+07,289.42
319.3,325.2,319.3,323.9,7.2196e+06,292.22
323.5,326.64,321.5,322.9,6.2422e+06,291.32
322.9,326.94,321.4,323.4,5.5122e+06,291.77
465.77,470.63,460.88,465.56,8.3625e+06,439.54
465.77,470.63,460.88,465.56,8.3625e+06,439.54
322.9,324.5,317,319.9,7.4723e+06,288.61
321.7,324.24,319.4,323.6,7.4836e+06,291.95
322.6,326.5,320.9,323.1,8.4634e+06,291.5
328,350.3,326.3,346.5,4.1618e+07,312.61
342.5,345,338.6,340.3,1.8194e+07,307.01
465.77,470.63,460.88,465.56,8.3625e+06,439.54
465.77,470.63,460.88,465.56,8.3625e+06,439.54
339.7,342.29,337.85,339.4,8.5757e+06,306.2
338.5,340.51,334.02,336.6,2.187e+07,303.68
337,340.92,336.1,337,1.1548e+07,304.04
331,332.9,327.81,329.5,1.8548e+07,297.27
331.5,332.6,325.73,328.9,1.0105e+07,296.73
465.77,470.63,460.88,465.56,8.3625e+06,439.54
465.77,470.63,460.88,465.56,8.3625e+06,439.54
328.9,328.9,328.9,328.9,0,296.73
332,334.9,331,333,1.3043e+07,300.43
332,332,328,329,1.0136e+07,296.82
327.7,336,327.7,336,1.0488e+07,303.13
336.2,336.6,330.18,333.8,1.5923e+07,301.15
465.77,470.63,460.88,465.56,8.3625e+06,439.54
465.77,470.63,460.88,465.56,8.3625e+06,439.54
331.8,336.8,329.4,332.9,7.9009e+06,300.34
334.6,337.3,334.1,335,4.8157e+06,302.23
332.2,334.5,329.1,329.5,8.7786e+06,297.27
328.5,332.6,325.5,325.5,7.4452e+06,293.66
326.4,335.2,323.89,334.7,1.3124e+07,301.96
465.77,470.63,460.88,465.56,8.3625e+06,439.54
465.77,470.63,460.88,465.56,8.3625e+06,439.54
335.5,339.74,333.81,336.5,7.787e+06,303.59
334.4,336.4,326.12,329.6,9.7329e+06,297.36
329.6,335.24,327.5,330.2,6.975e+06,297.9
324.8,332,322.2,332,1.1369e+07,299.53
334,336.2,331.1,334.1,6.2369e+06,301.42
465.77,470.63,460.88,465.56,8.3625e+06,439.54
465.77,470.63,460.88,465.56,8.3625e+06,439.54
335.9,340.5,334.5,338.1,7.1724e+06,305.03
337,344.52,335.5,342,7.1356e+06,308.55
343.2,344.2,338.5,339,7.0424e+06,305.84
334.2,337.5,331.9,333.8,9.8579e+06,301.15
332.3,335.99,325.04,325.1,1.6887e+07,293.3
465.77,470.63,460.88,465.56,8.3625e+06,439.54
465.77,470.63,460.88,465.56,8.3625e+06,439.54
325.2,327.3,319.55,320,2.4652e+07,288.7
325,331.73,323.5,329.6,1.2211e+07,297.36
330.4,337.31,328.08,336.2,1.4022e+07,303.32
337.8,340.38,334.94,337.4,7.3755e+06,304.4
338.5,342.8,337.66,339.6,1.0894e+07,306.38
465.77,470.63,460.88,465.56,8.3625e+06,439.54
465.77,470.63,460.88,465.56,8.3625e+06,439.54
344.5,350.9,339.8,347.3,8.7655e+06,313.33
347.3,348,341.71,344.1,5.601e+06,310.44
340.2,343.6,335.9,342.5,5.3611e+06,309
345,353.4,344.26,351.4,7.3961e+06,317.03
351.1,357,348.72,349.3,6.2052e+06,315.13
465.77,470.63,460.88,465.56,8.3625e+06,439.54
465.77,470.63,460.88,465.56,8.3625e+06,439.54
352.3,360.51,351.75,357.9,8.376e+06,322.89
360.9,366.3,359.9,365.2,7.8209e+06,329.48
363.6,368.6,363.3,367.8,6.6995e+06,331.82
370,371.9,360.7,364,1.0278e+07,328.4
365,366.2,357.97,360.5,7.0709e+06,325.24
465.77,470.63,460.88,465.56,8.3625e+06,439.54
465.77,470.63,460.88,465.56,8.3625e+06,439.54
362.2,366.7,361.9,366.6,5.5236e+06,330.74
367,368,363.95,365.2,4.513e+06,329.48
366.5,367,360.2,365.8,6.1365e+06,330.02
364.1,373.3,362.2,372,6.3802e+06,335.61
370.2,374.6,368.81,372.3,6.566e+06,335.88
465.77,470.63,460.88,465.56,8.3625e+06,439.54
465.77,470.63,460.88,465.56,8.3625e+06,439.54
372.8,375.02,367.2,369,6.8641e+06,332.91
371,371.2,362.8,362.8,6.11e+06,327.31
362.9,369.55,362.9,367.3,4.5679e+06,331.37
367.8,368.6,362.3,368.3,5.2418e+06,332.28
370.8,371.7,365.7,368.9,5.266e+06,332.82
465.77,470.63,460.88,465.56,8.3625e+06,439.54
465.77,470.63,460.88,465.56,8.3625e+06,439.54
369.9,376.4,368.8,372,6.8341e+06,335.61
373.3,376.4,371.24,374.1,5.2281e+06,337.51
371.1,374.23,369.98,371.5,7.9355e+06,335.16
372.4,377.53,370.6,377.3,5.1397e+06,340.39
379.2,380.1,375.35,376.3,6.203e+06,339.49
465.77,470.63,460.88,465.56,8.3625e+06,439.54
465.77,470.63,460.88,465.56,8.3625e+06,439.54
376.9,380.79,372.17,373.4,4.9676e+06,336.88
372.6,377,369.8,372.9,6.8897e+06,336.43
369.6,374,367.4,370.8,8.2937e+06,334.53
387.2,400,384.8,399,2.6676e+07,359.97
406.4,406.4,395.6,402,1.438e+07,362.68
465.77,470.63,460.88,465.56,8.3625e+06,439.54
465.77,470.63,460.88,465.56,8.3625e+06,439.54
401.5,402.08,395.3,398.6,7.823e+06,359.61
402,403,394.2,398.7,4.8386e+06,359.7
400.6,406.9,398,404.9,1.0494e+07,365.3
405.6,407.7,400.6,404.3,9.7122e+06,364.75
400.3,402.2,397.74,402.1,9.2189e+06,362.77
465.77,470.63,460.88,465.56,8.3625e+06,439.54
465.77,470.63,460.88,465.56,8.3625e+06,439.54
400,404.5,399.84,401.8,6.5094e+06,362.5
399.9,401.9,397.2,400.6,9.3092e+06,361.42
400.3,401.6,392.2,395,7.3081e+06,356.36
395.4,402.6,395.4,399.2,5.1701e+06,360.15
400,402.9,397,401.5,4.2428e+06,362.23
465.77,470.63,460.88,465.56,8.3625e+06,439.54
465.77,470.63,460.88,465.56,8.3625e+06,439.54
401.5,401.5,401.5,401.5,0,362.23
399.1,401.5,394.9,396.5,1.366e+07,357.72
394.6,396.4,389.4,394.4,8.5867e+06,355.82
396,397.4,390.9,396.9,4.5929e+06,358.08
396.9,397.9,386.1,386.8,6.4517e+06,348.97
465.77,470.63,460.88,465.56,8.3625e+06,439.54
465.77,470.63,460.88,465.56,8.3625e+06,439.54
390.3,395.3,390.3,391.8,4.4753e+06,353.48
392.6,394.6,384.74,388.5,5.7255e+06,350.5
389.1,389.1,380.3,387.3,4.9083e+06,349.42
388.1,396.8,387.8,394.1,8.1741e+06,355.55
391.4,395.8,387.9,391,7.8946e+06,352.76
465.77,470.63,460.88,465.56,8.3625e+06,439.54
465.77,470.63,460.88,465.56,8.3625e+06,439.54
392.9,400.5,391.4,399.8,8.6063e+06,360.69
403.3,413.94,393.41,411.1,1.0993e+07,370.89
410.7,411.5,404.14,410.7,4.6025e+06,370.53
410,414.4,404.5,413,6.0492e+06,372.6
411,412.3,406.5,410.8,3.8868e+06,370.62
465.77,470.63,460.88,465.56,8.3625e+06,439.54
465.77,470.63,460.88,465.56,8.3625e+06,439.54
416.3,421.5,415.01,419.8,8.5527e+06,378.74
419,422.6,412.1,415.1,7.7996e+06,374.5
416.6,416.6,410.5,414.6,8.0407e+06,374.05
418.4,421.6,413.1,414.1,7.7547e+06,373.6
411.6,415.4,409.8,409.8,8.9452e+06,369.72
465.77,470.63,460.88,465.56,8.3625e+06,439.54
465.77,470.63,460.88,465.56,8.3625e+06,439.54
409.8,410.3,402.4,404.7,5.6737e+06,365.12
403.6,407.6,399.3,403.7,5.2009e+06,364.21
404.3,410.9,401.9,409.4,1.1737e+07,369.36
409.2,410.3,400,407.3,4.9165e+06,367.46
407.9,408.96,402.1,403.4,3.8669e+06,363.94
465.77,470.63,460.88,465.56,8.3625e+06,439.54
465.77,470.63,460.88,465.56,8.3625e+06,439.54
398,404.9,393.9,396.8,9.0831e+06,357.99
398,409.7,397.7,408.1,8.3472e+06,368.18
407,411.8,401.8,407.5,1.4611e+07,367.64
415,421.1,407.71,413.1,1.0067e+07,372.69
413.1,417,411.7,414.8,3.7416e+06,374.23
465.77,470.63,460.88,465.56,8.3625e+06,439.54
465.77,470.63,460.88,465.56,8.3625e+06,439.54
412.8,423.6,410.69,422.6,7.6024e+06,381.26
422.7,832.63,416.8,418.3,9.2756e+06,377.38
412.6,421.3,410.86,419.5,1.0069e+07,383.6
420.9,428.81,420.46,428.2,8.9959e+06,391.56
429.8,430.4,424.2,426.6,6.7606e+06,390.1
465.77,470.63,460.88,465.56,8.3625e+06,439.54
465.77,470.63,460.88,465.56,8.3625e+06,439.54
425.7,426.1,422.45,425.5,5.3734e+06,389.09
426.6,429.1,425.54,428.2,7.4919e+06,391.56
427.4,436.72,426.3,435.4,1.1465e+07,398.14
432.3,436,427.9,436,6.0042e+06,398.69
438,441.7,433.95,441.7,7.4579e+06,403.9
465.77,470.63,460.88,465.56,8.3625e+06,439.54
465.77,470.63,460.88,465.56,8.3625e+06,439.54
441.4,445.5,439.29,440.8,8.2749e+06,403.08
440.7,442.1,436.59,438.4,9.1778e+06,400.89
438.1,440.7,434.6,438.9,4.2575e+06,401.34
439.6,442.3,438.3,440.8,4.8427e+06,403.08
439.2,442.56,436.27,438.6,6.7042e+06,401.07
465.77,470.63,460.88,465.56,8.3625e+06,439.54
465.77,470.63,460.88,465.56,8.3625e+06,439.54
440,440,432.14,435.8,5.3076e+06,398.51
435,442.9,433,442,5.6262e+06,404.18
442.9,447.1,442.6,444.7,5.2844e+06,406.65
445,452.7,445,449.1,7.749e+06,410.67
448.3,450.01,443.2,447.8,5.1154e+06,409.48
465.77,470.63,460.88,465.56,8.3625e+06,439.54
465.77,470.63,460.88,465.56,8.3625e+06,439.54
449.7,453.1,445.9,446.9,4.7837e+06,408.66
442,444.8,438.9,442,7.7955e+06,404.18
442.8,448.5,442.8,445.3,5.4653e+06,407.19
445,446.9,434.2,435.9,1.0571e+07,398.6
433.9,441.9,430.4,440,7.3163e+06,402.35
465.77,470.63,460.88,465.56,8.3625e+06,439.54
465.77,470.63,460.88,465.56,8.3625e+06,439.54
441.6,443.33,434.4,441.2,4.6583e+06,403.45
440.6,442,437.4,438.5,5.2998e+06,400.98
436.5,437.35,426.4,431.8,8.3664e+06,394.85
434.9,436,429.4,432.4,6.3274e+06,395.4
433.2,435.4,432.5,434.8,6.1735e+06,397.59
465.77,470.63,460.88,465.56,8.3625e+06,439.54
465.77,470.63,460.88,465.56,8.3625e+06,439.54
431.9,435.04,430.53,433,5.2292e+06,395.95
431.8,433,426.4,427,7.4237e+06,390.46
426,434.3,425.3,430.8,6.1218e+06,393.94
428.2,433.7,427.2,432,5.9138e+06,395.03
433.2,433.5,427.03,429.4,5.1611e+06,392.66
465.77,470.63,460.88,465.56,8.3625e+06,439.54
465.77,470.63,460.88,465.56,8.3625e+06,439.54
431.5,434.14,427.5,428.5,3.6775e+06,391.83
428.5,431.4,424.4,424.9,6.0403e+06,388.54
425.2,434.5,424.8,432,5.3239e+06,395.03
432.7,436.2,431.43,432.7,3.8987e+06,395.67
432.5,434.64,429.23,429.3,3.1673e+06,392.56
465.77,470.63,460.88,465.56,8.3625e+06,439.54
465.77,470.63,460.88,465.56,8.3625e+06,439.54
430.5,430.5,424.2,426.2,4.0783e+06,389.73
427.5,428,419.5,419.5,5.398e+06,383.6
419.4,420.45,413.3,418.1,5.1174e+06,382.32
416.2,418.7,411.18,412.7,5.7136e+06,377.38
415.3,421.2,412.1,419.4,7.4638e+06,383.51
465.77,470.63,460.88,465.56,8.3625e+06,439.54
465.77,470.63,460.88,465.56,8.3625e+06,439.54
423.3,433.4,423.3,428.9,7.9323e+06,392.2
427.8,434.8,427.7,431.5,8.098e+06,394.58
431.1,433.9,424.8,425.7,6.7973e+06,389.27
425.8,426,413.7,418.3,8.8283e+06,382.51
418.3,422.6,416.21,417.3,7.2319e+06,381.59
465.77,470.63,460.88,465.56,8.3625e+06,439.54
465.77,470.63,460.88,465.56,8.3625e+06,439.54
418.5,423.7,416.6,420.4,7.4862e+06,384.43
419.9,422.9,417,421.1,6.1279e+06,385.07
423.2,426.3,421.1,423.9,5.5164e+06,387.63
429.9,436.21,429.7,435.9,9.5993e+06,398.6
436,441.2,434.7,439.3,1.0879e+07,401.71
465.77,470.63,460.88,465.56,8.3625e+06,439.54
465.77,470.63,460.88,465.56,8.3625e+06,439.54
440,445.8,439.74,445.8,3.3627e+06,407.65
444.9,448.4,440.5,442.1,1.6047e+06,404.27
442.1,442.1,442.1,442.1,0,404.27
442.1,442.1,442.1,442.1,0,404.27
443.4,449.5,442.7,448.4,4.1311e+06,410.03
465.77,470.63,460.88,465.56,8.3625e+06,439.54
465.77,470.63,460.88,465.56,8.3625e+06,439.54
449.3,449.8,444.54,447.1,2.1713e+06,408.84
449.7,451.9,447.3,449.7,1.7039e+06,411.22
449.7,449.7,449.7,449.7,0,411.22
452,452,441.7,444.3,5.5095e+06,406.28
444.2,445.3,442.27,443,3.4729e+06,405.09
465.77,470.63,460.88,465.56,8.3625e+06,439.54
465.77,470.63,460.88,465.56,8.3625e+06,439.54
442.7,445.69,439,443,3.8688e+06,405.09
443,457.17,441.05,454.2,1.0748e+07,415.33
455.6,460.2,453.1,460.2,7.622e+06,420.82
461,466.81,459.2,463.7,7.0863e+06,424.02
465.7,472,460,469.9,7.042e+06,429.69
465.77,470.63,460.88,465.56,8.3625e+06,439.54
465.77,470.63,460.88,465.56,8.3625e+06,439.54
472.5,479.64,471.7,476.2,7.0038e+06,435.45
474.4,474.4,469.18,473.9,5.7366e+06,433.35
476.1,477.5,473.6,476.6,5.2224e+06,435.82
476.3,477.73,469.94,472,3.93e+06,431.61
475.2,481.1,472.5,476.4,7.3843e+06,435.63
465.77,470.63,460.88,465.56,8.3625e+06,439.54
465.77,470.63,460.88,465.56,8.3625e+06,439.54
475,477.9,473.3,477.1,2.8788e+06,436.27
477.2,480.11,473.49,474.7,4.5652e+06,434.08
474.8,478.5,472.6,477.3,4.7528e+06,436.46
476.2,478.63,469,470.9,6.1314e+06,430.61
471.5,475.7,455.7,456.6,8.3163e+06,417.53
465.77,470.63,460.88,465.56,8.3625e+06,439.54
465.77,470.63,460.88,465.56,8.3625e+06,439.54
455.5,457.1,439.93,445,1.2868e+07,406.92
446.2,457.9,444.9,456.5,7.3631e+06,417.44
459.9,460.43,444.1,450.9,6.6631e+06,412.32
450.6,455.6,448.8,452.5,8.4882e+06,413.78
450.1,450.1,438.84,445,7.9314e+06,406.92
465.77,470.63,460.88,465.56,8.3625e+06,439.54
465.77,470.63,460.88,465.56,8.3625e+06,439.54
442.9,445.1,435.6,436.7,5.5534e+06,399.33
434.4,443.5,431.44,440.8,7.3322e+06,403.08
440.6,443.8,438.6,439.9,4.6483e+06,402.26
442.8,453.2,440.1,453.2,9.8747e+06,414.42
455.8,459.7,450.9,456.3,6.4108e+06,417.25
465.77,470.63,460.88,465.56,8.3625e+06,439.54
465.77,470.63,460.88,465.56,8.3625e+06,439.54
457.7,459.7,453,455.9,5.1553e+06,416.89
458,461.4,453.4,457.7,7.8144e+06,418.53
460.6,466.7,459.3,461.5,9.0712e+06,422.01
460.9,461.9,454.3,459.9,6.39e+06,420.55
460.6,463.6,457,459.6,7.1364e+06,420.27
465.77,470.63,460.88,465.56,8.3625e+06,439.54
465.77,470.63,460.88,465.56,8.3625e+06,439.54
459.8,462.9,458.09,460.8,4.6906e+06,421.37
461.9,463.7,456.33,462.5,6.0637e+06,422.92
460.6,465.2,459,464.1,4.422e+06,424.39
460,468.3,458.9,468.3,6.4117e+06,428.23
470,474.1,467.4,469,5.7563e+06,428.87
465.77,470.63,460.88,465.56,8.3625e+06,439.54
465.77,470.63,460.88,465.56,8.3625e+06,439.54
467.4,475.44,467.3,475.3,6.0503e+06,434.63
476,476.6,469.6,474.5,1.7146e+07,433.9
474.1,475.22,471,473,4.2209e+06,432.52
472.7,473.65,457.6,469.1,8.1914e+06,428.96
470,476,470,473.6,6.6185e+06,433.07
465.77,470.63,460.88,465.56,8.3625e+06,439.54
465.77,470.63,460.88,465.56,8.3625e+06,439.54
465.4,466.4,454.5,459.9,5.8117e+06,420.55
464.5,466.1,459.4,462.5,8.8043e+06,422.92
461.9,468,460.3,466.1,8.623e+06,426.21
497,514,495.9,504,2.424e+07,460.87
503,526,502.5,508.5,1.4861e+07,464.99
465.77,470.63,460.88,465.56,8.3625e+06,439.54
465.77,470.63,460.88,465.56,8.3625e+06,439.54
508.5,520.36,508,509.5,6.8304e+06,465.9
512.5,528.5,510.5,523.5,1.2305e+07,478.7
522,527.5,518.5,523,9.183e+06,478.25
525,525,511.5,516,9.064e+06,471.85
511.5,512,505.5,507,8.6125e+06,463.62
465.77,470.63,460.88,465.56,8.3625e+06,439.54
465.77,470.63,460.88,465.56,8.3625e+06,439.54
508,518.5,505,515.5,6.7746e+06,471.39
515.5,519.5,510.5,517,5.9623e+06,472.76
517.5,522,472.5,490.4,2.8879e+07,448.44
489.5,498.7,477.54,493.7,1.6272e+07,451.45
494.4,494.8,480.3,480.3,2.5853e+07,439.2
465.77,470.63,460.88,465.56,8.3625e+06,439.54
465.77,470.63,460.88,465.56,8.3625e+06,439.54
484.3,485,475.3,476.4,8.3976e+06,435.63
477.7,482.4,473.2,481.1,1.2299e+07,439.93
483,495.4,478.3,489.8,8.6079e+06,447.89
486.8,490.56,482.1,483.5,5.1687e+06,442.13
482.3,482.3,442.4,470.2,4.2281e+07,429.96
465.77,470.63,460.88,465.56,8.3625e+06,439.54
465.77,470.63,460.88,465.56,8.3625e+06,439.54
473.5,481.8,473.1,477,2.3921e+07,436.18
484.7,494.7,477,492.1,1.3563e+07,449.99
481.2,491.7,481.2,487.8,8.3762e+06,454.75
487.9,493,487,489,6.6933e+06,455.86
489,501.86,488.6,498.2,1.0229e+07,464.44
465.77,470.63,460.88,465.56,8.3625e+06,439.54
465.77,470.63,460.88,465.56,8.3625e+06,439.54
492.8,496.5,488.77,491.3,6.0486e+06,458.01
489.5,493.3,484.12,490,9.6619e+06,456.8
490.3,500.5,489.9,500.5,8.1126e+06,466.58
503.5,507,497.9,503,8.8083e+06,468.92
498.6,502,494.9,499.2,6.5637e+06,465.37
465.77,470.63,460.88,465.56,8.3625e+06,439.54
465.77,470.63,460.88,465.56,8.3625e+06,439.54
497.3,505.5,492.1,505,5.6784e+06,470.78
503,512,489.5,491.4,8.0088e+06,458.1
494.3,501.01,494.3,499,6.0775e+06,465.19
502,509.75,499.5,509,5.5441e+06,474.51
509,509,509,509,0,474.51
465.77,470.63,460.88,465.56,8.3625e+06,439.54
465.77,470.63,460.88,465.56,8.3625e+06,439.54
509,509,509,509,0,474.51
510.5,514.5,504,510.5,4.8553e+06,475.91
512,513.53,504.5,506,4.2089e+06,471.71
508,515.5,503,509.5,4.893e+06,474.97
508.5,510.93,505,509.5,7.5111e+06,474.97
465.77,470.63,460.88,465.56,8.3625e+06,439.54
465.77,470.63,460.88,465.56,8.3625e+06,439.54
509.5,514.55,505.5,509,3.7594e+06,474.51
510.5,518,510.11,517,4.7913e+06,481.97
516.5,526.92,513.5,525.5,7.0718e+06,489.89
527.5,527.5,519,525,6.5913e+06,489.42
526,527,520,523,6.0855e+06,487.56
465.77,470.63,460.88,465.56,8.3625e+06,439.54
465.77,470.63,460.88,465.56,8.3625e+06,439.54
523,523,523,523,0,487.56
527.5,533,523.5,531,6.0778e+06,495.02
531,531,522.15,526,5.4589e+06,490.36
527.5,529.5,520,525,4.6605e+06,489.42
524.5,525,514.5,524.5,3.4112e+06,488.96
465.77,470.63,460.88,465.56,8.3625e+06,439.54
465.77,470.63,460.88,465.56,8.3625e+06,439.54
525.5,531.5,522,531,4.3537e+06,495.02
534,534,523.5,528,4.704e+06,492.22
528,532.53,527,531.5,4.9473e+06,495.48
528,536.5,511,513.5,9.2667e+06,478.7
511.5,519,502,513,1.0962e+07,478.24
465.77,470.63,460.88,465.56,8.3625e+06,439.54
465.77,470.63,460.88,465.56,8.3625e+06,439.54
514.5,514.5,503,512,5.7697e+06,477.31
512.5,516.5,511,512,4.9293e+06,477.31
512.5,518.5,510.5,518,3.9554e+06,482.9
520.5,521.05,516.33,517.5,4.1246e+06,482.43
521,522,517,518.79,3.5902e+06,483.63
465.77,470.63,460.88,465.56,8.3625e+06,439.54
465.77,470.63,460.88,465.56,8.3625e+06,439.54
518.79,518.79,518.79,518.79,0,483.63
522.5,525.5,518.69,524.5,4.5676e+06,488.96
525,527.18,521,527,3.6432e+06,491.29
529.5,531,525.5,527,2.6959e+06,491.29
526,571.5,519.52,524,4.9625e+06,488.49
465.77,470.63,460.88,465.56,8.3625e+06,439.54
465.77,470.63,460.88,465.56,8.3625e+06,439.54
525.5,528,518,527,4.7178e+06,491.29
526.5,527.5,522.5,524,2.5519e+06,488.49
522,527.75,521,526,3.9493e+06,490.36
526.5,535.02,526,532.5,4.4724e+06,496.42
532.5,534.5,531,534,3.2724e+06,497.81
465.77,470.63,460.88,465.56,8.3625e+06,439.54
465.77,470.63,460.88,465.56,8.3625e+06,439.54
536,536,529,533.5,2.6765e+06,497.35
532.5,532.78,527.02,528.5,3.5639e+06,492.69
526.5,532,525.5,528,3.4779e+06,492.22
530,531.5,519.5,522,3.9393e+06,486.63
520,521.5,508.5,514.5,4.0623e+06,479.64
465.77,470.63,460.88,465.56,8.3625e+06,439.54
465.77,470.63,460.88,465.56,8.3625e+06,439.54
512.5,517,506.64,512,5.1314e+06,477.31
513.5,516.06,507,511.5,3.9779e+06,476.84
512.5,513.85,509.07,510.5,3.0761e+06,475.91
515,518,511.07,515,4.2672e+06,480.1
512.5,516.5,510.63,511,8.2325e+06,476.37
465.77,470.63,460.88,465.56,8.3625e+06,439.54
465.77,470.63,460.88,465.56,8.3625e+06,439.54
512,513.5,509,510,6.4853e+06,475.44
509,509.5,500.36,504.5,6.6111e+06,470.31
502,504.5,497.87,503.5,5.8802e+06,469.38
506.5,506.5,495.5,499.8,7.7941e+06,465.93
500,513.5,499.9,512,5.1797e+06,477.31
465.77,470.63,460.88,465.56,8.3625e+06,439.54
465.77,470.63,460.88,465.56,8.3625e+06,439.54
513,514.5,506,510.5,7.0082e+06,475.91
516.5,521.5,510.5,519,6.3405e+06,483.83
520,520.5,515,518.5,3.4506e+06,483.37
519,526.84,517.63,526,4.3068e+06,490.36
525,526.79,520.5,521.5,3.0795e+06,486.16
465.77,470.63,460.88,465.56,8.3625e+06,439.54
465.77,470.63,460.88,465.56,8.3625e+06,439.54
521.5,523.5,517,519,3.4095e+06,483.83
519,521.5,512,512.5,5.4931e+06,477.77
512,514,489.3,493.9,1.9479e+07,460.43
495,496.54,480.4,483.2,1.4056e+07,450.46
486.3,490.4,483.5,490,9.4443e+06,456.8
465.77,470.63,460.88,465.56,8.3625e+06,439.54
465.77,470.63,460.88,465.56,8.3625e+06,439.54
491.5,501.5,490.2,495.1,7.5906e+06,461.55
494.5,496.64,486.7,487.7,6.0366e+06,454.65
490.1,501,487.2,495.9,7.0093e+06,462.3
494.5,495.5,486.9,490.8,5.4945e+06,457.54
487.5,489.6,483.9,489.5,5.3262e+06,456.33
465.77,470.63,460.88,465.56,8.3625e+06,439.54
465.77,470.63,460.88,465.56,8.3625e+06,439.54
488.7,490.1,484.2,487.9,4.6239e+06,454.84
491.3,497.83,490.15,495.6,4.9611e+06,462.02
494.6,502.03,493.4,500.5,4.7639e+06,466.58
499.9,507,495.4,506,4.4329e+06,471.71
503.5,512.82,503,507.5,5.5695e+06,473.11
465.77,470.63,460.88,465.56,8.3625e+06,439.54
465.77,470.63,460.88,465.56,8.3625e+06,439.54
508.5,509.38,503.51,508,3.69e+06,473.58
508,510.75,504.6,506,2.9358e+06,471.71
504,508,501,505,3.6481e+06,470.78
505,510,500.63,503.5,7.0752e+06,469.38
502.5,503.69,492.5,493.7,1.0317e+07,460.25
465.77,470.63,460.88,465.56,8.3625e+06,439.54
465.77,470.63,460.88,465.56,8.3625e+06,439.54
495,497.25,492.2,493.6,5.9098e+06,460.15
494.6,498.8,491.4,493,4.6636e+06,459.59
490.6,493.59,485.04,489.7,9.9644e+06,456.52
491.1,508,491.1,502.5,6.2116e+06,468.45
492.8,499.4,492.3,492.8,8.9764e+06,459.41
465.77,470.63,460.88,465.56,8.3625e+06,439.54
465.77,470.63,460.88,465.56,8.3625e+06,439.54
497.3,497.9,492.3,495.9,4.4299e+06,462.3
494.5,501,494.5,500.5,7.1673e+06,466.58
502,506.5,500,505,4.5497e+06,470.78
502.5,508,501.5,506,6.0464e+06,471.71
506.5,509.02,501.5,503,5.3043e+06,468.92
465.77,470.63,460.88,465.56,8.3625e+06,439.54
465.77,470.63,460.88,465.56,8.3625e+06,439.54
507.5,510.5,503.5,509,4.651e+06,474.51
512.5,518,509,515.5,4.1331e+06,480.57
514.5,516.5,513,515.5,3.7604e+06,480.57
517,522.5,515.5,522,3.4517e+06,486.63
520.5,522,514.5,520,4.1955e+06,484.76
465.77,470.63,460.88,465.56,8.3625e+06,439.54
465.77,470.63,460.88,465.56,8.3625e+06,439.54
520,520,520,520,0,484.76
525,525.5,520,521.5,4.9665e+06,486.16
520.5,525.5,520.5,524.5,3.5954e+06,488.96
524.5,524.5,517.5,518.5,5.1339e+06,483.37
518.5,523,510.02,521,5.2394e+06,485.69
465.77,470.63,460.88,465.56,8.3625e+06,439.54
465.77,470.63,460.88,465.56,8.3625e+06,439.54
520,522.25,512,516,3.9839e+06,481.03
517,526.5,516.5,526,1.0676e+07,490.36
527,532.25,527,529,6.6527e+06,493.15
529.5,534.75,527.15,533.5,5.073e+06,497.35
533,535,528.76,531,4.4833e+06,495.02
465.77,470.63,460.88,465.56,8.3625e+06,439.54
465.77,470.63,460.88,465.56,8.3625e+06,439.54
529,529,520,525.5,5.0959e+06,489.89
523.5,527.5,523,525,3.8456e+06,489.42
523.5,530.5,522.5,528,4.9565e+06,492.22
531,534,527,531,6.4089e+06,495.02
531,532.5,524,525.5,5.1945e+06,489.89
465.77,470.63,460.88,465.56,8.3625e+06,439.54
465.77,470.63,460.88,465.56,8.3625e+06,439.54
523.5,528.75,521.5,526.5,4.2401e+06,490.82
526.5,526.72,522,526,7.7757e+06,490.36
529,536.02,526,530.5,4.8444e+06,494.55
529.5,542.39,525.5,534,4.8078e+06,497.81
539,540.66,535,535.5,1.5646e+07,499.21
465.77,470.63,460.88,465.56,8.3625e+06,439.54
465.77,470.63,460.88,465.56,8.3625e+06,439.54
535,535.82,531,534,5.6806e+06,497.81
535.5,535.5,523.5,529.5,6.1495e+06,493.62
527.5,530,516.5,522.5,5.8716e+06,487.09
522.5,530,521.5,524.5,4.4503e+06,488.96
525,533.08,523,532,5.2773e+06,495.95
465.77,470.63,460.88,465.56,8.3625e+06,439.54
465.77,470.63,460.88,465.56,8.3625e+06,439.54
531.5,534.57,528,533,5.3717e+06,496.88
534,535.5,522,523.5,6.5073e+06,488.03
523,524.5,513.5,514,7.0941e+06,479.17
514,515.79,506,506,6.8116e+06,471.71
507.5,522.95,506.5,519.5,7.3015e+06,484.3
465.77,470.63,460.88,465.56,8.3625e+06,439.54
465.77,470.63,460.88,465.56,8.3625e+06,439.54
519.5,520,513.82,517,5.6809e+06,481.97
516.5,518,511.5,511.5,6.0439e+06,476.84
510,514.5,505.5,513,8.1424e+06,478.24
511,512,497.7,499.3,8.0453e+06,470.83
498,500.75,489.1,490.5,1.3469e+07,462.54
465.77,470.63,460.88,465.56,8.3625e+06,439.54
465.77,470.63,460.88,465.56,8.3625e+06,439.54
485.9,500.5,484.45,497,9.315e+06,468.67
491.9,498.8,487.7,497.7,7.1066e+06,469.33
498.2,498.4,486.6,486.7,1.0277e+07,458.95
487.7,490.5,466.1,476.1,1.2992e+07,448.96
476.8,495.7,475.98,494.5,1.1079e+07,466.31
465.77,470.63,460.88,465.56,8.3625e+06,439.54
465.77,470.63,460.88,465.56,8.3625e+06,439.54
492.7,496.5,488.9,490.2,6.089e+06,462.25
487.1,498.5,487.1,498.1,5.2331e+06,469.7
499.7,506,497.4,503,7.4707e+06,474.32
503,508.52,497.3,506,5.2584e+06,477.15
503,508,501.16,507,5.5564e+06,478.1
465.77,470.63,460.88,465.56,8.3625e+06,439.54
465.77,470.63,460.88,465.56,8.3625e+06,439.54
512,514.5,504.66,506,6.2481e+06,477.15
509.5,519.15,508.86,517.5,5.794e+06,488
521,523.44,513.16,517,5.7165e+06,487.53
517,522,510.12,518,7.325e+06,488.47
525,526,519,521,7.4622e+06,491.3
465.77,470.63,460.88,465.56,8.3625e+06,439.54
465.77,470.63,460.88,465.56,8.3625e+06,439.54
519.5,521.5,514.5,517.5,5.4137e+06,488
518,524.5,516.5,522,6.3828e+06,492.24
525.5,529.55,522.5,527,5.8687e+06,496.96
527,533.75,521.5,527,6.6917e+06,496.96
529,533.56,522,525,4.6114e+06,495.07
465.77,470.63,460.88,465.56,8.3625e+06,439.54
465.77,470.63,460.88,465.56,8.3625e+06,439.54
524.5,528,521.5,524.5,4.4523e+06,494.6
526.5,529.5,525.5,527,1.0501e+07,496.96
525,529,521,524.5,3.7087e+06,494.6
525.5,528.5,519.5,527,4.2729e+06,496.96
530,530,524,529.5,3.4582e+06,499.31
465.77,470.63,460.88,465.56,8.3625e+06,439.54
465.77,470.63,460.88,465.56,8.3625e+06,439.54
526,534.06,525,532,4.2281e+06,501.67
534,537,531.13,535,4.358e+06,504.5
537.5,537.5,533.5,535,5.0747e+06,504.5
535,537,530.04,532.5,3.0271e+06,502.14
533.5,540,533,539,5.9757e+06,508.27
465.77,470.63,460.88,465.56,8.3625e+06,439.54
465.77,470.63,460.88,465.56,8.3625e+06,439.54
522,524,508.5,510,2.4276e+07,480.93
513.5,515,507.5,508,2.1081e+07,479.04
506,510.03,506,507,1.4636e+07,478.1
506.5,510.4,505,508,5.9188e+06,479.04
506.5,511,506.35,508,6.2526e+06,479.04
465.77,470.63,460.88,465.56,8.3625e+06,439.54
465.77,470.63,460.88,465.56,8.3625e+06,439.54
505.5,507.18,497.9,499.4,8.0111e+06,470.93
508,515.9,496.7,500,2.0586e+07,471.5
498.2,509.5,498.2,505,2.1589e+07,476.21
506.5,511,501,501,1.1644e+07,472.44
503,506.5,502.5,506,1.3425e+07,477.15
465.77,470.63,460.88,465.56,8.3625e+06,439.54
465.77,470.63,460.88,465.56,8.3625e+06,439.54
506,509.52,504.5,507,1.294e+07,478.1
503,504,491.5,492.6,1.4475e+07,464.52
493.9,496.53,491.5,493.5,9.6668e+06,465.37
490,493,485,487.1,1.0681e+07,459.33
481.9,485.3,467.4,468,1.0591e+07,441.32
465.77,470.63,460.88,465.56,8.3625e+06,439.54
465.77,470.63,460.88,465.56,8.3625e+06,439.54
483.8,483.8,463.9,463.9,1.393e+07,437.45
464.6,470.1,458.2,470.1,1.5135e+07,443.3
466,469.3,461.6,467.9,9.5123e+06,441.23
474.1,482.1,471.1,480.6,1.1945e+07,453.2
485.5,498.7,483.89,495,2.1473e+07,466.78
465.77,470.63,460.88,465.56,8.3625e+06,439.54
465.77,470.63,460.88,465.56,8.3625e+06,439.54
495.5,497.2,491,492.3,4.2833e+06,464.23
494.6,499.07,491.44,493.1,3.3632e+06,464.99
488,497.59,488,494.8,1.0359e+06,466.59
494.8,494.8,494.8,494.8,0,466.59
494.8,494.8,494.8,494.8,0,466.59
465.77,470.63,460.88,465.56,8.3625e+06,439.54
465.77,470.63,460.88,465.56,8.3625e+06,439.54
496.8,497.14,487.2,492.8,3.9151e+06,464.7
489.2,492,483.6,485.6,3.3381e+06,457.92
485.7,488.24,482.27,484.5,1.2249e+06,456.88
484.5,484.5,484.5,484.5,0,456.88
488.6,489.1,482.5,484.4,5.0471e+06,456.78
465.77,470.63,460.88,465.56,8.3625e+06,439.54
465.77,470.63,460.88,465.56,8.3625e+06,439.54
482.6,485.6,469.8,470.8,7.352e+06,443.96
471.1,473.58,464,464,1.0189e+07,437.55
465.8,468.9,462.35,463.3,1.0824e+07,436.89
468,485.2,465.4,483.2,1.4593e+07,455.65
480.4,496.6,479.7,490.4,1.6814e+07,462.44
465.77,470.63,460.88,465.56,8.3625e+06,439.54
465.77,470.63,460.88,465.56,8.3625e+06,439.54
492,495.5,481,484.1,9.8238e+06,456.5
481.7,491.6,479.84,490.8,1.2456e+07,462.82
487,494.7,486.1,491.4,1.2187e+07,463.38
494,507,488.9,507,1.8808e+07,478.1
503.5,507.5,491.1,506.5,1.4216e+07,477.62
465.77,470.63,460.88,465.56,8.3625e+06,439.54
465.77,470.63,460.88,465.56,8.3625e+06,439.54
509,512.5,489.12,511,7.6092e+06,481.87
513.5,517.15,509.5,517,1.6423e+07,487.53
519,529,516,529,1.1495e+07,498.84
529.5,539,525.5,538.5,9.8877e+06,507.8
540,548,533.5,536.5,1.0876e+07,505.91
465.77,470.63,460.88,465.56,8.3625e+06,439.54
465.77,470.63,460.88,465.56,8.3625e+06,439.54
534,546.62,532,540.5,8.3248e+06,509.69
541.5,541.5,529,532,1.8191e+07,501.67
537,537,524.5,531.5,1.1835e+07,501.2
528.5,536.11,526.5,536,9.8348e+06,505.44
536.5,538.5,527,528,7.2671e+06,497.9
465.77,470.63,460.88,465.56,8.3625e+06,439.54
465.77,470.63,460.88,465.56,8.3625e+06,439.54
531.5,531.5,522.5,529,1.3401e+07,498.84
529.5,536.5,527.05,533,1.0522e+07,502.61
534,534,523.5,528,9.7254e+06,497.9
525.5,529.5,523.8,529.5,6.2852e+06,499.31
530.5,539.61,527.5,537,7.445e+06,506.39
465.77,470.63,460.88,465.56,8.3625e+06,439.54
465.77,470.63,460.88,465.56,8.3625e+06,439.54
535.5,536,529.5,532,5.0233e+06,501.67
534,539.5,531.67,538,5.4525e+06,507.33
539,539.5,530.5,532,4.6069e+06,501.67
532,541.5,530.01,540,6.2002e+06,509.21
540,543.31,539,541,5.3304e+06,510.16
465.77,470.63,460.88,465.56,8.3625e+06,439.54
465.77,470.63,460.88,465.56,8.3625e+06,439.54
539,544.5,537.5,541.5,2.6875e+06,510.63
536,545.5,536,544.5,5.322e+06,513.46
543,552.73,541,551,8.0271e+06,519.59
551,552.5,546,548.5,7.4645e+06,517.23
548,550.08,545.5,546.5,8.4553e+06,515.34
465.77,470.63,460.88,465.56,8.3625e+06,439.54
465.77,470.63,460.88,465.56,8.3625e+06,439.54
550,551.94,546,548,4.7365e+06,516.76
549,550.73,543,549,4.5556e+06,517.7
549.5,550,542,544,7.4401e+06,512.99
543,547,541.27,545.5,1.0693e+07,514.4
546.5,548,538.5,539,7.5194e+06,508.27
465.77,470.63,460.88,465.56,8.3625e+06,439.54
465.77,470.63,460.88,465.56,8.3625e+06,439.54
538,541.5,533,536,9.8286e+06,505.44
537.5,540,533,533,7.303e+06,502.61
534.5,535.5,529.69,532,5.2085e+06,501.67
540,573.5,540,569.5,2.5109e+07,537.03
572.5,578.68,559.62,563,1.1126e+07,530.9
465.77,470.63,460.88,465.56,8.3625e+06,439.54
465.77,470.63,460.88,465.56,8.3625e+06,439.54
559.5,563,552.5,561.5,6.2458e+06,529.49
559.5,564.67,549,549,8.6247e+06,517.7
551.5,557,545.5,547,7.2255e+06,515.82
546.5,555.74,540.5,549,7.7199e+06,517.7
551.5,553,539.32,543,6.3776e+06,512.04
465.77,470.63,460.88,465.56,8.3625e+06,439.54
465.77,470.63,460.88,465.56,8.3625e+06,439.54
547.5,550.82,545,548.5,5.3921e+06,517.23
549.5,550.5,543,546.5,7.5628e+06,515.34
546,556,544.92,555.5,7.9305e+06,523.83
558,568.79,555.28,566,1.0809e+07,533.73
568,571.58,560.5,570,1.2598e+07,537.5
465.77,470.63,460.88,465.56,8.3625e+06,439.54
465.77,470.63,460.88,465.56,8.3625e+06,439.54
571,571.5,563,564.5,9.6013e+06,532.32
561.5,574.5,561.5,571.5,1.0564e+07,538.92
572,574.38,564,564,5.2846e+06,531.85
554.5,556,545.5,553.5,1.203e+07,521.95
556,557.33,549,550.5,7.4108e+06,519.12
465.77,470.63,460.88,465.56,8.3625e+06,439.54
465.77,470.63,460.88,465.56,8.3625e+06,439.54
556.5,559,546.5,549.5,8.0466e+06,518.17
550,550,532,540,2.3439e+07,509.21
540,551,539,549,1.5713e+07,517.7
550.5,553.32,546.5,553,8.9618e+06,521.47
553,553,553,553,0,521.47
465.77,470.63,460.88,465.56,8.3625e+06,439.54
465.77,470.63,460.88,465.56,8.3625e+06,439.54
553,553,553,553,0,521.47
558,563.35,554.5,561,8.804e+06,529.02
547.5,553,543.5,550,1.278e+07,530.22
552.5,556.83,550,550,1.4605e+07,542.3
551,557.5,550,555,1.5373e+07,547.23
465.77,470.63,460.88,465.56,8.3625e+06,439.54
465.77,470.63,460.88,465.56,8.3625e+06,439.54
564,568.5,560,561.5,8.3583e+06,553.64
560,567.36,556.5,560,1.187e+07,552.16
556.5,574,553,559.5,1.3186e+07,551.67
562,563,548.5,550,1.3567e+07,542.3
550,553.32,541,543,1.1319e+07,535.4
465.77,470.63,460.88,465.56,8.3625e+06,439.54
465.77,470.63,460.88,465.56,8.3625e+06,439.54
545.5,552,539,542,8.3155e+06,534.41
546,549.32,534.5,536,9.8407e+06,528.5
538,540.17,532.5,538,8.6172e+06,530.47
540,542.3,534,537,9.8615e+06,529.48
537,541.5,525.5,531,1.1467e+07,523.57
465.77,470.63,460.88,465.56,8.3625e+06,439.54
465.77,470.63,460.88,465.56,8.3625e+06,439.54
532,538.5,522.5,535.5,9.5664e+06,528
533.5,534,520,526,1.9454e+07,518.64
527.5,528.77,520,520,1.8003e+07,512.72
518.5,528.5,512,527,1.5054e+07,519.62
524.5,532,520,523,4.6307e+06,515.68
465.77,470.63,460.88,465.56,8.3625e+06,439.54
465.77,470.63,460.88,465.56,8.3625e+06,439.54
523,523,523,523,0,515.68
531,531,512,512,7.5556e+06,504.83
509.5,517.24,507.5,513.5,1.2546e+07,506.31
513.5,530,508.5,527,1.68e+07,519.62
543.5,544.5,531.25,544.5,1.6761e+07,536.88
465.77,470.63,460.88,465.56,8.3625e+06,439.54
465.77,470.63,460.88,465.56,8.3625e+06,439.54
542.5,544.63,538.5,541,1.0763e+07,533.43
539,539,523,529,1.1256e+07,521.6
532.5,533.35,526.5,530,1.0119e+07,522.58
529.5,534.5,523.5,533.5,1.0198e+07,526.03
536,544.68,535,542.5,1.2816e+07,534.91
465.77,470.63,460.88,465.56,8.3625e+06,439.54
465.77,470.63,460.88,465.56,8.3625e+06,439.54
542,544.8,529.82,535,7.8862e+06,527.51
538,543,535.5,540,7.42e+06,532.44
541.5,545,536,543.5,7.5695e+06,535.89
544,546,540,542,6.0704e+06,534.41
544,544,537.5,538,8.8092e+06,530.47
465.77,470.63,460.88,465.56,8.3625e+06,439.54
465.77,470.63,460.88,465.56,8.3625e+06,439.54
538,538,538,538,0,530.47
540,540.26,523,526,1.0926e+07,518.64
527.5,532,523.5,529,9.6558e+06,521.6
528.5,532.5,524.5,528,6.5693e+06,520.61
530,532.69,522.5,523.5,1.3361e+07,516.17
465.77,470.63,460.88,465.56,8.3625e+06,439.54
465.77,470.63,460.88,465.56,8.3625e+06,439.54
528,528,519,520.5,9.6379e+06,513.21
519,522,511.2,515.5,9.6942e+06,508.28
517,525.5,514.9,522,8.0774e+06,514.69
518.5,526,513,520.5,1.0042e+07,513.21
517.5,517.78,512.1,515,7.2296e+06,507.79
465.77,470.63,460.88,465.56,8.3625e+06,439.54
465.77,470.63,460.88,465.56,8.3625e+06,439.54
514.5,515.5,510.5,511.5,5.7592e+06,504.34
511,512,500.65,506.5,1.1722e+07,499.41
506.5,516.5,503.39,515.5,9.145e+06,508.28
514,523.5,513,519.5,8.0002e+06,512.23
517.5,519,509.5,514.5,6.8783e+06,507.3
465.77,470.63,460.88,465.56,8.3625e+06,439.54
465.77,470.63,460.88,465.56,8.3625e+06,439.54
511.5,512,504.5,505.5,5.6853e+06,498.42
504.5,508.66,500.88,507,5.9403e+06,499.9
507.5,510.5,503.5,503.5,7.5077e+06,496.45
500.5,506.5,498.1,506.5,8.1757e+06,499.41
507,511.35,503.5,505,1.6399e+07,497.93
465.77,470.63,460.88,465.56,8.3625e+06,439.54
465.77,470.63,460.88,465.56,8.3625e+06,439.54
512,518.5,508,518.5,9.5781e+06,511.24
521.5,522.5,516.5,517,6.9131e+06,509.76
517,520,514,515.5,7.9267e+06,508.28
515,516.5,510.25,511.5,8.1051e+06,504.34
510,514,506,510.5,6.246e+06,503.35
465.77,470.63,460.88,465.56,8.3625e+06,439.54
465.77,470.63,460.88,465.56,8.3625e+06,439.54
498.7,506.5,494.7,499.7,1.1391e+07,492.7
497.5,502,492.5,492.5,1.2891e+07,485.61
495.9,502.85,494.8,499.5,9.2371e+06,492.51
498.9,501,494.2,496.3,7.4088e+06,489.35
495.1,500.63,494.4,497.9,5.0147e+06,490.93
465.77,470.63,460.88,465.56,8.3625e+06,439.54
465.77,470.63,460.88,465.56,8.3625e+06,439.54
493.2,497.4,485.91,487,9.021e+06,480.18
488.5,490.27,480,480.3,6.9543e+06,473.58
480,497.9,479.39,497.1,1.1022e+07,490.14
500,519.6,498.8,514.5,1.6414e+07,507.3
521.5,527.5,517,524,9.8918e+06,516.66
465.77,470.63,460.88,465.56,8.3625e+06,439.54
465.77,470.63,460.88,465.56,8.3625e+06,439.54
529.5,531,525,530,7.0238e+06,522.58
529.5,530.14,524.7,527.5,5.8271e+06,520.12
527,530.5,524,526,8.4054e+06,518.64
528,534,527.5,532,6.0264e+06,524.55
532.5,537,527.5,535.5,5.7488e+06,528
465.77,470.63,460.88,465.56,8.3625e+06,439.54
465.77,470.63,460.88,465.56,8.3625e+06,439.54
534,535.89,523.5,532.5,6.5778e+06,525.05
534.5,535,528,534,7.2341e+06,526.52
531,535,526.5,528.5,1.0863e+07,521.1
531,531.5,524.5,527.5,5.5716e+06,520.12
526.5,527.5,516,517.5,6.5997e+06,510.26
465.77,470.63,460.88,465.56,8.3625e+06,439.54
465.77,470.63,460.88,465.56,8.3625e+06,439.54
516.5,519.74,512.5,514.5,6.0786e+06,507.3
516,520.5,515.5,518,7.3822e+06,510.75
521.5,522.24,513.5,517.5,1.6496e+07,510.26
520,521.7,514.5,518.5,6.9096e+06,511.24
521,522,512.5,520,7.9424e+06,512.72
465.77,470.63,460.88,465.56,8.3625e+06,439.54
465.77,470.63,460.88,465.56,8.3625e+06,439.54
517,519,514.75,519,5.8238e+06,511.74
519.5,524.5,517.5,524.5,6.8008e+06,517.16
525,529,522,527.5,6.7017e+06,520.12
534,537.5,530,532,1.4697e+07,524.55
533.5,534,522.5,523,8.3618e+06,515.68
465.77,470.63,460.88,465.56,8.3625e+06,439.54
465.77,470.63,460.88,465.56,8.3625e+06,439.54
526,530,514,521.5,9.3501e+06,514.2
519,523.5,517,520,6.8724e+06,512.72
517,519.82,507.5,509.5,1.0024e+07,502.37
514.5,517,508.5,510.5,8.1783e+06,503.35
512,516,509.5,510,8.4931e+06,502.86
465.77,470.63,460.88,465.56,8.3625e+06,439.54
465.77,470.63,460.88,465.56,8.3625e+06,439.54
514,515,506.5,510,4.2739e+06,502.86
509,512.5,506.5,509,6.3868e+06,501.88
508,508.1,496.4,496.4,7.0664e+06,489.45
492,497.15,492,495.3,1.1704e+07,488.37
489,494.3,482,482,8.7162e+06,475.25
465.77,470.63,460.88,465.56,8.3625e+06,439.54
465.77,470.63,460.88,465.56,8.3625e+06,439.54
467.6,472.9,449.89,459.3,1.8047e+07,452.87
466.9,486.7,465.47,484.3,1.8849e+07,477.52
480,486.6,474.46,477.2,1.0955e+07,470.52
489.3,491,484,486.8,8.1577e+06,479.99
486.2,487.77,478.3,483.8,1.066e+07,477.03
465.77,470.63,460.88,465.56,8.3625e+06,439.54
465.77,470.63,460.88,465.56,8.3625e+06,439.54
483.8,483.8,483.8,483.8,0,477.03
478.2,480.9,465.9,469.3,1.0415e+07,462.73
471.2,476.7,463.9,470.7,7.0052e+06,464.11
474.5,479,469.5,471.5,1.0034e+07,464.9
467.1,468.1,458.8,459.2,9.8226e+06,452.77
465.77,470.63,460.88,465.56,8.3625e+06,439.54
465.77,470.63,460.88,465.56,8.3625e+06,439.54
463.2,465.7,459.6,463.1,4.7488e+06,456.62
466.2,474.9,465.3,471.3,6.8016e+06,464.7
477.9,482.9,474.5,477.4,8.0323e+06,470.72
474.1,475.5,467.18,471.2,7.6094e+06,464.6
472.3,473.9,463.8,465.7,7.3896e+06,459.18
465.77,470.63,460.88,465.56,8.3625e+06,439.54
465.77,470.63,460.88,465.56,8.3625e+06,439.54
466.9,471,459.93,462.2,7.458e+06,455.73
462.2,475.9,459.6,474.3,1.565e+07,467.66
476.6,476.6,465.4,469.1,9.6879e+06,462.53
468.2,471.4,463.3,464.3,1.0033e+07,457.8
461.6,463.7,446,452.7,2.2268e+07,446.36
465.77,470.63,460.88,465.56,8.3625e+06,439.54
465.77,470.63,460.88,465.56,8.3625e+06,439.54
451.8,462,451.8,456,9.4789e+06,449.62
456.2,457.7,441.4,441.4,1.0033e+07,435.22
440.4,446.8,440,442.8,8.2994e+06,436.6
446.5,448.69,438.6,440.6,1.3942e+07,434.43
446.4,454.8,441.25,453.3,7.3592e+06,446.95
465.77,470.63,460.88,465.56,8.3625e+06,439.54
465.77,470.63,460.88,465.56,8.3625e+06,439.54
452.7,453.12,437.7,437.8,8.1441e+06,431.67
434.4,436.5,428.4,428.4,1.3531e+07,422.4
438.1,453.2,437.3,452,1.6822e+07,445.67
460.1,460.7,449.1,449.7,1.1187e+07,443.4
453.2,466.2,452.6,462,1.527e+07,455.53
465.77,470.63,460.88,465.56,8.3625e+06,439.54
465.77,470.63,460.88,465.56,8.3625e+06,439.54
470.3,478,468.29,475.8,9.9733e+06,469.14
477.1,477.1,467.3,473.5,8.7175e+06,466.87
482.9,487.1,479.4,482.2,1.2329e+07,475.45
473.1,476.1,468.4,475.6,9.4149e+06,475.6
478.3,482.5,475.1,476.2,8.7643e+06,476.2
465.77,470.63,460.88,465.56,8.3625e+06,439.54
465.77,470.63,460.88,465.56,8.3625e+06,439.54
475.8,476.83,469.1,471.1,6.579e+06,471.1
470.8,470.8,458.5,463.9,7.3029e+06,463.9
458.4,464.6,456.7,459.4,6.5787e+06,459.4
464.8,466.2,459.7,465.4,1.6419e+07,465.4
466.8,471.9,463.8,466.7,7.9916e+06,466.7
465.77,470.63,460.88,465.56,8.3625e+06,439.54
465.77,470.63,460.88,465.56,8.3625e+06,439.54
465.7,472.7,464.1,466.9,4.4827e+06,466.9
468.1,469.61,460.9,465.5,3.8341e+06,465.5
467.3,467.9,462.8,464.2,4.1925e+06,464.2
462.9,467.2,460.77,466.7,5.6194e+06,466.7
470.1,481.2,466,480.6,1.3199e+07,480.6
465.77,470.63,460.88,465.56,8.3625e+06,439.54
465.77,470.63,460.88,465.56,8.3625e+06,439.54
478.9,479.3,475.8,476.5,6.198e+06,476.5
475.2,479,473.5,475.7,5.5335e+06,475.7
475.8,482.6,474.7,479.4,7.0892e+06,479.4
482,492.9,481.9,484.1,1.1026e+07,484.1
484.1,488.3,482.5,486,9.7144e+06,486
465.77,470.63,460.88,465.56,8.3625e+06,439.54
465.77,470.63,460.88,465.56,8.3625e+06,439.54
482.5,491.5,481.7,485.6,7.015e+06,485.6
486.7,492.2,485.3,490,7.1174e+06,490
490.7,494.6,488.7,489.1,7.7623e+06,489.1
488.8,489.73,483.9,485.8,5.497e+06,485.8
486.6,490.5,480.68,487.1,6.1616e+06,487.1
465.77,470.63,460.88,465.56,8.3625e+06,439.54
465.77,470.63,460.88,465.56,8.3625e+06,439.54
489.6,492.8,485.6,486.2,5.0847e+06,486.2
489.3,489.3,477.7,481.2,6.5114e+06,481.2
483.5,492,480.3,491.3,1.2236e+07,491.3
491.8,492.8,484,485.2,1.1764e+07,485.2
482.7,484.1,475.7,478.3,6.6553e+06,478.3
465.77,470.63,460.88,465.56,8.3625e+06,439.54
465.77,470.63,460.88,465.56,8.3625e+06,439.54
476.7,486.6,476.4,484.5,7.9186e+06,484.5
489.6,497.7,488.6,496.2,1.0405e+07,496.2
495,496.8,491.5,496,4.9612e+06,496
499,507,498.1,504,8.6073e+06,504
506,514,501,511.5,9.6436e+06,511.5
465.77,470.63,460.88,465.56,8.3625e+06,439.54
465.77,470.63,460.88,465.56,8.3625e+06,439.54
508.5,510,504,506,5.0419e+06,506
503.5,506,496.9,500.5,7.3613e+06,500.5
501.5,514,501.5,514,7.0062e+06,514
511.5,514.5,508.5,512.5,5.1133e+06,512.5
510,514.5,506.88,513,5.0813e+06,513
465.77,470.63,460.88,465.56,8.3625e+06,439.54
465.77,470.63,460.88,465.56,8.3625e+06,439.54
512,514,507.5,511.5,5.2715e+06,511.5
514.5,515.5,508.5,515,6.5767e+06,515
516.5,516.5,512,512.5,6.9679e+06,512.5
510.5,518.13,504,504,7.191e+06,504
504,509.5,501.25,507.5,6.8174e+06,507.5
465.77,470.63,460.88,465.56,8.3625e+06,439.54
465.77,470.63,460.88,465.56,8.3625e+06,439.54
510.5,515,508,510.5,5.7369e+06,510.5
507.5,510.18,501.25,503.5,5.5679e+06,503.5
504,506,496.5,501,8.724e+06,501
500,502.5,494.1,497.2,6.4285e+06,497.2
496,497.8,487.4,490.6,7.4529e+06,490.6
465.77,470.63,460.88,465.56,8.3625e+06,439.54
465.77,470.63,460.88,465.56,8.3625e+06,439.54
492,496.9,481,482,8.0234e+06,482
485.6,498.52,485.6,496.4,7.649e+06,496.4
498.4,501,494.58,498.3,6.8502e+06,498.3
503.5,510,503,506,6.7428e+06,506
502.5,510.5,500.02,504,9.4596e+06,504
465.77,470.63,460.88,465.56,8.3625e+06,439.54
465.77,470.63,460.88,465.56,8.3625e+06,439.54
502,513.18,502,504.5,6.6053e+06,504.5
509,511.2,504,509.5,6.2433e+06,509.5
514,520,510.5,519,5.8412e+06,519
521,522.5,518.5,519,8.83e+05,519
465.77,470.63,460.88,465.56,8.3625e+06,439.54
465.77,470.63,460.88,465.56,8.3625e+06,439.54
465.77,470.63,460.88,465.56,8.3625e+06,439.54
465.77,470.63,460.88,465.56,8.3625e+06,439.54
518,521,512.5,521,5.6865e+06,521
519,522,515,519,3.2571e+06,519
517.5,519,515,516,1.4341e+06,516
465.77,470.63,460.88,465.56,8.3625e+06,439.54
465.77,470.63,460.88,465.56,8.3625e+06,439.54
465.77,470.63,460.88,465.56,8.3625e+06,439.54
507,507,493,497.6,8.6092e+06,497.6
502,503,490.45,497.6,4.3469e+06,497.6
498.5,506,490.3,495.3,5.5604e+06,495.3
485,488,477.02,481.9,7.7364e+06,481.9
482,490.3,476.9,476.9,5.6842e+06,476.9
465.77,470.63,460.88,465.56,8.3625e+06,439.54
465.77,470.63,460.88,465.56,8.3625e+06,439.54
476.2,480.2,472.9,473.7,5.8902e+06,473.7
475,485.5,472.2,480.7,7.0949e+06,480.7
484.9,485.89,478.5,481.8,1.1221e+07,481.8
475.2,478.09,468.1,474.6,8.8494e+06,474.6
473.1,476.4,458.7,464.5,9.616e+06,464.5
465.77,470.63,460.88,465.56,8.3625e+06,439.54
465.77,470.63,460.88,465.56,8.3625e+06,439.54
464.1,470.7,461.4,463.1,7.1108e+06,463.1
470,479.2,469,474.8,7.2225e+06,474.8
464.5,466.64,446.3,450.3,1.2631e+07,450.3
453.5,464.7,448.8,460,9.8326e+06,460
468.3,476.1,467.2,472,1.1714e+07,472
465.77,470.63,460.88,465.56,8.3625e+06,439.54
465.77,470.63,460.88,465.56,8.3625e+06,439.54
477.7,477.7,461.4,464,7.8123e+06,464
457.6,468.2,452,465.3,7.0866e+06,465.3
465.1,473.2,463.5,473.2,8.0285e+06,473.2
471.9,476.5,461.6,464,6.7888e+06,464
471.8,480.8,467.8,480.8,9.2298e+06,480.8
465.77,470.63,460.88,465.56,8.3625e+06,439.54
465.77,470.63,460.88,465.56,8.3625e+06,439.54
482.8,484.9,467.3,475.5,8.7007e+06,475.5
471.7,472.82,452.4,455.3,8.1258e+06,455.3
453,457.6,438.5,442.5,9.1257e+06,442.5
448.9,452.9,439.2,444,1.5279e+07,444
445.9,446.7,431.1,431.6,1.1823e+07,431.6
465.77,470.63,460.88,465.56,8.3625e+06,439.54
465.77,470.63,460.88,465.56,8.3625e+06,439.54
434,436.6,411.58,413.8,1.3428e+07,413.8
413,424.1,401.95,407.2,1.1944e+07,407.2
410.8,425.2,404,420,1.1957e+07,420
416.2,417.98,400.1,400.5,1.1525e+07,400.5
403.7,419.7,403.6,419.2,2.4017e+07,419.2
465.77,470.63,460.88,465.56,8.3625e+06,439.54
465.77,470.63,460.88,465.56,8.3625e+06,439.54
429.7,434.4,425.7,428.1,7.7157e+06,428.1
433.2,433.2,424.3,429.3,7.7772e+06,429.3
430.9,449.9,426.4,447.8,1.2825e+07,447.8
