2931.5,2950.5,2904.8,2912,3.462e+06,2544.7
2995,2995,2895,2948.5,2.1395e+06,2576.6
2955,2968.5,2938,2955,2.3585e+06,2582.3
2953.5,2957,2903.5,2910,3.1849e+06,2543
2911.5,2954,2909,2952.5,2.6628e+06,2580.1
4025.9,4066,3983.7,4026.6,2.45e+06,3731.4
4025.9,4066,3983.7,4026.6,2.45e+06,3731.4
2967,2994,2960.7,2978,3.7374e+06,2602.4
2955.5,2963.5,2932,2947.5,3.0745e+06,2575.8
2961.5,2997,2946.9,2990.5,2.1454e+06,2613.3
3005,3011,2981.2,2995.5,2.4301e+06,2617.7
2992.5,3028,2985.5,3012.5,1.9803e+06,2632.6
4025.9,4066,3983.7,4026.6,2.45e+06,3731.4
4025.9,4066,3983.7,4026.6,2.45e+06,3731.4
3014.5,3024.5,2995,3008,1.818e+06,2628.6
3018,3052.6,3010,3042.5,1.6712e+06,2658.8
3039.5,3051.5,3026.5,3031.5,1.5452e+06,2649.2
3036.5,3163.8,3025,3032,1.7389e+06,2649.6
3046.5,3054,3014,3040,2.167e+06,2656.6
4025.9,4066,3983.7,4026.6,2.45e+06,3731.4
4025.9,4066,3983.7,4026.6,2.45e+06,3731.4
3049.5,3051.5,3026,3039,1.8947e+06,2655.7
3042.5,3082.5,3030,3070,2.193e+06,2682.8
3074.5,3074.5,3036.8,3066,1.7655e+06,2679.3
3084,3084,3044,3074,3.3851e+06,2686.3
3074.5,3083,3050.9,3069.5,5.7009e+06,2682.4
4025.9,4066,3983.7,4026.6,2.45e+06,3731.4
4025.9,4066,3983.7,4026.6,2.45e+06,3731.4
3032,3069.2,3005.5,3049.5,2.3269e+06,2664.9
3048,3081.5,3039.5,3064.5,2.2118e+06,2678
3060.5,3087,3040,3040,2.7881e+06,2656.6
3030,3149.5,3020.7,3133,4.957e+06,2737.9
3150,3254,3148.5,3236,5.5149e+06,2827.9
4025.9,4066,3983.7,4026.6,2.45e+06,3731.4
4025.9,4066,3983.7,4026.6,2.45e+06,3731.4
3250.5,3273,3228.4,3256.5,3.1058e+06,2845.8
3255,3265,3240,3256.5,2.4784e+06,2845.8
3260,3260,3228.5,3248,2.2956e+06,2838.3
3230,3299.5,3230,3299.5,2.6093e+06,2883.4
3299.5,3299.5,3299.5,3299.5,0,2883.4
4025.9,4066,3983.7,4026.6,2.45e+06,3731.4
4025.9,4066,3983.7,4026.6,2.45e+06,3731.4
3299.5,3299.5,3299.5,3299.5,0,2883.4
3300,3348,3282,3340,2.2888e+06,2918.7
3322.5,3336.5,3302,3302,2.1106e+06,2885.5
3300,3300,3262,3288.5,2.5486e+06,2873.7
3286,3295,3267,3282.5,2.382e+06,2868.5
4025.9,4066,3983.7,4026.6,2.45e+06,3731.4
4025.9,4066,3983.7,4026.6,2.45e+06,3731.4
3282,3313.8,3277.5,3302.5,2.4147e+06,2886
3315,3315.5,3291,3311,1.8554e+06,2893.4
3300,3336,3288.8,3326,3.3427e+06,2906.5
3336,3336,3297,3324.5,1.7814e+06,2905.2
3316,3324.6,3295.7,3319.5,1.7385e+06,2900.8
4025.9,4066,3983.7,4026.6,2.45e+06,3731.4
4025.9,4066,3983.7,4026.6,2.45e+06,3731.4
3309,3361.8,3294,3340,1.9362e+06,2918.7
3324,3327.5,3300.2,3315.5,2.0243e+06,2897.3
3331.5,3331.5,3270.5,3297.5,3.1673e+06,2881.6
3319,3361,3308,3335.5,2.3397e+06,2914.8
3337,3383,3315.5,3346,1.9899e+06,2924
4025.9,4066,3983.7,4026.6,2.45e+06,3731.4
4025.9,4066,3983.7,4026.6,2.45e+06,3731.4
3359,3393,3343,3350,2.0244e+06,2927.5
3350,3390,3340,3386,2.2126e+06,2958.9
3378.5,3403.5,3355,3390,2.5901e+06,2962.4
3388,3388,3265.5,3325.5,4.4777e+06,2906.1
3304.5,3338.8,3296.5,3321,1.7492e+06,2902.1
4025.9,4066,3983.7,4026.6,2.45e+06,3731.4
4025.9,4066,3983.7,4026.6,2.45e+06,3731.4
3337.5,3365.5,3310.5,3362.5,3.2152e+06,2938.4
3369,3382.9,3324,3342.5,3.4446e+06,2920.9
3347.5,3347.5,3318,3334,1.1196e+06,2913.5
3317.5,3349.5,3293,3317,2.7642e+06,2898.6
3316.5,3350,3294,3339.5,2.5304e+06,2918.3
4025.9,4066,3983.7,4026.6,2.45e+06,3731.4
4025.9,4066,3983.7,4026.6,2.45e+06,3731.4
3339.5,3339.5,3339.5,3339.5,0,2918.3
3307,3322.5,3296,3315,1.9831e+06,2896.9
3317.5,3325.5,3310,3318,1.2981e+06,2899.5
3313,3327,3292.9,3326.5,1.0624e+06,2906.9
3331.5,3342.5,3312,3342.5,2.7255e+06,2920.9
4025.9,4066,3983.7,4026.6,2.45e+06,3731.4
4025.9,4066,3983.7,4026.6,2.45e+06,3731.4
3337,3338,3310.6,3338,1.3861e+06,2917
3350,3367,3323.5,3342.5,2.4297e+06,2920.9
3345,3384.5,3340,3374.5,2.2084e+06,2948.9
3391.5,3401,3374.8,3389.5,2.0696e+06,2962
3389,3396,3369,3383,2.1979e+06,2956.3
4025.9,4066,3983.7,4026.6,2.45e+06,3731.4
4025.9,4066,3983.7,4026.6,2.45e+06,3731.4
3387.5,3390.7,3367.5,3390.5,1.1613e+06,2962.9
3347,3394.5,3346.5,3394.5,1.9838e+06,2966.4
3405,3487.5,3397,3485.5,4.0252e+06,3045.9
3464,3465,3411,3426.5,3.028e+06,2994.3
3436.5,3444.5,3409.5,3428,1.2288e+06,2995.6
4025.9,4066,3983.7,4026.6,2.45e+06,3731.4
4025.9,4066,3983.7,4026.6,2.45e+06,3731.4
3428,3428,3428,3428,0,2995.6
3450.5,3544.5,3449,3521.5,3.2122e+06,3077.4
3510.5,3525.5,3445,3453.5,3.6808e+06,3017.9
3441,3442.5,3409,3439,2.4794e+06,3005.3
3429,3429,3375.5,3388,3.2956e+06,2960.7
4025.9,4066,3983.7,4026.6,2.45e+06,3731.4
4025.9,4066,3983.7,4026.6,2.45e+06,3731.4
3366,3382.5,3337.5,3353.5,2.3311e+06,2930.5
3333,3362.5,3326,3343,1.6969e+06,2921.4
3321,3338,3287.5,3291.5,2.1569e+06,2876.4
3302,3331,3280.5,3280.5,1.6913e+06,2866.8
3280.5,3317,3255.5,3301.5,1.9821e+06,2885.1
4025.9,4066,3983.7,4026.6,2.45e+06,3731.4
4025.9,4066,3983.7,4026.6,2.45e+06,3731.4
3296,3338.5,3282,3308,1.5813e+06,2890.8
3294,3300,3253,3276.5,1.9155e+06,2863.3
3265.5,3302,3260.5,3264.5,1.8893e+06,2852.8
3236,3252,3214.5,3239,1.9903e+06,2830.5
3243,3246,3204.5,3239.5,1.8104e+06,2830.9
4025.9,4066,3983.7,4026.6,2.45e+06,3731.4
4025.9,4066,3983.7,4026.6,2.45e+06,3731.4
3249.5,3272.7,3241,3246.5,1.6466e+06,2837
3242,3358.8,3220,3250.5,1.5878e+06,2840.5
3232,3258,3228,3241,1.5161e+06,2832.2
3206.5,3215.5,3108.5,3109,2.8687e+06,2716.9
3127,3155.5,3109,3111.5,4.1148e+06,2719.1
4025.9,4066,3983.7,4026.6,2.45e+06,3731.4
4025.9,4066,3983.7,4026.6,2.45e+06,3731.4
3101.5,3114.4,3030,3052.5,3.395e+06,2667.5
3059.5,3075,3028.5,3064.5,2.0901e+06,2678
3055.5,3152,3055,3115,3.7207e+06,2722.1
3124,3172,3114,3152,1.887e+06,2754.5
3150.5,3158.5,3104.5,3115,2.5292e+06,2722.1
4025.9,4066,3983.7,4026.6,2.45e+06,3731.4
4025.9,4066,3983.7,4026.6,2.45e+06,3731.4
3131,3155.5,3120.8,3151,1.7158e+06,2753.6
3159,3176,3139.5,3173,1.8035e+06,2772.8
3153,3153,3110.5,3134,1.6953e+06,2738.7
3151,3242,3151,3238,1.6711e+06,2829.6
3245,3280,3205,3213.5,1.6186e+06,2808.2
4025.9,4066,3983.7,4026.6,2.45e+06,3731.4
4025.9,4066,3983.7,4026.6,2.45e+06,3731.4
3218,3260.5,3195.8,3242,1.4142e+06,2833.1
3238.5,3287.5,3238.5,3281.5,1.2603e+06,2867.6
3257,3280.2,3245,3269.5,1.9491e+06,2857.1
3290.5,3305.5,3244.9,3250,1.3151e+06,2840.1
3257.5,3288,3257,3267,1.1859e+06,2855
4025.9,4066,3983.7,4026.6,2.45e+06,3731.4
4025.9,4066,3983.7,4026.6,2.45e+06,3731.4
3268,3297.6,3246,3262,1.1577e+06,2850.6
3263.5,3287.5,3258,3269.5,1.8223e+06,2857.1
3270,3298,3241.5,3286.5,1.2212e+06,2872
3278,3314.5,3263.5,3305,1.459e+06,2888.2
3301.5,3304.5,3254.5,3280,2.3122e+06,2866.3
4025.9,4066,3983.7,4026.6,2.45e+06,3731.4
4025.9,4066,3983.7,4026.6,2.45e+06,3731.4
3277.5,3292,3259.5,3276,7.205e+05,2862.8
3289.5,3298,3269.1,3290.5,1.5262e+06,2875.5
3300,3342,3268,3288.5,1.5667e+06,2873.7
3297,3301.5,3250,3280,1.6539e+06,2866.3
3263.5,3291.7,3237,3255,1.5889e+06,2844.5
4025.9,4066,3983.7,4026.6,2.45e+06,3731.4
4025.9,4066,3983.7,4026.6,2.45e+06,3731.4
3271.5,3307.5,3261,3273,1.2806e+06,2860.2
3286,3314.5,3272.5,3298,1.5534e+06,2882
3289.5,3353,3285,3335,2.4611e+06,2914.4
3369.5,3379.5,3284,3334,2.1431e+06,2913.5
3346.5,3366,3326,3332.5,1.6457e+06,2912.2
4025.9,4066,3983.7,4026.6,2.45e+06,3731.4
4025.9,4066,3983.7,4026.6,2.45e+06,3731.4
3332,3359,3284,3298.5,1.9376e+06,2882.5
3288,3297,3266.5,3272,2.6543e+06,2859.3
3261.5,3312.3,3222,3222,3.126e+06,2815.6
3227.5,3235.3,3204.2,3224,1.8349e+06,2817.4
3235,3241.5,3195.5,3235,1.4937e+06,2827
4025.9,4066,3983.7,4026.6,2.45e+06,3731.4
4025.9,4066,3983.7,4026.6,2.45e+06,3731.4
3255,3280,3245,3271,1.7282e+06,2858.4
3281,3328,3275.5,3311.5,1.933e+06,2893.8
3261,3307.2,3240.5,3249,1.4604e+06,2896.8
3216,3244.7,3145.6,3192.5,3.4144e+06,2846.4
3181.5,3245.6,3160.5,3199.5,3.4106e+06,2852.6
4025.9,4066,3983.7,4026.6,2.45e+06,3731.4
4025.9,4066,3983.7,4026.6,2.45e+06,3731.4
3198.5,3203,3153,3186.5,1.3132e+06,2841
3172.5,3210.7,3162,3204,1.3873e+06,2856.6
3202.5,3212,3177.5,3183.5,1.943e+06,2838.4
3183,3237,3181,3230,1.6452e+06,2879.8
3222.5,3250,3214.5,3246.5,1.8065e+06,2894.5
4025.9,4066,3983.7,4026.6,2.45e+06,3731.4
4025.9,4066,3983.7,4026.6,2.45e+06,3731.4
3246.5,3246.5,3246.5,3246.5,0,2894.5
3253,3267.7,3233.5,3245,2.0206e+06,2893.2
3223.5,3332.9,3202,3217,1.8849e+06,2868.2
3231,3233.2,3192.5,3208,1.4448e+06,2860.2
3197.5,3214.5,3169,3178,1.6692e+06,2833.5
4025.9,4066,3983.7,4026.6,2.45e+06,3731.4
4025.9,4066,3983.7,4026.6,2.45e+06,3731.4
3188,3194.5,3171.5,3182.5,2.1059e+06,2837.5
3184.5,3185.1,3143.5,3154,1.9898e+06,2812.1
3170,3170,3126.5,3146.5,1.4482e+06,2805.4
3154,3157,3119,3143.5,2.1901e+06,2802.7
3137.5,3146,3096,3117.5,2.1855e+06,2779.5
4025.9,4066,3983.7,4026.6,2.45e+06,3731.4
4025.9,4066,3983.7,4026.6,2.45e+06,3731.4
3125,3125,3085.2,3116.5,1.3589e+06,2778.6
3134,3145,3101.5,3133.5,1.9186e+06,2793.8
3138,3162,3123.5,3161.5,1.7004e+06,2818.7
3175,3205.3,3162,3195,2.0175e+06,2848.6
3198,3198,3165.5,3174.5,1.2327e+06,2830.3
4025.9,4066,3983.7,4026.6,2.45e+06,3731.4
4025.9,4066,3983.7,4026.6,2.45e+06,3731.4
3239.5,3249,3200,3229,1.661e+06,2878.9
3231.5,3246.5,442.87,3220,2.1849e+06,2870.9
3219.5,3225.5,3200.5,3213,1.4812e+06,2864.7
3232.5,3268,3226.5,3240.5,2.1014e+06,2889.2
3235.5,3264.5,3232.5,3257,2.3676e+06,2903.9
4025.9,4066,3983.7,4026.6,2.45e+06,3731.4
4025.9,4066,3983.7,4026.6,2.45e+06,3731.4
3255,3258,3201,3210.5,1.5696e+06,2862.4
3206,3232,3206,3218,1.2452e+06,2869.1
3211,3237,3190,3209,1.3957e+06,2861.1
3212.5,3239.5,3199.5,3239.5,1.1374e+06,2888.3
3242.5,3244.5,3195,3201,1.4977e+06,2854
4025.9,4066,3983.7,4026.6,2.45e+06,3731.4
4025.9,4066,3983.7,4026.6,2.45e+06,3731.4
3181.5,3232.7,3177,3215.5,2.3304e+06,2866.9
3211,3220,3191,3211.5,1.4851e+06,2863.3
3195.5,3195.5,3157,3190.5,1.7626e+06,2844.6
3190,3223.5,3188,3199,1.4546e+06,2852.2
3202,3214.5,3180.5,3182,1.1811e+06,2837
4025.9,4066,3983.7,4026.6,2.45e+06,3731.4
4025.9,4066,3983.7,4026.6,2.45e+06,3731.4
3170.5,3185,3154,3170.5,1.4962e+06,2826.8
3173,3180,3141.5,3143,2.6742e+06,2802.3
3138,3143,3106,3113,1.739e+06,2775.5
3119,3148.1,3107.5,3133,2.6099e+06,2793.3
3148.5,3183,3127.5,3176.5,2.1255e+06,2832.1
4025.9,4066,3983.7,4026.6,2.45e+06,3731.4
4025.9,4066,3983.7,4026.6,2.45e+06,3731.4
3177,3186.5,3156,3186.5,1.0274e+06,2841
3181,3218.8,3173,3183,1.4374e+06,2837.9
3167.5,3168.5,3131.9,3159.5,2.0383e+06,2817
3145,3183.3,3145,3150,2.1748e+06,2808.5
3156.5,3179,3144.2,3149.5,2.2736e+06,2808.1
4025.9,4066,3983.7,4026.6,2.45e+06,3731.4
4025.9,4066,3983.7,4026.6,2.45e+06,3731.4
3155,3179,3154,3175,1.5284e+06,2830.8
3166.5,3198.5,3163,3187.5,1.453e+06,2841.9
3191.5,3213.5,3182.5,3210,1.6783e+06,2862
3207,3232,3194.5,3225,1.0742e+06,2875.4
3210,3250,3201,3248.5,1.5761e+06,2896.3
4025.9,4066,3983.7,4026.6,2.45e+06,3731.4
4025.9,4066,3983.7,4026.6,2.45e+06,3731.4
3275,3317,3264,3301,2.1687e+06,2943.1
3311,3325.3,3297,3312.5,1.7873e+06,2953.4
3318.5,3344.5,3311.5,3330,1.731e+06,2969
3290,3312.5,3237.5,3309,2.6981e+06,2950.3
3295.5,3306,3266,3292,2.2453e+06,2935.1
4025.9,4066,3983.7,4026.6,2.45e+06,3731.4
4025.9,4066,3983.7,4026.6,2.45e+06,3731.4
3251,3309.5,3251,3288,1.4458e+06,2931.5
3304.5,3304.5,3254,3291.5,1.9348e+06,2934.7
3287,3304.1,3281,3299,1.3994e+06,2941.3
3296.5,3316.5,3263.5,3272.5,1.3601e+06,2917.7
3267.5,3284.2,3247.5,3278,1.2272e+06,2922.6
4025.9,4066,3983.7,4026.6,2.45e+06,3731.4
4025.9,4066,3983.7,4026.6,2.45e+06,3731.4
3278,3294.5,3278,3292,1.7118e+06,2935.1
3281,3298.5,3261.2,3284.5,1.9408e+06,2928.4
3270,3298,3253,3267,2.1278e+06,2912.8
3293,3299,3270,3286.5,1.6588e+06,2930.2
3295,3312.5,3288,3306,2.2197e+06,2947.6
4025.9,4066,3983.7,4026.6,2.45e+06,3731.4
4025.9,4066,3983.7,4026.6,2.45e+06,3731.4
3296.5,3328.5,3281.5,3317,1.4627e+06,2957.4
3296,3317.5,3291.5,3308,1.1264e+06,2949.4
3302,3320,3286.5,3308.5,1.1525e+06,2949.8
3303.5,3411.5,3295,3400.5,4.5575e+06,3031.8
3400,3479,3397.5,3446.5,3.6738e+06,3072.9
4025.9,4066,3983.7,4026.6,2.45e+06,3731.4
4025.9,4066,3983.7,4026.6,2.45e+06,3731.4
3449.5,3466,3425.9,3437.5,1.5443e+06,3064.8
3431,3439.7,3415.8,3426,1.8215e+06,3054.6
3420,3439.3,3399.5,3420.5,1.5943e+06,3049.7
3413.5,3457.5,3409,3452,1.374e+06,3077.8
3444,3520.5,3444,3513.5,2.5775e+06,3132.6
4025.9,4066,3983.7,4026.6,2.45e+06,3731.4
4025.9,4066,3983.7,4026.6,2.45e+06,3731.4
3506.5,3515.5,3497.5,3510,2.0594e+06,3129.5
3503,3529.5,3496,3506.5,2.6072e+06,3126.3
3502,3512,3473.5,3478,1.7484e+06,3100.9
3465,3493.5,3448.5,3470,2.1592e+06,3093.8
3455,3495.8,3447,3489,1.844e+06,3110.7
4025.9,4066,3983.7,4026.6,2.45e+06,3731.4
4025.9,4066,3983.7,4026.6,2.45e+06,3731.4
3488,3494.5,3449.3,3474.5,1.7558e+06,3097.8
3450,3471.5,3433.5,3450,2.3492e+06,3076
3445,3495.6,3440,3447,1.9383e+06,3073.3
3433.5,3469,3407.5,3458,1.9469e+06,3083.1
3486,3553.5,3475,3518.5,2.6409e+06,3137
4025.9,4066,3983.7,4026.6,2.45e+06,3731.4
4025.9,4066,3983.7,4026.6,2.45e+06,3731.4
3508.5,3551.5,3501,3547.5,2.2751e+06,3162.9
3538,3561.5,3518.5,3536.5,1.9733e+06,3153.1
3551,3586,3525.4,3560,2.4251e+06,3174
3588.5,3669.5,3580,3599,4.5322e+06,3208.8
3600,3628.2,3582,3588.5,4.3037e+06,3199.5
4025.9,4066,3983.7,4026.6,2.45e+06,3731.4
4025.9,4066,3983.7,4026.6,2.45e+06,3731.4
3574,3614.1,3574,3598,3.0994e+06,3207.9
3626.5,3641,3611,3612,2.509e+05,3220.4
3612,3612,3612,3612,0,3220.4
3612,3612,3612,3612,0,3220.4
3578,3608.5,3578,3605,1.2304e+06,3214.2
4025.9,4066,3983.7,4026.6,2.45e+06,3731.4
4025.9,4066,3983.7,4026.6,2.45e+06,3731.4
3606.5,3626.1,3591.5,3600,1.1434e+06,3209.7
3609.5,3610.5,3571,3574.5,3.879e+05,3187
3574.5,3574.5,3574.5,3574.5,0,3187
3566,3592.5,3545.5,3558,1.9665e+06,3172.3
3561.5,3604,3554,3585.5,3.886e+06,3196.8
4025.9,4066,3983.7,4026.6,2.45e+06,3731.4
4025.9,4066,3983.7,4026.6,2.45e+06,3731.4
3579,3607.8,3579,3598.5,2.2726e+06,3208.4
3584,3591,3557,3562.5,2.9488e+06,3176.3
3558,3571.5,3539.5,3549.5,2.0713e+06,3164.7
3575,3613.8,3564,3572.5,2.3018e+06,3185.2
3598.5,3676,3580.5,3652,2.6732e+06,3256.1
4025.9,4066,3983.7,4026.6,2.45e+06,3731.4
4025.9,4066,3983.7,4026.6,2.45e+06,3731.4
3671,3675.5,3367.1,3663.5,1.9706e+06,3266.3
3714,3779.5,3696,3755.5,4.5931e+06,3348.4
3764.5,3845,3746.6,3845,3.9527e+06,3428.1
3851,3886.5,3828,3874,2.6733e+06,3454
3895.5,3912,3854,3875,4.2185e+06,3454.9
4025.9,4066,3983.7,4026.6,2.45e+06,3731.4
4025.9,4066,3983.7,4026.6,2.45e+06,3731.4
3886.5,3939.5,3872.5,3920,2.1981e+06,3495
3931,3981,3924.5,3947,2.8759e+06,3519.1
3947,3963.5,3911,3934,2.9219e+06,3507.5
3931,3964.5,3930,3960,2.6026e+06,3530.7
3953,3976.5,3874.5,3891,3.3447e+06,3469.2
4025.9,4066,3983.7,4026.6,2.45e+06,3731.4
4025.9,4066,3983.7,4026.6,2.45e+06,3731.4
3890.5,3917.5,3846.5,3855.5,3.261e+06,3437.5
3844,3876.9,3823,3865,3.0144e+06,3446
3888.5,3897,3821.5,3846.5,2.5485e+06,3429.5
3855,3878.3,3833,3873,2.6601e+06,3453.1
3869.5,3875.5,3815,3858.5,2.0375e+06,3440.2
4025.9,4066,3983.7,4026.6,2.45e+06,3731.4
4025.9,4066,3983.7,4026.6,2.45e+06,3731.4
3870.5,3904.5,3858.5,3872,1.9969e+06,3452.2
3865.5,3875,3832.5,3851,2.5248e+06,3433.5
3861,3898.5,3832,3877,2.8832e+06,3456.7
3850.5,3865.5,3663.7,3815.5,5.5868e+06,3401.8
3845,3865,3824.5,3860,2.882e+06,3441.5
4025.9,4066,3983.7,4026.6,2.45e+06,3731.4
4025.9,4066,3983.7,4026.6,2.45e+06,3731.4
3882.5,3915,3873.5,3915,2.1978e+06,3490.6
3940,3975,3920.4,3974.5,2.9631e+06,3543.6
3989.5,4008.5,3956.5,4002.5,2.8309e+06,3568.6
3997.5,4060,3990,4055.5,2.7609e+06,3615.8
4055,4076,4038,4055,2.5653e+06,3615.4
4025.9,4066,3983.7,4026.6,2.45e+06,3731.4
4025.9,4066,3983.7,4026.6,2.45e+06,3731.4
4046,4090,3955.8,4073,1.6602e+06,3631.4
4077.5,4095,3954.1,4092.5,2.7173e+06,3648.8
4000,4098.9,3946.5,3987,2.955e+06,3659.2
3952.5,4088,3939.5,3996,2.8973e+06,3667.4
4010,4138.3,4002,4027.5,2.4146e+06,3696.4
4025.9,4066,3983.7,4026.6,2.45e+06,3731.4
4025.9,4066,3983.7,4026.6,2.45e+06,3731.4
4016,4100.4,4000.5,4100,3.0112e+06,3762.9
4093,4111.5,4060,4095,3.6962e+06,3758.3
4083.5,4107,4065,4075,1.5788e+06,3740
4082,4113.4,4057,4103,1.5943e+06,3765.6
4094,4115,4046.2,4084,2.3678e+06,3748.2
4025.9,4066,3983.7,4026.6,2.45e+06,3731.4
4025.9,4066,3983.7,4026.6,2.45e+06,3731.4
3973.5,4005,3959,3994,2.9417e+06,3665.6
4029.5,4081,4020.5,4080.5,1.7898e+06,3745
4073,4087,4038,4039.5,2.1846e+06,3707.4
4059.5,4068,4011,4011,2.0232e+06,3681.2
4013,4025,3972.5,3985,1.7353e+06,3657.4
4025.9,4066,3983.7,4026.6,2.45e+06,3731.4
4025.9,4066,3983.7,4026.6,2.45e+06,3731.4
3979.5,4015,3977.5,3989.5,1.8921e+06,3661.5
4007.5,4023.5,3979.5,4016,3.4258e+06,3685.8
4021,4021,3967.5,4002,2.6217e+06,3673
4002.5,4012,3969.5,3979,2.3963e+06,3651.8
3913.5,4033.3,3877.1,3913,3.0156e+06,3591.3
4025.9,4066,3983.7,4026.6,2.45e+06,3731.4
4025.9,4066,3983.7,4026.6,2.45e+06,3731.4
3924,4066,3920,3970.5,1.8749e+06,3644
3964.5,4078.7,3945.5,3978.5,2.1766e+06,3651.4
3989.5,4005.5,3975,3977.5,1.4238e+06,3650.5
3966.5,3972.4,3916,3942,2.4008e+06,3617.9
3940.5,3957.5,3915.5,3929,4.3161e+06,3606
4025.9,4066,3983.7,4026.6,2.45e+06,3731.4
4025.9,4066,3983.7,4026.6,2.45e+06,3731.4
3921,3922.5,3858.5,3866,2.3312e+06,3548.1
3855,3920,3854.5,3892,1.7498e+06,3572
3896.5,3944.5,3893,3910,2.2624e+06,3588.5
3898,3928.8,3884.5,3910,2.1036e+06,3588.5
3921,3959,3918.9,3937.5,1.9359e+06,3613.8
4025.9,4066,3983.7,4026.6,2.45e+06,3731.4
4025.9,4066,3983.7,4026.6,2.45e+06,3731.4
3939,3973.5,3873,3876.5,2.7977e+06,3557.8
3905.5,3939,3884.5,3924.5,1.5457e+06,3601.8
3919.5,3973,3919.5,3950,1.9118e+06,3625.2
3950,3955.5,3909,3917.5,1.4436e+06,3595.4
3929,3937.5,3893,3923,1.8868e+06,3600.4
4025.9,4066,3983.7,4026.6,2.45e+06,3731.4
4025.9,4066,3983.7,4026.6,2.45e+06,3731.4
3902,3906,3850,3867.5,1.9595e+06,3549.5
3863,3868,3798,3810.5,2.9299e+06,3497.2
3817,3825.5,3794,3811.5,1.9e+06,3498.1
3832.5,3874.1,3815,3837,2.2415e+06,3521.5
3803,3803,3740,3780.5,2.1442e+06,3469.7
4025.9,4066,3983.7,4026.6,2.45e+06,3731.4
4025.9,4066,3983.7,4026.6,2.45e+06,3731.4
3752,3766,3723.7,3736,2.4362e+06,3428.8
3735,3755.6,3718.5,3723,3.7669e+06,3416.9
3738.5,3834.7,3735,3758.5,1.4495e+06,3449.5
3775,3795,3757,3781.5,1.8026e+06,3470.6
3781.5,3781.5,3781.5,3781.5,0,3470.6
4025.9,4066,3983.7,4026.6,2.45e+06,3731.4
4025.9,4066,3983.7,4026.6,2.45e+06,3731.4
3781.5,3781.5,3781.5,3781.5,0,3470.6
4095,4147.1,3957,3960,9.3302e+06,3634.4
4000,4060,3972.1,4042.5,5.4466e+06,3710.1
4010,4296.5,4008.5,4175,5.219e+06,3831.7
4110.5,4141.7,4041,4080,3.6976e+06,3744.5
4025.9,4066,3983.7,4026.6,2.45e+06,3731.4
4025.9,4066,3983.7,4026.6,2.45e+06,3731.4
4701,4796.5,4560,4666.5,1.5618e+07,4282.8
4620,4682.5,4563,4632.5,7.4119e+06,4251.6
4612,4700,4602.6,4664,5.0973e+06,4280.5
4675,5750,4666,4815,4.595e+06,4419.1
4825,4946.4,4716.5,4808,8.4068e+06,4412.7
4025.9,4066,3983.7,4026.6,2.45e+06,3731.4
4025.9,4066,3983.7,4026.6,2.45e+06,3731.4
4808,4808,4808,4808,0,4412.7
4735,4762.5,4657.5,4677.5,3.7058e+06,4292.9
4622,4664,4608.5,4631,3.9888e+06,4250.2
4630,4735,4630,4713,3.3808e+06,4325.5
4665,4678,4598.5,4600.5,4.0692e+06,4222.2
4025.9,4066,3983.7,4026.6,2.45e+06,3731.4
4025.9,4066,3983.7,4026.6,2.45e+06,3731.4
4628,4648.5,4576.4,4610,2.1974e+06,4231
4635,4733.5,4615,4642,4.8267e+06,4260.3
4642.5,4698.3,4468.5,4654,3.0515e+06,4271.3
4649,4726.5,4634.5,4726.5,3.8657e+06,4337.9
4741,4827,4662.7,4823.5,6.1887e+06,4426.9
4025.9,4066,3983.7,4026.6,2.45e+06,3731.4
4025.9,4066,3983.7,4026.6,2.45e+06,3731.4
4200,4823,4098,4287.5,2.6881e+07,3935
4215,4308.7,4185.7,4308.5,1.3995e+07,3954.3
4313.5,4459,4264,4420,7.7998e+06,4056.6
4402,4409,4228.5,4275,9.9093e+06,3923.5
4236.5,4328.2,4216,4328,5.1826e+06,3972.2
4025.9,4066,3983.7,4026.6,2.45e+06,3731.4
4025.9,4066,3983.7,4026.6,2.45e+06,3731.4
4328,4328,4328,4328,0,3972.2
4225,4282,4207.5,4252,6.094e+06,3902.4
4277,4295,4248.5,4255,4.5607e+06,3905.2
4255,4321,4255,4288,1.8306e+06,3935.4
4274.5,4326.3,4260.5,4283.5,3.8245e+06,3931.3
4025.9,4066,3983.7,4026.6,2.45e+06,3731.4
4025.9,4066,3983.7,4026.6,2.45e+06,3731.4
4315.5,4394.5,4297.1,4370.5,2.1386e+06,4011.2
4372.5,4389.2,4330,4349,2.5041e+06,3991.4
4359.5,4383,4324.5,4348.5,1.6629e+06,3991
4359.5,4365.5,4293,4296,2.3928e+06,3942.8
4315.5,4339.6,4287,4328,1.6384e+06,3972.2
4025.9,4066,3983.7,4026.6,2.45e+06,3731.4
4025.9,4066,3983.7,4026.6,2.45e+06,3731.4
4329,4340,4302.5,4327,9.104e+05,3971.2
4346.5,4351,4304.1,4348,1.6621e+06,3990.5
4340,4450,4337,4400,2.3979e+06,4038.2
4400,4456.5,4363.6,4422.5,2.4633e+06,4058.9
4390,4409,4361.5,4385,3.9053e+06,4024.5
4025.9,4066,3983.7,4026.6,2.45e+06,3731.4
4025.9,4066,3983.7,4026.6,2.45e+06,3731.4
4364.5,4386.5,4348.5,4358,2.6094e+06,3999.7
4340,4370.5,4323,4366,1.9997e+06,4007
4370,4421.5,4358.3,4395.5,1.5048e+06,4034.1
4408,4448.5,4400.5,4444,3.0988e+06,4078.6
4444.5,4486.2,4430.2,4470,4.3407e+06,4102.5
4025.9,4066,3983.7,4026.6,2.45e+06,3731.4
4025.9,4066,3983.7,4026.6,2.45e+06,3731.4
4444,4453,4370.5,4373.5,2.8141e+06,4013.9
4380,4450.2,4302,4353,3.0101e+06,3995.1
4346.5,4376.5,4322,4362,2.168e+06,4003.4
4370,4387.5,4326.5,4345.5,1.7293e+06,3988.2
4331,4414.6,4326,4370,1.1102e+06,4010.7
4025.9,4066,3983.7,4026.6,2.45e+06,3731.4
4025.9,4066,3983.7,4026.6,2.45e+06,3731.4
4365,4392,4316,4340.5,1.8169e+06,3983.6
4341.5,4397,4326.5,4369.5,1.3726e+06,4010.2
4370,4437,4354.5,4418.5,1.6542e+06,4055.2
4419,4448,4371.5,4423,1.7686e+06,4059.3
4414,4436,4401,4417.5,7.166e+05,4054.3
4025.9,4066,3983.7,4026.6,2.45e+06,3731.4
4025.9,4066,3983.7,4026.6,2.45e+06,3731.4
4412.5,4474.5,4397.5,4451,1.3569e+06,4085
4449,4451,4356.5,4362,1.4389e+06,4003.4
4360.5,4375.5,4344.5,4361.5,1.0959e+06,4002.9
4358.5,4371,4326.5,4345,1.692e+06,3987.8
4346,4375.1,4330,4353.5,9.651e+05,3995.6
4025.9,4066,3983.7,4026.6,2.45e+06,3731.4
4025.9,4066,3983.7,4026.6,2.45e+06,3731.4
4375,4393.5,4358,4369.5,1.4927e+06,4010.2
4378,4423,4375,4384.5,1.4586e+06,4024
4380,4389.8,4335.5,4371,2.6731e+06,4011.6
4338,4358.5,4302,4314.5,1.7333e+06,3959.8
4288,4351.5,4280,4340,3.4667e+06,3983.2
4025.9,4066,3983.7,4026.6,2.45e+06,3731.4
4025.9,4066,3983.7,4026.6,2.45e+06,3731.4
4348.5,4393.5,4342,4390,1.4423e+06,4029.1
4401.5,4436,4396,4426,1.4715e+06,4062.1
4425.5,4427.5,4405.5,4421,1.6119e+06,4057.5
4404,4432,4370,4424.5,1.4433e+06,4060.7
4399,4414.5,4378.5,4392,1.6405e+06,4030.9
4025.9,4066,3983.7,4026.6,2.45e+06,3731.4
4025.9,4066,3983.7,4026.6,2.45e+06,3731.4
4400,4404.5,4358,4361,1.7359e+06,4002.4
4379,4390,4319.5,4322.5,1.8694e+06,3967.1
4334,4373.5,4326.5,4357.5,3.1637e+06,3999.2
4366,4395.5,4311,4344.5,4.9373e+06,3987.3
4312,4350,4269.5,4338.5,2.2618e+06,3981.8
4025.9,4066,3983.7,4026.6,2.45e+06,3731.4
4025.9,4066,3983.7,4026.6,2.45e+06,3731.4
4340,4392,4323.5,4362.5,2.1986e+06,4003.8
4380.5,4407,4330.5,4345.5,1.7026e+06,3988.2
4295,4303.5,4082,4190,5.9268e+06,3845.5
4195,4222,4179,4189,2.6361e+06,3844.6
4159,4166,4098,4109.5,2.3033e+06,3771.6
4025.9,4066,3983.7,4026.6,2.45e+06,3731.4
4025.9,4066,3983.7,4026.6,2.45e+06,3731.4
4144,4185,4119.5,4140.5,2.0669e+06,3800.1
4145.5,4152.5,4091,4129,1.6472e+06,3789.5
4100,4146.1,4078.5,4101.5,2.3957e+06,3813.3
4101.5,4115,4075,4096,1.9727e+06,3808.2
4107,4148.1,4077,4092.5,2.9119e+06,3804.9
4025.9,4066,3983.7,4026.6,2.45e+06,3731.4
4025.9,4066,3983.7,4026.6,2.45e+06,3731.4
4110,4207,4105,4201.5,2.83e+06,3906.3
4225.5,4255,4212.5,4238.5,1.6133e+06,3940.7
4228.5,4293.3,4225.5,4285,1.5775e+06,3983.9
4304,4433,4293.5,4411.5,2.9456e+06,4101.5
4423.5,4450,4398,4418,1.7796e+06,4107.6
4025.9,4066,3983.7,4026.6,2.45e+06,3731.4
4025.9,4066,3983.7,4026.6,2.45e+06,3731.4
4418,4418,4418,4418,0,4107.6
4439,4472.5,4432.5,4467.5,1.7517e+06,4153.6
4455.5,4493.5,4422.5,4449,3.008e+06,4136.4
4449.5,4483,4428.5,4479.5,2.0203e+06,4164.8
4530,4667.5,4480.8,4567,3.6985e+06,4246.1
4025.9,4066,3983.7,4026.6,2.45e+06,3731.4
4025.9,4066,3983.7,4026.6,2.45e+06,3731.4
4573,4609,4517,4577.5,1.4904e+06,4255.9
4596.5,4600,4444,4541,4.5762e+06,4221.9
4535.5,4587.5,4514.5,4577,3.0791e+06,4255.4
4550,4598.5,4509.5,4556.5,2.508e+06,4236.3
4550,4568.6,4534.1,4553,3.7934e+06,4233.1
4025.9,4066,3983.7,4026.6,2.45e+06,3731.4
4025.9,4066,3983.7,4026.6,2.45e+06,3731.4
4540,4577.5,4517,4572,1.6932e+06,4250.8
4556.5,4589,4536,4577.5,1.2309e+06,4255.9
4575,4608.8,4556,4597,1.6251e+06,4274
4606,4622.5,4509,4539,1.7282e+06,4220.1
4556,4585.5,4472.5,4522,1.9662e+06,4204.3
4025.9,4066,3983.7,4026.6,2.45e+06,3731.4
4025.9,4066,3983.7,4026.6,2.45e+06,3731.4
4515.5,4549,4496.8,4545,1.3252e+06,4225.7
4537,4550,4460.5,4511.5,1.9121e+06,4194.5
4518.5,4533.5,4484,4493,1.7153e+06,4177.3
4493,4555.5,4488,4536.5,1.702e+06,4217.7
4562,4599.5,4532.5,4578.5,3.877e+06,4256.8
4025.9,4066,3983.7,4026.6,2.45e+06,3731.4
4025.9,4066,3983.7,4026.6,2.45e+06,3731.4
4568,4588.5,4526,4577.5,1.7379e+06,4255.9
4433,4441,4276.6,4414,6.5604e+06,4103.9
4354,4410.5,4333.5,4396,2.7917e+06,4087.1
4374.5,4424.5,4364,4374,1.8312e+06,4066.7
4372.5,4444.5,4335.5,4408.5,1.7447e+06,4098.7
4025.9,4066,3983.7,4026.6,2.45e+06,3731.4
4025.9,4066,3983.7,4026.6,2.45e+06,3731.4
4430,4461,4392.5,4446,1.6646e+06,4133.6
4440,4456.5,4409,4441.5,1.9572e+06,4129.4
4420,4437.5,4358.8,4360.5,2.0647e+06,4054.1
4381,4381,4279.5,4279.5,2.038e+06,3978.8
4302,4372.5,4274.8,4362,2.2208e+06,4055.5
4025.9,4066,3983.7,4026.6,2.45e+06,3731.4
4025.9,4066,3983.7,4026.6,2.45e+06,3731.4
4373,4429.5,4360,4365,1.561e+06,4058.3
4359,4362.2,4281.5,4303,2.3609e+06,4000.7
4292,4307.1,4217.9,4261,3.0617e+06,3961.6
4293.5,4311,4204,4210,2.5716e+06,3914.2
4190,4300,4154.1,4300,5.4401e+06,3997.9
4025.9,4066,3983.7,4026.6,2.45e+06,3731.4
4025.9,4066,3983.7,4026.6,2.45e+06,3731.4
4236,4389.7,4214.5,4355.5,5.2161e+06,4049.5
4386,4422.5,4325,4406.5,3.4142e+06,4096.9
4240,4319.5,4179,4264.5,5.7267e+06,3964.9
4290,4325,4130.5,4225,5.1224e+06,3928.1
4211,4232,4166,4186.5,5.4361e+06,3892.3
4025.9,4066,3983.7,4026.6,2.45e+06,3731.4
4025.9,4066,3983.7,4026.6,2.45e+06,3731.4
4194,4202.5,4140.5,4169.5,2.843e+06,3876.5
4175.5,4236.5,4141,4235.5,2.3633e+06,3937.9
4249,4709.6,4224,4316.5,2.3538e+06,4013.2
4300.5,4339.5,4260.5,4334.5,1.7196e+06,4029.9
4280,4334.5,4241.5,4327.5,2.0215e+06,4023.4
4025.9,4066,3983.7,4026.6,2.45e+06,3731.4
4025.9,4066,3983.7,4026.6,2.45e+06,3731.4
4380,4397.9,4318.3,4367,2.0276e+06,4060.2
4383.5,4444.5,4345,4397,3.128e+06,4088.1
4418,4458,4401.5,4444,1.4111e+06,4131.7
4474.5,4509,4437,4500,2.7499e+06,4183.8
4550,4600,4517.5,4543.5,3.0264e+06,4224.3
4025.9,4066,3983.7,4026.6,2.45e+06,3731.4
4025.9,4066,3983.7,4026.6,2.45e+06,3731.4
4547,4600.5,4493.5,4520.5,1.9397e+06,4202.9
4527.5,4604,4521.5,4571.5,3.5134e+06,4250.3
4588,4641.5,4575.5,4620,2.3543e+06,4295.4
4601.5,4644,4480,4591.5,2.4696e+06,4268.9
4605,4632.5,4568.5,4597,2.2645e+06,4274
4025.9,4066,3983.7,4026.6,2.45e+06,3731.4
4025.9,4066,3983.7,4026.6,2.45e+06,3731.4
4590,4625,4589,4611,1.6736e+06,4287
4614.5,4668,4588.9,4657.5,1.3732e+06,4330.2
4645,4699.5,4644,4690,2.1066e+06,4360.5
4700,4749,4698,4732,2.4977e+06,4399.5
4757.5,4782.5,4592.7,4655.5,3.5742e+06,4328.4
4025.9,4066,3983.7,4026.6,2.45e+06,3731.4
4025.9,4066,3983.7,4026.6,2.45e+06,3731.4
4601.5,4625,4496.5,4596.5,3.0736e+06,4273.5
4615,4688,4560.5,4685,3.2763e+06,4355.8
4701,4780,4693.5,4766.5,2.5017e+06,4431.6
4789,4794,4677.5,4711,2.3686e+06,4380
4729.5,4768,4627.6,4741,2.1302e+06,4407.9
4025.9,4066,3983.7,4026.6,2.45e+06,3731.4
4025.9,4066,3983.7,4026.6,2.45e+06,3731.4
4759,4766,4612.8,4711,2.3853e+06,4380
4656,4739.5,4654.1,4676,2.5794e+06,4347.4
4657,4682.5,4652.5,4660,1.6463e+06,4332.6
4660,4727,4653.9,4720.5,1.2227e+06,4388.8
4723.5,4787.5,4700.5,4780,1.8516e+06,4444.1
4025.9,4066,3983.7,4026.6,2.45e+06,3731.4
4025.9,4066,3983.7,4026.6,2.45e+06,3731.4
4749.5,4788,4699.5,4710,1.8211e+06,4379.1
4715,4722.5,4666,4684,2.2986e+06,4354.9
4650,4711,4650,4674.5,2.5324e+06,4346.1
4704.5,4740.5,4670,4699,2.7719e+06,4368.8
4740,4771.5,4704.5,4739.5,1.6176e+06,4406.5
4025.9,4066,3983.7,4026.6,2.45e+06,3731.4
4025.9,4066,3983.7,4026.6,2.45e+06,3731.4
4745,4766,4686.5,4695.5,1.0457e+06,4365.6
4687.5,4724,4542.4,4561.5,2.6818e+06,4241
4640,4698,4569.5,4683,3.4908e+06,4354
4700,4729,4655,4688,2.1303e+06,4358.6
4679,4696.5,4570,4573,2.4927e+06,4251.7
4025.9,4066,3983.7,4026.6,2.45e+06,3731.4
4025.9,4066,3983.7,4026.6,2.45e+06,3731.4
4558,4576.7,4449.5,4450.5,4.9969e+06,4137.8
4449,4510.7,4394,4490.5,3.5282e+06,4175
4437,4472.5,4403,4449,2.3282e+06,4136.4
4507,4580.5,4455.5,4572.5,2.9239e+06,4251.2
4612.5,4617,4511.5,4565,3.1154e+06,4244.2
4025.9,4066,3983.7,4026.6,2.45e+06,3731.4
4025.9,4066,3983.7,4026.6,2.45e+06,3731.4
4570,4664.5,4539,4603,2.272e+06,4279.6
4616,4644.4,4480.6,4516.5,1.4994e+06,4199.2
4542,4573.7,4526,4555.5,4.038e+05,4235.4
4555.5,4555.5,4555.5,4555.5,0,4235.4
4555.5,4555.5,4555.5,4555.5,0,4235.4
4025.9,4066,3983.7,4026.6,2.45e+06,3731.4
4025.9,4066,3983.7,4026.6,2.45e+06,3731.4
4549,4562,4495,4557,1.0104e+06,4236.8
4525.5,4573,4525.5,4542.5,1.1019e+06,4223.3
4542.5,4584,4523,4555.5,3.379e+05,4235.4
4555.5,4555.5,4555.5,4555.5,0,4235.4
4552,4616,4546.7,4580,1.3674e+06,4258.2
4025.9,4066,3983.7,4026.6,2.45e+06,3731.4
4025.9,4066,3983.7,4026.6,2.45e+06,3731.4
4573,4620,4563.5,4583.5,3.574e+06,4261.4
4572,4583.5,4488.5,4488.5,2.3038e+06,4173.1
4517.5,4526,4469.5,4479.5,3.312e+06,4164.8
4513,4585.5,4500,4572.5,2.7217e+06,4251.2
4566.5,4610.5,4548.5,4587,2.3e+06,4264.7
4025.9,4066,3983.7,4026.6,2.45e+06,3731.4
4025.9,4066,3983.7,4026.6,2.45e+06,3731.4
4592,4682,4584.5,4672.5,2.0446e+06,4344.2
4660.5,4754,4651,4717,2.4302e+06,4385.6
4750,4808.1,4609.5,4680,3.2149e+06,4351.2
4723,4748.8,4560,4729,4.2842e+06,4396.7
4650,4728.6,4565.6,4715,2.6538e+06,4383.7
4025.9,4066,3983.7,4026.6,2.45e+06,3731.4
4025.9,4066,3983.7,4026.6,2.45e+06,3731.4
4729.5,4756.5,4686,4725,1.4582e+06,4393
4747.5,4751.7,4702.8,4708,2.8374e+06,4377.2
4732,4750,4560.1,4711.5,2.5217e+06,4380.5
4713.5,4713.5,4611,4689.5,2.334e+06,4360
4692.5,4741,4681.1,4733.5,2.3557e+06,4400.9
4025.9,4066,3983.7,4026.6,2.45e+06,3731.4
4025.9,4066,3983.7,4026.6,2.45e+06,3731.4
4727.5,4788.8,4685.5,4700,1.9559e+06,4369.8
4677.5,4756.4,4672,4725,2.8172e+06,4393
4795,4795,4692.5,4743.5,2.3486e+06,4410.2
4705,4784.5,4589.8,4761.5,2.7186e+06,4426.9
4756,4798,4684.5,4743,3.7465e+06,4409.7
4025.9,4066,3983.7,4026.6,2.45e+06,3731.4
4025.9,4066,3983.7,4026.6,2.45e+06,3731.4
4755,4800,4667,4682,3.0707e+06,4353
4689.5,4721.5,4632,4641.5,2.2208e+06,4315.4
4654.5,4768.1,4654.5,4688,3.2694e+06,4358.6
4601,4735.8,4521.5,4529,5.9255e+06,4210.8
4504.5,4523,4449.5,4467,3.5398e+06,4153.1
4025.9,4066,3983.7,4026.6,2.45e+06,3731.4
4025.9,4066,3983.7,4026.6,2.45e+06,3731.4
4471.5,4471.5,4410.3,4466.5,3.6338e+06,4152.7
4441.5,4494,4412,4488,3.0399e+06,4172.7
4462,4517.8,4440.5,4491,2.7516e+06,4175.4
4500,4571.4,4446.5,4504.5,2.6961e+06,4188
4546.5,4566.5,4500.8,4551,2.0011e+06,4231.2
4025.9,4066,3983.7,4026.6,2.45e+06,3731.4
4025.9,4066,3983.7,4026.6,2.45e+06,3731.4
4565,4565,4448.4,4468.5,2.3718e+06,4154.5
4470.5,4552.5,4454.1,4552.5,1.8893e+06,4232.6
4532,4539.9,4463.5,4485,3.1575e+06,4169.9
4400,4555.5,4342.5,4427.5,2.8733e+06,4234.4
4406.5,4522,4386.5,4413.5,2.5589e+06,4221
4025.9,4066,3983.7,4026.6,2.45e+06,3731.4
4025.9,4066,3983.7,4026.6,2.45e+06,3731.4
4428,4518.6,4417,4483,1.7708e+06,4287.5
4481.5,4621.7,4475,4507,1.6722e+06,4310.5
4475,4592.6,4446,4501.5,2.2688e+06,4305.2
4499.5,4585.2,4446.9,4465,1.6957e+06,4270.3
4478,4487.6,4445.5,4469.5,2.0623e+06,4274.6
4025.9,4066,3983.7,4026.6,2.45e+06,3731.4
4025.9,4066,3983.7,4026.6,2.45e+06,3731.4
4461.5,4502,4461.5,4475.5,1.3561e+06,4280.3
4491.5,4506.5,4425.5,4431.5,2.1094e+06,4238.2
4445,4449,4386,4423.5,2.1959e+06,4230.6
4440.5,4500,4398,4486.5,2.1378e+06,4290.9
4528.5,4528.6,4408.5,4415.5,2.0755e+06,4222.9
4025.9,4066,3983.7,4026.6,2.45e+06,3731.4
4025.9,4066,3983.7,4026.6,2.45e+06,3731.4
4432.5,4432.5,4340,4361,1.9133e+06,4170.8
4369.5,4375.8,4271.6,4272,2.4924e+06,4085.7
4275,4324,4256.9,4304.5,1.9797e+06,4116.8
4333.5,4501.5,4317.5,4479,6.6223e+06,4283.7
4501.5,4563.8,4481,4557,2.9926e+06,4358.3
4025.9,4066,3983.7,4026.6,2.45e+06,3731.4
4025.9,4066,3983.7,4026.6,2.45e+06,3731.4
4526.5,4645.5,4463,4634.5,2.6036e+06,4432.4
4646.5,4673,4586,4640,2.1014e+06,4437.7
4653.5,4781.3,4646.3,4750,3.2404e+06,4542.9
4750.5,4806,4740,4785.5,2.8688e+06,4576.8
4826.5,4876.7,4805.5,4847,5.5114e+06,4635.6
4025.9,4066,3983.7,4026.6,2.45e+06,3731.4
4025.9,4066,3983.7,4026.6,2.45e+06,3731.4
4870,4870,4815.5,4840,1.8753e+06,4628.9
4832,4862.5,4814.6,4832,2.2711e+06,4621.3
4811,4833,4583.5,4761.5,1.9247e+06,4553.9
4724.5,4756.5,4677.5,4691,3.9231e+06,4486.4
4707,4765.9,4669.5,4686,2.1477e+06,4481.6
4025.9,4066,3983.7,4026.6,2.45e+06,3731.4
4025.9,4066,3983.7,4026.6,2.45e+06,3731.4
4739.5,4754.5,4682.4,4726.5,2.1207e+06,4520.4
4689.5,4727.6,4605,4626.5,3.0415e+06,4424.7
4613.5,4677.5,4602,4640.5,2.4155e+06,4438.1
4625.5,4678,4605,4645,1.546e+06,4442.4
4645,4645,4645,4645,0,4442.4
4025.9,4066,3983.7,4026.6,2.45e+06,3731.4
4025.9,4066,3983.7,4026.6,2.45e+06,3731.4
4645,4645,4645,4645,0,4442.4
4655,4707,4647,4707,1.7344e+06,4501.7
4686,4710,4655,4697,1.4534e+06,4492.2
4710.5,4770.8,4709,4764.5,1.9899e+06,4556.7
4791.5,4801.5,4609.5,4753,3.1612e+06,4545.7
4025.9,4066,3983.7,4026.6,2.45e+06,3731.4
4025.9,4066,3983.7,4026.6,2.45e+06,3731.4
4754.5,4796.5,4714.5,4718.5,1.8394e+06,4512.7
4702,4809.5,4690,4800,3.2137e+06,4590.7
4799,4900,4785,4857.5,3.7797e+06,4645.7
4880,4901,4820,4828.5,2.7974e+06,4617.9
4811,4885,4744,4750,3.3581e+06,4542.9
4025.9,4066,3983.7,4026.6,2.45e+06,3731.4
4025.9,4066,3983.7,4026.6,2.45e+06,3731.4
4756.5,4850,4756.5,4803,1.5349e+06,4593.5
4824,4900,4807,4855,2.4615e+06,4643.3
4880,4931.7,4840.5,4863,2.2779e+06,4650.9
4874,4920.9,4819.5,4830,2.6085e+06,4619.4
4880,4880,4664,4749.5,5.2275e+06,4542.4
4025.9,4066,3983.7,4026.6,2.45e+06,3731.4
4025.9,4066,3983.7,4026.6,2.45e+06,3731.4
4750,4761,4673.5,4705.5,2.4529e+06,4500.3
4652,4678.3,4519.5,4548,5.0788e+06,4349.7
4536.5,4661.1,4454.5,4457.5,4.3175e+06,4263.1
4456,4506,4412,4496.5,3.1941e+06,4300.4
4461,4489.5,4400.8,4461.5,2.1433e+06,4266.9
4025.9,4066,3983.7,4026.6,2.45e+06,3731.4
4025.9,4066,3983.7,4026.6,2.45e+06,3731.4
4461.5,4461.5,4461.5,4461.5,0,4266.9
4550,4552.5,4410.1,4439,1.6751e+06,4245.4
4421.5,4456,4389,4413.5,2.1994e+06,4221
4415,4426.5,4314.2,4407,2.7867e+06,4214.8
4470.5,4543,4418.5,4532,3.3032e+06,4334.4
4025.9,4066,3983.7,4026.6,2.45e+06,3731.4
4025.9,4066,3983.7,4026.6,2.45e+06,3731.4
4544.5,4584.5,4516,4528,2.1285e+06,4330.5
4508,4523,4390,4400,3.3003e+06,4208.1
4419,4438,4378.5,4390,1.9621e+06,4198.6
4420,4441.5,4351,4434.5,1.6019e+06,4241.1
4458.5,4484.5,4351.5,4367.5,2.6213e+06,4177
4025.9,4066,3983.7,4026.6,2.45e+06,3731.4
4025.9,4066,3983.7,4026.6,2.45e+06,3731.4
4390,4502,4345.5,4390,2.478e+06,4198.6
4410,4421.5,4383,4403.5,2.4752e+06,4211.5
4425.5,4440.5,4370,4393,2.1207e+06,4201.4
4392,4461.5,4385,4425,2.3392e+06,4232
4454,4489.5,4439,4473.5,1.9174e+06,4278.4
4025.9,4066,3983.7,4026.6,2.45e+06,3731.4
4025.9,4066,3983.7,4026.6,2.45e+06,3731.4
4473.5,4473.5,4473.5,4473.5,0,4278.4
4425,4445.5,4362,4373.5,2.7368e+06,4182.8
4410,4471,4389.5,4468.5,2.7637e+06,4273.6
4484,4523.5,4477.5,4492,2.3644e+06,4296.1
4490,4512.5,4370,4372.5,3.4508e+06,4181.8
4025.9,4066,3983.7,4026.6,2.45e+06,3731.4
4025.9,4066,3983.7,4026.6,2.45e+06,3731.4
4503.5,4518.5,4360.5,4366.5,3.8652e+06,4176.1
4410,4410,4331,4357,3.0308e+06,4167
4372,4412,4331.5,4390,2.5276e+06,4198.6
4369,4379,4285.5,4337,3.05e+06,4147.9
4307.5,4388.5,4299.5,4367.5,3.4452e+06,4177
4025.9,4066,3983.7,4026.6,2.45e+06,3731.4
4025.9,4066,3983.7,4026.6,2.45e+06,3731.4
4354.5,4372,4322.5,4333,1.5664e+06,4144
4316,4333.5,4204.5,4246,3.0176e+06,4060.8
4251,4320.1,4223.5,4281,3.1262e+06,4094.3
4261,4311.5,4257.3,4272,1.7067e+06,4085.7
4255,4282.9,4100,4211,2.1471e+06,4027.4
4025.9,4066,3983.7,4026.6,2.45e+06,3731.4
4025.9,4066,3983.7,4026.6,2.45e+06,3731.4
4190,4200,4149,4149,2.9287e+06,3968.1
4144.5,4192.9,4126.5,4170,2.9159e+06,3988.2
4172.5,4193.1,4154.5,4158.5,1.8099e+06,3977.2
4165.5,4293.3,4128,4193,3.8135e+06,4010.1
4212,4225,4168.5,4189,3.9061e+06,4006.3
4025.9,4066,3983.7,4026.6,2.45e+06,3731.4
4025.9,4066,3983.7,4026.6,2.45e+06,3731.4
4234.5,4375.6,4193.8,4242,2.7965e+06,4057
4259.5,4282,4246,4273.5,1.9398e+06,4087.1
4275,4286,4231.7,4250,2.8348e+06,4064.7
4220,4236,4173.1,4183,2.0996e+06,4000.6
4165.5,4201,4115,4193.5,2.5338e+06,4010.6
4025.9,4066,3983.7,4026.6,2.45e+06,3731.4
4025.9,4066,3983.7,4026.6,2.45e+06,3731.4
4054,4150.5,4051,4096.5,3.2125e+06,3917.9
4081,4091,4019,4019,2.88e+06,3843.7
4062.5,4142.4,4031,4120.5,6.0354e+06,3940.8
4148.5,4238.6,4133,4190,3.3802e+06,4007.3
4190,4210,4152.5,4167,1.9261e+06,3985.3
4025.9,4066,3983.7,4026.6,2.45e+06,3731.4
4025.9,4066,3983.7,4026.6,2.45e+06,3731.4
4122,4200.3,4120,4149,1.6789e+06,3968.1
4179.5,4210.5,4161.2,4178,2.6741e+06,3995.8
4191.5,4212.5,4163,4194.5,2.0679e+06,4011.6
4195.5,4244.2,4172,4222,1.8978e+06,4037.9
4263,4285,4237.3,4284.5,2.4334e+06,4097.7
4025.9,4066,3983.7,4026.6,2.45e+06,3731.4
4025.9,4066,3983.7,4026.6,2.45e+06,3731.4
4320,4376.6,4305,4331,2.9074e+06,4142.1
4350.5,4414.8,4313,4345,2.2861e+06,4155.5
4350,4407.1,4320,4343.5,1.7135e+06,4154.1
4348,4387.4,4303,4336.5,1.7315e+06,4147.4
4320,4328,4278.5,4315,2.8367e+06,4126.8
4025.9,4066,3983.7,4026.6,2.45e+06,3731.4
4025.9,4066,3983.7,4026.6,2.45e+06,3731.4
4328.5,4379,4324.4,4347.5,1.4132e+06,4157.9
4352,4369.5,4321.5,4335.5,1.5738e+06,4146.4
4305,4338.6,4269.6,4281,1.7669e+06,4094.3
4331,4350,4265.5,4293.5,1.4475e+06,4106.3
4289.5,4315.5,4246,4253.5,1.2626e+06,4068
4025.9,4066,3983.7,4026.6,2.45e+06,3731.4
4025.9,4066,3983.7,4026.6,2.45e+06,3731.4
4240,4265.8,4173.5,4190.5,1.577e+06,4007.8
4208.5,4283.2,4135.5,4170,2.9655e+06,3988.2
4200,4234,4182,4191,2.8671e+06,4008.2
4234,4331.5,4218.5,4319.5,3.2286e+06,4131.1
4351,4351,4287,4320,2.7073e+06,4131.6
4025.9,4066,3983.7,4026.6,2.45e+06,3731.4
4025.9,4066,3983.7,4026.6,2.45e+06,3731.4
4304,4345.5,4304,4342,1.9612e+06,4152.7
4352,4394.5,4320.5,4385,2.302e+06,4193.8
4387.5,4429.5,4363,4424.5,2.1528e+06,4231.6
4422,4432,4383,4412.5,2.4008e+06,4220.1
4386.5,4396,4282,4320.5,2.3328e+06,4132.1
4025.9,4066,3983.7,4026.6,2.45e+06,3731.4
4025.9,4066,3983.7,4026.6,2.45e+06,3731.4
4339,4362,4262,4358,2.5556e+06,4168
4345,4358.1,4314.5,4341,1.7284e+06,4151.7
4315.5,4339.5,4258,4288.5,2.9623e+06,4101.5
4277,4351,4256.5,4273.5,2.1253e+06,4142.7
4279.5,4336.5,4234.5,4247.5,1.3209e+06,4117.5
4025.9,4066,3983.7,4026.6,2.45e+06,3731.4
4025.9,4066,3983.7,4026.6,2.45e+06,3731.4
4278,4292,4214,4278,1.2876e+06,4147
4287,4334,4251,4310,2.192e+06,4178.1
4294.5,4294.5,4231.5,4240,1.7105e+06,4110.2
4204,4227,4151.6,4185.5,1.9075e+06,4057.4
4130.5,4145,4035.6,4054,2.5877e+06,3929.9
4025.9,4066,3983.7,4026.6,2.45e+06,3731.4
4025.9,4066,3983.7,4026.6,2.45e+06,3731.4
3984.5,4052.6,3746,3903.5,5.5982e+06,3784
3930,4009.5,3916,3970,3.8536e+06,3848.5
3904.5,4004,3861.5,3922.5,4.6414e+06,3802.4
4018.5,4090,3983,4084,3e+06,3959
4088.5,4156.4,4036.5,4120,2.3124e+06,3993.9
4025.9,4066,3983.7,4026.6,2.45e+06,3731.4
4025.9,4066,3983.7,4026.6,2.45e+06,3731.4
4120,4120,4120,4120,0,3993.9
4100.5,4112.5,3994,4033.5,3.1727e+06,3910
4053,4161,4039.5,4117,2.9858e+06,3991
4169.5,4279.6,4161.5,4247.5,3.3228e+06,4117.5
4227,4280,4120.1,4181.5,3.2971e+06,4053.5
4025.9,4066,3983.7,4026.6,2.45e+06,3731.4
4025.9,4066,3983.7,4026.6,2.45e+06,3731.4
4214,4238.5,4206,4219,1.0322e+06,4089.9
4234,4299.4,4231,4255.5,1.8049e+06,4125.2
4335,4335,4252.5,4268,2.3473e+06,4137.4
4240.5,4331.1,4231.9,4290.5,2.3104e+06,4159.2
4296,4315.5,4274.5,4285.5,1.7253e+06,4154.3
4025.9,4066,3983.7,4026.6,2.45e+06,3731.4
4025.9,4066,3983.7,4026.6,2.45e+06,3731.4
4311,4373.1,4284.5,4284.5,1.9564e+06,4153.3
4275.5,4346.5,4246.5,4328,2.9603e+06,4195.5
4343.5,4361.1,4306,4323,2.364e+06,4190.7
4333.5,4343.5,4262.5,4270.5,1.8066e+06,4139.8
4310,4387.7,4243,4370,4.7378e+06,4236.2
4025.9,4066,3983.7,4026.6,2.45e+06,3731.4
4025.9,4066,3983.7,4026.6,2.45e+06,3731.4
4369,4450.7,4347.5,4379,2.3502e+06,4245
4316.5,4320,4165.5,4165.5,3.0084e+06,4038
4160.5,4245.5,4160.5,4224,1.9079e+06,4094.7
4222,4240,4194.5,4206,2.6717e+06,4077.3
4254.5,4342,4253.7,4330,2.0368e+06,4197.5
4025.9,4066,3983.7,4026.6,2.45e+06,3731.4
4025.9,4066,3983.7,4026.6,2.45e+06,3731.4
4305,4351,4178.5,4180,2.8107e+06,4052
4131.5,4169,4087,4129.5,2.2513e+06,4003.1
4184,4214,4161.5,4181.5,2.567e+06,4053.5
4234,4269.2,4150,4161,1.782e+06,4033.6
4195,4229.5,4098,4168,1.7028e+06,4040.4
4025.9,4066,3983.7,4026.6,2.45e+06,3731.4
4025.9,4066,3983.7,4026.6,2.45e+06,3731.4
4228,4263,4193.5,4247.5,2.1951e+06,4117.5
4261.5,4270.6,4196.5,4201,1.9159e+06,4072.4
4200,4201,4090.5,4112,4.0424e+06,3986.1
4111.5,4198,4106,4160.5,2.1664e+06,4033.1
4208,4221.2,4133,4209.5,1.8028e+06,4080.6
4025.9,4066,3983.7,4026.6,2.45e+06,3731.4
4025.9,4066,3983.7,4026.6,2.45e+06,3731.4
4199,4206.5,4154,4176.5,1.1471e+06,4048.7
4175.5,4187.5,4076.2,4138,1.7709e+06,4011.3
4107,4109.2,4052.5,4059,2.0839e+06,3934.8
4080.5,4130.5,4073,4121,1.7494e+06,3994.9
4092,4152,4042,4146,2.5436e+06,4019.1
4025.9,4066,3983.7,4026.6,2.45e+06,3731.4
4025.9,4066,3983.7,4026.6,2.45e+06,3731.4
4130.5,4182,4130.5,4156.5,1.47e+06,4029.3
4141,4162.5,4021,4024.5,2.689e+06,3901.3
4014,4014,3931.3,3947,2.8543e+06,3826.2
3975.5,4058.3,3950.5,4011,2.7388e+06,3888.2
4042.5,4097.5,4005,4069.5,1.7067e+06,3944.9
4025.9,4066,3983.7,4026.6,2.45e+06,3731.4
4025.9,4066,3983.7,4026.6,2.45e+06,3731.4
4086.5,4122,4064,4091.5,1.4325e+06,3966.3
4075.5,4109,4039,4075,1.65e+06,3950.3
4089.5,4199,4081.5,4179.5,2.3148e+06,4051.6
4163.5,4288.2,4142.5,4196.5,1.9935e+06,4068
4187.5,4210.5,4136.5,4150.5,1.7192e+06,4023.4
4025.9,4066,3983.7,4026.6,2.45e+06,3731.4
4025.9,4066,3983.7,4026.6,2.45e+06,3731.4
4117,4157.5,4096,4156,1.5424e+06,4028.8
4185,4190.7,4148,4162.5,1.678e+06,4035.1
4171,4203,4116,4127.5,1.669e+06,4001.2
4215.5,4314,4204.5,4247,3.0362e+06,4117
4260,4261,4120.8,4226,2.3179e+06,4096.6
4025.9,4066,3983.7,4026.6,2.45e+06,3731.4
4025.9,4066,3983.7,4026.6,2.45e+06,3731.4
4220.5,4234,4152,4158.5,1.531e+06,4031.2
4160.5,4180,4144.5,4156,1.8179e+06,4028.8
4183.5,4219,4140.5,4202,1.438e+06,4073.4
4192,4192,4075,4075,1.9958e+06,3950.3
4057,4098,3999.5,4094,2.5816e+06,3968.7
4025.9,4066,3983.7,4026.6,2.45e+06,3731.4
4025.9,4066,3983.7,4026.6,2.45e+06,3731.4
4056.5,4271.5,4050.4,4258,3.3657e+06,4127.7
4300,4397,4278.5,4397,2.9863e+06,4262.4
4393,4410,4324,4409,2.1269e+06,4274
4414,4467,4405.5,4428.5,2.2078e+06,4292.9
4450,4500,4433,4499.5,2.3441e+06,4361.8
4025.9,4066,3983.7,4026.6,2.45e+06,3731.4
4025.9,4066,3983.7,4026.6,2.45e+06,3731.4
4491,4515,4469.5,4486,1.6167e+06,4348.7
4468.5,4480.5,4440.5,4463.5,1.9458e+06,4326.9
4488,4505,4454.5,4500,1.7492e+06,4362.3
4500,4541,4485.5,4520,1.2628e+06,4381.6
4500,4525.5,4482,4512.5,1.5848e+06,4374.4
4025.9,4066,3983.7,4026.6,2.45e+06,3731.4
4025.9,4066,3983.7,4026.6,2.45e+06,3731.4
4504,4532,4496.5,4502.5,2.2874e+06,4364.7
4526.5,4583.4,4500.5,4515.5,1.9043e+06,4377.3
4565.5,4627.5,4555,4582.5,2.3724e+06,4442.2
4593,4622,4468.5,4470,2.7601e+06,4333.2
4451,4459.5,4408,4442,1.9579e+06,4306
4025.9,4066,3983.7,4026.6,2.45e+06,3731.4
4025.9,4066,3983.7,4026.6,2.45e+06,3731.4
4437.5,4534,4437.5,4483.5,1.7255e+06,4346.3
4483,4516.5,4422.2,4438.5,1.8822e+06,4302.6
4454.5,4461.5,4404,4404,1.7087e+06,4269.2
4402.5,4411.5,4374.5,4379.5,1.5714e+06,4245.4
4377.5,4400.5,4325,4330,2.4365e+06,4197.5
4025.9,4066,3983.7,4026.6,2.45e+06,3731.4
4025.9,4066,3983.7,4026.6,2.45e+06,3731.4
4339.5,4367.5,4280,4285.5,2.863e+06,4154.3
4324,4412,4300.1,4391,2.1102e+06,4256.6
4381,4448,4366.9,4416.5,2.0069e+06,4281.3
4500,4519.5,4429.5,4434,2.3708e+06,4298.3
4420,4433,4365.5,4371.5,4.9071e+06,4237.7
4025.9,4066,3983.7,4026.6,2.45e+06,3731.4
4025.9,4066,3983.7,4026.6,2.45e+06,3731.4
4372,4435,4328.1,4363.5,1.5663e+06,4229.9
4396,4407,4335,4398.5,2.2499e+06,4263.9
4432,4540.7,4430.5,4513,1.7606e+06,4374.9
4487.5,4552.5,4487.5,4540,3.902e+05,4401
4540,4540,4540,4540,0,4401
4025.9,4066,3983.7,4026.6,2.45e+06,3731.4
4025.9,4066,3983.7,4026.6,2.45e+06,3731.4
4540,4540,4540,4540,0,4401
4580,4627.5,4509.5,4627.5,1.2323e+06,4485.8
4616,4634,4598.5,4616,1.0936e+06,4474.7
4589,4627.5,4589,4616.5,4.022e+05,4475.2
4025.9,4066,3983.7,4026.6,2.45e+06,3731.4
4025.9,4066,3983.7,4026.6,2.45e+06,3731.4
4025.9,4066,3983.7,4026.6,2.45e+06,3731.4
4565,4568,4463.5,4478,2.2431e+06,4340.9
4521,4577,4457,4562,2.3339e+06,4422.4
4556,4573.5,4469.5,4522.5,1.9753e+06,4384.1
4446.5,4538,4361,4381,3.8419e+06,4246.9
4424,4475.3,4349,4349,2.2105e+06,4215.9
4025.9,4066,3983.7,4026.6,2.45e+06,3731.4
4025.9,4066,3983.7,4026.6,2.45e+06,3731.4
4336,4348,4255.5,4255.5,2.1262e+06,4125.2
4270.5,4361.5,4255.5,4324,2.3824e+06,4191.6
4375,4427.5,4359.3,4396.5,1.767e+06,4261.9
4343,4345.5,4249.5,4323,2.123e+06,4190.7
4320.5,4341,4181.5,4230,2.9345e+06,4100.5
4025.9,4066,3983.7,4026.6,2.45e+06,3731.4
4025.9,4066,3983.7,4026.6,2.45e+06,3731.4
4216.5,4283,4204.5,4210.5,1.3782e+06,4081.6
4289,4340.5,4245,4312.5,2.0472e+06,4180.5
4236,4259,4190,4235.5,2.6069e+06,4105.8
4300,4338,4243.5,4271.5,3.2909e+06,4140.7
4326,4395,4303,4360.5,2.7505e+06,4227
4025.9,4066,3983.7,4026.6,2.45e+06,3731.4
4025.9,4066,3983.7,4026.6,2.45e+06,3731.4
4379,4454.5,4375.6,4440.5,2.0669e+06,4304.6
4321.5,4426.5,4321.5,4415.5,2.5519e+06,4280.3
4420,4473,4387.5,4473,2.2624e+06,4336.1
4444,4470.2,4295,4347,3.3677e+06,4213.9
4385,4487.5,4370.5,4487.5,3.0948e+06,4350.1
4025.9,4066,3983.7,4026.6,2.45e+06,3731.4
4025.9,4066,3983.7,4026.6,2.45e+06,3731.4
4506.5,4541.5,4414.5,4504,2.6791e+06,4366.1
4495.5,4536.8,4472,4499,2.5677e+06,4361.3
4473.5,4519,4395.5,4412,3.498e+06,4276.9
4354,4367.5,4053,4143,6.0363e+06,4016.2
4155,4236.9,4096,4109.5,4.9127e+06,3983.7
4025.9,4066,3983.7,4026.6,2.45e+06,3731.4
4025.9,4066,3983.7,4026.6,2.45e+06,3731.4
4126,4130.5,3901.5,3906,6.3699e+06,3786.4
3922.5,3979,3821.3,3914.5,5.0181e+06,3794.7
3957.5,4020.5,3801.7,4009,4.4411e+06,3886.3
3983.5,4070.5,3935,3991,4.0899e+06,3868.8
4015.5,4067.1,3979.5,4046.5,3.9066e+06,3922.6
4025.9,4066,3983.7,4026.6,2.45e+06,3731.4
4025.9,4066,3983.7,4026.6,2.45e+06,3731.4
4128.5,4175.5,4092,4151,2.0294e+06,4023.9
4179,4198.5,4100,4184,2.1069e+06,4055.9
4198,4296.5,4113,4279.5,3.8693e+06,4148.5
