927.55,927.55,921.38,922.26,3.043e+05,858.53
922.26,931.08,920.5,926.67,5.556e+05,862.63
928.43,938.13,924.9,938.13,5.859e+05,873.3
935.49,935.49,917.85,930.2,8.803e+05,865.91
934.6,945.18,931.96,940.78,6.262e+05,875.76
1064.1,1073.9,1053.9,1063.4,1.1376e+06,1028.6
1064.1,1073.9,1053.9,1063.4,1.1376e+06,1028.6
940.78,951.36,935.49,939.89,6.621e+05,874.94
931.96,939.89,926.67,931.08,7.979e+05,866.73
931.08,944.87,927.55,942.54,7.435e+05,877.4
942.54,957.53,941.66,946.07,1.1178e+06,880.69
944.3,971.64,943.42,968.11,9.013e+05,901.21
1064.1,1073.9,1053.9,1063.4,1.1376e+06,1028.6
1064.1,1073.9,1053.9,1063.4,1.1376e+06,1028.6
967.23,969.87,948.71,951.36,7.247e+05,885.61
954,974.28,954,970.75,8.049e+05,903.67
973.4,976.04,966.98,971.64,4.958e+05,904.49
975.16,981.33,969.87,973.4,6.036e+05,906.13
974.28,975.76,941.66,951.36,1.1649e+06,885.61
1064.1,1073.9,1053.9,1063.4,1.1376e+06,1028.6
1064.1,1073.9,1053.9,1063.4,1.1376e+06,1028.6
958.41,962.82,946.07,961.94,9.725e+05,895.46
958.41,980.45,955.1,975.16,7.934e+05,907.77
971.64,975.16,962.82,974.28,7.209e+05,906.95
975.16,981.33,959.29,965.46,1.1129e+06,898.75
968.11,969.87,944.3,944.3,2.3993e+06,879.05
1064.1,1073.9,1053.9,1063.4,1.1376e+06,1028.6
1064.1,1073.9,1053.9,1063.4,1.1376e+06,1028.6
937.25,965.46,935.49,961.05,8.37e+05,894.64
959.29,966.35,950.48,954,7.137e+05,888.08
960.17,970.75,956.65,969.87,8.739e+05,902.85
965.46,968.99,940.78,946.07,8.296e+05,880.69
940.78,957.53,939.89,953.12,7.449e+05,887.25
1064.1,1073.9,1053.9,1063.4,1.1376e+06,1028.6
1064.1,1073.9,1053.9,1063.4,1.1376e+06,1028.6
954.88,975.16,948.71,952.24,7.126e+05,886.43
954.88,960.17,948.71,954,6.431e+05,888.08
956.65,957.53,943.42,952.24,1.0244e+06,886.43
953.12,960.17,946.07,959.29,8.476e+05,893
959.29,959.29,959.29,959.29,0,893
1064.1,1073.9,1053.9,1063.4,1.1376e+06,1028.6
1064.1,1073.9,1053.9,1063.4,1.1376e+06,1028.6
959.29,959.29,959.29,959.29,0,893
954.88,972.52,954.88,972.52,5.955e+05,905.31
966.35,975.16,951.36,963.7,1.1098e+06,897.1
968.99,971.64,945.18,950.48,8.071e+05,884.79
949.59,954.88,928,931.96,7.523e+05,867.55
1064.1,1073.9,1053.9,1063.4,1.1376e+06,1028.6
1064.1,1073.9,1053.9,1063.4,1.1376e+06,1028.6
939.01,944.3,935.49,941.66,7.991e+05,876.58
941.66,944.3,929.94,932.84,8.533e+05,868.38
929.31,948.71,928.43,948.71,9.204e+05,883.15
940.78,956.65,940.78,954.88,5.774e+05,888.89
958.41,959.29,943.42,951.36,4.234e+05,885.61
1064.1,1073.9,1053.9,1063.4,1.1376e+06,1028.6
1064.1,1073.9,1053.9,1063.4,1.1376e+06,1028.6
951.36,954.88,931.08,934.6,6.61e+05,870.02
931.08,933.72,907.67,911.68,1.0376e+06,848.68
916.97,921.38,903.75,906.39,1.0057e+06,843.75
906.39,917.04,901.1,905.51,9.136e+05,842.93
906.39,924.02,905.51,916.97,8.591e+05,853.6
1064.1,1073.9,1053.9,1063.4,1.1376e+06,1028.6
1064.1,1073.9,1053.9,1063.4,1.1376e+06,1028.6
916.97,925.79,912.56,922.26,6.702e+05,858.53
921.38,949.59,921.38,945.18,6.101e+05,879.87
952.24,954,944.3,950.48,1.0892e+06,884.79
948.71,954,945.18,946.07,8.76e+05,880.69
946.07,951.36,936.37,945.18,5.474e+05,879.87
1064.1,1073.9,1053.9,1063.4,1.1376e+06,1028.6
1064.1,1073.9,1053.9,1063.4,1.1376e+06,1028.6
945.18,948.71,939.89,946.07,2.544e+05,880.69
947.83,951.36,937.25,943.42,5.742e+05,878.23
945.18,954.88,933.72,952.24,1.97e+05,886.43
946.95,952.24,933.72,951.36,5.291e+05,885.61
950.48,953.12,940.78,945.18,4.954e+05,879.87
1064.1,1073.9,1053.9,1063.4,1.1376e+06,1028.6
1064.1,1073.9,1053.9,1063.4,1.1376e+06,1028.6
945.18,945.18,945.18,945.18,0,879.87
939.89,952.49,937.25,944.3,6.285e+05,879.05
950.48,951.36,933.72,942.54,7.392e+05,877.4
940.78,945.63,938.13,944.3,4.613e+05,879.05
943.42,949.59,933.72,946.95,9.778e+05,881.51
1064.1,1073.9,1053.9,1063.4,1.1376e+06,1028.6
1064.1,1073.9,1053.9,1063.4,1.1376e+06,1028.6
946.07,968.99,943.47,960.17,6.383e+05,893.82
983.1,1034.2,972.52,1025.4,2.2638e+06,954.56
1020.1,1028.1,1012.2,1013.1,9.73e+05,943.07
1011.3,1020.1,1006,1010.4,5.528e+05,940.6
1012.2,1013.1,1000.6,1001.6,6.851e+05,932.39
1064.1,1073.9,1053.9,1063.4,1.1376e+06,1028.6
1064.1,1073.9,1053.9,1063.4,1.1376e+06,1028.6
1012.2,1016.6,999.85,1009.6,7.147e+05,939.78
1011.3,1047.5,1008.7,1040.4,1.1017e+06,968.51
1040.4,1049.2,1031.6,1042.2,7.364e+05,970.15
1027.2,1032.5,1013.1,1017.5,1.272e+06,947.17
1021.9,1029,1018.4,1028.1,7.987e+05,957.01
1064.1,1073.9,1053.9,1063.4,1.1376e+06,1028.6
1064.1,1073.9,1053.9,1063.4,1.1376e+06,1028.6
1028.1,1028.1,1028.1,1028.1,0,957.01
1036,1064.2,1035.1,1062.5,1.1189e+06,989.03
1058,1058.6,1027.2,1035.1,6.759e+05,963.59
1033.3,1036.9,1020.1,1029.8,6.728e+05,958.66
1027.2,1032.5,1014,1022.8,9.918e+05,952.09
1064.1,1073.9,1053.9,1063.4,1.1376e+06,1028.6
1064.1,1073.9,1053.9,1063.4,1.1376e+06,1028.6
1019.3,1026.8,1010.4,1014,4.409e+05,943.89
1020.1,1022.8,1011.3,1015.7,4.55e+05,945.53
1013.1,1014,998.97,998.97,6.071e+05,929.93
1001.6,1001.6,983.98,984.86,5.34e+05,916.8
984.86,993.68,973.4,988.39,6.754e+05,920.08
1064.1,1073.9,1053.9,1063.4,1.1376e+06,1028.6
1064.1,1073.9,1053.9,1063.4,1.1376e+06,1028.6
986.63,998.97,979.57,994.56,5.909e+05,925.83
991.03,992.8,967.23,972.52,7.697e+05,905.31
972.52,986.87,970.75,974.28,5.484e+05,906.95
964.58,977.81,961.05,974.28,5.265e+05,906.95
978.69,985.74,972.52,980.45,6.292e+05,912.7
1064.1,1073.9,1053.9,1063.4,1.1376e+06,1028.6
1064.1,1073.9,1053.9,1063.4,1.1376e+06,1028.6
979.57,998.09,979.57,988.39,5.547e+05,920.08
984.86,1004.3,981.33,996.32,6.431e+05,927.47
995.44,1006,984.86,1000.7,7.733e+05,931.57
991.03,993.68,974.28,974.28,8.998e+05,906.95
975.16,988.39,959.1,959.29,1.7052e+06,893
1064.1,1073.9,1053.9,1063.4,1.1376e+06,1028.6
1064.1,1073.9,1053.9,1063.4,1.1376e+06,1028.6
960.17,965.46,946.07,946.07,9.476e+05,880.69
953.12,967.23,946.95,959.29,7.818e+05,893
960.17,977.81,959.01,967.23,6.397e+05,900.39
966.35,983.1,961.94,978.69,1.2746e+06,911.06
979.57,979.57,967.23,972.52,8.946e+05,905.31
1064.1,1073.9,1053.9,1063.4,1.1376e+06,1028.6
1064.1,1073.9,1053.9,1063.4,1.1376e+06,1028.6
984.86,991.91,969.87,991.03,6.565e+05,922.55
991.91,996.32,976.04,983.1,5.751e+05,915.16
962.82,967.23,951.36,957.53,6.732e+05,911.97
961.05,1001.6,961.05,996.32,7.503e+05,948.92
997.21,1016.4,993.68,998.97,7.139e+05,951.44
1064.1,1073.9,1053.9,1063.4,1.1376e+06,1028.6
1064.1,1073.9,1053.9,1063.4,1.1376e+06,1028.6
1005.1,1039.7,1005.1,1031.6,9.236e+05,982.51
1041.3,1048.3,1031.6,1034.2,6.888e+05,985.03
1035.1,1043.9,1015.7,1043.9,9.267e+05,994.27
1073,1080.1,1030.7,1036.9,1.0573e+06,987.55
1036,1047.5,1032.5,1034.2,5.44e+05,985.03
1064.1,1073.9,1053.9,1063.4,1.1376e+06,1028.6
1064.1,1073.9,1053.9,1063.4,1.1376e+06,1028.6
1035.1,1050.5,1035.1,1043.1,5.587e+05,993.42
1043.9,1056.3,1043.1,1046.6,6.147e+05,996.79
1047.5,1063.3,1044.8,1057.2,9.243e+05,1006.9
1056.3,1069.5,1053.6,1066,5.419e+05,1015.3
1065.1,1067.7,1057.2,1063.3,7.239e+05,1012.7
1064.1,1073.9,1053.9,1063.4,1.1376e+06,1028.6
1064.1,1073.9,1053.9,1063.4,1.1376e+06,1028.6
1066,1070.4,1054.5,1056.3,5.897e+05,1006
1059.8,1063.3,1038.7,1043.1,7.23e+05,993.42
1043.9,1061.6,1037.8,1040.4,6.402e+05,990.91
1039.5,1049.2,1035.1,1048.3,6.509e+05,998.46
1051,1066.9,1037.8,1041.3,4.926e+05,991.75
1064.1,1073.9,1053.9,1063.4,1.1376e+06,1028.6
1064.1,1073.9,1053.9,1063.4,1.1376e+06,1028.6
1042.2,1051.9,1032.5,1036.9,4.899e+05,987.55
1042.2,1044.4,1029,1031.6,8.302e+05,982.51
1030.7,1042.2,1026.3,1036,8.137e+05,986.71
1036.9,1047.5,1032.5,1037.8,3.56e+05,988.39
1038.7,1045.7,1036.9,1041.3,8.156e+05,991.75
1064.1,1073.9,1053.9,1063.4,1.1376e+06,1028.6
1064.1,1073.9,1053.9,1063.4,1.1376e+06,1028.6
1042.2,1059.8,1042.2,1051,5.519e+05,1001
1050.1,1062.8,1048.3,1053.6,6.385e+05,1003.5
1054.5,1065.1,1046.6,1059.8,2.6414e+06,1009.4
1059.8,1063.3,1050.1,1055.4,4.629e+05,1005.2
1056.3,1061.6,1049.2,1058.9,3.99e+05,1008.5
1064.1,1073.9,1053.9,1063.4,1.1376e+06,1028.6
1064.1,1073.9,1053.9,1063.4,1.1376e+06,1028.6
1059.8,1059.8,1033.3,1036.9,7.84e+05,987.55
1036,1564.8,1034,1039.5,5.56e+05,990.07
1040.4,1050.1,1029,1034.2,7.763e+05,985.03
1037.8,1041.3,1012.2,1018.4,5.364e+05,969.92
1019.3,1024.5,1004.3,1006.9,9.401e+05,959
1064.1,1073.9,1053.9,1063.4,1.1376e+06,1028.6
1064.1,1073.9,1053.9,1063.4,1.1376e+06,1028.6
1007.8,1011.3,1002.3,1008.7,5.072e+05,960.68
1004.3,1016.6,997.1,1016.6,6.507e+05,968.23
1017.5,1021.9,1013.1,1013.1,3.786e+05,964.88
1014,1024.5,1014,1018.4,3.766e+05,969.92
1017.5,1027.5,1015.7,1024.5,5.199e+05,975.79
1064.1,1073.9,1053.9,1063.4,1.1376e+06,1028.6
1064.1,1073.9,1053.9,1063.4,1.1376e+06,1028.6
1024.5,1024.5,1024.5,1024.5,0,975.79
1023.7,1027.2,993.68,997.21,7.419e+05,949.76
996.32,997.21,978.69,990.15,1.6783e+06,943.04
991.03,1006.9,990.22,1001.6,7.285e+05,953.96
1001.6,1015.7,997.21,1003.4,1.2583e+06,955.64
1064.1,1073.9,1053.9,1063.4,1.1376e+06,1028.6
1064.1,1073.9,1053.9,1063.4,1.1376e+06,1028.6
1010.4,1024.8,1008.7,1022.8,4.847e+05,974.11
1021.9,1032.5,1014.8,1017.5,6.853e+05,969.07
1016.6,1021.9,995.44,1015.7,7.713e+05,967.39
1016.6,1031.6,1013.1,1019.3,5.84e+05,970.76
1018.4,1025.4,1012.2,1022.8,5.498e+05,974.11
1064.1,1073.9,1053.9,1063.4,1.1376e+06,1028.6
1064.1,1073.9,1053.9,1063.4,1.1376e+06,1028.6
1023.7,1023.7,1012.2,1019.3,4.036e+05,970.76
1022.8,1049.8,1022.8,1040.4,7.243e+05,990.91
1040.4,1052.8,1039.5,1047.5,1.0367e+06,997.63
1050.1,1056.3,1043.9,1049.2,6.354e+05,999.3
1048.3,1061.6,1048.3,1060.7,4.892e+05,1010.2
1064.1,1073.9,1053.9,1063.4,1.1376e+06,1028.6
1064.1,1073.9,1053.9,1063.4,1.1376e+06,1028.6
1066,1070.4,1055.4,1058.9,5.439e+05,1008.5
1061.6,1065.1,1047.5,1049.2,6.411e+05,999.3
1049.2,1054,1042.2,1049.2,4.014e+05,999.3
1058,1065.1,1053.6,1056.3,4.159e+05,1006
1053.6,1065.1,1046.6,1059.8,7.895e+05,1009.4
1064.1,1073.9,1053.9,1063.4,1.1376e+06,1028.6
1064.1,1073.9,1053.9,1063.4,1.1376e+06,1028.6
1061.6,1063.3,1044.8,1047.5,3.888e+05,997.63
1046.6,1060.7,1043.1,1055.4,3.64e+05,1005.2
1051,1060.7,1043.9,1050.1,6.583e+05,1000.1
1049.2,1055.4,1041.3,1051.9,3.288e+05,1001.8
1048.3,1071.3,1048.3,1058.9,6.084e+05,1008.5
1064.1,1073.9,1053.9,1063.4,1.1376e+06,1028.6
1064.1,1073.9,1053.9,1063.4,1.1376e+06,1028.6
1051,1054.5,1043.1,1054.5,6.252e+05,1004.3
1051.9,1073.9,1048.3,1073.9,6.244e+05,1022.8
1071.3,1081,1065.1,1072.2,8.742e+05,1021.1
1069.5,1074.8,1065.1,1070.4,4.775e+05,1019.5
1066.9,1069.5,1058,1062.5,5.114e+05,1011.9
1064.1,1073.9,1053.9,1063.4,1.1376e+06,1028.6
1064.1,1073.9,1053.9,1063.4,1.1376e+06,1028.6
1058,1058,1041.3,1047.5,4.855e+05,997.63
1049.2,1051.9,1021.9,1023.7,8.256e+05,974.96
1019.3,1023.7,1009.6,1022.8,7.7e+05,974.11
1023.7,1035.1,1015.7,1024.5,8.672e+05,975.79
1022.8,1037.8,1022.8,1037.8,6.817e+05,988.39
1064.1,1073.9,1053.9,1063.4,1.1376e+06,1028.6
1064.1,1073.9,1053.9,1063.4,1.1376e+06,1028.6
1034.2,1046.6,1030.7,1044.8,3.345e+05,995.11
1046.6,1059.8,1041.3,1048.3,4.931e+05,998.46
1043.9,1056.3,1040.4,1052.8,4.789e+05,1002.7
1046.6,1053.6,1037.8,1040.4,6.043e+05,990.91
1051,1067.7,1043.1,1064.2,9.586e+05,1013.6
1064.1,1073.9,1053.9,1063.4,1.1376e+06,1028.6
1064.1,1073.9,1053.9,1063.4,1.1376e+06,1028.6
1073.9,1096.8,1067.7,1095.1,7.1e+05,1043
1092.4,1115.3,1092.4,1096,4.855e+05,1043.8
1099.5,1111.2,1098,1110.9,5.588e+05,1058.1
1111.8,1117.1,1099.5,1105.7,5.514e+05,1053
1105.7,1106.5,1096,1100.4,5.667e+05,1048
1064.1,1073.9,1053.9,1063.4,1.1376e+06,1028.6
1064.1,1073.9,1053.9,1063.4,1.1376e+06,1028.6
1100.4,1110.9,1095.1,1100.4,3.752e+05,1048
1103,1113.7,1097.7,1113.6,4.681e+05,1060.6
1118.9,1126.8,1111.8,1126.8,4.771e+05,1073.2
1128.6,1133.9,1118,1124.2,7.399e+05,1070.7
1127.7,1127.7,1112.7,1116.2,3.564e+05,1063.1
1064.1,1073.9,1053.9,1063.4,1.1376e+06,1028.6
1064.1,1073.9,1053.9,1063.4,1.1376e+06,1028.6
1116.2,1126.6,1116.2,1125.9,3.688e+05,1072.4
1129.5,1129.5,1110.9,1126.8,5.803e+05,1073.2
1128.6,1133,1115.3,1122.4,7.915e+05,1069
1121.5,1140,1120.4,1130.3,5.782e+05,1076.6
1146.2,1147.1,1132.1,1143.6,6.256e+05,1089.2
1064.1,1073.9,1053.9,1063.4,1.1376e+06,1028.6
1064.1,1073.9,1053.9,1063.4,1.1376e+06,1028.6
1148,1161.2,1135.6,1138.3,7.231e+05,1084.1
1141.8,1163,1118,1151.5,1.2413e+06,1096.7
1155,1155,1128.6,1141.8,9.02e+05,1087.5
1137.4,1153.3,1137.4,1153.3,9.446e+05,1098.4
1154.2,1161.2,1140.9,1159.4,7.722e+05,1104.3
1064.1,1073.9,1053.9,1063.4,1.1376e+06,1028.6
1064.1,1073.9,1053.9,1063.4,1.1376e+06,1028.6
1155.9,1173.6,1154.5,1173.6,6.722e+05,1117.7
1172.7,1178,1167.4,1172.7,5.358e+05,1116.9
1169.1,1182.4,1166.4,1175.3,7.125e+05,1119.4
1183.2,1183.2,1167.4,1175.3,7.196e+05,1119.4
1175.3,1177.1,1168.3,1168.3,4.977e+05,1112.7
1064.1,1073.9,1053.9,1063.4,1.1376e+06,1028.6
1064.1,1073.9,1053.9,1063.4,1.1376e+06,1028.6
1155.9,1160.3,1123.9,1132.1,1.4522e+06,1078.2
1132.1,1159.4,1129.7,1155.9,1.6011e+06,1100.9
1154.2,1156.6,1145.3,1152.4,5.359e+05,1097.6
1154.2,1155.9,1143.6,1144.5,5.113e+05,1090
1143.6,1155,1140.9,1155,6.639e+05,1100.1
1064.1,1073.9,1053.9,1063.4,1.1376e+06,1028.6
1064.1,1073.9,1053.9,1063.4,1.1376e+06,1028.6
1155.9,1155.9,1141.8,1144.5,5.719e+05,1090
1140.9,1148,1133.9,1140.9,7.585e+05,1086.6
1138.3,1142.7,1126.8,1135.6,6.539e+05,1081.6
1133,1133,1106.5,1118,9.41e+05,1064.8
1117.1,1125.9,1112.7,1123.3,5.852e+05,1069.8
1064.1,1073.9,1053.9,1063.4,1.1376e+06,1028.6
1064.1,1073.9,1053.9,1063.4,1.1376e+06,1028.6
1124.2,1133,1120.6,1130.3,4.057e+05,1076.6
1128.6,1140,1117.1,1119.8,6.29e+05,1066.5
1116.2,1128.6,1110.1,1120.6,6.085e+05,1074.7
1118,1120.9,1100.7,1108.3,4.897e+05,1062.8
1104.8,1114.5,1101.3,1110.1,3.91e+05,1064.5
1064.1,1073.9,1053.9,1063.4,1.1376e+06,1028.6
1064.1,1073.9,1053.9,1063.4,1.1376e+06,1028.6
1104.8,1133,1103.9,1133,5.718e+05,1086.5
1129.5,1138.3,1119.8,1125.9,6.577e+05,1079.8
1125.9,1133.9,1120.6,1123.3,5.086e+05,1077.2
1136.5,1145.3,1133.6,1145.3,6.681e+05,1098.4
1148.9,1160.3,1141.8,1155,1.0444e+06,1107.7
1064.1,1073.9,1053.9,1063.4,1.1376e+06,1028.6
1064.1,1073.9,1053.9,1063.4,1.1376e+06,1028.6
1153.3,1165.6,1148,1165.6,3.22e+05,1117.8
1163,1171.8,1162.1,1171.8,1.06e+05,1123.7
1171.8,1171.8,1171.8,1171.8,0,1123.7
1171.8,1171.8,1171.8,1171.8,0,1123.7
1174.4,1184.1,1172.9,1176.2,3.844e+05,1128
1064.1,1073.9,1053.9,1063.4,1.1376e+06,1028.6
1064.1,1073.9,1053.9,1063.4,1.1376e+06,1028.6
1182.4,1188.5,1172.3,1179.7,3.401e+05,1131.3
1191.2,1199.4,1184.1,1194.7,2.32e+05,1145.7
1194.7,1194.7,1194.7,1194.7,0,1145.7
1197.3,1209.1,1188.5,1202.6,9.877e+05,1153.3
1198.2,1217.6,1198.2,1211.5,5.229e+05,1161.8
1064.1,1073.9,1053.9,1063.4,1.1376e+06,1028.6
1064.1,1073.9,1053.9,1063.4,1.1376e+06,1028.6
1210.6,1226.5,1210.6,1217.6,5.023e+05,1167.7
1220.3,1221.2,1201.8,1208.8,8.014e+05,1159.2
1210.6,1215.6,1199.1,1209.7,7.423e+05,1160.1
1211.5,1222,1207.1,1218.5,5.821e+05,1168.5
1223.8,1237,1219.4,1226.5,6.252e+05,1176.2
1064.1,1073.9,1053.9,1063.4,1.1376e+06,1028.6
1064.1,1073.9,1053.9,1063.4,1.1376e+06,1028.6
1224.7,1235.3,1217.2,1227.3,4.171e+05,1177
1223.8,1238.8,1213.2,1237,5.684e+05,1186.3
1240.6,1241.4,1228.2,1233.5,6.149e+05,1182.9
1237.9,1237.9,1224.7,1227.3,7.653e+05,1177
1226.5,1237,1225.6,1231.7,6.305e+05,1181.2
1064.1,1073.9,1053.9,1063.4,1.1376e+06,1028.6
1064.1,1073.9,1053.9,1063.4,1.1376e+06,1028.6
1237,1237,1228.2,1236.2,4.084e+05,1185.5
1239.7,1262.6,1235.9,1257.3,5.761e+05,1205.7
1260.8,1267.4,1242.3,1242.3,5.214e+05,1191.4
1247.6,1259.1,1245.8,1255.5,6.443e+05,1204
1256.4,1260.8,1227.3,1236.2,7.43e+05,1185.5
1064.1,1073.9,1053.9,1063.4,1.1376e+06,1028.6
1064.1,1073.9,1053.9,1063.4,1.1376e+06,1028.6
1237.9,1245,1213.4,1218.5,7.945e+05,1168.5
1220.3,1228.2,1215.9,1221.2,5.224e+05,1171.1
1232.6,1232.6,1212.3,1220.3,1.1626e+06,1170.2
1222,1223.3,1208.8,1221.2,1.0935e+06,1171.1
1216.8,1229.1,1209.7,1225.6,9.523e+05,1175.3
1064.1,1073.9,1053.9,1063.4,1.1376e+06,1028.6
1064.1,1073.9,1053.9,1063.4,1.1376e+06,1028.6
1218.5,1229.5,1195.6,1199.1,9.379e+05,1149.9
1193.8,1203.5,1180.2,1200,6.12e+05,1150.8
1202.6,1214.5,1198.2,1209.7,6.94e+05,1160.1
1214.1,1224.7,1204.4,1214.1,9.632e+05,1164.3
1215.9,1217.6,1203.5,1205.3,1.2106e+06,1155.9
1064.1,1073.9,1053.9,1063.4,1.1376e+06,1028.6
1064.1,1073.9,1053.9,1063.4,1.1376e+06,1028.6
1208.8,1211.5,1178,1183.2,1.3454e+06,1134.7
1204.4,1231.7,1198.2,1230,1.1548e+06,1179.5
1230.9,1261.7,1230,1243.2,1.3089e+06,1192.2
1246.7,1254.7,1230,1242.3,1.1207e+06,1191.4
1243.2,1250.3,1239.7,1247.6,9.104e+05,1196.4
1064.1,1073.9,1053.9,1063.4,1.1376e+06,1028.6
1064.1,1073.9,1053.9,1063.4,1.1376e+06,1028.6
1245,1255.5,1245,1252,4.392e+05,1200.7
1253.8,1272.3,1249.4,1270.5,6.774e+05,1218.4
1252.9,1275.8,1252.9,1263.5,5.135e+05,1211.7
1257.3,1262,1251.1,1259.1,8.776e+05,1207.4
1264.4,1272.3,1255.5,1270.5,5.978e+05,1218.4
1064.1,1073.9,1053.9,1063.4,1.1376e+06,1028.6
1064.1,1073.9,1053.9,1063.4,1.1376e+06,1028.6
1272.3,1286.4,1263.5,1285.5,7.381e+05,1232.8
1283.8,1288.2,1276.7,1282.9,1.019e+06,1230.3
1286.4,1291.7,1276.7,1276.7,4.712e+05,1224.3
1276.7,1283.8,1265.2,1282,4.901e+05,1229.4
1284.6,1301.4,1280.2,1297,6.141e+05,1243.8
1064.1,1073.9,1053.9,1063.4,1.1376e+06,1028.6
1064.1,1073.9,1053.9,1063.4,1.1376e+06,1028.6
1285.5,1285.5,1253.8,1260.8,1.0056e+06,1209.1
1267,1297,1267,1291.7,5.946e+05,1238.7
1296.1,1296.1,1283.8,1286.4,3.322e+05,1233.6
1291.7,1294.5,1275.8,1281.1,4.995e+05,1228.6
1281.1,1287.3,1263.5,1264.4,6.732e+05,1212.5
1064.1,1073.9,1053.9,1063.4,1.1376e+06,1028.6
1064.1,1073.9,1053.9,1063.4,1.1376e+06,1028.6
1263.5,1278.8,1261.2,1267,7.377e+05,1215
1268.8,1276.7,1260.2,1271.4,3.597e+05,1219.3
1265.2,1270.5,1237.3,1246.7,7.065e+05,1195.6
1246.7,1250.3,1219.4,1226.5,8.569e+05,1176.2
1221.2,1221.2,1203.5,1215.9,9.07e+05,1166
1064.1,1073.9,1053.9,1063.4,1.1376e+06,1028.6
1064.1,1073.9,1053.9,1063.4,1.1376e+06,1028.6
1219.4,1237.9,1216.8,1228.2,6.222e+05,1177.8
1224.7,1238.8,1220.3,1230.9,5.462e+05,1180.4
1233.5,1235.1,1212.3,1224.7,8.507e+05,1174.5
1207.9,1224.7,1201.8,1222.9,1.0103e+06,1172.8
1224.7,1228.2,1221.2,1223.8,1.2362e+06,1173.6
1064.1,1073.9,1053.9,1063.4,1.1376e+06,1028.6
1064.1,1073.9,1053.9,1063.4,1.1376e+06,1028.6
1219.4,1223.5,1202,1204.4,4.747e+05,1155
1206.2,1222,1206.2,1212.3,5.747e+05,1162.6
1216.8,1225.6,1200,1204.4,8.139e+05,1155
1199.1,1204.4,1108.3,1124.2,4.0338e+06,1078.1
1127.7,1139.7,1107.4,1139.2,1.6766e+06,1092.4
1064.1,1073.9,1053.9,1063.4,1.1376e+06,1028.6
1064.1,1073.9,1053.9,1063.4,1.1376e+06,1028.6
1143.6,1220.3,1125.9,1187.7,4.2498e+06,1138.9
1200.9,1241.4,1200.9,1222.9,2.2494e+06,1172.8
1230.9,1247,1223.8,1234.4,1.615e+06,1183.8
1237.9,1243.2,1220.3,1221.2,9.772e+05,1171.1
1223.8,1248.5,1222.9,1246.7,2.1784e+06,1195.6
1064.1,1073.9,1053.9,1063.4,1.1376e+06,1028.6
1064.1,1073.9,1053.9,1063.4,1.1376e+06,1028.6
1240.6,1250.3,1230.4,1250.3,1.6928e+06,1199
1249.4,1253.3,1215,1216.8,1.5492e+06,1166.8
1219.4,1245.8,1219.4,1245.8,1.786e+06,1194.7
1246.7,1256.4,1242.3,1249.4,9.376e+05,1198.1
1238.8,1240.5,1207.1,1230,1.1867e+06,1179.5
1064.1,1073.9,1053.9,1063.4,1.1376e+06,1028.6
1064.1,1073.9,1053.9,1063.4,1.1376e+06,1028.6
1228.2,1233.4,1198.2,1204.4,1.1783e+06,1155
1205.3,1217.6,1195.6,1196.5,2.5417e+06,1147.4
1213.2,1219.4,1202.6,1213.2,1.892e+06,1163.5
1214,1226,1201,1216,1.5002e+06,1166.1
1216,1216,1216,1216,0,1166.1
1064.1,1073.9,1053.9,1063.4,1.1376e+06,1028.6
1064.1,1073.9,1053.9,1063.4,1.1376e+06,1028.6
1216,1216,1216,1216,0,1166.1
1210,1217,1183,1191,3.4065e+06,1142.2
1190,1200,1187,1197,2.7413e+06,1147.9
1204,1205,1193,1195,2.6625e+06,1146
1196,1198,1183,1197,2.4126e+06,1147.9
1064.1,1073.9,1053.9,1063.4,1.1376e+06,1028.6
1064.1,1073.9,1053.9,1063.4,1.1376e+06,1028.6
1199,1222,1195,1203,2.2758e+06,1153.7
1206,1223,1195,1199,3.6214e+06,1149.8
1197,1214,1189,1194,3.3864e+06,1145
1200,1211,1187,1195,1.3952e+06,1146
1201,1220,1199,1208,1.3922e+06,1158.5
1064.1,1073.9,1053.9,1063.4,1.1376e+06,1028.6
1064.1,1073.9,1053.9,1063.4,1.1376e+06,1028.6
1208,1208,1208,1208,0,1158.5
1217,1227,1215,1215,1.1515e+06,1165.2
1216,1226.8,1200,1225,2.0034e+06,1174.8
1231,1232,1211,1215,8.231e+05,1165.2
1216,1224,1203,1223,8.169e+05,1172.8
1064.1,1073.9,1053.9,1063.4,1.1376e+06,1028.6
1064.1,1073.9,1053.9,1063.4,1.1376e+06,1028.6
1228,1234,1216,1225,1.1026e+06,1174.8
1242,1246,1233,1240,1.3668e+06,1189.1
1246,1254,1242,1251,1.1659e+06,1199.7
1254,1254,1214,1224,1.0316e+06,1173.8
1236,1247,1186,1188,1.9794e+06,1139.3
1064.1,1073.9,1053.9,1063.4,1.1376e+06,1028.6
1064.1,1073.9,1053.9,1063.4,1.1376e+06,1028.6
1215,1222.2,1171,1178,1.8394e+06,1129.7
1187,1204,1178,1197,2.0563e+06,1147.9
1196,1205,1178,1205,1.4893e+06,1155.6
1209,1216,1204,1213,9.445e+05,1163.3
1212,1218,1200.5,1206,6.977e+05,1156.5
1064.1,1073.9,1053.9,1063.4,1.1376e+06,1028.6
1064.1,1073.9,1053.9,1063.4,1.1376e+06,1028.6
1206,1206,1206,1206,0,1156.5
1213,1226,1207,1222,7.585e+05,1171.9
1224,1233,1219,1221,9.762e+05,1170.9
1224,1224,1211,1213,5.761e+05,1163.3
1214,1217,1204.8,1214,1.7165e+06,1164.2
1064.1,1073.9,1053.9,1063.4,1.1376e+06,1028.6
1064.1,1073.9,1053.9,1063.4,1.1376e+06,1028.6
1216,1228,1213,1224,7.38e+05,1173.8
1224,1232,1223.4,1230,1.3087e+06,1179.6
1229,1237,1221,1237,8.404e+05,1186.3
1236,1239,1223,1230,6.093e+05,1179.6
1232,1252.3,1232,1250,1.1707e+06,1198.7
1064.1,1073.9,1053.9,1063.4,1.1376e+06,1028.6
1064.1,1073.9,1053.9,1063.4,1.1376e+06,1028.6
1252,1252,1223,1226,2.1709e+06,1175.7
1228,1235,1206,1225,2.6423e+06,1174.8
1223,1226,1210,1220,2.3613e+06,1170
1222,1227,1216,1218,1.0974e+06,1168
1219,1219,1195.3,1209,1.6048e+06,1159.4
1064.1,1073.9,1053.9,1063.4,1.1376e+06,1028.6
1064.1,1073.9,1053.9,1063.4,1.1376e+06,1028.6
1210,1210,1193,1194,9.29e+05,1145
1193,1206.7,1184,1190,1.5243e+06,1141.2
1191,1194,1169,1171,1.3983e+06,1123
1182,1192,1169,1170,1.004e+06,1122
1167,1181,1167,1177,1.6366e+06,1128.7
1064.1,1073.9,1053.9,1063.4,1.1376e+06,1028.6
1064.1,1073.9,1053.9,1063.4,1.1376e+06,1028.6
1174,1177.4,1149,1157,9.921e+05,1109.6
1157,1163,1136,1150,1.8131e+06,1102.8
1151,1156,1144,1150,1.9491e+06,1102.8
1157,1163,1143.3,1150,2.5053e+06,1102.8
1153,1174,1147.3,1159,1.9319e+06,1111.5
1064.1,1073.9,1053.9,1063.4,1.1376e+06,1028.6
1064.1,1073.9,1053.9,1063.4,1.1376e+06,1028.6
1162,1167,1153.9,1162,1.4917e+06,1114.3
1165,1167,1154,1164,9.287e+05,1116.3
1152,1165,1147,1160,1.0865e+06,1128.3
1163,1168,1153,1166,9.158e+05,1134.2
1175,1175,1159,1161,4.525e+05,1129.3
1064.1,1073.9,1053.9,1063.4,1.1376e+06,1028.6
1064.1,1073.9,1053.9,1063.4,1.1376e+06,1028.6
1163,1164.8,1145,1147,6.686e+05,1115.7
1149,1150,1117,1124,1.4585e+06,1093.3
1126,1126,1110.3,1114,1.2457e+06,1083.6
1115,1116,1087,1100,1.8075e+06,1070
1105,1106,1088,1093,1.2862e+06,1063.2
1064.1,1073.9,1053.9,1063.4,1.1376e+06,1028.6
1064.1,1073.9,1053.9,1063.4,1.1376e+06,1028.6
1102,1115,1095,1115,1.1927e+06,1084.6
1112,1125,1106,1108,1.2972e+06,1077.7
1112,1124,1110.5,1117,7.842e+05,1086.5
1118,1118,1097,1099,1.2862e+06,1069
1097,1101,1078,1100,1.9672e+06,1070
1064.1,1073.9,1053.9,1063.4,1.1376e+06,1028.6
1064.1,1073.9,1053.9,1063.4,1.1376e+06,1028.6
1115,1124,1103,1108,1.6236e+06,1077.7
1116,1127,1111,1125,1.5816e+06,1094.3
1126,1141,1123,1133,1.2163e+06,1102.1
1137,1145,1122,1133,1.509e+06,1102.1
1131,1134,1114,1117,1.2903e+06,1086.5
1064.1,1073.9,1053.9,1063.4,1.1376e+06,1028.6
1064.1,1073.9,1053.9,1063.4,1.1376e+06,1028.6
1121,1126,1112,1120,1.0697e+06,1089.4
1123,1126.3,1116,1120,6.61e+05,1089.4
1120,1122,1107,1112,8.216e+05,1081.6
1113,1114,1095,1098,1.3507e+06,1068
1096,1098,1070,1080,1.5827e+06,1050.5
1064.1,1073.9,1053.9,1063.4,1.1376e+06,1028.6
1064.1,1073.9,1053.9,1063.4,1.1376e+06,1028.6
1081,1081,1061.9,1066,2.1731e+06,1036.9
1065,1074,1063.4,1065,9.182e+05,1035.9
1057,1070,1052,1066,3.5974e+06,1036.9
1064,1078,1061,1064,2.8585e+06,1034.9
1053,1062,1051,1060,1.2989e+06,1031.1
1064.1,1073.9,1053.9,1063.4,1.1376e+06,1028.6
1064.1,1073.9,1053.9,1063.4,1.1376e+06,1028.6
1066,1087,1061.8,1083,1.0332e+06,1053.4
1080,1086,1075,1078,1.8676e+06,1048.6
1080,1082.4,1070,1079,1.1051e+06,1049.5
1076,1094.2,1075,1093,1.0369e+06,1063.2
1095,1113,1093,1106,1.8058e+06,1075.8
1064.1,1073.9,1053.9,1063.4,1.1376e+06,1028.6
1064.1,1073.9,1053.9,1063.4,1.1376e+06,1028.6
1112,1117,1106,1111,9.032e+05,1080.7
1113,1122,1109.8,1119,7.517e+05,1088.4
1117,1118,1105,1108,6.597e+05,1077.7
1107,1119,1105,1118,7.556e+05,1087.5
1118,1128,1116,1126,1.1245e+06,1095.3
1064.1,1073.9,1053.9,1063.4,1.1376e+06,1028.6
1064.1,1073.9,1053.9,1063.4,1.1376e+06,1028.6
1126,1126,1126,1126,0,1095.3
1128,1137.1,1124,1134,6.472e+05,1103
1132,1133.8,1127,1127,1.0042e+06,1096.2
1127,1127,1111.2,1114,7.104e+05,1083.6
1115,1124,1114.9,1121,7.6e+05,1090.4
1064.1,1073.9,1053.9,1063.4,1.1376e+06,1028.6
1064.1,1073.9,1053.9,1063.4,1.1376e+06,1028.6
1119,1129,1115,1124,7.102e+05,1093.3
1132,1132,1117,1118,5.675e+05,1087.5
1118,1124.1,1118,1122,1.0698e+06,1091.4
1120,1123.9,1113,1115,9.24e+05,1084.6
1114,1115,1104,1107,8.71e+05,1076.8
1064.1,1073.9,1053.9,1063.4,1.1376e+06,1028.6
1064.1,1073.9,1053.9,1063.4,1.1376e+06,1028.6
1103,1106,1047,1081,3.9018e+06,1051.5
1083,1086,1070,1078,1.9686e+06,1048.6
1075,1079,1067,1069,1.6275e+06,1039.8
1073,1078,1055,1060,1.6596e+06,1031.1
1060,1070,1058,1065,1.3929e+06,1035.9
1064.1,1073.9,1053.9,1063.4,1.1376e+06,1028.6
1064.1,1073.9,1053.9,1063.4,1.1376e+06,1028.6
1060,1065,1037,1040,1.7105e+06,1011.6
1040,1063,1015.2,1060,2.9689e+06,1031.1
1065,1077,1060,1064,1.8654e+06,1034.9
1063,1068,1051,1065,2.4212e+06,1035.9
1090,1102,1077,1091,5.1727e+06,1061.2
1064.1,1073.9,1053.9,1063.4,1.1376e+06,1028.6
1064.1,1073.9,1053.9,1063.4,1.1376e+06,1028.6
1086,1089,1078,1081,8.756e+05,1051.5
1082,1082,1057,1058,1.2976e+06,1029.1
1056,1064,1045,1061,1.0433e+06,1032
1059,1096,1059,1075,1.8865e+06,1045.6
1074,1082,1065,1074,1.6193e+06,1044.7
1064.1,1073.9,1053.9,1063.4,1.1376e+06,1028.6
1064.1,1073.9,1053.9,1063.4,1.1376e+06,1028.6
1072,1092,1070.6,1081,9.521e+05,1051.5
1084,1096,1080,1092,1.2714e+06,1062.2
1094,1096.8,1081,1085,1.2458e+06,1055.4
1045,1060,1015,1047,5.7021e+06,1018.4
1055,1065,1051,1064,1.6694e+06,1034.9
1064.1,1073.9,1053.9,1063.4,1.1376e+06,1028.6
1064.1,1073.9,1053.9,1063.4,1.1376e+06,1028.6
1067,1078,1060,1068,1.5918e+06,1038.8
1067,1070,1060,1062,2.0504e+06,1033
1060,1065,1051,1064,1.5457e+07,1034.9
1074,1081,1057.5,1060,2.1848e+06,1031.1
1050,1056,1041,1048,1.701e+06,1019.4
1064.1,1073.9,1053.9,1063.4,1.1376e+06,1028.6
1064.1,1073.9,1053.9,1063.4,1.1376e+06,1028.6
1037,1048,1027,1039,1.1007e+06,1010.6
1032,1059,1029,1056,1.6611e+06,1027.2
1059,1059,1024,1026,2.4534e+06,997.98
1029,1041,993,1021,3.9929e+06,993.12
1020,1041,1017.5,1037,1.5804e+06,1008.7
1064.1,1073.9,1053.9,1063.4,1.1376e+06,1028.6
1064.1,1073.9,1053.9,1063.4,1.1376e+06,1028.6
1036,1042,1030,1038,1.3083e+06,1009.7
1035,1057,1030,1056,1.1646e+06,1027.2
1057,1082,1055.3,1079,2.1663e+06,1049.5
1074,1089,1065,1084,1.4954e+06,1054.4
1079,1086,1071,1073,7.687e+05,1043.7
1064.1,1073.9,1053.9,1063.4,1.1376e+06,1028.6
1064.1,1073.9,1053.9,1063.4,1.1376e+06,1028.6
1078,1081,1067,1072,9.387e+05,1042.7
1076,1084,1074,1077,8.826e+05,1047.6
1080,1092.5,1080,1082,1.0194e+06,1052.5
1082,1086.8,1066,1078,1.1836e+06,1048.6
1089,1098,1087,1095,1.276e+06,1065.1
1064.1,1073.9,1053.9,1063.4,1.1376e+06,1028.6
1064.1,1073.9,1053.9,1063.4,1.1376e+06,1028.6
1094,1101,1091.7,1096,1.3517e+06,1066.1
1091,1101.8,1077,1078,2.2346e+06,1048.6
1081,1085,1068,1068,2.6703e+06,1038.8
1065,1074,1056,1069,2.4315e+06,1039.8
1073,1079,1070,1075,2.1117e+06,1045.6
1064.1,1073.9,1053.9,1063.4,1.1376e+06,1028.6
1064.1,1073.9,1053.9,1063.4,1.1376e+06,1028.6
1079,1081,1056,1080,1.4516e+06,1050.5
1081,1104,1081,1104,1.6719e+06,1073.9
1103,1107,1088,1098,1.3941e+06,1068
1099,1108,1097,1097,1.1344e+06,1067
1098,1105,1082,1104,1.1353e+06,1073.9
1064.1,1073.9,1053.9,1063.4,1.1376e+06,1028.6
1064.1,1073.9,1053.9,1063.4,1.1376e+06,1028.6
1098,1106,1088,1102,7.719e+05,1071.9
1106,1110,1097,1098,8.554e+05,1068
1098,1122,1091,1118,2.2994e+06,1087.5
1134,1190,1132,1184,3.7335e+06,1151.7
1192,1207,1182,1195,2.8072e+06,1162.4
1064.1,1073.9,1053.9,1063.4,1.1376e+06,1028.6
1064.1,1073.9,1053.9,1063.4,1.1376e+06,1028.6
1200,1200,1180.3,1183,1.3086e+06,1150.7
1186,1190,1152,1152,6.1844e+06,1120.5
1157,1159,1144,1148,2.2896e+06,1116.7
1151,1151,1142,1145,1.1702e+06,1113.7
1142,1150,1136,1137,1.203e+06,1106
1064.1,1073.9,1053.9,1063.4,1.1376e+06,1028.6
1064.1,1073.9,1053.9,1063.4,1.1376e+06,1028.6
1134,1137.3,1126,1130,1.5046e+06,1099.1
1128,1136,1121,1130,1.9373e+06,1099.1
1125,1138,1124,1125,1.1759e+06,1094.3
1124,1136,1119,1131,1.964e+06,1100.1
1134,1147,1133,1144,1.2013e+06,1112.8
1064.1,1073.9,1053.9,1063.4,1.1376e+06,1028.6
1064.1,1073.9,1053.9,1063.4,1.1376e+06,1028.6
1141,1149,1135,1138,9.315e+05,1106.9
1132,1135,1120,1120,1.5555e+06,1089.4
1124,1124,1112,1112,1.1999e+06,1081.6
1105,1105,1053.8,1079,1.6073e+06,1054.8
1088,1088,1057,1057,1.546e+06,1033.2
1064.1,1073.9,1053.9,1063.4,1.1376e+06,1028.6
1064.1,1073.9,1053.9,1063.4,1.1376e+06,1028.6
1052,1060,1047,1047,1.8131e+06,1023.5
1053,1064,1042,1061,1.3708e+06,1037.2
1047,1055.6,1035,1048,1.3467e+06,1024.5
1057,1066,1043,1063,1.5823e+06,1039.1
1067,1077,1048,1055,5.3983e+06,1031.3
1064.1,1073.9,1053.9,1063.4,1.1376e+06,1028.6
1064.1,1073.9,1053.9,1063.4,1.1376e+06,1028.6
1060,1074,1059.2,1069,8.076e+05,1045
1071,1085,1068,1071,1.1473e+06,1046.9
1078,1078,1070,1070,1.24e+05,1046
1070,1070,1070,1070,0,1046
1070,1070,1070,1070,0,1046
1064.1,1073.9,1053.9,1063.4,1.1376e+06,1028.6
1064.1,1073.9,1053.9,1063.4,1.1376e+06,1028.6
1070,1081,1063,1072,7.219e+05,1047.9
1065,1072,1055,1062,5.8e+05,1038.1
1062,1064,1056,1058,2.049e+05,1034.2
1058,1058,1058,1058,0,1034.2
1071,1072,1047,1058,6.106e+05,1034.2
1064.1,1073.9,1053.9,1063.4,1.1376e+06,1028.6
1064.1,1073.9,1053.9,1063.4,1.1376e+06,1028.6
1047,1061,1041,1044,1.0764e+06,1020.5
1043,1051,1017,1033,1.3531e+06,1009.8
1036,1051,1032.3,1042,1.0132e+06,1018.6
1050,1069,1047,1066,1.2077e+06,1042
1063,1067,1027,1031,1.4661e+06,1007.8
1064.1,1073.9,1053.9,1063.4,1.1376e+06,1028.6
1064.1,1073.9,1053.9,1063.4,1.1376e+06,1028.6
1033,1038,1018,1020,1.1393e+06,997.08
1020,1044,1014,1025,1.3671e+06,1002
1012,1023,991.5,994.5,1.4479e+06,972.15
1000,1019,991.5,1019,1.5067e+06,996.1
1010,1013,991.5,1008,1.3055e+06,985.35
1064.1,1073.9,1053.9,1063.4,1.1376e+06,1028.6
1064.1,1073.9,1053.9,1063.4,1.1376e+06,1028.6
1009,1038,1003,1033,1.2684e+06,1009.8
1038,1038,1023,1028,1.104e+06,1004.9
1027,1032,1012,1016,9.385e+05,993.17
1015,1044.3,1012,1041,2.4286e+06,1017.6
1044,1055,1039.2,1053,1.1193e+06,1029.3
1064.1,1073.9,1053.9,1063.4,1.1376e+06,1028.6
1064.1,1073.9,1053.9,1063.4,1.1376e+06,1028.6
1050,1058,1025,1034,1.5014e+06,1010.8
1037,1037,1009,1012,1.4483e+06,989.26
1017,1018.4,979.65,999,1.8078e+06,976.55
997.5,1010,989,1007,1.5095e+06,984.37
1007,1019,1001,1006,1.4317e+06,983.39
1064.1,1073.9,1053.9,1063.4,1.1376e+06,1028.6
1064.1,1073.9,1053.9,1063.4,1.1376e+06,1028.6
1006,1013.5,1001,1009,9.688e+05,986.33
1012,1046,1012,1034,1.7971e+06,1010.8
1032,1041.3,1021,1034,1.4575e+06,1010.8
1030,1031,1021,1030,7.469e+05,1006.9
1026,1034.3,1025,1031,9.479e+05,1007.8
1064.1,1073.9,1053.9,1063.4,1.1376e+06,1028.6
1064.1,1073.9,1053.9,1063.4,1.1376e+06,1028.6
1031,1031,1013.4,1028,1.2975e+06,1004.9
1035,1061,1031,1054,3.1265e+06,1030.3
1050,1057,1044,1050,1.6673e+06,1026.4
1052,1072,1050.8,1070,1.7432e+06,1046
1069,1073.8,1065,1067,1.265e+06,1043
1064.1,1073.9,1053.9,1063.4,1.1376e+06,1028.6
1064.1,1073.9,1053.9,1063.4,1.1376e+06,1028.6
1062,1071.6,1060.4,1064,8.053e+05,1040.1
1062,1068.3,1051,1058,1.1503e+06,1034.2
1059,1075,1052,1056,1.1229e+06,1032.3
1055,1062,992.5,996,4.2158e+06,973.62
995.5,1017,991,1012,2.371e+06,989.26
1064.1,1073.9,1053.9,1063.4,1.1376e+06,1028.6
1064.1,1073.9,1053.9,1063.4,1.1376e+06,1028.6
1023,1026,1013.4,1020,1.2412e+06,997.08
1020,1022,1009,1012,1.0094e+06,989.26
1012,1017,992.5,1015,1.698e+06,992.19
1012,1024,1012,1013,1.0079e+06,990.24
1011,1025,1009,1010,1.1626e+06,987.3
1064.1,1073.9,1053.9,1063.4,1.1376e+06,1028.6
1064.1,1073.9,1053.9,1063.4,1.1376e+06,1028.6
1006,1015,993,994,1.1762e+06,971.66
995,995.5,982,983,1.3211e+06,960.91
983,991.5,959.5,967,1.7976e+06,945.27
967,973.42,958,970,1.4059e+06,948.2
970,980,965.86,969.5,1.3544e+06,947.71
1064.1,1073.9,1053.9,1063.4,1.1376e+06,1028.6
1064.1,1073.9,1053.9,1063.4,1.1376e+06,1028.6
966,978.5,962,974.5,1.4616e+06,952.6
971.5,976.81,955.5,955.5,1.7557e+06,934.03
956.5,956.5,935,939.5,1.6492e+06,918.39
941,951.28,934.32,937,2.9907e+06,915.94
936,944.15,930.5,933.5,1.2883e+06,912.52
1064.1,1073.9,1053.9,1063.4,1.1376e+06,1028.6
1064.1,1073.9,1053.9,1063.4,1.1376e+06,1028.6
946,949.24,924.5,933.5,1.7514e+06,912.52
932.5,959.5,931.45,956,1.628e+06,934.52
953.5,983.5,951.5,982.5,2.0902e+06,960.42
983.5,989,972.18,986,1.7119e+06,963.84
985.5,997.5,979,995.5,2.1067e+06,973.13
1064.1,1073.9,1053.9,1063.4,1.1376e+06,1028.6
1064.1,1073.9,1053.9,1063.4,1.1376e+06,1028.6
996.5,996.5,984,992.5,2.0344e+06,970.2
992,1001,985,996,1.3332e+06,973.62
992.5,998,982,982.5,1.1942e+06,960.42
976,980.5,967.5,979,1.0577e+06,957
980,989.5,967.5,973.5,1.5232e+06,951.62
1064.1,1073.9,1053.9,1063.4,1.1376e+06,1028.6
1064.1,1073.9,1053.9,1063.4,1.1376e+06,1028.6
986,991,956.5,963,1.4051e+06,941.36
966.5,993,960.5,984.5,3.4567e+06,962.38
984,993.5,979,989,1.9174e+06,966.77
989,993,970.82,985,1.195e+06,962.87
985,985,985,985,0,962.87
1064.1,1073.9,1053.9,1063.4,1.1376e+06,1028.6
1064.1,1073.9,1053.9,1063.4,1.1376e+06,1028.6
985,985,985,985,0,962.87
991,1019,988,1013,1.8063e+06,990.24
1013,1013,992,994,1.242e+06,971.66
995,1002,991.67,998,1.8215e+06,975.57
997,1002,993.5,1002,1.5339e+06,979.48
1064.1,1073.9,1053.9,1063.4,1.1376e+06,1028.6
1064.1,1073.9,1053.9,1063.4,1.1376e+06,1028.6
999,1010.2,999,1008,6.962e+05,985.35
1003,1014.4,1002,1007,8.47e+05,984.37
1005,1036,1003,1034,1.6093e+06,1010.8
1038,1045,1027,1044,2.152e+06,1020.5
1042,1050.8,1029,1033,1.0976e+06,1009.8
1064.1,1073.9,1053.9,1063.4,1.1376e+06,1028.6
1064.1,1073.9,1053.9,1063.4,1.1376e+06,1028.6
1025,1044,1025,1044,1.3087e+06,1020.5
1046,1053,1036.9,1040,1.8751e+06,1016.6
1041,1045,1009,1014,1.5082e+06,991.21
1013,1021,1004,1009,2.7949e+06,986.33
1010,1022.4,1010,1014,1.0139e+06,991.21
1064.1,1073.9,1053.9,1063.4,1.1376e+06,1028.6
1064.1,1073.9,1053.9,1063.4,1.1376e+06,1028.6
1015,1032,1001,1024,9.188e+05,1001
1021,1023,990,995,1.3875e+06,972.64
997,1010,992,1002,1.3726e+06,979.48
1000,1009,998.5,1009,9.288e+05,986.33
1002,1010,999.5,1002,4.934e+05,979.48
1064.1,1073.9,1053.9,1063.4,1.1376e+06,1028.6
1064.1,1073.9,1053.9,1063.4,1.1376e+06,1028.6
1002,1002,1002,1002,0,979.48
1006,1013.5,997.5,998,1.3829e+06,975.57
996.5,1006,991,999.5,1.4465e+06,977.04
996.5,998,980.79,990,1.3786e+06,967.75
1065,1140,1041,1083,5.3196e+06,1058.7
1064.1,1073.9,1053.9,1063.4,1.1376e+06,1028.6
1064.1,1073.9,1053.9,1063.4,1.1376e+06,1028.6
1081,1103,1076,1086,1.9739e+06,1061.6
1082,1092,1063,1083,1.3696e+06,1058.7
1083,1097,1075,1081,1.1206e+06,1056.7
1082,1104.6,1074,1098,1.7413e+06,1073.3
1098,1099,1071,1081,2.1314e+06,1056.7
1064.1,1073.9,1053.9,1063.4,1.1376e+06,1028.6
1064.1,1073.9,1053.9,1063.4,1.1376e+06,1028.6
1107,1117.6,1089,1111,2.8383e+06,1086
1111,1118,1100,1105,1.4296e+06,1080.2
1102,1115.4,1091,1103,1.7716e+06,1078.2
1101,1113.2,1100,1112,1.1963e+06,1087
1110,1126,1109.5,1120,1.0638e+06,1094.8
1064.1,1073.9,1053.9,1063.4,1.1376e+06,1028.6
1064.1,1073.9,1053.9,1063.4,1.1376e+06,1028.6
1120,1120,1120,1120,0,1094.8
1120,1127,1114,1114,1.2396e+06,1089
1114,1137,1112.1,1132,1.2439e+06,1106.6
1131,1133,1127.6,1131,9.341e+05,1105.6
1133,1135.3,1123,1125,2.1595e+06,1099.7
1064.1,1073.9,1053.9,1063.4,1.1376e+06,1028.6
1064.1,1073.9,1053.9,1063.4,1.1376e+06,1028.6
1130,1133.5,1119,1126,1.4057e+06,1100.7
1129,1133,1121.5,1127,1.2507e+06,1101.7
1126,1141,1123,1136,1.2566e+06,1110.5
1134,1146,1129,1143,2.1022e+06,1117.3
1133,1147,1130,1139,1.5787e+06,1113.4
1064.1,1073.9,1053.9,1063.4,1.1376e+06,1028.6
1064.1,1073.9,1053.9,1063.4,1.1376e+06,1028.6
1136,1152.8,1132,1145,1.0991e+06,1119.3
1146,1149,1136,1139,1.1748e+06,1113.4
1140,1146,1135,1139,1.6872e+06,1113.4
1135,1147,1124,1126,1.4656e+06,1100.7
1123,1132,1118,1121,6.683e+05,1095.8
1064.1,1073.9,1053.9,1063.4,1.1376e+06,1028.6
1064.1,1073.9,1053.9,1063.4,1.1376e+06,1028.6
1115,1118.2,1099.5,1100,1.1673e+06,1075.3
1100,1114,1092,1112,1.0505e+06,1087
1114,1114,1102,1109,7.794e+05,1084.1
1109,1112.2,1098,1108,5.563e+05,1083.1
1106,1121,1106,1106,1.6624e+06,1081.1
1064.1,1073.9,1053.9,1063.4,1.1376e+06,1028.6
1064.1,1073.9,1053.9,1063.4,1.1376e+06,1028.6
1119,1121.3,1108,1120,1.6756e+06,1094.8
1125,1137,1125,1134,6.224e+05,1108.5
1132,1133.8,1116.4,1120,7.486e+05,1094.8
1120,1123,1105,1109,1.5507e+06,1084.1
1105,1113,1100,1106,1.0448e+06,1081.1
1064.1,1073.9,1053.9,1063.4,1.1376e+06,1028.6
1064.1,1073.9,1053.9,1063.4,1.1376e+06,1028.6
1077,1094,1065,1090,1.1898e+06,1065.5
1086,1090.8,1075,1080,9.976e+05,1055.7
1086,1096,1083,1092,1.5999e+06,1067.5
1072,1081,1067,1077,5.869e+05,1070.5
1073,1081.5,1071,1078,5.119e+05,1071.5
1064.1,1073.9,1053.9,1063.4,1.1376e+06,1028.6
1064.1,1073.9,1053.9,1063.4,1.1376e+06,1028.6
1074,1079,1065,1066,6.164e+05,1059.6
1066,1068,1052,1052,6.615e+05,1045.7
1052,1064.7,1041,1051,2.8252e+06,1044.7
1052,1079,1051,1074,1.6313e+06,1067.6
1084,1104,1083,1096,9.559e+05,1089.4
1064.1,1073.9,1053.9,1063.4,1.1376e+06,1028.6
1064.1,1073.9,1053.9,1063.4,1.1376e+06,1028.6
1108,1111,1099,1105,5.513e+05,1098.4
1104,1107,1094,1104,5.392e+05,1097.4
1099,1104.2,1093,1096,8.359e+05,1089.4
1100,1115,1097,1111,7.241e+05,1104.3
1113,1114,1100,1101,6.906e+05,1094.4
1064.1,1073.9,1053.9,1063.4,1.1376e+06,1028.6
1064.1,1073.9,1053.9,1063.4,1.1376e+06,1028.6
1097,1103.3,1082,1093,7.358e+05,1086.4
1090,1109.2,1089,1101,8.584e+05,1094.4
1094,1094,1075,1077,7.334e+05,1070.5
1086,1086,1062,1067,8.501e+05,1060.6
1062,1066.6,1058,1062,8.138e+05,1055.6
1064.1,1073.9,1053.9,1063.4,1.1376e+06,1028.6
1064.1,1073.9,1053.9,1063.4,1.1376e+06,1028.6
1056,1067,1055.5,1060,8.668e+05,1053.6
1065,1065,1037,1038,1.2397e+06,1031.8
1040,1044,1028,1039,1.3611e+06,1032.8
1029,1029,980.5,985.5,3.4759e+06,979.59
990,995,969.9,991.5,1.57e+06,985.55
1064.1,1073.9,1053.9,1063.4,1.1376e+06,1028.6
1064.1,1073.9,1053.9,1063.4,1.1376e+06,1028.6
989,997,985,996,1.117e+06,990.03
996,1010.6,989.96,996,1.3551e+06,990.03
999,1004,989.5,997,9.382e+05,991.02
995,995,984,986.5,1.1034e+06,980.59
986.5,988.78,982,986,4.786e+05,980.09
1064.1,1073.9,1053.9,1063.4,1.1376e+06,1028.6
1064.1,1073.9,1053.9,1063.4,1.1376e+06,1028.6
989.5,990,978,987,8.027e+05,981.08
985.5,988,979,983,9.375e+05,977.11
978.5,998,975,998,1.7693e+06,992.02
1007,1014,998.29,1009,1.5861e+06,1003
1012,1015,1002,1009,1.219e+06,1003
1064.1,1073.9,1053.9,1063.4,1.1376e+06,1028.6
1064.1,1073.9,1053.9,1063.4,1.1376e+06,1028.6
1015,1015,1001,1005,2.263e+06,998.97
1004,1005,989,989,1.2172e+06,983.07
987.5,987.5,962,962,8.95e+05,956.23
959.5,975,955,967.5,9.331e+05,961.7
957,967.5,953,953,1.1171e+06,947.29
1064.1,1073.9,1053.9,1063.4,1.1376e+06,1028.6
1064.1,1073.9,1053.9,1063.4,1.1376e+06,1028.6
935,937.5,908.5,926,2.4616e+06,920.45
937.5,949,929.5,946,1.6338e+06,940.33
936,951,931,937,1.547e+06,931.38
956.5,963,949.5,953,1.5087e+06,947.29
953.5,969,952.5,969,8.648e+05,963.19
1064.1,1073.9,1053.9,1063.4,1.1376e+06,1028.6
1064.1,1073.9,1053.9,1063.4,1.1376e+06,1028.6
969,969,969,969,0,963.19
957,959,943.5,945,1.1211e+06,939.33
950,967,943.5,953.5,1.0961e+06,947.78
962.5,978,961,973.5,1.0258e+06,967.66
964.5,966.83,942,949,1.2315e+06,943.31
1064.1,1073.9,1053.9,1063.4,1.1376e+06,1028.6
1064.1,1073.9,1053.9,1063.4,1.1376e+06,1028.6
957,968,949.76,960.5,9.916e+05,954.74
963,978,960,962.5,1.005e+06,956.73
974.5,982,971,972,9.222e+05,966.17
965,970,951,959.5,8.957e+05,953.75
963,963,948,949,5.208e+05,943.31
1064.1,1073.9,1053.9,1063.4,1.1376e+06,1028.6
1064.1,1073.9,1053.9,1063.4,1.1376e+06,1028.6
951.5,956.5,936.5,940.5,5.61e+05,934.86
942.5,949.5,925.76,946,8.437e+05,940.33
949.5,955,947.5,953,6.587e+05,947.29
938,938,921.5,929,1.2484e+06,923.43
928,928,909,911.5,1.2837e+06,906.03
1064.1,1073.9,1053.9,1063.4,1.1376e+06,1028.6
1064.1,1073.9,1053.9,1063.4,1.1376e+06,1028.6
906,927,906,908,9.942e+05,902.56
907,918,878,878,1.3463e+06,872.74
878,896,868.5,891,1.0631e+06,885.66
889.5,900.5,889,894,1.6399e+06,888.64
905.5,921.5,904.5,916.5,1.0798e+06,911.01
1064.1,1073.9,1053.9,1063.4,1.1376e+06,1028.6
1064.1,1073.9,1053.9,1063.4,1.1376e+06,1028.6
912.5,915.5,892,894.5,8.639e+05,889.14
885,903.5,884,891.5,9.146e+05,886.15
906,913.84,901,912.5,8.821e+05,907.03
924,927.5,916,921.5,1.1904e+06,915.98
930,940,925.5,937.5,1.2331e+06,931.88
1064.1,1073.9,1053.9,1063.4,1.1376e+06,1028.6
1064.1,1073.9,1053.9,1063.4,1.1376e+06,1028.6
950.5,963.5,948,961,8.371e+05,955.24
965,965,951,960,6.359e+05,954.24
963,969,953,956,7.923e+05,950.27
957,958,948.5,952,7.704e+05,946.29
963,988.5,956.5,983,1.4849e+06,977.11
1064.1,1073.9,1053.9,1063.4,1.1376e+06,1028.6
1064.1,1073.9,1053.9,1063.4,1.1376e+06,1028.6
982.5,994.78,980.5,982.5,8.243e+05,976.61
980,989.5,980,985,1.5073e+06,979.09
980,986.5,973,973,1.7698e+06,967.17
978,982.5,970,974.5,6.507e+05,968.66
978,985,971,975,7.008e+05,969.15
1064.1,1073.9,1053.9,1063.4,1.1376e+06,1028.6
1064.1,1073.9,1053.9,1063.4,1.1376e+06,1028.6
969.5,977,963.5,966,4.264e+05,960.21
971,975,963,971,5.984e+05,965.18
971.5,988.5,970,980.5,6.51e+05,974.62
975.5,982,970.5,977,8.978e+05,971.14
980,1001,980,997,8.328e+05,991.02
1064.1,1073.9,1053.9,1063.4,1.1376e+06,1028.6
1064.1,1073.9,1053.9,1063.4,1.1376e+06,1028.6
992.5,1002,980,980,7.283e+05,974.12
978.5,978.5,957.5,957.5,7.368e+05,951.76
960.5,969,953,966,1.1309e+06,960.21
965.5,970.5,955,956,1.0475e+06,950.27
960.5,966.34,957,964,7.822e+05,958.22
1064.1,1073.9,1053.9,1063.4,1.1376e+06,1028.6
1064.1,1073.9,1053.9,1063.4,1.1376e+06,1028.6
961.5,972,959.44,966,5.691e+05,960.21
968.5,974,963,972,5.132e+05,966.17
972.5,989.5,972.5,985,7.467e+05,979.09
984,985.16,969.5,969.5,1.0765e+06,963.69
974,974,961.5,967.5,1.0058e+06,961.7
1064.1,1073.9,1053.9,1063.4,1.1376e+06,1028.6
1064.1,1073.9,1053.9,1063.4,1.1376e+06,1028.6
966.5,975.78,963,963.5,6.602e+05,957.72
970,970.08,952.49,958.5,8.717e+05,952.75
962.5,980.5,960.5,979,7.297e+05,973.13
979,982.5,964,965.5,1.1077e+06,959.71
963.5,963.5,945.5,954.5,7.488e+05,948.78
1064.1,1073.9,1053.9,1063.4,1.1376e+06,1028.6
1064.1,1073.9,1053.9,1063.4,1.1376e+06,1028.6
947,958,943,950,8.487e+05,944.3
960,978.5,957.23,978.5,1.3666e+06,972.63
975.5,994,972,994,1.4124e+06,988.04
997.5,1005.3,993.5,1000,1.0787e+06,994
1001,1001,975,989,1.4509e+06,983.07
1064.1,1073.9,1053.9,1063.4,1.1376e+06,1028.6
1064.1,1073.9,1053.9,1063.4,1.1376e+06,1028.6
994.5,1012,982,1005,1.226e+06,998.97
1028,1059,1022.2,1035,2.5682e+06,1028.8
1035,1061,1033,1056,1.4098e+06,1049.7
1056,1076,1055,1071,1.0212e+06,1064.6
1062,1087,1062,1084,1.182e+06,1077.5
1064.1,1073.9,1053.9,1063.4,1.1376e+06,1028.6
1064.1,1073.9,1053.9,1063.4,1.1376e+06,1028.6
1083,1093,1071,1071,1.3786e+06,1064.6
1055,1057,1040,1056,2.1007e+06,1049.7
1056,1070,1052,1062,1.3591e+06,1055.6
1059,1072,1038,1040,1.2029e+06,1033.8
1037,1049,1031,1042,7.516e+05,1035.8
1064.1,1073.9,1053.9,1063.4,1.1376e+06,1028.6
1064.1,1073.9,1053.9,1063.4,1.1376e+06,1028.6
1045,1051,1030,1031,5.885e+05,1024.8
1034,1034,998.5,1004,1.4458e+06,997.98
1000,1017,999.5,1009,1.0424e+06,1003
1001,1009,998,1000,9.492e+05,1000
997,1002,985.5,989.5,1.3476e+06,989.5
1064.1,1073.9,1053.9,1063.4,1.1376e+06,1028.6
1064.1,1073.9,1053.9,1063.4,1.1376e+06,1028.6
988,1004,975.01,975.5,9.373e+05,975.5
982.5,992.5,980.08,987,8.423e+05,987
984.5,995,982.5,985.5,8.654e+05,985.5
1003,1009,994,994,8.971e+05,994
987,995,974.5,976.5,1.3203e+06,976.5
1064.1,1073.9,1053.9,1063.4,1.1376e+06,1028.6
1064.1,1073.9,1053.9,1063.4,1.1376e+06,1028.6
978.5,994.5,973,984,7.865e+05,984
992,993.5,978,991,6.524e+05,991
998,1023,998,1020,5.418e+05,1020
1027,1027,917,1023,67100,1023
1064.1,1073.9,1053.9,1063.4,1.1376e+06,1028.6
1064.1,1073.9,1053.9,1063.4,1.1376e+06,1028.6
1064.1,1073.9,1053.9,1063.4,1.1376e+06,1028.6
1064.1,1073.9,1053.9,1063.4,1.1376e+06,1028.6
1030,1036,1019,1025,6.531e+05,1025
1025,1037,1013,1015,4.806e+05,1015
1016,1024,1013.8,1016,1.847e+05,1016
1064.1,1073.9,1053.9,1063.4,1.1376e+06,1028.6
1064.1,1073.9,1053.9,1063.4,1.1376e+06,1028.6
1064.1,1073.9,1053.9,1063.4,1.1376e+06,1028.6
1007,1011,986,990,7.854e+05,990
991,1002,979.5,990,5.783e+05,990
983,985,960.5,971,7.545e+05,971
952.5,979.5,946.22,967,1.2416e+06,967
966.5,970.5,953,953,6.72e+05,953
1064.1,1073.9,1053.9,1063.4,1.1376e+06,1028.6
1064.1,1073.9,1053.9,1063.4,1.1376e+06,1028.6
949.5,957,941.5,942,8.432e+05,942
946.5,967,941.5,954.5,7.272e+05,954.5
973,1001,966.93,991,1.2736e+06,991
984,987.25,962,974.5,1.07e+06,974.5
974.5,981.5,941,944.5,1.5199e+06,944.5
1064.1,1073.9,1053.9,1063.4,1.1376e+06,1028.6
1064.1,1073.9,1053.9,1063.4,1.1376e+06,1028.6
945,953.5,930.63,932.5,1.0096e+06,932.5
946.5,952.5,938.5,949.5,1.2468e+06,949.5
930.5,932.5,904.5,909,9.786e+05,909
911,922,907,916,1.4247e+06,916
931,936.5,922,933.5,7.748e+05,933.5
1064.1,1073.9,1053.9,1063.4,1.1376e+06,1028.6
1064.1,1073.9,1053.9,1063.4,1.1376e+06,1028.6
936.5,937.5,916,920,9.036e+05,920
911.5,922,908.5,920.5,1.3232e+06,920.5
922.5,925.5,913.5,924.5,9.538e+05,924.5
921.5,922,907.5,911,1.073e+06,911
919,922.5,910,915,1.637e+06,915
1064.1,1073.9,1053.9,1063.4,1.1376e+06,1028.6
1064.1,1073.9,1053.9,1063.4,1.1376e+06,1028.6
920,920,901.5,908.5,2.6669e+06,908.5
911.5,913.5,887.5,893.5,1.2863e+06,893.5
890,892.5,865.5,876.5,1.4971e+06,876.5
889.5,893,874.5,888.5,2.7525e+06,888.5
892.5,913,891.5,902.5,1.5267e+06,902.5
1064.1,1073.9,1053.9,1063.4,1.1376e+06,1028.6
1064.1,1073.9,1053.9,1063.4,1.1376e+06,1028.6
906,909.5,860,862,1.2114e+06,862
860,870,842.5,862.5,1.0425e+06,862.5
863,878,857.5,869.5,1.2793e+06,869.5
864,864,840,854,1.6635e+06,854
859.5,870.5,857.5,868.5,1.3553e+06,868.5
1064.1,1073.9,1053.9,1063.4,1.1376e+06,1028.6
1064.1,1073.9,1053.9,1063.4,1.1376e+06,1028.6
879,900,876,897,1.0961e+06,897
902.5,906.5,889.5,893,1.1422e+06,893
892.5,922,892.5,922,1.0818e+06,922
