296.8,297.46,294.26,295.78,4.2457e+07,273.87
294.68,300.77,293.43,300.22,4.1514e+07,277.98
296.01,300.22,293.75,295.55,4.7174e+07,277.25
293.52,296.38,282.95,283.08,6.4482e+07,265.55
283.73,288.95,282.67,283.59,4.2653e+07,266.03
251.43,254.42,248.18,251.04,4.3247e+07,242.96
251.43,254.42,248.18,251.04,4.3247e+07,242.96
286.36,294.43,285.48,287.88,1.0734e+08,270.06
271.26,291.58,267.89,274.35,1.144e+08,257.36
279.06,280.58,273.01,278.79,5.7435e+07,261.52
281.05,285.81,279.43,283.59,5.2014e+07,266.03
283.13,284.65,269.46,280.31,5.6713e+07,262.95
251.43,254.42,248.18,251.04,4.3247e+07,242.96
251.43,254.42,248.18,251.04,4.3247e+07,242.96
278.79,279.66,274.95,277.49,3.1693e+07,260.31
279.94,285.34,279.11,284.01,3.8001e+07,266.42
283.13,286.22,278.69,279.11,3.6077e+07,261.82
281.46,287.61,280.85,285.9,5.4456e+07,268.19
289.36,295.55,287.79,294.31,5.6792e+07,276.08
251.43,254.42,248.18,251.04,4.3247e+07,242.96
251.43,254.42,248.18,251.04,4.3247e+07,242.96
292.74,293.43,286.18,287.75,4.1902e+07,269.93
288.58,293.65,287.59,289.27,3.4765e+07,271.36
287.52,290.82,284.56,290.7,3.0496e+07,272.7
293.06,294.44,288.81,293.66,4.5609e+07,275.47
293.33,301.54,293.33,295.64,1.3733e+08,277.34
251.43,254.42,248.18,251.04,4.3247e+07,242.96
251.43,254.42,248.18,251.04,4.3247e+07,242.96
286.73,288.09,280.36,282.62,7.8523e+07,265.12
281.97,284.01,272.78,274.81,5.832e+07,257.8
276.52,278.3,270.59,272.69,6.5351e+07,255.8
272.51,275.07,270.67,272.13,4.1695e+07,255.28
272.51,274.99,269.3,269.73,6.4212e+07,253.03
251.43,254.42,248.18,251.04,4.3247e+07,242.96
251.43,254.42,248.18,251.04,4.3247e+07,242.96
274.17,277.91,256.45,260.59,8.1942e+07,244.45
262.2,266.37,255.88,265.3,5.9762e+07,248.87
267.06,273.93,261.93,265.95,5.4247e+07,249.48
266.08,272.23,263.64,268.95,3.8874e+07,252.29
268.95,268.95,268.95,268.95,0,252.29
251.43,254.42,248.18,251.04,4.3247e+07,242.96
251.43,254.42,248.18,251.04,4.3247e+07,242.96
268.95,268.95,268.95,268.95,0,252.29
269.18,276.09,267.65,274.81,4.5613e+07,257.8
274.17,275.06,266.32,267.24,3.1674e+07,250.69
267.75,271.03,263.18,263.18,8.8828e+07,246.88
263.22,269.16,252.5,258.65,5.1037e+07,242.63
251.43,254.42,248.18,251.04,4.3247e+07,242.96
251.43,254.42,248.18,251.04,4.3247e+07,242.96
260.82,261.24,254.95,256.06,4.4076e+07,240.21
258.83,266.04,258.83,264.19,5.6283e+07,247.83
266.13,278.65,264.98,275.51,5.5022e+07,258.44
275.46,283.98,273.24,280.73,5.2525e+07,263.34
279.06,280.31,273.93,276.48,2.8842e+07,259.36
251.43,254.42,248.18,251.04,4.3247e+07,242.96
251.43,254.42,248.18,251.04,4.3247e+07,242.96
275.37,277.12,267.79,274.12,2.9652e+07,257.14
270.8,276.26,268.25,272.32,2.9908e+07,255.46
276.11,277.08,264.84,268.16,4.5573e+07,251.56
269.73,270.29,259.43,262.11,4.5061e+07,245.88
263.41,265.83,261.19,264.51,3.2669e+07,248.13
251.43,254.42,248.18,251.04,4.3247e+07,242.96
251.43,254.42,248.18,251.04,4.3247e+07,242.96
267.79,274.17,266.78,267.42,4.7048e+07,250.86
264.79,277.54,264.79,275.55,5.2711e+07,258.49
271.3,291.9,269.23,272.09,9.0459e+07,255.24
272.09,278.08,268.3,271.3,5.0281e+07,254.5
270.43,273.43,265.67,268.53,5.8629e+07,251.9
251.43,254.42,248.18,251.04,4.3247e+07,242.96
251.43,254.42,248.18,251.04,4.3247e+07,242.96
269.23,272.74,266.08,267.79,4.529e+07,251.21
265.58,271.58,262.9,264.24,6.8988e+07,247.87
267.84,271.12,264.42,266.69,1.7536e+07,251.23
266.04,269.36,261.79,266.87,3.5079e+07,251.4
267.1,276.15,266,273.52,7.1118e+07,257.67
251.43,254.42,248.18,251.04,4.3247e+07,242.96
251.43,254.42,248.18,251.04,4.3247e+07,242.96
273.52,273.52,273.52,273.52,0,257.67
280.26,290.06,276.29,283.96,9.0628e+07,267.5
282.94,287.75,282.39,285.25,4.009e+07,268.72
286.36,290.53,284.28,286.36,4.1393e+07,269.76
287.29,291.53,286.08,290.43,7.4487e+07,273.59
251.43,254.42,248.18,251.04,4.3247e+07,242.96
251.43,254.42,248.18,251.04,4.3247e+07,242.96
290.06,290.47,284.65,288.72,3.1921e+07,271.98
290.06,290.1,284.98,290.1,3.3598e+07,273.29
290.52,296.48,281.74,294.35,4.9024e+07,277.29
294.17,299.76,293.61,295.97,4.1628e+07,278.81
295.55,304.84,294.68,301.88,6.383e+07,284.38
251.43,254.42,248.18,251.04,4.3247e+07,242.96
251.43,254.42,248.18,251.04,4.3247e+07,242.96
301.83,305.48,298.28,301.33,4.8748e+07,283.86
299.8,301.23,295.63,298.65,4.3046e+07,281.33
300.22,312.41,298.42,308.39,8.3697e+07,290.51
295.69,299.32,293.29,296.94,7.302e+07,279.73
299.71,300.63,292.09,292.83,5.2468e+07,275.85
251.43,254.42,248.18,251.04,4.3247e+07,242.96
251.43,254.42,248.18,251.04,4.3247e+07,242.96
292.83,292.83,292.83,292.83,0,275.85
296.29,305.01,295.92,300.31,4.1399e+07,282.9
298.74,299.87,294.72,295.6,3.2733e+07,278.46
294.35,301.6,293.29,297.95,3.3419e+07,280.68
298.79,299.89,293.24,296.01,6.8878e+07,278.86
251.43,254.42,248.18,251.04,4.3247e+07,242.96
251.43,254.42,248.18,251.04,4.3247e+07,242.96
294.49,297.14,291.63,292.92,3.7286e+07,275.94
297.35,300.08,294.24,295.92,3.5548e+07,278.77
293.15,300.22,290.93,292.18,3.8061e+07,275.24
288.21,288.47,279.94,280.17,8.2389e+07,263.93
280.45,285.67,278.69,284.33,7.2138e+07,267.85
251.43,254.42,248.18,251.04,4.3247e+07,242.96
251.43,254.42,248.18,251.04,4.3247e+07,242.96
284.51,289.23,283.13,285.11,4.3374e+07,268.59
284.01,285.25,276.06,281.33,4.6004e+07,265.02
279.2,282.46,271.21,273.24,5.1916e+07,257.4
267.89,275.4,265.35,273.94,6.1035e+07,258.06
277.03,278.32,273.66,275,3.5912e+07,259.06
251.43,254.42,248.18,251.04,4.3247e+07,242.96
251.43,254.42,248.18,251.04,4.3247e+07,242.96
276.34,277,269.32,274.03,3.2073e+07,258.14
273.38,281.81,272.27,277.4,3.6229e+07,261.32
278.51,281.46,275.79,278.51,4.8374e+07,262.37
272.51,276.15,263.73,266.13,8.5404e+07,250.7
264.51,270.19,260.07,260.13,8.2877e+07,245.05
251.43,254.42,248.18,251.04,4.3247e+07,242.96
251.43,254.42,248.18,251.04,4.3247e+07,242.96
258.74,263.71,254.95,257.77,5.9673e+07,242.83
261.33,263.39,259.23,261.51,9.3469e+07,246.35
261.74,269.2,260.13,266.82,5.0435e+07,251.36
266.82,269.73,261.93,264.42,3.8375e+07,249.09
265.62,268.58,255.97,257.22,6.3053e+07,242.31
251.43,254.42,248.18,251.04,4.3247e+07,242.96
251.43,254.42,248.18,251.04,4.3247e+07,242.96
261.37,265.12,251.35,262.81,7.3065e+07,247.57
264.19,264.47,257.87,261.42,3.2613e+07,246.27
256.85,259.89,249.18,259.34,5.958e+07,244.31
262.16,272.7,261.24,270.38,5.018e+07,254.71
272.09,277.82,267.89,269.27,4.3678e+07,253.66
251.43,254.42,248.18,251.04,4.3247e+07,242.96
251.43,254.42,248.18,251.04,4.3247e+07,242.96
271.03,278.51,248.49,275.83,4.7767e+07,259.84
277.12,282.07,276.99,279.29,4.2442e+07,263.1
277.31,284.05,277.08,279.02,2.9849e+07,262.84
282.67,284.75,249.69,279.8,3.6138e+07,263.58
279.94,283.36,277.07,282.8,4.6063e+07,266.41
251.43,254.42,248.18,251.04,4.3247e+07,242.96
251.43,254.42,248.18,251.04,4.3247e+07,242.96
284.61,287.61,283.76,286.13,3.569e+07,269.54
286.41,289.41,284.44,284.65,3.2955e+07,268.15
284.7,289.18,281.4,286.04,4.3654e+07,269.46
285.9,295.64,284.84,292.87,4.6474e+07,275.9
291.72,298.4,290.36,295.6,4.2796e+07,278.46
251.43,254.42,248.18,251.04,4.3247e+07,242.96
251.43,254.42,248.18,251.04,4.3247e+07,242.96
296.11,301.1,295.36,299.29,3.5439e+07,281.94
299.76,302.53,297.21,297.21,3.0758e+07,279.99
297.54,299.48,277.12,296.11,3.3324e+07,278.94
296.71,299.57,292.72,297.91,2.8607e+07,280.64
299.62,300.48,293.93,295.74,2.2327e+07,278.59
251.43,254.42,248.18,251.04,4.3247e+07,242.96
251.43,254.42,248.18,251.04,4.3247e+07,242.96
294.63,295.37,280.43,285.48,7.0305e+07,268.93
268.81,276.54,261.97,269.09,1.1889e+08,253.49
268.76,270.39,262.89,265.95,7.7661e+07,250.53
267.1,269.82,265.85,268.9,4.8376e+07,253.32
269.13,269.64,261.42,263.68,4.1523e+07,248.4
251.43,254.42,248.18,251.04,4.3247e+07,242.96
251.43,254.42,248.18,251.04,4.3247e+07,242.96
264.33,266.44,260.5,263.73,2.6152e+07,248.44
264.1,265.24,259.16,262.81,3.666e+07,247.57
261.65,263.24,259.71,260.63,3.6652e+07,246.47
261.83,265.44,259.67,265.07,2.6819e+07,250.66
265.3,266.82,261.42,265.21,2.2005e+07,250.79
251.43,254.42,248.18,251.04,4.3247e+07,242.96
251.43,254.42,248.18,251.04,4.3247e+07,242.96
266.04,267.39,261.82,263.27,1.9435e+07,248.95
263.77,264.49,260.36,262.02,2.8628e+07,247.77
263.22,264.9,261.88,263.68,3.4533e+07,249.35
263.36,265.53,261.07,262.62,2.5467e+07,248.34
261.65,267.26,261,266.08,3.834e+07,251.62
251.43,254.42,248.18,251.04,4.3247e+07,242.96
251.43,254.42,248.18,251.04,4.3247e+07,242.96
266.59,268.35,265.85,266.69,3e+07,252.19
263.87,265.25,261.19,264.88,2.6042e+07,250.48
264.65,270.01,260.5,261.42,2.7972e+07,247.21
261.24,265.07,260.77,262.99,2.1018e+07,248.69
262.53,268.44,260.5,264.98,2.8586e+07,250.57
251.43,254.42,248.18,251.04,4.3247e+07,242.96
251.43,254.42,248.18,251.04,4.3247e+07,242.96
264.98,264.98,264.98,264.98,0,250.57
264.24,265.86,257.45,259.3,4.2403e+07,245.2
258.09,264.38,256.11,262.85,3.9206e+07,248.56
264.05,265,260.13,262.94,2.1746e+07,248.65
263.5,264.93,259.67,261.74,2.9174e+07,247.51
251.43,254.42,248.18,251.04,4.3247e+07,242.96
251.43,254.42,248.18,251.04,4.3247e+07,242.96
264.19,267.46,263.5,263.91,2.0987e+07,249.57
265.02,266.59,261.28,263.36,1.7693e+07,249.04
264.7,268.72,261.47,267.47,3.3251e+07,252.93
266.96,275.23,265.25,273.43,4.67e+07,258.56
273.71,278.05,270.57,274.35,3.4979e+07,259.44
251.43,254.42,248.18,251.04,4.3247e+07,242.96
251.43,254.42,248.18,251.04,4.3247e+07,242.96
274.54,277.95,274.04,276.71,2.5832e+07,261.66
279.89,284.88,279.81,282.44,4.8729e+07,267.08
282.02,284.96,280.64,283.08,3.2798e+07,267.69
282.71,285.71,281.97,282.57,2.8696e+07,267.21
281.28,282.57,277.77,278.6,3.6348e+07,263.45
251.43,254.42,248.18,251.04,4.3247e+07,242.96
251.43,254.42,248.18,251.04,4.3247e+07,242.96
282.67,286.27,278,282.11,5.3489e+07,266.77
281.93,282.2,273.01,276.2,7.3143e+07,261.18
284,297.3,275.35,277.2,7.5208e+07,262.13
282.2,282.2,277.5,278.3,8.1062e+07,263.17
277.85,277.95,272.7,273.45,9.9306e+07,258.58
251.43,254.42,248.18,251.04,4.3247e+07,242.96
251.43,254.42,248.18,251.04,4.3247e+07,242.96
271.8,272.04,265,266.35,1.0255e+08,251.87
265.9,273.6,265.7,271.45,8.7499e+07,256.69
271.8,277.66,270.35,273,8.2996e+07,258.16
274,274.2,265,269.2,7.487e+07,254.56
268.35,269.75,263.95,265.8,8.2938e+07,251.35
251.43,254.42,248.18,251.04,4.3247e+07,242.96
251.43,254.42,248.18,251.04,4.3247e+07,242.96
262.1,266.23,261.25,265.5,5.2603e+07,251.07
266.95,272.12,264,269.8,5.3102e+07,255.13
271,274.55,268.7,272.55,4.3894e+07,257.73
272,275.5,271.45,273,3.2607e+07,258.16
271.6,274.25,268,271.35,6.7265e+07,256.6
251.43,254.42,248.18,251.04,4.3247e+07,242.96
251.43,254.42,248.18,251.04,4.3247e+07,242.96
272,273.62,267.3,272.55,3.7428e+07,257.73
271.7,274.1,267.7,268.2,4.0446e+07,253.62
266.85,272,265.59,267.8,3.3716e+07,253.24
269.45,275.27,267.85,274.5,5.7356e+07,259.58
276.95,280.49,273.7,278,4.2783e+07,262.88
251.43,254.42,248.18,251.04,4.3247e+07,242.96
251.43,254.42,248.18,251.04,4.3247e+07,242.96
276.6,279.99,274.46,276.85,2.8035e+07,261.8
279.65,281.79,277.86,279.85,3.7613e+07,264.63
278.5,285.58,277.86,283.65,4.5642e+07,268.23
281.4,281.74,275.04,278.3,7.2356e+07,263.17
279.05,280.34,272.2,277.85,8.4387e+07,262.74
251.43,254.42,248.18,251.04,4.3247e+07,242.96
251.43,254.42,248.18,251.04,4.3247e+07,242.96
277.05,277.28,272.15,274.75,3.6149e+07,259.81
274.4,276.95,272.24,272.6,3.963e+07,257.78
274.1,274.5,266.4,268.2,7.391e+07,253.62
269,271.27,265.6,266.45,4.8382e+07,251.96
266.05,271.97,265.15,267.9,4.6775e+07,253.34
251.43,254.42,248.18,251.04,4.3247e+07,242.96
251.43,254.42,248.18,251.04,4.3247e+07,242.96
269.25,271,260.95,263.25,5.836e+07,248.94
260,267.83,258.05,266.05,4.3584e+07,251.59
272,276.9,268.05,268.45,8.7801e+07,253.85
267.65,272,261.6,263.6,7.5352e+07,249.27
263.1,266.16,254.55,256.3,9.7476e+07,242.37
251.43,254.42,248.18,251.04,4.3247e+07,242.96
251.43,254.42,248.18,251.04,4.3247e+07,242.96
257.6,259.85,254.75,255.15,7.7316e+07,241.28
255.5,260.71,246.65,249,8.2629e+07,235.46
250.2,257.35,249.55,254.65,6.1539e+07,241.88
255.45,258.85,251.4,252.7,4.0285e+07,240.03
251.05,256.35,250.1,255.3,4.2434e+07,242.5
251.43,254.42,248.18,251.04,4.3247e+07,242.96
251.43,254.42,248.18,251.04,4.3247e+07,242.96
256.9,259.4,254.9,257.65,2.7653e+07,244.73
257.05,258.65,254,256.8,2.5698e+07,243.93
255.5,255.5,247.85,249.5,5.8801e+07,236.99
252.95,254.41,248.48,250,3.5879e+07,237.47
250.9,252.75,248.55,249.45,3.6014e+07,236.94
251.43,254.42,248.18,251.04,4.3247e+07,242.96
251.43,254.42,248.18,251.04,4.3247e+07,242.96
249.4,252.61,248.65,251.4,2.5979e+07,238.8
249.6,251.81,249.08,250.8,2.6438e+07,238.23
251,254.6,250,252.6,3.1311e+07,239.94
252.55,258,251.05,257.1,4.0297e+07,244.21
258.1,260.67,255.9,256.95,2.9259e+07,244.07
251.43,254.42,248.18,251.04,4.3247e+07,242.96
251.43,254.42,248.18,251.04,4.3247e+07,242.96
258,260.63,257.6,259.1,3.6314e+07,246.11
259.3,262.9,258.86,260.8,3.7887e+07,247.73
260.5,263.7,260.25,262.5,3.2665e+07,249.34
263,269,262.77,265.6,4.5885e+07,252.29
266.15,274.86,265.9,271.7,7.8796e+07,258.08
251.43,254.42,248.18,251.04,4.3247e+07,242.96
251.43,254.42,248.18,251.04,4.3247e+07,242.96
272.85,274.6,269.7,270.25,4.0178e+07,256.7
269.35,270,265.75,266.2,4.4925e+07,252.85
266.9,267.55,258.85,262.8,4.0539e+07,249.63
263.65,266.99,260.55,262.35,3.1664e+07,249.2
263.8,267.3,261.15,265.65,2.6696e+07,252.33
251.43,254.42,248.18,251.04,4.3247e+07,242.96
251.43,254.42,248.18,251.04,4.3247e+07,242.96
267.55,268.6,262.35,265.85,2.3582e+07,252.52
264.7,267.48,263.15,263.75,2.7671e+07,250.53
262.65,264.23,259.3,259.75,3.7504e+07,246.73
258.5,260.77,252.55,253.95,5.5752e+07,241.22
254.95,256.85,250.98,251.45,3.6189e+07,238.85
251.43,254.42,248.18,251.04,4.3247e+07,242.96
251.43,254.42,248.18,251.04,4.3247e+07,242.96
250.3,258.36,250.2,255.05,3.8769e+07,242.26
254.35,254.65,251.2,251.3,4.2946e+07,238.7
252.95,254.2,252,252.05,3.2504e+07,239.41
255.6,260.1,255.2,257.45,3.8831e+07,244.54
257.6,261.21,256.8,259.7,7.7354e+07,246.68
251.43,254.42,248.18,251.04,4.3247e+07,242.96
251.43,254.42,248.18,251.04,4.3247e+07,242.96
259.35,265.07,259.35,264.35,2.5896e+07,251.1
268.55,268.55,262.92,265.45,8.0778e+06,252.14
265.45,265.45,265.45,265.45,0,252.14
265.45,265.45,265.45,265.45,0,252.14
268.9,271.12,268.02,269.7,2.5769e+07,256.18
251.43,254.42,248.18,251.04,4.3247e+07,242.96
251.43,254.42,248.18,251.04,4.3247e+07,242.96
272.5,273.86,269.55,271.1,2.2562e+07,257.51
271.55,274.3,271.05,271.95,1.2174e+07,258.32
271.95,271.95,271.95,271.95,0,258.32
273,274.65,268.35,271.05,3.0581e+07,257.46
271.25,273.91,270.4,272.85,2.3679e+07,259.17
251.43,254.42,248.18,251.04,4.3247e+07,242.96
251.43,254.42,248.18,251.04,4.3247e+07,242.96
271.55,278.67,271.2,277.5,4.7009e+07,263.59
276.95,282.78,275,280.95,4.4375e+07,266.87
282.35,285.9,281.25,283.7,4.5069e+07,269.48
283.9,289.71,282.48,284.4,5.7522e+07,270.14
286,287.14,282.2,283.6,6.605e+07,269.38
251.43,254.42,248.18,251.04,4.3247e+07,242.96
251.43,254.42,248.18,251.04,4.3247e+07,242.96
286.5,294.25,286.5,291.7,5.7764e+07,277.08
287.6,293.15,286.15,291.75,3.9872e+07,277.12
293.3,298.03,292.35,296.5,5.332e+07,281.64
297.4,298.13,287.4,290.45,5.7679e+07,275.89
291.4,293,286.5,288.6,5.5284e+07,274.13
251.43,254.42,248.18,251.04,4.3247e+07,242.96
251.43,254.42,248.18,251.04,4.3247e+07,242.96
284.5,286.38,282.2,282.8,4.1066e+07,268.62
283,285.62,279.93,280.6,4.9783e+07,266.53
281.6,283.8,277.49,278.2,3.9777e+07,264.25
278,284.55,277.21,278.9,4.5229e+07,264.92
279.3,280.89,270.84,272.25,6.9521e+07,258.6
251.43,254.42,248.18,251.04,4.3247e+07,242.96
251.43,254.42,248.18,251.04,4.3247e+07,242.96
272,275.73,268.04,269.35,4.8146e+07,255.85
271.95,274.64,270.07,273.3,3.6437e+07,259.6
281.95,284.8,268.8,274.95,8.7001e+07,261.17
275,275.9,271.6,275.05,3.562e+07,261.26
274.35,274.4,267.55,272.5,4.9274e+07,258.84
251.43,254.42,248.18,251.04,4.3247e+07,242.96
251.43,254.42,248.18,251.04,4.3247e+07,242.96
270.85,272.96,265.05,265.7,4.4833e+07,252.38
264.35,268.1,263,264.55,4.5437e+07,251.29
263.35,268.09,261.05,264.95,3.6873e+07,251.67
266.9,271.15,265.05,269.95,4.4692e+07,256.42
271.45,273.45,269.5,271.7,3.9728e+07,258.08
251.43,254.42,248.18,251.04,4.3247e+07,242.96
251.43,254.42,248.18,251.04,4.3247e+07,242.96
272.8,277.37,271.4,275,5.1687e+07,261.21
276.95,278,255.5,264.7,1.6203e+08,251.43
264.7,271.52,259.75,260.45,5.8226e+07,247.39
260.3,260.88,251.1,256.4,1.0752e+08,243.55
257.55,258.72,252.8,253,6.1058e+07,240.32
251.43,254.42,248.18,251.04,4.3247e+07,242.96
251.43,254.42,248.18,251.04,4.3247e+07,242.96
253,257.41,253,256.05,7.2624e+07,243.21
257.65,262.55,252.95,261.3,5.2407e+07,248.2
259.7,261.95,254.75,255.8,4.3412e+07,246.28
253.65,256.28,252.5,255.25,3.388e+07,245.75
256.6,258.8,256,258,4.2027e+07,248.39
251.43,254.42,248.18,251.04,4.3247e+07,242.96
251.43,254.42,248.18,251.04,4.3247e+07,242.96
257.3,260.35,256.2,259,3.7939e+07,249.36
259.35,259.9,254,257.9,5.8267e+07,248.3
258.45,260.48,251.8,253.15,4.5055e+07,243.72
252.2,254.6,249.6,253.9,4.6078e+07,244.45
254.4,255,251.25,252.1,5.879e+07,242.71
251.43,254.42,248.18,251.04,4.3247e+07,242.96
251.43,254.42,248.18,251.04,4.3247e+07,242.96
249.35,250.35,245.05,247.85,5.35e+07,238.62
250.25,254.25,249.05,252.95,4.6363e+07,243.53
253.7,254,250.4,252.25,3.4279e+07,242.86
253.9,256.29,252.6,253.3,2.5036e+07,243.87
254.05,254.5,247.3,248.35,5.0824e+07,239.1
251.43,254.42,248.18,251.04,4.3247e+07,242.96
251.43,254.42,248.18,251.04,4.3247e+07,242.96
245.5,248.35,240.7,242,6.8239e+07,232.99
242.35,243.15,233.65,236.15,9.4805e+07,227.36
235,237.1,230.35,233.75,6.1995e+07,225.05
235.5,240.35,234.95,235.65,6.4888e+07,226.88
235.6,238.65,228.29,231.15,7.3837e+07,222.54
251.43,254.42,248.18,251.04,4.3247e+07,242.96
251.43,254.42,248.18,251.04,4.3247e+07,242.96
232.1,233.67,229.95,231.05,4.6131e+07,222.45
231.8,238,230.2,236.05,5.7728e+07,227.26
238.5,243.3,232.17,241.5,6.4501e+07,232.51
239.9,242.05,236.1,238.65,4.4845e+07,229.76
238.15,239.25,234.5,235.9,1.0518e+08,227.12
251.43,254.42,248.18,251.04,4.3247e+07,242.96
251.43,254.42,248.18,251.04,4.3247e+07,242.96
237.6,250,233.1,234.05,4.2305e+07,225.34
234.65,250,234.3,236.95,4.1103e+07,228.13
237.25,237.6,232.85,233.3,6.0112e+07,224.61
232.35,232.7,229.8,230.95,4.8072e+07,222.35
232.65,233.95,227.65,231.1,4.9112e+07,222.5
251.43,254.42,248.18,251.04,4.3247e+07,242.96
251.43,254.42,248.18,251.04,4.3247e+07,242.96
231.9,233.75,231.1,233.4,6.9418e+07,224.71
236.35,237.95,233.4,237.45,4.6496e+07,228.61
238.5,243.97,238.12,242.75,5.6181e+07,233.71
244,246.45,240.77,244.1,5.2338e+07,235.01
245.55,249,241.76,248.15,5.3061e+07,238.91
251.43,254.42,248.18,251.04,4.3247e+07,242.96
251.43,254.42,248.18,251.04,4.3247e+07,242.96
246.45,248.05,241.15,241.85,4.905e+07,232.85
241.05,242.25,234.35,238.6,4.2604e+07,229.72
239.05,241.25,237.55,238.5,3.6477e+07,229.62
239.6,242.07,237.85,239.75,3.6764e+07,230.82
238,239.68,232.98,236.05,6.6657e+07,227.26
251.43,254.42,248.18,251.04,4.3247e+07,242.96
251.43,254.42,248.18,251.04,4.3247e+07,242.96
234.9,237.32,230.95,237.3,7.3075e+07,228.46
237,239.12,232.15,233.15,3.592e+07,224.47
234.15,238.21,234,237.55,3.7671e+07,228.71
238.9,250.15,234.65,246.5,1.4398e+08,237.32
246.5,246.5,246.5,246.5,0,237.32
251.43,254.42,248.18,251.04,4.3247e+07,242.96
251.43,254.42,248.18,251.04,4.3247e+07,242.96
246.5,246.5,246.5,246.5,0,237.32
247,249.4,244.9,247.25,4.8715e+07,238.04
249,249.7,246.05,248.9,4.38e+07,239.63
249.95,253.55,249.45,252,4.5181e+07,242.62
250.85,252.85,247.75,248.85,3.1678e+07,239.58
251.43,254.42,248.18,251.04,4.3247e+07,242.96
251.43,254.42,248.18,251.04,4.3247e+07,242.96
249,250.7,248.05,249,2.9178e+07,239.73
248.8,251.7,244.8,250.25,5.2099e+07,240.93
249.8,253.1,248.11,252.2,3.8563e+07,242.81
255,257.18,253.75,256.15,2.6967e+07,246.61
256,258.6,253.98,258.5,5.5474e+07,248.88
251.43,254.42,248.18,251.04,4.3247e+07,242.96
251.43,254.42,248.18,251.04,4.3247e+07,242.96
258.5,258.5,258.5,258.5,0,248.88
252.85,255.32,244.27,245,7.603e+07,235.88
242.8,245.54,239.1,243.3,8.65e+07,234.24
251,264.57,249.35,262.45,1.7341e+08,252.68
265,267.55,258.7,260.15,7.2011e+07,250.46
251.43,254.42,248.18,251.04,4.3247e+07,242.96
251.43,254.42,248.18,251.04,4.3247e+07,242.96
259,259.7,254.75,256.65,3.8397e+07,247.09
257.5,259,252.48,255.35,4.2992e+07,245.84
254.1,254.9,249.95,251.3,2.6026e+07,242.89
251.95,254.05,244.34,244.8,5.1428e+07,236.61
245.8,246.41,239.3,241.55,7.0617e+07,233.47
251.43,254.42,248.18,251.04,4.3247e+07,242.96
251.43,254.42,248.18,251.04,4.3247e+07,242.96
240,241.47,235.75,238.95,7.0097e+07,230.96
239.6,239.96,236.7,238.55,3.1494e+07,230.57
239.75,243.87,236.9,241.7,5.0774e+07,233.62
243.5,244.67,241.65,243.5,3.0946e+07,235.35
243.6,247.54,242.44,246.6,3.4838e+07,238.35
251.43,254.42,248.18,251.04,4.3247e+07,242.96
251.43,254.42,248.18,251.04,4.3247e+07,242.96
246.6,246.6,246.6,246.6,0,238.35
247.75,249.43,245.25,245.5,4.1355e+07,237.29
246,246.95,242.3,245.35,4.61e+07,237.14
245.95,246.28,244.32,246.05,2.0967e+07,237.82
246.5,247.09,243.97,247,8.6089e+07,238.74
251.43,254.42,248.18,251.04,4.3247e+07,242.96
251.43,254.42,248.18,251.04,4.3247e+07,242.96
248.4,249.45,245.55,246.1,2.2402e+07,237.87
245.45,246.4,242.05,244.1,2.8544e+07,235.94
242.6,242.97,238.82,242.85,4.0575e+07,234.73
242.4,245.53,237.8,240.25,4.6305e+07,232.21
241,243.81,240.4,242.7,7.1617e+07,234.58
251.43,254.42,248.18,251.04,4.3247e+07,242.96
251.43,254.42,248.18,251.04,4.3247e+07,242.96
243.05,245.93,241.82,244.75,2.1465e+07,236.56
243.8,245.38,242.3,243.2,2.5523e+07,235.07
242,243.36,239.86,240.6,2.9552e+07,232.55
240.95,241.45,239.05,239.85,2.5453e+07,231.83
240.35,240.75,236.6,238.7,2.5673e+07,230.72
251.43,254.42,248.18,251.04,4.3247e+07,242.96
251.43,254.42,248.18,251.04,4.3247e+07,242.96
238.15,240.4,234,236.5,4.4426e+07,228.59
238,238,235.6,236.5,3.0293e+07,228.59
237.4,238.35,235.5,235.5,2.5292e+07,227.62
237,238.89,235.95,236.2,2.2947e+07,228.3
235.7,237.13,234,234.6,8.1288e+07,226.75
251.43,254.42,248.18,251.04,4.3247e+07,242.96
251.43,254.42,248.18,251.04,4.3247e+07,242.96
235.25,250,233.1,234.3,2.5073e+07,226.46
236,236.83,232.25,233.7,2.3677e+07,225.88
232.9,233.7,229.65,230,6.0021e+07,222.31
224.5,226.04,209.4,215,2.4449e+08,207.81
214.15,220.69,212.88,216.05,6.0402e+07,208.82
251.43,254.42,248.18,251.04,4.3247e+07,242.96
251.43,254.42,248.18,251.04,4.3247e+07,242.96
217.1,220.27,211.8,212.8,5.5674e+07,205.68
213.9,216.53,213.75,216,4.4077e+07,208.78
216.35,218.8,216.35,217.1,3.196e+07,209.84
217.75,220.59,217.19,219.35,2.9511e+07,212.01
219.5,221.34,217.8,218.55,1.9189e+07,211.24
251.43,254.42,248.18,251.04,4.3247e+07,242.96
251.43,254.42,248.18,251.04,4.3247e+07,242.96
218.9,220.75,215.6,216.05,2.7683e+07,208.82
217.35,218.84,213.4,213.7,5.4898e+07,206.55
213.55,215.38,209.51,211.5,5.0857e+07,204.43
211.6,211.85,201.75,208,9.1996e+07,201.04
208.3,209.98,206.5,207.9,3.9276e+07,200.95
251.43,254.42,248.18,251.04,4.3247e+07,242.96
251.43,254.42,248.18,251.04,4.3247e+07,242.96
206.85,211.57,205.35,209.6,3.8084e+07,202.59
209.5,213.25,207.35,210.65,5.9413e+07,203.6
212,217.61,211.21,216,4.9879e+07,208.78
213.9,215,209.85,210.2,4.5681e+07,203.17
209.95,211.8,207.5,211.8,3.0798e+07,204.72
251.43,254.42,248.18,251.04,4.3247e+07,242.96
251.43,254.42,248.18,251.04,4.3247e+07,242.96
210.8,212.25,208.65,210.2,2.6405e+07,203.17
211,212.58,209.7,210.6,2.6326e+07,203.56
209.7,212.85,208.35,210.95,5.5087e+07,203.89
211.65,214.75,209.6,214.5,3.7436e+07,207.32
214.95,220.07,214.65,218.05,4.998e+07,210.76
251.43,254.42,248.18,251.04,4.3247e+07,242.96
251.43,254.42,248.18,251.04,4.3247e+07,242.96
218.5,220.36,216.05,218.15,3.9656e+07,210.85
218.55,221.95,217.88,219.1,4.0303e+07,211.77
225.85,230.87,224.15,228.4,1.1983e+08,220.76
227.4,229.21,225.2,225.7,5.4296e+07,218.15
226.05,227.3,221.75,224.25,4.5121e+07,216.75
251.43,254.42,248.18,251.04,4.3247e+07,242.96
251.43,254.42,248.18,251.04,4.3247e+07,242.96
225.1,227.41,222.4,223.95,2.6457e+07,216.46
224.4,224.98,220.38,221.9,2.73e+07,214.48
218.6,221.35,214.75,217.55,4.3167e+07,211.22
217.85,218.1,212.85,213.4,3.9276e+07,207.2
211.75,216.2,210.35,214.2,3.2453e+07,207.97
251.43,254.42,248.18,251.04,4.3247e+07,242.96
251.43,254.42,248.18,251.04,4.3247e+07,242.96
215.9,218,214.4,216.25,3.2898e+07,209.96
216.95,219.9,215.44,217,3.3453e+07,210.69
218.25,221.29,218,219.35,2.5587e+07,212.97
219.4,221,217.4,218,2.9733e+07,211.66
219.05,220.9,217.45,217.6,3.2135e+07,211.27
251.43,254.42,248.18,251.04,4.3247e+07,242.96
251.43,254.42,248.18,251.04,4.3247e+07,242.96
218.85,220.4,217.8,219.6,2.1206e+07,213.22
221.45,222.05,219.5,221.2,2.853e+07,214.77
220.85,221.95,219.1,220.7,2.5634e+07,214.28
221,221.45,218.75,220.8,2.5279e+07,214.38
221.8,223.6,219.75,222.8,4.0043e+07,216.32
251.43,254.42,248.18,251.04,4.3247e+07,242.96
251.43,254.42,248.18,251.04,4.3247e+07,242.96
222.8,222.8,222.8,222.8,0,216.32
225.6,227.45,224.3,225.25,3.1763e+07,218.7
225.25,227,224.7,225.9,2.2582e+07,219.33
225.65,226.49,223.54,224.05,2.7042e+07,217.54
224.15,226.2,222.95,224.45,2.972e+07,217.92
251.43,254.42,248.18,251.04,4.3247e+07,242.96
251.43,254.42,248.18,251.04,4.3247e+07,242.96
224.9,227.75,222.9,224.1,2.4224e+07,217.59
223.85,225.75,218.35,222.35,2.7181e+07,215.88
225.1,229.75,223.8,228.1,4.8719e+07,221.47
228.6,232.2,226.4,230.75,4.272e+07,224.04
231.5,232.5,225.7,226.25,3.598e+07,219.67
251.43,254.42,248.18,251.04,4.3247e+07,242.96
251.43,254.42,248.18,251.04,4.3247e+07,242.96
225,225.75,220.65,224.9,3.6561e+07,218.36
224.95,227.75,224.2,225.9,3.1579e+07,219.33
226.15,228.6,225.25,228.25,2.6442e+07,221.61
229.25,231.75,223.55,225.5,3.5236e+07,218.94
226.7,231.95,225.1,230,5.0089e+07,223.31
251.43,254.42,248.18,251.04,4.3247e+07,242.96
251.43,254.42,248.18,251.04,4.3247e+07,242.96
230,231.35,228.79,229.4,3.557e+07,222.73
229.95,230,226.5,229.65,3.1979e+07,222.97
230.8,232.42,229.8,231.75,2.9526e+07,225.01
233,236.48,231.73,234.55,4.7152e+07,227.73
238.4,238.95,230.22,234.15,7.6508e+07,227.34
251.43,254.42,248.18,251.04,4.3247e+07,242.96
251.43,254.42,248.18,251.04,4.3247e+07,242.96
233,235.63,231.3,231.65,2.9736e+07,224.91
232.05,232.05,225.8,229.25,4.9127e+07,222.59
228.85,229.6,226.15,228.8,3.3556e+07,222.15
229.65,230.69,225.65,227.65,5.2416e+07,221.03
227.8,228.6,226.43,227.75,2.9104e+07,221.13
251.43,254.42,248.18,251.04,4.3247e+07,242.96
251.43,254.42,248.18,251.04,4.3247e+07,242.96
229.55,229.6,223.85,226,2.9512e+07,219.43
226.75,229.95,226.45,227.45,4.0063e+07,220.84
226.9,230.25,226.6,227.3,2.8365e+07,220.69
227.45,228.44,220.8,220.8,5.2752e+07,214.38
222.95,225.85,221.82,224.6,4.0589e+07,218.07
251.43,254.42,248.18,251.04,4.3247e+07,242.96
251.43,254.42,248.18,251.04,4.3247e+07,242.96
225.65,234.37,225.1,232.3,6.1226e+07,225.55
233.25,233.25,228.7,230.65,4.7922e+07,223.94
229,231.87,228.05,229.4,5.1793e+07,222.73
232.4,232.71,225,225.95,4.4148e+07,219.38
224.45,226.45,222.6,223.9,4.0323e+07,217.39
251.43,254.42,248.18,251.04,4.3247e+07,242.96
251.43,254.42,248.18,251.04,4.3247e+07,242.96
221.25,226.13,221.1,223.4,3.6366e+07,216.91
222,226.25,219.74,222,6.2744e+07,215.55
222.95,223.05,211.4,212.2,8.6184e+07,206.03
214.7,228.9,204.05,207.9,9.9374e+07,201.86
208.4,215.36,207.7,213.1,7.7823e+07,206.9
251.43,254.42,248.18,251.04,4.3247e+07,242.96
251.43,254.42,248.18,251.04,4.3247e+07,242.96
212.7,219.39,211.55,218.35,6.4004e+07,212
217.9,224.45,216.05,223.4,6.0538e+07,216.91
224.3,224.65,221.7,223.4,2.8437e+07,216.91
222.7,227.03,221.44,225.9,4.1143e+07,219.33
225.15,226.66,224.35,226.35,3.9093e+07,219.77
251.43,254.42,248.18,251.04,4.3247e+07,242.96
251.43,254.42,248.18,251.04,4.3247e+07,242.96
229.55,230.85,221.35,221.85,6.4699e+07,215.4
223.45,225.32,220.1,223,4.5757e+07,216.52
224,225.26,217,220.5,6.7244e+07,214.09
223.85,225.49,217.35,222.55,9.154e+07,216.08
224.8,245.15,223.35,240.8,1.8492e+08,233.8
251.43,254.42,248.18,251.04,4.3247e+07,242.96
251.43,254.42,248.18,251.04,4.3247e+07,242.96
240,244.65,227.1,237,7.5448e+07,230.11
236.05,239,235.45,236.7,5.2734e+07,229.82
238.6,251.45,236.4,238.05,3.6064e+07,231.13
235.55,240.65,233.75,236.35,3.7292e+07,230.45
237.25,237.7,233.5,234.15,2.9448e+07,228.3
251.43,254.42,248.18,251.04,4.3247e+07,242.96
251.43,254.42,248.18,251.04,4.3247e+07,242.96
234.65,235.6,232.95,234.75,2.431e+07,228.89
234.25,236.66,233.47,234.6,2.5247e+07,228.74
233.4,233.55,228.5,229.5,3.7867e+07,223.77
229,230.17,225.15,228.85,4.2751e+07,223.13
229.75,232.39,228.49,232,2.6585e+07,226.21
251.43,254.42,248.18,251.04,4.3247e+07,242.96
251.43,254.42,248.18,251.04,4.3247e+07,242.96
230.45,235.2,229.85,234.2,2.7211e+07,228.35
236,238.26,233.55,237.5,3.6733e+07,231.57
238.25,238.5,235.3,235.9,3.6178e+07,230.01
236.35,237.1,231.8,234,3.3248e+07,228.16
234.15,236.74,233.5,236.25,5.7802e+07,230.35
251.43,254.42,248.18,251.04,4.3247e+07,242.96
251.43,254.42,248.18,251.04,4.3247e+07,242.96
236.2,239.5,235.65,237.15,2.4517e+07,231.23
237.9,239.9,237.76,238.35,5.3388e+07,232.4
238.85,240.42,237.73,238,2.6233e+07,232.06
239.55,244.4,239.32,243.8,3.4547e+07,237.71
243,246.5,242.8,245.15,3.3525e+07,239.03
251.43,254.42,248.18,251.04,4.3247e+07,242.96
251.43,254.42,248.18,251.04,4.3247e+07,242.96
243.5,257.65,239.18,241.2,3.2467e+07,235.18
242.25,246.45,242.11,245.35,2.9923e+07,239.22
246.55,247.7,240.9,243.8,3.0795e+07,237.71
244.45,246.9,241.41,242.65,2.3701e+07,236.59
244.75,249.95,243.7,249.45,3.9776e+07,243.22
251.43,254.42,248.18,251.04,4.3247e+07,242.96
251.43,254.42,248.18,251.04,4.3247e+07,242.96
248.2,249.87,246.72,247.15,2.1299e+07,240.98
245.35,245.74,236.75,238.5,4.3181e+07,232.54
237.3,241.35,236.2,237.7,3.0664e+07,231.76
236.55,240.1,235.85,237.25,3.1258e+07,231.32
235.4,237.8,231.8,232.3,3.5581e+07,226.5
251.43,254.42,248.18,251.04,4.3247e+07,242.96
251.43,254.42,248.18,251.04,4.3247e+07,242.96
231.05,233.15,224.82,225.2,4.7198e+07,219.57
227,230.55,220.95,230.15,6.2807e+07,224.4
227.5,229.45,223.02,228.1,4.0154e+07,222.4
230.55,235.25,227.8,234.7,5.2501e+07,228.84
237.6,239.84,235.25,237.7,5.5772e+07,231.76
251.43,254.42,248.18,251.04,4.3247e+07,242.96
251.43,254.42,248.18,251.04,4.3247e+07,242.96
239.3,241.61,238,240.35,1.909e+07,234.35
240.9,243.6,238.92,243.05,2.132e+07,236.98
241.5,244.1,240.7,243.15,5.3438e+06,237.08
243.15,243.15,243.15,243.15,0,237.08
243.15,243.15,243.15,243.15,0,237.08
251.43,254.42,248.18,251.04,4.3247e+07,242.96
251.43,254.42,248.18,251.04,4.3247e+07,242.96
244.5,246.51,237.87,242.45,2.5535e+07,236.39
240.7,244.5,240.45,241.4,1.7735e+07,235.37
242.5,244.65,241.62,243.5,8.0192e+06,237.42
243.5,243.5,243.5,243.5,0,237.42
242.2,245.6,241.55,243.15,2.022e+07,237.08
251.43,254.42,248.18,251.04,4.3247e+07,242.96
251.43,254.42,248.18,251.04,4.3247e+07,242.96
242.3,243.15,234.2,234.7,3.9051e+07,228.84
234.05,235.85,230.25,230.35,3.7573e+07,224.6
232.1,233.46,230.15,230.6,3.722e+07,224.84
234.3,238.35,231.55,237.05,4.1083e+07,231.13
235.4,235.4,228.3,231,4.6868e+07,225.23
251.43,254.42,248.18,251.04,4.3247e+07,242.96
251.43,254.42,248.18,251.04,4.3247e+07,242.96
231.35,233.77,228.2,231.4,3.449e+07,225.62
230.25,234.9,229.65,233,2.5845e+07,227.18
231,232.82,222.9,223.55,6.0865e+07,217.97
227.5,229.25,219.54,227.95,5.6133e+07,222.26
226.8,227.14,223.35,224.35,4.3987e+07,218.75
251.43,254.42,248.18,251.04,4.3247e+07,242.96
251.43,254.42,248.18,251.04,4.3247e+07,242.96
224.15,230.3,223.05,230,5.5229e+07,224.26
231.4,237.78,230.65,235.25,5.0978e+07,229.37
235.25,238,234.25,237.9,2.8673e+07,231.96
238.5,243.43,236.7,243.4,6.5363e+07,237.32
244.2,246.17,241.07,243.15,4.3954e+07,237.08
251.43,254.42,248.18,251.04,4.3247e+07,242.96
251.43,254.42,248.18,251.04,4.3247e+07,242.96
240.35,241.75,239.2,240.75,3.0094e+07,234.74
240.9,241.5,237.7,239.45,2.4689e+07,233.47
241.75,243,235.2,236.85,2.9917e+07,230.93
234.9,237.6,233.7,236.55,2.7623e+07,230.64
237.75,239.35,234.15,234.15,3.0435e+07,228.3
251.43,254.42,248.18,251.04,4.3247e+07,242.96
251.43,254.42,248.18,251.04,4.3247e+07,242.96
236.55,237.95,233.25,235.85,3.711e+07,229.96
239.95,248.85,238.8,248.45,6.6604e+07,242.24
248.75,250,245.05,248.75,4.5978e+07,242.54
246.05,248.85,244.1,248.8,2.6414e+07,242.59
248.05,257.6,246.95,255.45,5.0808e+07,249.07
251.43,254.42,248.18,251.04,4.3247e+07,242.96
251.43,254.42,248.18,251.04,4.3247e+07,242.96
253.4,255.12,249.4,253.65,3.1407e+07,247.31
253.3,254.44,248.4,253.2,5.2511e+07,246.88
253,254.45,249.1,251,3.4724e+07,244.73
251.6,256.7,251.05,253.35,4.178e+07,247.02
255.7,260.25,254.6,256.45,4.1449e+07,250.04
251.43,254.42,248.18,251.04,4.3247e+07,242.96
251.43,254.42,248.18,251.04,4.3247e+07,242.96
254.3,259.16,254.3,258.8,1.8763e+07,252.34
256.6,258.1,254.22,257.55,2.6979e+07,251.12
260.3,263.71,258.2,260.35,4.7456e+07,253.85
259.1,262.31,257.45,260.4,3.6082e+07,253.9
259.1,264.22,257.95,261.5,3.9275e+07,254.97
251.43,254.42,248.18,251.04,4.3247e+07,242.96
251.43,254.42,248.18,251.04,4.3247e+07,242.96
264,264.25,260.35,262.85,3.9601e+07,256.29
262.8,264.7,261.1,264,2.6669e+07,257.41
262.95,269.94,262.5,262.9,2.532e+07,256.33
263.2,264.95,260.5,262.1,2.3202e+07,255.55
261,263.7,256,256.9,4.1804e+07,250.48
251.43,254.42,248.18,251.04,4.3247e+07,242.96
251.43,254.42,248.18,251.04,4.3247e+07,242.96
255,264,254.21,262.75,4.4515e+07,256.19
257.5,263.06,253.4,254.3,6.6496e+07,247.95
255.05,262.4,252.9,262.4,4.8203e+07,255.85
262.2,266,262.01,266,5.9604e+07,259.36
266,268.17,264.45,265,3.6331e+07,258.38
251.43,254.42,248.18,251.04,4.3247e+07,242.96
251.43,254.42,248.18,251.04,4.3247e+07,242.96
263.75,264.85,260.05,262.7,4.0265e+07,256.14
259.4,260.95,254.3,254.3,4.1895e+07,251.3
252.15,263.98,250.5,255,3.9519e+07,251.99
255,257.85,252,254.5,3.584e+07,251.49
256,256.4,248.15,250,3.8871e+07,247.05
251.43,254.42,248.18,251.04,4.3247e+07,242.96
251.43,254.42,248.18,251.04,4.3247e+07,242.96
251.6,256.72,251.4,251.85,2.9823e+07,248.88
252.75,254.7,238.78,250,3.5199e+07,247.05
251.3,253.3,250.2,252.35,3.7933e+07,249.37
253.2,254.72,252.1,252.8,4.45e+07,249.81
253.05,255.3,251.1,255.3,6.1802e+07,252.28
251.43,254.42,248.18,251.04,4.3247e+07,242.96
251.43,254.42,248.18,251.04,4.3247e+07,242.96
255.85,257.95,246.54,257.15,2.7104e+07,254.11
257.2,259.9,256.85,258.45,3.6456e+07,255.4
258.45,260,250.64,251.9,4.186e+07,248.93
250.15,251.78,246.45,250,4.0639e+07,247.05
250.95,253.26,243.15,244.25,4.5278e+07,241.37
251.43,254.42,248.18,251.04,4.3247e+07,242.96
251.43,254.42,248.18,251.04,4.3247e+07,242.96
247.4,248.95,245,247.8,3.4876e+07,244.87
248.5,248.5,242,242.6,4.6741e+07,239.73
243.4,252.15,243.4,249.3,4.978e+07,246.35
250.65,255.51,249.95,254.75,3.8047e+07,251.74
254.75,254.75,254.75,254.75,0,251.74
251.43,254.42,248.18,251.04,4.3247e+07,242.96
251.43,254.42,248.18,251.04,4.3247e+07,242.96
254.75,254.75,254.75,254.75,0,251.74
257.2,259,256,258,3.5823e+07,254.95
258,258.1,255.7,255.95,2.9089e+07,252.93
257.9,258.87,256.3,257.95,2.8389e+07,254.9
259.5,259.9,255.75,257.05,4.4749e+07,254.01
251.43,254.42,248.18,251.04,4.3247e+07,242.96
251.43,254.42,248.18,251.04,4.3247e+07,242.96
255.9,260.05,255.9,259.45,2.8901e+07,256.38
259.95,264.15,259.9,262.15,5.0442e+07,259.05
263.3,263.3,259.34,259.65,3.6942e+07,256.58
261.45,262.1,257.5,260.35,3.4927e+07,257.27
260.7,261.35,254.07,255.3,4.1661e+07,252.28
251.43,254.42,248.18,251.04,4.3247e+07,242.96
251.43,254.42,248.18,251.04,4.3247e+07,242.96
255.55,258.73,254,257.25,2.6487e+07,254.21
258.65,259.65,253.65,255,3.1108e+07,251.99
255.25,256.75,252.35,253.3,3.4204e+07,250.31
254.6,261.54,253.18,258.45,3.8191e+07,255.4
259,265.25,258.6,261.75,5.143e+07,258.66
251.43,254.42,248.18,251.04,4.3247e+07,242.96
251.43,254.42,248.18,251.04,4.3247e+07,242.96
263.25,264.2,258.65,263.75,3.4999e+07,260.63
264.5,265,258.97,261.4,3.4098e+07,258.31
260,264.15,253.95,256.95,5.0518e+07,253.91
258.1,258.2,252.8,255.3,3.8687e+07,252.28
254.5,257.88,252,254.35,2.867e+07,251.35
251.43,254.42,248.18,251.04,4.3247e+07,242.96
251.43,254.42,248.18,251.04,4.3247e+07,242.96
254.35,254.35,254.35,254.35,0,251.35
255.65,257.95,250.2,250.2,2.2383e+07,247.25
250.1,253.05,247.65,249.45,4.3993e+07,246.5
246.85,250.1,243.05,248.9,4.4742e+07,246.95
262.5,265.25,257.3,258.05,9.6188e+07,256.03
251.43,254.42,248.18,251.04,4.3247e+07,242.96
251.43,254.42,248.18,251.04,4.3247e+07,242.96
258,263.05,256.82,260.8,4.5026e+07,258.76
259.05,259.22,256.4,257.45,3.8611e+07,255.43
259.25,262,257.81,260.25,4.2587e+07,258.21
260.3,263.05,258.65,262.1,2.4223e+07,260.05
263,264.95,261.3,261.65,3.714e+07,259.6
251.43,254.42,248.18,251.04,4.3247e+07,242.96
251.43,254.42,248.18,251.04,4.3247e+07,242.96
261,263.8,258.8,261.15,2.3762e+07,259.1
261.55,264.55,261.54,262.7,3.4247e+07,260.64
262,272.15,262,271.55,8.9155e+07,269.42
270.95,273.4,270.15,271.05,4.1727e+07,268.93
271.7,272.3,269.95,270.15,2.9615e+07,268.03
251.43,254.42,248.18,251.04,4.3247e+07,242.96
251.43,254.42,248.18,251.04,4.3247e+07,242.96
270.15,270.15,270.15,270.15,0,268.03
269.25,270.4,263.45,264.9,4.2623e+07,262.82
265.65,270.55,264,269.25,3.6448e+07,267.14
268.65,271.95,267.2,271.1,3.6484e+07,268.98
270.15,272,267.95,270,3.9224e+07,267.88
251.43,254.42,248.18,251.04,4.3247e+07,242.96
251.43,254.42,248.18,251.04,4.3247e+07,242.96
270,271.65,265.8,266.4,2.9111e+07,264.31
267.25,269.05,262.75,267.65,3.3554e+07,265.55
267.25,273.35,267.05,271.2,3.1894e+07,269.07
270.65,270.95,265.59,266.4,3.8019e+07,264.31
265.8,267.5,263.2,265.45,4.0717e+07,263.37
251.43,254.42,248.18,251.04,4.3247e+07,242.96
251.43,254.42,248.18,251.04,4.3247e+07,242.96
265.5,266.17,261.95,262,3.1705e+07,259.95
263.35,265.4,260.45,261.55,3.5782e+07,259.5
261.7,268,258.85,267.15,4.6585e+07,265.06
267.05,271.35,266,268.75,3.3186e+07,266.64
268.15,270.6,266.5,269.7,3.1896e+07,267.59
251.43,254.42,248.18,251.04,4.3247e+07,242.96
251.43,254.42,248.18,251.04,4.3247e+07,242.96
267.35,268.6,264.2,264.95,3.9522e+07,262.87
263.25,264.6,261.45,263.65,2.8755e+07,261.58
263.5,264.5,260.65,261.9,3.5526e+07,259.85
260.85,267.5,258.2,261.55,3.0686e+07,259.5
260.95,266.5,259.93,265.75,6.8269e+07,263.67
251.43,254.42,248.18,251.04,4.3247e+07,242.96
251.43,254.42,248.18,251.04,4.3247e+07,242.96
269,272.95,267.05,272.45,4.001e+07,270.32
273,274.07,272,272.45,2.9674e+07,270.32
271.75,276.62,271.45,274.45,5.1288e+07,272.3
273.85,276.6,272,272.9,4.0062e+07,270.76
271.45,276.16,269.7,272.35,3.1441e+07,270.22
251.43,254.42,248.18,251.04,4.3247e+07,242.96
251.43,254.42,248.18,251.04,4.3247e+07,242.96
263.5,269.1,261.88,264.25,5.4158e+07,262.18
262.5,265.3,260.5,260.5,4.8682e+07,258.46
262.8,267.45,261.65,266.55,3.7901e+07,264.46
266.7,267.6,265.25,266.4,1.5356e+07,264.31
265.5,266.12,261.35,262.95,2.063e+07,260.89
251.43,254.42,248.18,251.04,4.3247e+07,242.96
251.43,254.42,248.18,251.04,4.3247e+07,242.96
259.2,261.2,256.9,258.8,3.3628e+07,256.77
259.65,259.65,251.8,252.15,3.9397e+07,250.17
259,262.27,257.27,257.3,8.778e+07,255.28
258,262.45,256.5,261.15,3.4329e+07,259.1
263,270.45,262.25,268.05,4.5805e+07,265.95
251.43,254.42,248.18,251.04,4.3247e+07,242.96
251.43,254.42,248.18,251.04,4.3247e+07,242.96
272.05,275.31,270.85,273.7,5.3934e+07,271.56
274.25,276.03,272.45,276,3.2794e+07,273.84
275,278.05,273.42,278.05,3.3664e+07,275.87
278.95,281.25,278.75,280,3.9786e+07,277.81
279.95,280.6,278.35,280.1,3.4271e+07,277.91
251.43,254.42,248.18,251.04,4.3247e+07,242.96
251.43,254.42,248.18,251.04,4.3247e+07,242.96
280.1,281.95,279.4,280.85,2.2794e+07,278.65
280.85,283.75,280.25,283.15,3.2384e+07,280.93
281,282.85,279.6,281.4,2.8638e+07,279.19
283.1,284.75,280.4,281.75,2.8649e+07,279.54
280.8,282.9,280,282.15,3.5597e+07,279.94
251.43,254.42,248.18,251.04,4.3247e+07,242.96
251.43,254.42,248.18,251.04,4.3247e+07,242.96
280.1,281.45,275.7,276.8,4.1054e+07,274.63
277.3,280.85,277.3,279.6,3.1761e+07,277.41
283.5,288.7,283.35,284.6,5.7312e+07,282.37
286,288.85,285.85,287.05,4.2574e+07,284.8
287.5,289.45,286.35,288.95,4.0988e+07,286.69
251.43,254.42,248.18,251.04,4.3247e+07,242.96
251.43,254.42,248.18,251.04,4.3247e+07,242.96
287.55,289.9,286.4,288.2,3.3963e+07,285.94
286.55,287.6,279.85,282.15,5.0299e+07,279.94
282.25,284.75,281.1,282,6.0375e+07,279.79
280,282.65,279.35,282,3.288e+07,280.79
282.75,283.2,280.9,281.25,2.0206e+07,280.04
251.43,254.42,248.18,251.04,4.3247e+07,242.96
251.43,254.42,248.18,251.04,4.3247e+07,242.96
282.2,282.85,278,282.6,4.5504e+07,281.38
281.8,282,278.3,278.35,2.7439e+07,277.15
276.15,276.3,269.4,271.15,5.5583e+07,269.98
274.9,277.55,274.25,275.55,3.5525e+07,274.36
276.5,277.1,272.75,274.35,2.2866e+07,273.17
251.43,254.42,248.18,251.04,4.3247e+07,242.96
251.43,254.42,248.18,251.04,4.3247e+07,242.96
276.9,277.2,272.37,273.95,2.1733e+07,272.77
273.5,275.15,272.25,274.05,2.0908e+07,272.87
272.65,273,267.55,267.9,2.689e+07,266.75
265.5,270.05,264.25,265.15,3.0766e+07,264.01
261.95,264.7,256.8,256.8,3.8649e+07,255.69
251.43,254.42,248.18,251.04,4.3247e+07,242.96
251.43,254.42,248.18,251.04,4.3247e+07,242.96
247.6,251.85,237.3,244.7,9.58e+07,243.65
249.95,260.8,249.1,256.35,6.428e+07,255.25
254.6,258.8,250.8,252,4.8887e+07,250.91
258.8,264.35,258.1,262.6,4.5543e+07,261.47
260.5,263.45,257.75,261.45,4.3555e+07,260.32
251.43,254.42,248.18,251.04,4.3247e+07,242.96
251.43,254.42,248.18,251.04,4.3247e+07,242.96
261.45,261.45,261.45,261.45,0,260.32
265.9,265.95,250.75,253.15,4.3536e+07,252.06
254,258.9,250.3,253.8,2.8381e+07,252.71
256.35,258.8,255.5,257.3,2.7927e+07,256.19
254.6,255,250,250.9,3.1456e+07,249.82
251.43,254.42,248.18,251.04,4.3247e+07,242.96
251.43,254.42,248.18,251.04,4.3247e+07,242.96
252.25,254.7,251.65,253,1.8073e+07,251.91
254.55,260,253.82,258.5,2.9842e+07,257.39
265,266.41,262,262.5,3.4298e+07,261.37
258.8,261.3,257.4,258.6,3.2065e+07,257.49
259.05,259.55,256.6,258.45,1.8997e+07,257.34
251.43,254.42,248.18,251.04,4.3247e+07,242.96
251.43,254.42,248.18,251.04,4.3247e+07,242.96
258.45,260.25,252.9,254.5,2.6098e+07,253.41
255,261,253.85,259.65,4.3011e+07,258.53
263.5,263.75,260.25,262.5,3.1479e+07,261.37
263,263.55,259.05,260.45,3.741e+07,259.33
258.45,258.6,250.2,253.25,7.1057e+07,252.16
251.43,254.42,248.18,251.04,4.3247e+07,242.96
251.43,254.42,248.18,251.04,4.3247e+07,242.96
251.8,257.2,250.4,254.9,2.5775e+07,253.8
255.4,255.55,246.65,246.65,4.1528e+07,245.59
247.55,251.6,246.1,248.2,2.495e+07,247.13
248.8,250.9,245.9,246.45,2.3852e+07,245.39
250.8,256.25,248.22,254.95,3.1433e+07,253.85
251.43,254.42,248.18,251.04,4.3247e+07,242.96
251.43,254.42,248.18,251.04,4.3247e+07,242.96
254.15,255.2,245.2,245.2,3.54e+07,244.15
241,243.35,236.65,239,4.1888e+07,237.97
243.5,247.21,243,244.15,4.0716e+07,243.1
247.55,249.8,245.75,247.15,3.4457e+07,246.09
248.55,253.46,244.75,248.55,3.2907e+07,247.48
251.43,254.42,248.18,251.04,4.3247e+07,242.96
251.43,254.42,248.18,251.04,4.3247e+07,242.96
253.7,256.65,251.55,256.2,3.0445e+07,255.1
257.35,257.9,254.35,255.35,2.2826e+07,254.25
256.1,259.4,254.3,255.75,3.468e+07,254.65
253,256.24,252.4,254.75,2.4812e+07,253.65
256.75,259.5,254.5,257,2.4011e+07,255.89
251.43,254.42,248.18,251.04,4.3247e+07,242.96
251.43,254.42,248.18,251.04,4.3247e+07,242.96
256.85,257.75,255.3,256.55,1.4713e+07,255.45
257.2,257.39,247.58,251.4,4.0729e+07,250.32
248.25,251.45,245.8,246.05,2.9456e+07,244.99
245,249.3,241.79,248,4.8316e+07,246.93
250.3,252.4,249.1,250.8,2.4684e+07,249.72
251.43,254.42,248.18,251.04,4.3247e+07,242.96
251.43,254.42,248.18,251.04,4.3247e+07,242.96
251.5,254.65,251.3,254.65,3.334e+07,253.55
255,255.75,251.95,252.6,2.5405e+07,251.51
253.3,253.35,246.1,248.05,4.0003e+07,246.98
247.5,251.68,246.25,250.65,2.5944e+07,249.57
252.95,254.26,250.87,251.25,3.4709e+07,250.17
251.43,254.42,248.18,251.04,4.3247e+07,242.96
251.43,254.42,248.18,251.04,4.3247e+07,242.96
252,253.1,250.35,250.95,1.9325e+07,249.87
250.2,252.48,249.49,250.85,2.3323e+07,249.77
250.85,253.85,247.15,253.15,2.4344e+07,252.06
246,249,235.85,237.25,8.6342e+07,236.23
234,236.34,230.7,232,6.0171e+07,231
251.43,254.42,248.18,251.04,4.3247e+07,242.96
251.43,254.42,248.18,251.04,4.3247e+07,242.96
230.4,237.81,229.75,236.05,4.9313e+07,235.03
235.95,236.31,231.75,233.5,4.4068e+07,232.5
233.7,234.25,232.1,232.35,4.0623e+07,231.35
231.5,232.1,227.78,228.15,4.0421e+07,228.15
228.75,233.6,226.7,232.4,5.4794e+07,232.4
251.43,254.42,248.18,251.04,4.3247e+07,242.96
251.43,254.42,248.18,251.04,4.3247e+07,242.96
235,238.45,233.95,234.05,4.1308e+07,234.05
235.55,235.57,229.4,230.6,3.3507e+07,230.6
231.85,234.9,229.4,232.1,2.5898e+07,232.1
231.7,232.15,225.25,225.7,4.1604e+07,225.7
225,226.55,223.15,225.1,4.0146e+07,225.1
251.43,254.42,248.18,251.04,4.3247e+07,242.96
251.43,254.42,248.18,251.04,4.3247e+07,242.96
223,225.45,222.38,224.4,2.5006e+07,224.4
226.55,229,225.6,227.45,3.2217e+07,227.45
226,227.9,225.7,227.9,2.1168e+07,227.9
229.5,231.55,227.45,229.95,2.8448e+07,229.95
229.5,230.25,221.3,221.9,5.8493e+07,221.9
251.43,254.42,248.18,251.04,4.3247e+07,242.96
251.43,254.42,248.18,251.04,4.3247e+07,242.96
220.5,222.95,218.14,220.55,2.8477e+07,220.55
219.5,220.55,215.4,220.05,4.0258e+07,220.05
220.95,222.9,218.7,221.5,3.344e+07,221.5
222.05,225.7,221.25,225.2,2.1187e+07,225.2
223.9,226.03,223.1,224.3,1.5829e+07,224.3
251.43,254.42,248.18,251.04,4.3247e+07,242.96
251.43,254.42,248.18,251.04,4.3247e+07,242.96
223.5,224.5,221.5,223.2,2.7499e+07,223.2
228.5,234.55,227,233.5,6.8771e+07,233.5
234.5,236.22,233.7,234.75,3.2692e+07,234.75
235.1,238.1,230.3,230.3,4.1233e+07,230.3
230.05,234.41,227.3,229.6,2.8697e+07,229.6
251.43,254.42,248.18,251.04,4.3247e+07,242.96
251.43,254.42,248.18,251.04,4.3247e+07,242.96
231.85,232.25,227,228,1.9533e+07,228
227.35,228.05,221.6,222.1,2.8836e+07,222.1
222,225.25,219.6,221.95,2.7506e+07,221.95
220.65,223.4,216.65,218,5.9328e+07,218
217.95,218.3,209.38,211.2,4.8588e+07,211.2
251.43,254.42,248.18,251.04,4.3247e+07,242.96
251.43,254.42,248.18,251.04,4.3247e+07,242.96
213.85,214.75,209.05,209.1,4.2068e+07,209.1
211.15,216.4,210.96,214.8,3.1559e+07,214.8
216.3,217.45,213.75,215.75,2.5342e+07,215.75
219.85,220.7,217.72,218.75,2.9172e+07,218.75
216.05,221.9,216.05,217.6,5.4977e+07,217.6
251.43,254.42,248.18,251.04,4.3247e+07,242.96
251.43,254.42,248.18,251.04,4.3247e+07,242.96
216.3,220.7,215.75,216.4,2.2815e+07,216.4
218.55,221.28,217.71,219,1.8439e+07,219
220.7,223.05,219.4,222.3,2.0864e+07,222.3
222.9,223.8,220.55,221.7,5.5766e+06,221.7
251.43,254.42,248.18,251.04,4.3247e+07,242.96
251.43,254.42,248.18,251.04,4.3247e+07,242.96
251.43,254.42,248.18,251.04,4.3247e+07,242.96
251.43,254.42,248.18,251.04,4.3247e+07,242.96
221.7,224.85,221.35,222.6,1.7024e+07,222.6
222.8,223,219.1,220.7,1.5514e+07,220.7
220,220,217.55,218.9,5.1816e+06,218.9
251.43,254.42,248.18,251.04,4.3247e+07,242.96
251.43,254.42,248.18,251.04,4.3247e+07,242.96
251.43,254.42,248.18,251.04,4.3247e+07,242.96
216.35,217,212.65,214.25,2.8332e+07,214.25
214.85,217.6,212.05,214.25,1.5244e+07,214.25
214.9,214.9,209.85,211.75,2.6043e+07,211.75
206.6,208.85,201.6,205.55,4.197e+07,205.55
206,208.65,200.15,200.15,4.2733e+07,200.15
251.43,254.42,248.18,251.04,4.3247e+07,242.96
251.43,254.42,248.18,251.04,4.3247e+07,242.96
200,203.35,199.4,199.7,4.5116e+07,199.7
201,204.95,199.77,202.35,3.1436e+07,202.35
204.35,205.8,200.34,201.7,4.1349e+07,201.7
198.25,200.15,192.52,197.7,5.7105e+07,197.7
196.45,198.85,190.97,191.8,4.9775e+07,191.8
251.43,254.42,248.18,251.04,4.3247e+07,242.96
251.43,254.42,248.18,251.04,4.3247e+07,242.96
191.3,198,185.85,187.65,3.7827e+07,187.65
190,193.6,187.93,189.9,3.5139e+07,189.9
185.9,186,179.9,182.05,5.2319e+07,182.05
182,186.6,179.99,186.15,6.5099e+07,186.15
190.95,192.95,188.2,190.75,5.0097e+07,190.75
251.43,254.42,248.18,251.04,4.3247e+07,242.96
251.43,254.42,248.18,251.04,4.3247e+07,242.96
191.95,192.25,181.35,181.85,4.8651e+07,181.85
178.5,183.8,175.15,183,6.0933e+07,183
182.5,182.5,178.25,181.8,4.0892e+07,181.8
181,183.75,176.5,178.4,3.674e+07,178.4
181.35,186,180.55,186,5.7836e+07,186
251.43,254.42,248.18,251.04,4.3247e+07,242.96
251.43,254.42,248.18,251.04,4.3247e+07,242.96
188.9,188.9,180.9,182.8,3.8834e+07,182.8
182.35,183.04,172.7,173.75,4.5374e+07,173.75
172.3,172.9,163.5,165.6,7.3258e+07,165.6
167.7,175.8,167.05,173.65,8.0583e+07,173.65
174.45,175.05,169.65,173.15,4.8965e+07,173.15
251.43,254.42,248.18,251.04,4.3247e+07,242.96
251.43,254.42,248.18,251.04,4.3247e+07,242.96
177.85,177.85,163.6,163.9,6.1112e+07,163.9
163.15,165.7,154.3,156.25,6.9828e+07,156.25
156.8,161.95,156.5,159,8.227e+07,159
157.3,157.7,147.75,147.85,8.7421e+07,147.85
150.75,157.2,150.3,157.2,6.5584e+07,157.2
251.43,254.42,248.18,251.04,4.3247e+07,242.96
251.43,254.42,248.18,251.04,4.3247e+07,242.96
162,163.3,159.4,160.75,4.0965e+07,160.75
161.75,162.65,155.6,161.45,4.0947e+07,161.45
161.7,168.76,161,168.15,4.2634e+07,168.15
