3337,3359,3317.7,3340,1.1004e+06,2954.2
3339,3391,3337.5,3390,1.7983e+06,2998.4
3397,3474,3396.5,3474,2.3654e+06,3072.7
3468,3470.5,3405.5,3439,2.2553e+06,3041.8
3437.5,3458,3430,3453,1.3992e+06,3054.1
3516.7,3541.4,3485.9,3514.1,2.6035e+06,3348
3516.7,3541.4,3485.9,3514.1,2.6035e+06,3348
3451.5,3465,3417.5,3427.5,4.1263e+06,3031.6
3411.5,3446,3399,3422,2.2583e+06,3026.7
3423,3427.5,3396.5,3416,2.0463e+06,3021.4
3447.5,3457.5,3407,3434.5,4.2783e+06,3037.8
3447.5,3516,3430,3508,3.3406e+06,3102.8
3516.7,3541.4,3485.9,3514.1,2.6035e+06,3348
3516.7,3541.4,3485.9,3514.1,2.6035e+06,3348
3518,3580.4,3509,3564,2.7773e+06,3152.3
3572.5,3580,3539.5,3566,2.2369e+06,3154.1
3554.5,3559,3510.5,3519,3.0102e+06,3112.5
3524.5,3535,3502.5,3517,2.9078e+06,3110.7
3537,3580,3531.5,3562,2.4906e+06,3150.5
3516.7,3541.4,3485.9,3514.1,2.6035e+06,3348
3516.7,3541.4,3485.9,3514.1,2.6035e+06,3348
3559,3631,3478,3628,2.3638e+06,3208.9
3629.5,3639.5,3583.5,3613,2.2659e+06,3195.7
3514,3539.1,3487.5,3491,3.0475e+06,3169.1
3495.5,3501.5,3472,3472.5,4.8751e+06,3152.3
3478,3502,3464,3494.5,4.6843e+06,3172.2
3516.7,3541.4,3485.9,3514.1,2.6035e+06,3348
3516.7,3541.4,3485.9,3514.1,2.6035e+06,3348
3460,3491.2,3460,3482.5,2.324e+06,3161.3
3473,3516.6,3464.5,3506.5,1.9871e+06,3183.1
3532,3543,3504,3514.5,2.6804e+06,3190.4
3516.5,3516.5,3468.5,3492,2.482e+06,3170
3483,3525,3474,3488,1.9183e+06,3166.3
3516.7,3541.4,3485.9,3514.1,2.6035e+06,3348
3516.7,3541.4,3485.9,3514.1,2.6035e+06,3348
3494.5,3522.5,3468,3509,2.1439e+06,3185.4
3521,3527,3483.5,3496,2.6324e+06,3173.6
3512,3524.5,3487.5,3513.5,2.2012e+06,3189.5
3526,3573.5,3497,3527,2.6673e+06,3201.7
3527,3527,3527,3527,0,3201.7
3516.7,3541.4,3485.9,3514.1,2.6035e+06,3348
3516.7,3541.4,3485.9,3514.1,2.6035e+06,3348
3527,3527,3527,3527,0,3201.7
3541,3599.5,3532.5,3590,2.2297e+06,3258.9
3600,3606,3557,3562,2.3736e+06,3233.5
3563.5,3586,3541.5,3549.5,2.0082e+06,3222.2
3560.5,3564,3490,3510,2.4477e+06,3186.3
3516.7,3541.4,3485.9,3514.1,2.6035e+06,3348
3516.7,3541.4,3485.9,3514.1,2.6035e+06,3348
3513.5,3551.1,3501.6,3544,3.3205e+06,3217.2
3562,3562,3519,3530.5,1.7825e+06,3204.9
3549.5,3585.5,3530.6,3580,2.3353e+06,3249.9
3592.5,3618,3571,3600.5,2.2129e+06,3268.5
3587.5,3611.5,3583,3590,2.0188e+06,3258.9
3516.7,3541.4,3485.9,3514.1,2.6035e+06,3348
3516.7,3541.4,3485.9,3514.1,2.6035e+06,3348
3581.5,3615.5,3566.5,3594.5,2.3073e+06,3263
3576.5,3584.5,3531,3531,4.857e+06,3205.4
3556.5,3567.5,3533.5,3537.5,3.0769e+06,3211.3
3559,3564,3426,3479.5,4.1599e+06,3158.6
3515,3528,3478,3526.5,2.5921e+06,3201.3
3516.7,3541.4,3485.9,3514.1,2.6035e+06,3348
3516.7,3541.4,3485.9,3514.1,2.6035e+06,3348
3544,3547.5,3488.9,3503,2.3143e+06,3180
3518,3572.6,3501.5,3557.5,2.9402e+06,3229.4
3563,3563,3521.8,3548,2.4813e+06,3220.8
3625,3660,3584.5,3591,4.5375e+06,3259.8
3600.5,3607,3573.5,3596.5,1.8992e+06,3264.8
3516.7,3541.4,3485.9,3514.1,2.6035e+06,3348
3516.7,3541.4,3485.9,3514.1,2.6035e+06,3348
3600,3600.5,3579,3591,3.1975e+06,3259.8
3610.5,3610.5,3552.6,3566,3.2611e+06,3237.1
3585,3621.1,3566.5,3604.5,1.5482e+06,3272.1
3576.5,3643,3576.5,3634,2.4471e+06,3298.9
3625.5,3644,3601,3628.5,1.7395e+06,3293.9
3516.7,3541.4,3485.9,3514.1,2.6035e+06,3348
3516.7,3541.4,3485.9,3514.1,2.6035e+06,3348
3628.5,3628.5,3628.5,3628.5,0,3293.9
3657.5,3657.5,3596,3633,2.0886e+06,3298
3646,3688.5,3625.5,3674,2.3795e+06,3335.2
3669.5,3702,3656,3684.5,1.8245e+06,3344.7
3687.5,3737.5,3687.5,3725,2.482e+06,3381.5
3516.7,3541.4,3485.9,3514.1,2.6035e+06,3348
3516.7,3541.4,3485.9,3514.1,2.6035e+06,3348
3724.5,3750.5,3709.5,3740,1.9654e+06,3395.1
3738,3758.5,3728,3746.5,1.9505e+06,3401
3763.5,3779.5,3733.5,3757,1.7555e+06,3410.5
3752,3767.5,3736.5,3744,1.8694e+06,3398.7
3739,3766,3700,3762.5,2.1966e+06,3415.5
3516.7,3541.4,3485.9,3514.1,2.6035e+06,3348
3516.7,3541.4,3485.9,3514.1,2.6035e+06,3348
3776,3790,3732.5,3772,1.3855e+06,3424.1
3778,3784,3738.5,3758.5,2.1542e+06,3411.9
3752.5,3770,3725,3752,3.1698e+06,3406
3737.5,3762,3690,3715,3.3783e+06,3372.4
3719.5,3742.5,3676,3706,1.6944e+06,3364.2
3516.7,3541.4,3485.9,3514.1,2.6035e+06,3348
3516.7,3541.4,3485.9,3514.1,2.6035e+06,3348
3706,3706,3706,3706,0,3364.2
3739,3807,3736.5,3784,2.8932e+06,3435
3768.5,3807.5,3651.5,3667,2.8108e+06,3328.8
3664.5,3686,3628,3660.5,2.0175e+06,3322.9
3659,3675.8,3621.9,3623,3.8585e+06,3288.9
3516.7,3541.4,3485.9,3514.1,2.6035e+06,3348
3516.7,3541.4,3485.9,3514.1,2.6035e+06,3348
3608,3635.5,3577,3603.5,2.1754e+06,3271.2
3630,3654,3603.5,3634,2.1286e+06,3298.9
3620,3638,3556.5,3556.5,2.3195e+06,3228.5
3560,3576.5,3498,3498,2.1111e+06,3175.4
3505,3537.5,3460.5,3527.5,3.5366e+06,3202.2
3516.7,3541.4,3485.9,3514.1,2.6035e+06,3348
3516.7,3541.4,3485.9,3514.1,2.6035e+06,3348
3523,3539,3515,3520,1.7348e+06,3195.4
3513.5,3522.5,3455,3508.5,2.6352e+06,3184.9
3505.5,3538.5,3498,3500.5,1.9044e+06,3177.7
3463,3492.5,3447,3483,2.6797e+06,3161.8
3507,3507,3441,3469,2.2896e+06,3149.1
3516.7,3541.4,3485.9,3514.1,2.6035e+06,3348
3516.7,3541.4,3485.9,3514.1,2.6035e+06,3348
3487,3519,3467.5,3467.5,2.1051e+06,3147.7
3470.5,3501,3466.5,3476.5,2.1649e+06,3155.9
3489,3502.5,3443,3486.5,1.912e+06,3165
3425.5,3449.5,3330,3345.5,4.9089e+06,3037
3355,3399.5,3327.5,3354,8.309e+06,3044.7
3516.7,3541.4,3485.9,3514.1,2.6035e+06,3348
3516.7,3541.4,3485.9,3514.1,2.6035e+06,3348
3345,3372.5,3288,3293,3.2018e+06,2989.3
3319.5,3339.5,3287,3325,4.3965e+06,3018.4
3331.5,3394.5,3326,3394.5,3.2696e+06,3081.5
3414.5,3458,3388,3439,3.2796e+06,3121.9
3443,3455.5,3367.5,3367.5,4.1186e+06,3056.9
3516.7,3541.4,3485.9,3514.1,2.6035e+06,3348
3516.7,3541.4,3485.9,3514.1,2.6035e+06,3348
3384.5,3448.5,3381.5,3447,2.447e+06,3129.1
3437,3459,3404.5,3435.5,1.8571e+06,3118.7
3395.5,3417,3353.5,3382.5,2.3044e+06,3070.6
3405.5,3519.5,3405.5,3506.5,2.756e+06,3183.1
3505.5,3563,3375.5,3480,3.3977e+06,3159.1
3516.7,3541.4,3485.9,3514.1,2.6035e+06,3348
3516.7,3541.4,3485.9,3514.1,2.6035e+06,3348
3505,3564.6,3483,3537,1.9527e+06,3210.8
3546,3598,3525.4,3553,2.7178e+06,3225.3
3555.5,3584.5,3477.5,3482,3.1913e+06,3160.9
3516,3526.5,3470,3495,2.193e+06,3172.7
3514,3530,3470,3476,2.0101e+06,3155.4
3516.7,3541.4,3485.9,3514.1,2.6035e+06,3348
3516.7,3541.4,3485.9,3514.1,2.6035e+06,3348
3486,3518.5,3468,3508.5,1.7914e+06,3184.9
3511.5,3542.5,3491,3495.5,2.1998e+06,3173.1
3526.5,3529,3459.5,3508,2.3503e+06,3184.5
3507.5,3537,3471.5,3501,3.7262e+06,3178.1
3512.5,3525.5,3455,3470.5,3.6733e+06,3150.4
3516.7,3541.4,3485.9,3514.1,2.6035e+06,3348
3516.7,3541.4,3485.9,3514.1,2.6035e+06,3348
3480.5,3512.6,3466.5,3489,1.3313e+06,3167.2
3493.5,3511.1,3446,3446,3.4147e+06,3128.2
3442,3478.5,3432,3450,2.4773e+06,3131.8
3450.5,3459.5,3395,3421,1.8034e+06,3105.5
3443.5,3467,3413.5,3418.5,1.7641e+06,3103.2
3516.7,3541.4,3485.9,3514.1,2.6035e+06,3348
3516.7,3541.4,3485.9,3514.1,2.6035e+06,3348
3428.5,3464,3428.5,3448,1.6819e+06,3130
3455.5,3493,3455.5,3462.5,1.9751e+06,3143.2
3483.5,3559,3454,3506,2.969e+06,3182.7
3527.5,3590.8,3525,3576.5,2.4697e+06,3246.7
3582,3591.1,3525,3546,2.1352e+06,3219
3516.7,3541.4,3485.9,3514.1,2.6035e+06,3348
3516.7,3541.4,3485.9,3514.1,2.6035e+06,3348
3549.5,3574.5,3511.5,3529.5,1.513e+06,3204
3517,3539,3491.5,3523.5,2.9304e+06,3198.6
3510.5,3529,3443.5,3443.5,2.6399e+06,3125.9
3451.5,3467,3414,3447.5,2.4622e+06,3129.6
3461.5,3470,3428.5,3465,1.4387e+06,3145.5
3516.7,3541.4,3485.9,3514.1,2.6035e+06,3348
3516.7,3541.4,3485.9,3514.1,2.6035e+06,3348
3480,3480,3434.6,3450,1.5181e+06,3131.8
3452.5,3477.5,3438.5,3462,1.741e+06,3142.7
3465,3493,3448,3448,2.0767e+06,3130
3457,3479.5,3402.5,3412.5,2.4078e+06,3097.8
3420,3463.6,3385.5,3398,2.4522e+06,3084.6
3516.7,3541.4,3485.9,3514.1,2.6035e+06,3348
3516.7,3541.4,3485.9,3514.1,2.6035e+06,3348
3410,3418.7,3373,3393.5,1.6707e+06,3080.6
3400,3418,3377,3406.5,1.705e+06,3092.4
3374.5,3382,3317.5,3320,2.1059e+06,3054.2
3315.5,3342.5,3306,3328,2.1909e+06,3061.5
3327.5,3340,3309,3331,2.6267e+06,3064.3
3516.7,3541.4,3485.9,3514.1,2.6035e+06,3348
3516.7,3541.4,3485.9,3514.1,2.6035e+06,3348
3331,3331,3331,3331,0,3064.3
3255,3317,3255,3278,5.0569e+06,3015.5
3269,3286,3232,3243,2.4249e+06,2983.3
3249,3280.3,3239.5,3271,1.9751e+06,3009.1
3284.5,3302.5,3254,3255,3.1106e+06,2994.4
3516.7,3541.4,3485.9,3514.1,2.6035e+06,3348
3516.7,3541.4,3485.9,3514.1,2.6035e+06,3348
3275,3312,3269,3275,1.6786e+06,3012.8
3273.5,3303.5,3254.5,3264,2.2499e+06,3002.7
3261.5,3261.5,3232.5,3254,1.698e+06,2993.5
3260,3285.5,3222.5,3269.5,2.2689e+06,3007.7
3263.5,3289.5,3245.5,3289.5,2.5413e+06,3026.1
3516.7,3541.4,3485.9,3514.1,2.6035e+06,3348
3516.7,3541.4,3485.9,3514.1,2.6035e+06,3348
3340.5,3351,3304,3308,2.2665e+06,3043.1
3327,3344.5,3320,3320,1.8703e+06,3054.2
3326.5,3381.2,3313,3329,2.8946e+06,3062.5
3336.5,3398,3310,3316,2.5894e+06,3050.5
3296,3316.5,3295.5,3306,1.6448e+06,3041.3
3516.7,3541.4,3485.9,3514.1,2.6035e+06,3348
3516.7,3541.4,3485.9,3514.1,2.6035e+06,3348
3345,3364.5,3321.5,3352,2.0028e+06,3083.6
3335.5,3375,3335.5,3346,3.0493e+06,3078.1
3353,3356.5,3313,3324.5,2.6547e+06,3058.3
3365,3421.5,3357.5,3373.5,7.8194e+06,3103.4
3365,3380,3351,3355.5,3.7972e+06,3086.8
3516.7,3541.4,3485.9,3514.1,2.6035e+06,3348
3516.7,3541.4,3485.9,3514.1,2.6035e+06,3348
3362.5,3380,3346.5,3348,1.5775e+06,3079.9
3342.5,3348,3322,3325.5,1.5852e+06,3059.2
3319,3339.5,3300.5,3304,2.0157e+06,3039.5
3315,3337,3304.5,3328.5,1.5162e+06,3062
3332,3340.5,3280.7,3295,1.8478e+06,3031.2
3516.7,3541.4,3485.9,3514.1,2.6035e+06,3348
3516.7,3541.4,3485.9,3514.1,2.6035e+06,3348
3258.5,3285,3251,3276.5,2.3281e+06,3014.2
3245,3269.5,3200.5,3204,3.4536e+06,2947.5
3199,3206.1,3158,3178,3.8988e+06,2923.5
3199.5,3209,3182.5,3190,3.6927e+06,2934.6
3195.5,3231.5,3189.5,3198,2.8152e+06,2941.9
3516.7,3541.4,3485.9,3514.1,2.6035e+06,3348
3516.7,3541.4,3485.9,3514.1,2.6035e+06,3348
3200,3201.5,3178,3200,2.0192e+06,2943.8
3203.5,3232.7,3192,3212,4.4137e+06,2954.8
3205,3222,3192,3205,2.6541e+06,2948.4
3213.5,3244.5,3201,3235,2.3097e+06,2976
3250,3250,3209,3233,2.166e+06,2974.1
3516.7,3541.4,3485.9,3514.1,2.6035e+06,3348
3516.7,3541.4,3485.9,3514.1,2.6035e+06,3348
3230,3251,3221.5,3232,1.953e+06,2973.2
3252.5,3262,3217.5,3221,2.8177e+06,2963.1
3214,3259,3205.5,3250,3.7915e+06,2989.8
3243,3314,3243,3314,3.2835e+06,3048.7
3330,3332.2,3287.5,3322,3.1025e+06,3056
3516.7,3541.4,3485.9,3514.1,2.6035e+06,3348
3516.7,3541.4,3485.9,3514.1,2.6035e+06,3348
3334,3340.5,3300.5,3336,2.3401e+06,3068.9
3347.5,3416,3339.5,3385,4.0981e+06,3114
3369,3400,3350,3386,2.1321e+06,3114.9
3420,3420.5,3376.5,3390,2.0831e+06,3118.6
3377.5,3417,3362.5,3415,3.5399e+06,3141.6
3516.7,3541.4,3485.9,3514.1,2.6035e+06,3348
3516.7,3541.4,3485.9,3514.1,2.6035e+06,3348
3415,3445.5,3401,3443.5,2.1511e+06,3167.8
3451.5,3480,3415.5,3450,2.4362e+06,3173.8
3450,3459,3429,3438.5,2.0584e+06,3163.2
3433,3461.5,3414,3436,3.0103e+06,3160.9
3449.5,3449.5,3417.5,3435.5,1.4863e+06,3160.4
3516.7,3541.4,3485.9,3514.1,2.6035e+06,3348
3516.7,3541.4,3485.9,3514.1,2.6035e+06,3348
3444,3454,3420.5,3434.5,1.4673e+06,3159.5
3438,3438,3408.5,3434,1.6218e+06,3159
3444.5,3454.5,3425.1,3434.5,2.4536e+06,3159.5
3446,3466.5,3417,3428,2.0452e+06,3153.5
3421,3434.5,3395,3426,1.7806e+06,3151.7
3516.7,3541.4,3485.9,3514.1,2.6035e+06,3348
3516.7,3541.4,3485.9,3514.1,2.6035e+06,3348
3443.5,3453,3422.5,3446.5,1.3606e+06,3170.5
3447,3447,3409.5,3423,2.9962e+06,3148.9
3424,3434.5,3374.5,3380,2.2921e+06,3109.4
3405,3413.8,3376,3379.5,2.663e+06,3108.9
3389.5,3397,3377.5,3387,2.8174e+06,3115.8
3516.7,3541.4,3485.9,3514.1,2.6035e+06,3348
3516.7,3541.4,3485.9,3514.1,2.6035e+06,3348
3383,3395,3368,3379,2.8142e+06,3108.4
3372,3384,3368.5,3369.5,1.7634e+06,3099.7
3362,3373.5,3353.5,3360,1.7925e+06,3091
3312,3325,3281,3281,2.9008e+06,3018.3
3281,3292.5,3262.5,3271,2.15e+06,3009.1
3516.7,3541.4,3485.9,3514.1,2.6035e+06,3348
3516.7,3541.4,3485.9,3514.1,2.6035e+06,3348
3285.5,3303,3283.9,3300,2.8251e+06,3035.8
3290,3307,3266.4,3268,2.9928e+06,3006.3
3267.5,3287,3262,3273,1.9405e+06,3010.9
3250,3258.5,3217.5,3250.5,1.8965e+06,2990.2
3248.5,3269.5,3244.7,3261,1.8625e+06,2999.9
3516.7,3541.4,3485.9,3514.1,2.6035e+06,3348
3516.7,3541.4,3485.9,3514.1,2.6035e+06,3348
3268.5,3278.5,3223.5,3223.5,1.7819e+06,2965.4
3218,3229.5,3185,3185,2.3408e+06,2930
3190.5,3226.3,3189,3209.5,2.7629e+06,2952.5
3213,3218.5,3191,3196.5,1.8035e+06,2940.6
3207,3210.5,3176,3195,2.1219e+06,2939.2
3516.7,3541.4,3485.9,3514.1,2.6035e+06,3348
3516.7,3541.4,3485.9,3514.1,2.6035e+06,3348
3201,3202.5,3170.5,3181.5,2.1635e+06,2926.8
3166.5,3189,3156,3160,2.3054e+06,2907
3163,3182.7,3155,3166,2.6357e+06,2912.5
3150.5,3169.5,3125.5,3142.5,2.7562e+06,2890.9
3132,3144.5,3118,3124.5,1.9356e+06,2874.3
3516.7,3541.4,3485.9,3514.1,2.6035e+06,3348
3516.7,3541.4,3485.9,3514.1,2.6035e+06,3348
3126.5,3174,3119.5,3172,1.9522e+06,2918
3156,3173,3148,3148,2.5234e+06,2895.9
3170,3190,3162.5,3172.5,2.5564e+06,2918.5
3186,3199,3183,3194,2.3203e+06,2938.3
3186.5,3208,3162.5,3175.5,6.5498e+06,2921.2
3516.7,3541.4,3485.9,3514.1,2.6035e+06,3348
3516.7,3541.4,3485.9,3514.1,2.6035e+06,3348
3183,3214,3183,3214,2.3799e+06,2956.7
3211,3244,3199.5,3213.5,2.87e+05,2956.2
3213.5,3213.5,3213.5,3213.5,0,2956.2
3213.5,3213.5,3213.5,3213.5,0,2956.2
3238.5,3257.5,3219.5,3252.5,9.647e+05,2992.1
3516.7,3541.4,3485.9,3514.1,2.6035e+06,3348
3516.7,3541.4,3485.9,3514.1,2.6035e+06,3348
3255.5,3255.5,3201.5,3220.5,1.5163e+06,2962.6
3223,3238,3213.2,3238,4.93e+05,2978.7
3238,3238,3238,3238,0,2978.7
3252.5,3252.5,3207,3207.5,2.0546e+06,2950.7
3208,3229,3196.5,3200,1.3458e+06,2943.8
3516.7,3541.4,3485.9,3514.1,2.6035e+06,3348
3516.7,3541.4,3485.9,3514.1,2.6035e+06,3348
3195.5,3219,3186,3205.5,1.5125e+06,2948.8
3202,3219.5,3185.5,3185.5,2.1085e+06,2930.4
3168,3194,3087.5,3154.5,3.2743e+06,2901.9
3153,3166.5,3105,3111.5,2.5939e+06,2862.4
3142,3143,3081.5,3084.5,3.3875e+06,2837.5
3516.7,3541.4,3485.9,3514.1,2.6035e+06,3348
3516.7,3541.4,3485.9,3514.1,2.6035e+06,3348
3089,3096,3018,3042.5,4.8877e+06,2798.9
3040,3075.1,3025,3054,2.8576e+06,2809.5
3080,3086,3073,3084,2.4462e+06,2837.1
3081.5,3093.5,3059,3085,3.5464e+06,2838
3088,3105,3063.5,3075,4.1374e+06,2828.8
3516.7,3541.4,3485.9,3514.1,2.6035e+06,3348
3516.7,3541.4,3485.9,3514.1,2.6035e+06,3348
3080,3127,3073.3,3121,1.7865e+06,2871.1
3125,3163,3114.5,3148,3.2754e+06,2895.9
3150,3177,3149.5,3167,2.5898e+06,2913.4
3163,3192,3121,3126.5,2.781e+06,2876.2
3120.5,3146.5,3068,3073.5,3.4719e+06,2827.4
3516.7,3541.4,3485.9,3514.1,2.6035e+06,3348
3516.7,3541.4,3485.9,3514.1,2.6035e+06,3348
3073,3078,3022,3024.5,3.2865e+06,2782.3
3025,3032,2979.5,2985,3.1469e+06,2746
3000.5,3001,2922.8,2929,4.2656e+06,2694.5
2938.5,2939,2877.5,2889.5,5.2716e+06,2658.1
2915.5,2958.5,2871,2916,4.704e+06,2682.5
3516.7,3541.4,3485.9,3514.1,2.6035e+06,3348
3516.7,3541.4,3485.9,3514.1,2.6035e+06,3348
2914.5,2944.5,2903,2916.5,2.559e+06,2683
2900,2922,2900,2903.5,3.6267e+06,2671
2906,2920.5,2878.5,2881,3.0719e+06,2650.3
2891,2932.5,2884,2928,3.4272e+06,2693.6
2935.5,2953.5,2910.5,2925,2.4147e+06,2690.8
3516.7,3541.4,3485.9,3514.1,2.6035e+06,3348
3516.7,3541.4,3485.9,3514.1,2.6035e+06,3348
2938,2966.5,2935,2966.5,2.1184e+06,2729
2984.5,2995.5,2967.5,2993,3.093e+06,2753.4
3000,3012.5,2985,2995,3.6352e+06,2755.2
2994.5,3063.5,2986.5,3052,4.4744e+06,2807.6
3042.5,3049,3022.1,3047,2.2702e+06,2803
3516.7,3541.4,3485.9,3514.1,2.6035e+06,3348
3516.7,3541.4,3485.9,3514.1,2.6035e+06,3348
3058,3109.9,3046.4,3108.5,2.4449e+06,2859.6
3122.5,3146.5,3096,3141,3.735e+06,2889.5
3118.5,3132.5,3101,3126.5,4.6776e+06,2876.2
3100.5,3152,3091.5,3152,3.712e+06,2899.6
3148.5,3173,3143.5,3155,4.1549e+06,2902.4
3516.7,3541.4,3485.9,3514.1,2.6035e+06,3348
3516.7,3541.4,3485.9,3514.1,2.6035e+06,3348
3141,3182.5,3119.2,3182.5,3.5483e+06,2927.7
3177.5,3189.5,3142,3176.5,5.3224e+06,2922.2
3172.5,3193,3153.5,3174,2.4182e+06,2919.9
3185,3240,3129,3219.5,5.2226e+06,2961.7
3236,3274.6,3227.6,3250,4.8971e+06,2989.8
3516.7,3541.4,3485.9,3514.1,2.6035e+06,3348
3516.7,3541.4,3485.9,3514.1,2.6035e+06,3348
3200,3227,3184.4,3210.5,4.0359e+06,2953.4
3256,3288.5,3250.5,3286.5,3.4293e+06,3023.4
3291.5,3347,3279.5,3325,5.074e+06,3058.8
3325,3344.5,3296.5,3335,4.3333e+06,3068
3340,3340,3290,3290,3.3412e+06,3026.6
3516.7,3541.4,3485.9,3514.1,2.6035e+06,3348
3516.7,3541.4,3485.9,3514.1,2.6035e+06,3348
3300,3351,3300,3340.5,3.3071e+06,3073
3340,3352,3315,3334.5,3.689e+06,3067.5
3226,3240,3205.5,3218,3.6321e+06,3049.4
3220,3230.5,3196.5,3200,3.1738e+06,3032.4
3189.5,3241.5,3188.5,3224,4.2149e+06,3055.1
3516.7,3541.4,3485.9,3514.1,2.6035e+06,3348
3516.7,3541.4,3485.9,3514.1,2.6035e+06,3348
3224,3224,3179,3200.5,3.1619e+06,3032.8
3195,3266.5,3162,3253,3.0949e+06,3082.6
3258,3264,3221.5,3233,2.5324e+06,3063.6
3221,3225.8,3189,3214.5,3.1875e+06,3046.1
3208,3244.5,3200.5,3239,5.4789e+06,3069.3
3516.7,3541.4,3485.9,3514.1,2.6035e+06,3348
3516.7,3541.4,3485.9,3514.1,2.6035e+06,3348
3230.5,3230.5,3200.5,3213.5,3.7293e+06,3045.1
3220.5,3251.5,3211.5,3250.5,2.723e+06,3080.2
3246.5,3270,3224,3235,3.3352e+06,3065.5
3224.5,3287,3216.7,3287,2.9255e+06,3114.8
3287.5,3340,3274,3340,3.8504e+06,3165
3516.7,3541.4,3485.9,3514.1,2.6035e+06,3348
3516.7,3541.4,3485.9,3514.1,2.6035e+06,3348
3357,3446.2,3322,3335.5,4.0886e+06,3160.8
3345.5,3355.6,3300.7,3330.5,3.9714e+06,3156
3339,3339,3302,3307,2.2338e+06,3133.8
3312.5,3325,3298,3323.5,2.8101e+06,3149.4
3360,3360,3320,3346.5,3.1612e+06,3171.2
3516.7,3541.4,3485.9,3514.1,2.6035e+06,3348
3516.7,3541.4,3485.9,3514.1,2.6035e+06,3348
3323,3356.5,3316,3328.5,2.1236e+06,3154.1
3316,3395.5,3305.5,3390,4.0417e+06,3212.4
3392.5,3431,3377,3400,2.844e+06,3221.9
3413,3433.6,3391.5,3428,2.1261e+06,3248.4
3405.5,3497.4,3383.7,3392.5,2.421e+06,3214.8
3516.7,3541.4,3485.9,3514.1,2.6035e+06,3348
3516.7,3541.4,3485.9,3514.1,2.6035e+06,3348
3380.5,3545.9,3365,3451,4.1383e+06,3270.2
3445,3467,3421,3435.5,2.8278e+06,3255.5
3446,3452,3407,3415.5,3.5254e+06,3236.6
3414.5,3414.5,3363.5,3407,3.8814e+06,3228.5
3407,3407,3407,3407,0,3228.5
3516.7,3541.4,3485.9,3514.1,2.6035e+06,3348
3516.7,3541.4,3485.9,3514.1,2.6035e+06,3348
3407,3407,3407,3407,0,3228.5
3407,3444.5,3392.3,3423.5,4.7719e+06,3244.1
3435.5,3459.5,3411.5,3417,2.5447e+06,3238
3430,3432.5,3384.5,3424.5,2.0362e+06,3245.1
3411.5,3427.5,3395,3424.5,3.3794e+06,3245.1
3516.7,3541.4,3485.9,3514.1,2.6035e+06,3348
3516.7,3541.4,3485.9,3514.1,2.6035e+06,3348
3424.5,3475,3408,3459,2.2672e+06,3277.8
3489.5,3489.5,3449,3487,3.603e+06,3304.3
3430,3500.3,3399,3417,3.8008e+06,3238
3418,3461.5,3406,3449,1.276e+06,3268.3
3444.5,3449,3380.5,3396.5,2.8567e+06,3218.6
3516.7,3541.4,3485.9,3514.1,2.6035e+06,3348
3516.7,3541.4,3485.9,3514.1,2.6035e+06,3348
3396.5,3396.5,3396.5,3396.5,0,3218.6
3411.5,3416.9,3362.5,3366.5,3.3959e+06,3190.1
3374,3415.5,3371,3415.5,2.5509e+06,3236.6
3430,3449.5,3417,3436,2.6601e+06,3256
3430.5,3446,3405.3,3417.5,3.2766e+06,3238.5
3516.7,3541.4,3485.9,3514.1,2.6035e+06,3348
3516.7,3541.4,3485.9,3514.1,2.6035e+06,3348
3469,3478.5,3451,3458.5,2.2362e+06,3277.3
3471.5,3473,3435,3450.5,2.3129e+06,3269.7
3455,3467.5,3429,3464.5,1.7875e+06,3283
3460,3478,3430.5,3466.5,2.7294e+06,3284.9
3479.5,3527,3445,3513,3.9437e+06,3329
3516.7,3541.4,3485.9,3514.1,2.6035e+06,3348
3516.7,3541.4,3485.9,3514.1,2.6035e+06,3348
3527,3547,3513.5,3528,2.7761e+06,3343.2
3539.5,3539.5,3484,3503.5,1.5538e+06,3320
3507,3526.2,3501,3526,3.1025e+06,3341.3
3586.5,3625,3543,3543,3.7443e+06,3357.4
3548,3553,3503,3515.7,1.5298e+06,3331.5
3516.7,3541.4,3485.9,3514.1,2.6035e+06,3348
3516.7,3541.4,3485.9,3514.1,2.6035e+06,3348
3515.7,3515.7,3515.7,3515.7,0,3331.5
3531.5,3550,3508,3537.5,2.0847e+06,3352.2
3532,3544.2,3504.5,3537,1.5348e+06,3351.7
3537.5,3598.5,3532.8,3579,1.2435e+06,3391.5
3576,3622.7,3570.8,3600.5,2.9937e+06,3411.9
3516.7,3541.4,3485.9,3514.1,2.6035e+06,3348
3516.7,3541.4,3485.9,3514.1,2.6035e+06,3348
3616.5,3616.5,3571.5,3584.5,1.9012e+06,3396.7
3581,3589,3536,3569.5,2.3612e+06,3382.5
3570,3589.5,3553,3568.5,1.8513e+06,3381.6
3568.5,3579,3527.5,3535,2.0557e+06,3349.8
3551.5,3553.5,3506,3541,2.1575e+06,3355.5
3516.7,3541.4,3485.9,3514.1,2.6035e+06,3348
3516.7,3541.4,3485.9,3514.1,2.6035e+06,3348
3548.5,3552.5,3526.5,3531.5,1.4924e+06,3346.5
3533.5,3552.6,3500,3545.5,2.2383e+06,3359.8
3551,3562.5,3525,3543,2.0901e+06,3357.4
3556.5,3574,3552,3555.5,1.838e+06,3369.2
3538.5,3556.5,3503,3520,2.6714e+06,3335.6
3516.7,3541.4,3485.9,3514.1,2.6035e+06,3348
3516.7,3541.4,3485.9,3514.1,2.6035e+06,3348
3527,3548.5,3507.5,3514.5,1.8882e+06,3330.4
3530,3558,3516,3544.5,1.8253e+06,3358.8
3557,3578.5,3537.5,3542,1.8539e+06,3356.4
3567.5,3601,3555,3585,2.6449e+06,3397.2
3586.5,3606,3573.5,3596,3.5661e+06,3407.6
3516.7,3541.4,3485.9,3514.1,2.6035e+06,3348
3516.7,3541.4,3485.9,3514.1,2.6035e+06,3348
3598.5,3614,3541,3544.5,2.9309e+06,3358.8
3549,3574.5,3539.5,3560,1.7865e+06,3373.5
3550.5,3563.5,3516,3522,2.2115e+06,3337.5
3528,3528,3465.5,3495,3.042e+06,3311.9
3498.5,3503,3471,3476,1.9156e+06,3293.9
3516.7,3541.4,3485.9,3514.1,2.6035e+06,3348
3516.7,3541.4,3485.9,3514.1,2.6035e+06,3348
3473.5,3494.5,3467.5,3478,2.6344e+06,3295.8
3481,3524,3463.5,3524,1.7132e+06,3339.4
3524,3535.5,3502.5,3531.5,2.0208e+06,3346.5
3524.5,3584.5,3519,3584,2.5128e+06,3396.2
3588,3615,3569.5,3603,1.8767e+06,3414.2
3516.7,3541.4,3485.9,3514.1,2.6035e+06,3348
3516.7,3541.4,3485.9,3514.1,2.6035e+06,3348
3599,3607,3572.5,3575,2.0673e+06,3387.7
3591.5,3594,3554.5,3555.5,1.724e+06,3369.2
3542.5,3557,3540.5,3547.5,1.7823e+06,3361.7
3538.5,3552.4,3509.5,3521,2.5338e+06,3336.5
3560,3598,3518,3528,2.6906e+06,3343.2
3516.7,3541.4,3485.9,3514.1,2.6035e+06,3348
3516.7,3541.4,3485.9,3514.1,2.6035e+06,3348
3551.5,3606,3539.4,3595.5,1.9909e+06,3407.1
3588,3593,3522,3532,2.7829e+06,3347
3553,3555.5,3486.5,3508.5,2.9916e+06,3324.7
3508,3549.5,3490.5,3535,2.3098e+06,3349.8
3534,3547,3514.5,3532,2.1194e+06,3347
3516.7,3541.4,3485.9,3514.1,2.6035e+06,3348
3516.7,3541.4,3485.9,3514.1,2.6035e+06,3348
3500,3514.5,3489.5,3500,1.6685e+06,3316.6
3515.5,3530.5,3504,3528.5,1.9173e+06,3343.6
3526,3558,3510.3,3550,1.8662e+06,3364
3555,3574.5,3533,3557,1.5532e+06,3370.7
3542,3556,3527,3539.5,1.4494e+06,3354.1
3516.7,3541.4,3485.9,3514.1,2.6035e+06,3348
3516.7,3541.4,3485.9,3514.1,2.6035e+06,3348
3549,3570.5,3535,3547.5,1.5181e+06,3361.7
3537,3569.5,3536.1,3567.5,2.1058e+06,3380.6
3551,3559.5,3520,3523.5,3.1806e+06,3338.9
3515,3528.5,3481,3483,2.9616e+06,3300.5
3485,3491.5,3414,3443.5,2.4349e+06,3263.1
3516.7,3541.4,3485.9,3514.1,2.6035e+06,3348
3516.7,3541.4,3485.9,3514.1,2.6035e+06,3348
3453,3456,3407.5,3417.5,2.0169e+06,3238.5
3418.5,3462,3418.5,3445,1.5027e+06,3264.5
3435,3454,3407,3447,2.9179e+06,3266.4
3452,3453.5,3413.5,3416.5,1.8449e+06,3237.5
3406,3425.5,3385.5,3418,2.4633e+06,3238.9
3516.7,3541.4,3485.9,3514.1,2.6035e+06,3348
3516.7,3541.4,3485.9,3514.1,2.6035e+06,3348
3442,3469,3430,3448.5,2.0193e+06,3267.8
3451,3459.5,3436,3448,1.4044e+06,3267.4
3476.5,3492.5,3458.7,3478.5,1.509e+06,3296.3
3475.5,3521.5,3464.3,3501.5,1.9586e+06,3318.1
3500,3549.5,3497.5,3519,2.0086e+06,3334.6
3516.7,3541.4,3485.9,3514.1,2.6035e+06,3348
3516.7,3541.4,3485.9,3514.1,2.6035e+06,3348
3537,3557,3519.5,3550.5,1.6067e+06,3364.5
3591.5,3594,3562,3581.5,8.2106e+06,3393.9
3539.5,3539.5,3501.5,3517.5,2.1197e+06,3378
3517.5,3542.5,3400,3516.5,1.2937e+06,3377.1
3525.5,3525.5,3483,3498.5,1.2812e+06,3359.8
3516.7,3541.4,3485.9,3514.1,2.6035e+06,3348
3516.7,3541.4,3485.9,3514.1,2.6035e+06,3348
3498.5,3498.5,3498.5,3498.5,0,3359.8
3569.5,3569.5,3518,3530.5,1.6025e+06,3390.5
3535,3535.5,3502.5,3531,2.3269e+06,3391
3535.5,3546.5,3518.6,3530,1.6449e+06,3390
3540,3563,3485.8,3553.5,2.977e+06,3412.6
3516.7,3541.4,3485.9,3514.1,2.6035e+06,3348
3516.7,3541.4,3485.9,3514.1,2.6035e+06,3348
3543.5,3564,3526,3552,1.1273e+06,3411.2
3559,3583.5,3548.5,3565.5,1.5304e+06,3424.1
3580,3600,3568,3568.5,2.6965e+06,3427
3537.5,3608,3531,3597,3.2258e+06,3454.4
3593.5,3596.5,3570.5,3584,1.6509e+06,3441.9
3516.7,3541.4,3485.9,3514.1,2.6035e+06,3348
3516.7,3541.4,3485.9,3514.1,2.6035e+06,3348
3576.5,3608.5,3554.5,3607.5,2.3766e+06,3464.5
3590,3605,3587,3594.5,1.3579e+06,3452
3584.5,3629.2,3557,3615.5,2.0906e+06,3472.1
3619,3630,3601,3620,1.6122e+06,3476.5
3635,3650,3625.2,3629.5,2.5281e+06,3485.6
3516.7,3541.4,3485.9,3514.1,2.6035e+06,3348
3516.7,3541.4,3485.9,3514.1,2.6035e+06,3348
3612.5,3649.5,3611.5,3633.5,2.3128e+06,3489.4
3640,3640,3589,3601.5,3.3486e+06,3458.7
3612.5,3650,3602.5,3609.5,1.9903e+06,3466.4
3616.5,3619,3596,3615,2.3188e+06,3471.7
3656.5,3656.5,3624.5,3629,1.2425e+07,3485.1
3516.7,3541.4,3485.9,3514.1,2.6035e+06,3348
3516.7,3541.4,3485.9,3514.1,2.6035e+06,3348
3635,3635,3586.5,3617.5,1.4951e+06,3474.1
3623,3628,3533,3543.5,2.537e+06,3403
3538,3574,3525.8,3567,5.9781e+06,3425.6
3578,3588,3506.5,3529,2.641e+06,3389.1
3530,3530,3485,3506,1.8345e+06,3367
3516.7,3541.4,3485.9,3514.1,2.6035e+06,3348
3516.7,3541.4,3485.9,3514.1,2.6035e+06,3348
3517.5,3517.5,3480.5,3502,2.1004e+06,3363.1
3511,3514.5,3469.5,3482,3.5865e+06,3343.9
3486.5,3500,3465,3480,2.4831e+06,3342
3480,3494,3453.3,3455,2.4603e+06,3318
3478.5,3504.5,3456.5,3475.5,2.0096e+06,3337.7
3516.7,3541.4,3485.9,3514.1,2.6035e+06,3348
3516.7,3541.4,3485.9,3514.1,2.6035e+06,3348
3467.5,3502.5,3467.5,3480.5,1.785e+06,3342.5
3477,3480,3440.5,3456,2.2194e+06,3319
3455.5,3485.5,3428.6,3475,2.09e+06,3337.2
3509,3516.5,3475,3480.5,2.642e+06,3342.5
3457,3468.5,3414,3427,2.8738e+06,3291.1
3516.7,3541.4,3485.9,3514.1,2.6035e+06,3348
3516.7,3541.4,3485.9,3514.1,2.6035e+06,3348
3409,3422,3389,3415.5,2.5972e+06,3280.1
3404.5,3435,3369.1,3430,3.9589e+06,3294
3433,3454,3389,3389,4.4129e+06,3254.6
3424,3427,3347,3389.5,5.4011e+06,3255.1
3385.5,3459,3355.5,3455.5,3.1786e+06,3318.5
3516.7,3541.4,3485.9,3514.1,2.6035e+06,3348
3516.7,3541.4,3485.9,3514.1,2.6035e+06,3348
3458.5,3485,3411.3,3436,2.3069e+06,3299.8
3440.5,3468,3391,3466.5,3.2379e+06,3329
3350,3375,3303,3375,6.5872e+06,3241.2
3359,3383,3322.5,3364.5,3.1463e+06,3231.1
3360,3375,3338.5,3362.5,1.9465e+06,3229.2
3516.7,3541.4,3485.9,3514.1,2.6035e+06,3348
3516.7,3541.4,3485.9,3514.1,2.6035e+06,3348
3402.5,3402.5,3363.5,3388,1.8863e+06,3253.7
3414.5,3447.5,3401.5,3405.5,2.1322e+06,3270.5
3416,3457.5,3406.4,3450,1.6409e+06,3313.2
3464,3469,3422,3466.5,2.2755e+06,3329
3494.5,3553.5,3486.5,3547,3.4654e+06,3406.4
3516.7,3541.4,3485.9,3514.1,2.6035e+06,3348
3516.7,3541.4,3485.9,3514.1,2.6035e+06,3348
3547.5,3565.5,3493.5,3509,2.6057e+06,3369.9
3504.5,3564.5,3504.5,3553,2.7599e+06,3412.1
3564,3590,3539,3577.5,3.2977e+06,3435.6
3572.5,3606.5,3561.5,3602,2.4537e+06,3459.2
3610.5,3617,3560,3579.5,2.4962e+06,3437.6
3516.7,3541.4,3485.9,3514.1,2.6035e+06,3348
3516.7,3541.4,3485.9,3514.1,2.6035e+06,3348
3584,3616,3576,3607,1.8107e+06,3464
3602.5,3640.6,3598.6,3637.5,1.7352e+06,3493.3
3621.5,3632.5,3608,3621.5,2.0052e+06,3477.9
3630,3688.5,3625,3671.5,2.1295e+06,3525.9
3678.5,3683.5,3647.5,3658.5,2.1202e+06,3513.4
3516.7,3541.4,3485.9,3514.1,2.6035e+06,3348
3516.7,3541.4,3485.9,3514.1,2.6035e+06,3348
3641,3716.5,3640,3707,1.9054e+06,3560
3719,3728,3683.5,3703.5,1.8041e+06,3556.6
3713.5,3725.5,3690.5,3709,1.7348e+06,3561.9
3708,3727.5,3634.3,3700,3.5685e+06,3553.3
3708,3717,3616.9,3704,3.7886e+06,3557.1
3516.7,3541.4,3485.9,3514.1,2.6035e+06,3348
3516.7,3541.4,3485.9,3514.1,2.6035e+06,3348
3713.5,3725.5,3698,3702,1.429e+06,3555.2
3692,3728.5,3685.5,3721.5,2.4321e+06,3573.9
3724,3753,3686.5,3699,1.7908e+06,3552.3
3700,3747.5,3699,3741,1.6126e+06,3592.7
3740,3806.5,3739.5,3794.5,2.5298e+06,3644
3516.7,3541.4,3485.9,3514.1,2.6035e+06,3348
3516.7,3541.4,3485.9,3514.1,2.6035e+06,3348
3782,3789.5,3708.5,3726.5,3.1787e+06,3578.7
3731.5,3769.5,3704,3753,2.8062e+06,3604.2
3757,3781.5,3740.5,3743,2.5278e+06,3594.6
3750.5,3758.5,3712.5,3730,2.7992e+06,3582.1
3741,3749.5,3716.5,3744.5,2.3823e+06,3596
3516.7,3541.4,3485.9,3514.1,2.6035e+06,3348
3516.7,3541.4,3485.9,3514.1,2.6035e+06,3348
3743,3746,3667.5,3686.5,2.9984e+06,3540.3
3711.5,3711.5,3605,3608,2.828e+06,3464.9
3620,3639,3582.6,3583,2.3425e+06,3440.9
3574.5,3581,3497.5,3510.5,3.7363e+06,3371.3
3502,3503,3401.5,3405,3.4386e+06,3270
3516.7,3541.4,3485.9,3514.1,2.6035e+06,3348
3516.7,3541.4,3485.9,3514.1,2.6035e+06,3348
3407.5,3461,3335.5,3335.5,3.7837e+06,3203.2
3363.5,3417.5,3325.5,3417.5,4.9186e+06,3282
3389.5,3395.5,3337.5,3365,3.4708e+06,3231.6
3402.5,3459,3377,3450,3.9421e+06,3313.2
3474.5,3510,3422,3500.5,5.6452e+06,3361.7
3516.7,3541.4,3485.9,3514.1,2.6035e+06,3348
3516.7,3541.4,3485.9,3514.1,2.6035e+06,3348
3514,3538.5,3496.5,3532,3.3654e+06,3391.9
3545,3561,3480.2,3523,1.4384e+06,3383.3
3510,3550.5,3509,3531.5,2.811e+05,3391.5
3531.5,3531.5,3531.5,3531.5,0,3391.5
3531.5,3531.5,3531.5,3531.5,0,3391.5
3516.7,3541.4,3485.9,3514.1,2.6035e+06,3348
3516.7,3541.4,3485.9,3514.1,2.6035e+06,3348
3543,3559,3524,3554,1.3638e+06,3413.1
3533,3554.5,3470.5,3490,1.4788e+06,3351.6
3501.5,3523,3484,3500,4.613e+05,3361.2
3500,3500,3500,3500,0,3361.2
3500.5,3517.5,3428.5,3452.5,1.4784e+06,3315.6
3516.7,3541.4,3485.9,3514.1,2.6035e+06,3348
3516.7,3541.4,3485.9,3514.1,2.6035e+06,3348
3448,3492.5,3403.5,3413,2.69e+06,3277.7
3418.5,3455,3362.5,3421,2.6464e+06,3285.4
3442.5,3460,3397,3410,2.7607e+06,3274.8
3441,3513,3367.2,3512.5,3.2024e+06,3373.2
3512.5,3531.5,3456.5,3472,1.8521e+06,3334.3
3516.7,3541.4,3485.9,3514.1,2.6035e+06,3348
3516.7,3541.4,3485.9,3514.1,2.6035e+06,3348
3489.5,3530.5,3488.5,3522,2.5485e+06,3382.3
3517,3590,3508,3584.5,2.6888e+06,3442.4
3542,3599,3481,3514.5,3.8367e+06,3375.1
3537.5,3589.5,3444.5,3589.5,3.5519e+06,3447.2
3582,3595,3554.5,3584,3.3802e+06,3441.9
3516.7,3541.4,3485.9,3514.1,2.6035e+06,3348
3516.7,3541.4,3485.9,3514.1,2.6035e+06,3348
3576.5,3610,3558.5,3598,1.433e+06,3455.3
3618.5,3643.5,3587.5,3611.5,2.3856e+06,3468.3
3619.5,3691,3618.8,3690.5,2.6631e+06,3544.2
3678,3737,3665.6,3734.5,3.1173e+06,3586.4
3751,3805,3713.5,3791,4.3479e+06,3640.7
3516.7,3541.4,3485.9,3514.1,2.6035e+06,3348
3516.7,3541.4,3485.9,3514.1,2.6035e+06,3348
3757.5,3806,3752,3779.5,3.0277e+06,3629.6
3780,3792.5,3734,3756,2.4074e+06,3607.1
3785,3795.5,3745,3778.5,2.5762e+06,3628.7
3757,3808,3751,3794,3.1641e+06,3643.6
3805,3818,3748,3752,3.0829e+06,3603.2
3516.7,3541.4,3485.9,3514.1,2.6035e+06,3348
3516.7,3541.4,3485.9,3514.1,2.6035e+06,3348
3748,3780,3721,3767,2.2131e+06,3617.6
3769.5,3799.5,3729.5,3753,2.6005e+06,3604.2
3746,3778,3699,3735.5,3.4032e+06,3587.4
3716.5,3731.5,3662.5,3689,2.7527e+06,3542.7
3684,3684,3617,3628,2.7873e+06,3484.1
3516.7,3541.4,3485.9,3514.1,2.6035e+06,3348
3516.7,3541.4,3485.9,3514.1,2.6035e+06,3348
3630.5,3630.5,3573,3605,2.4334e+06,3462.1
3601,3668,3601,3647.5,2.9895e+06,3502.9
3659,3674.5,3610,3635.5,1.564e+06,3491.3
3659,3661,3615.5,3626.5,2.7059e+06,3482.7
3645.5,3645.5,3574.6,3592,2.7329e+06,3449.6
3516.7,3541.4,3485.9,3514.1,2.6035e+06,3348
3516.7,3541.4,3485.9,3514.1,2.6035e+06,3348
3623,3628.5,3580.5,3594.5,1.6248e+06,3452
3591,3663.5,3574.5,3663.5,1.9245e+06,3518.2
3669,3676,3587,3603.5,2.2331e+06,3460.6
3619.5,3670.9,3604.5,3660.5,2.6056e+06,3515.4
3660.5,3678,3630.5,3656,3.0111e+06,3511
3516.7,3541.4,3485.9,3514.1,2.6035e+06,3348
3516.7,3541.4,3485.9,3514.1,2.6035e+06,3348
3666,3727.5,3644,3727.5,2.5167e+06,3579.7
3727,3770,3718.5,3737,2.6855e+06,3588.8
3733,3739,3685,3731,2.57e+06,3583.1
3750,3799,3716.5,3795,3.034e+06,3644.5
3799,3806,3759.5,3782,3.1773e+06,3632
3516.7,3541.4,3485.9,3514.1,2.6035e+06,3348
3516.7,3541.4,3485.9,3514.1,2.6035e+06,3348
3774.5,3780,3739.5,3756.5,2.3812e+06,3607.5
3787.5,3811.5,3749,3767,2.1881e+06,3617.6
3788,3813,3735.5,3813,2.3114e+06,3661.8
3832.5,3893.8,3806.5,3892.5,3.8677e+06,3738.2
3879.5,3894,3822.5,3825.5,2.9855e+06,3673.8
3516.7,3541.4,3485.9,3514.1,2.6035e+06,3348
3516.7,3541.4,3485.9,3514.1,2.6035e+06,3348
3825,3825,3746.5,3756,2.5918e+06,3607.1
3744.5,3770,3652,3652.5,3.1384e+06,3507.7
3663.5,3682.5,3613,3627,2.5231e+06,3483.2
3649,3675.5,3629,3641.5,2.2148e+06,3497.1
3660,3674.5,3619,3644,2.3362e+06,3499.5
3516.7,3541.4,3485.9,3514.1,2.6035e+06,3348
3516.7,3541.4,3485.9,3514.1,2.6035e+06,3348
3644.5,3722,3636,3708.5,2.6417e+06,3561.5
3698.5,3734.5,3679.5,3715.5,2.5159e+06,3568.2
3729,3808.5,3701.5,3796,4.003e+06,3645.5
3690,3715.5,3635,3668,5.9476e+06,3618.5
3676,3676,3647.5,3657,6.1443e+06,3607.6
3516.7,3541.4,3485.9,3514.1,2.6035e+06,3348
3516.7,3541.4,3485.9,3514.1,2.6035e+06,3348
3667,3715.9,3641.5,3703.5,3.1681e+06,3653.5
3685.5,3737,3664,3664,3.0821e+06,3614.5
3664.5,3681,3639.5,3639.5,2.2218e+06,3590.3
3614,3622,3446.5,3570,5.5965e+06,3521.8
3587.5,3588,3538,3552,2.401e+06,3504
3516.7,3541.4,3485.9,3514.1,2.6035e+06,3348
3516.7,3541.4,3485.9,3514.1,2.6035e+06,3348
3598,3599,3554.5,3594.5,2.8859e+06,3545.9
3598.5,3598.5,3482.5,3488.5,4.9405e+06,3441.4
3496.5,3546,3481.5,3538.5,3.0778e+06,3490.7
3528.5,3583,3514,3577,2.2384e+06,3528.7
3577,3577,3577,3577,0,3528.7
3516.7,3541.4,3485.9,3514.1,2.6035e+06,3348
3516.7,3541.4,3485.9,3514.1,2.6035e+06,3348
3577,3577,3577,3577,0,3528.7
3612.5,3637.7,3575,3631,2.5016e+06,3582
3615.5,3625,3579.1,3589,2.1107e+06,3540.5
3607,3651,3596.5,3631,2.3673e+06,3582
3642.5,3721,3636,3716,2.73e+06,3665.8
3516.7,3541.4,3485.9,3514.1,2.6035e+06,3348
3516.7,3541.4,3485.9,3514.1,2.6035e+06,3348
3706.5,3706.5,3622.9,3662,1.9455e+06,3612.5
3646,3690,3629,3677.5,1.796e+06,3627.8
3677.5,3711,3667,3691,1.9385e+06,3641.1
3709,3747.7,3675.5,3742,3.9414e+06,3691.5
3750,3780,3709,3724,3.8947e+06,3673.7
3516.7,3541.4,3485.9,3514.1,2.6035e+06,3348
3516.7,3541.4,3485.9,3514.1,2.6035e+06,3348
3750.5,3775,3740.2,3765,2.1959e+06,3714.1
3758.5,3797,3735,3762.5,2.9108e+06,3711.7
3775,3775,3704,3734,2.6346e+06,3683.6
3756.5,3774,3720,3753,2.9976e+06,3702.3
3760,3770.9,3715.5,3746.5,2.372e+06,3695.9
3516.7,3541.4,3485.9,3514.1,2.6035e+06,3348
3516.7,3541.4,3485.9,3514.1,2.6035e+06,3348
3749,3758.5,3687.5,3721.5,2.8375e+06,3671.2
3725.5,3725.5,3632.5,3669.5,3.1458e+06,3619.9
3635,3648,3582,3588.5,4.3869e+06,3540
3602.5,3620,3573.5,3592.5,3.2927e+06,3544
3595,3668,3554,3640,1.6057e+06,3590.8
3516.7,3541.4,3485.9,3514.1,2.6035e+06,3348
3516.7,3541.4,3485.9,3514.1,2.6035e+06,3348
3640,3640,3640,3640,0,3590.8
3686.5,3690,3547.5,3547.5,1.5332e+06,3499.6
3558,3598,3550,3582.5,2.4401e+06,3534.1
3588,3600,3498,3576,4.2913e+06,3527.7
3645,3652.6,3598,3640,3.8352e+06,3590.8
3516.7,3541.4,3485.9,3514.1,2.6035e+06,3348
3516.7,3541.4,3485.9,3514.1,2.6035e+06,3348
3630.5,3674.8,3613,3621,2.827e+06,3572.1
3594.5,3605,3520.8,3557.5,3.6464e+06,3509.4
3585.5,3621.5,3558.5,3572,2.6258e+06,3523.7
3572,3608,3543.5,3602,2.142e+06,3553.3
3620.5,3713.9,3571.5,3592,2.1788e+06,3543.5
3516.7,3541.4,3485.9,3514.1,2.6035e+06,3348
3516.7,3541.4,3485.9,3514.1,2.6035e+06,3348
3599.5,3619,3545,3595.5,1.8922e+06,3546.9
3638.5,3655,3618.5,3639.5,2.3029e+06,3590.3
3636,3652,3606,3644,2.5299e+06,3594.8
3644.5,3649,3609,3633,1.5906e+06,3583.9
3634.5,3698.9,3621,3621,2.6674e+06,3572.1
3516.7,3541.4,3485.9,3514.1,2.6035e+06,3348
3516.7,3541.4,3485.9,3514.1,2.6035e+06,3348
3621,3621,3621,3621,0,3572.1
3616,3641,3586.7,3611.5,1.8131e+06,3562.7
3625,3679,3617.5,3664.5,3.4633e+06,3615
3666.5,3708,3665.5,3691.5,2.9173e+06,3641.6
3690.5,3691,3599,3605.5,3.5336e+06,3556.8
3516.7,3541.4,3485.9,3514.1,2.6035e+06,3348
3516.7,3541.4,3485.9,3514.1,2.6035e+06,3348
3607,3653.2,3584,3592.5,2.9599e+06,3544
3563.5,3565,3494.5,3506,4.018e+06,3458.6
3511.5,3568,3506,3535.5,2.9269e+06,3487.7
3536.5,3536.5,3478,3520,3.5191e+06,3472.5
3509,3509,3438.5,3440,2.928e+06,3393.5
3516.7,3541.4,3485.9,3514.1,2.6035e+06,3348
3516.7,3541.4,3485.9,3514.1,2.6035e+06,3348
3431,3447,3385,3431,3.3734e+06,3384.7
3432.5,3442.5,3400.5,3423,2.6049e+06,3376.8
3413.5,3440.5,3383,3434,3.4197e+06,3387.6
3432,3458.5,3417,3445,2.0158e+06,3398.5
3427.5,3430,3392.5,3417.5,2.4182e+06,3371.3
3516.7,3541.4,3485.9,3514.1,2.6035e+06,3348
3516.7,3541.4,3485.9,3514.1,2.6035e+06,3348
3399,3438,3388.5,3411.5,2.6234e+06,3365.4
3418,3529.5,3406.5,3511,5.3697e+06,3463.6
3529,3539.5,3477,3503,3.0633e+06,3455.7
3499.5,3556,3488.5,3556,3.8633e+06,3508
3550,3582.5,3536,3547,4.4717e+06,3499.1
3516.7,3541.4,3485.9,3514.1,2.6035e+06,3348
3516.7,3541.4,3485.9,3514.1,2.6035e+06,3348
3592,3605.5,3554,3593.5,2.7884e+06,3545
3598.5,3607,3569,3579.5,2.1808e+06,3531.1
3571,3617,3556.5,3591,2.2583e+06,3542.5
3573,3611.5,3556,3556,2.5465e+06,3508
3538.5,3570.5,3525.5,3546.5,2.0467e+06,3498.6
3516.7,3541.4,3485.9,3514.1,2.6035e+06,3348
3516.7,3541.4,3485.9,3514.1,2.6035e+06,3348
3477.5,3531,3467.5,3475.5,2.5429e+06,3428.6
3464.5,3484,3415,3415,3.9257e+06,3368.9
3446,3510,3427.9,3499,3.058e+06,3451.7
3507.5,3509,3474,3495,1.6654e+06,3447.8
3483.5,3515.5,3473,3481.5,1.122e+06,3434.5
3516.7,3541.4,3485.9,3514.1,2.6035e+06,3348
3516.7,3541.4,3485.9,3514.1,2.6035e+06,3348
3448,3507.5,3433.5,3485,2.2582e+06,3437.9
3478.5,3492.5,3452,3462,2.5629e+06,3415.2
3486.5,3529.5,3457,3529.5,2.7519e+06,3481.8
3531.5,3568.5,3508.5,3564.5,2.1239e+06,3516.3
3606.5,3650.4,3570.5,3626.5,2.6578e+06,3577.5
3516.7,3541.4,3485.9,3514.1,2.6035e+06,3348
3516.7,3541.4,3485.9,3514.1,2.6035e+06,3348
3663.5,3671.5,3597.5,3617,2.4786e+06,3568.1
3625,3656,3609.5,3639.5,1.978e+06,3590.3
3626.5,3656.5,3605.5,3653,1.6499e+06,3603.7
3660,3687,3640,3659.5,1.9991e+06,3610.1
3664.5,3678,3634,3651,1.9318e+06,3601.7
3516.7,3541.4,3485.9,3514.1,2.6035e+06,3348
3516.7,3541.4,3485.9,3514.1,2.6035e+06,3348
3675,3675.5,3637,3651,1.7561e+06,3601.7
3665,3676,3630,3659.5,1.6332e+06,3610.1
3636.5,3653,3581.5,3592.5,2.2716e+06,3544
3637,3660.5,3559,3579.5,2.1852e+06,3531.1
3585,3629,3542.5,3550,2.0195e+06,3502
3516.7,3541.4,3485.9,3514.1,2.6035e+06,3348
3516.7,3541.4,3485.9,3514.1,2.6035e+06,3348
3559.5,3575,3498,3512,2.8648e+06,3464.6
3540,3551.5,3517.5,3551.5,2.6498e+06,3503.5
3650,3680.5,3629.5,3680.5,4.1215e+06,3630.8
3693,3747,3673.5,3740,4.3175e+06,3689.5
3750,3806.5,3743.7,3801,4.07e+06,3749.7
3516.7,3541.4,3485.9,3514.1,2.6035e+06,3348
3516.7,3541.4,3485.9,3514.1,2.6035e+06,3348
3788.5,3800,3766,3785,2.9343e+06,3733.9
3790.5,3843,3783,3821,3.0234e+06,3769.4
3822.5,3851.5,3803,3828.5,2.3502e+06,3776.8
3828.5,3871,3823,3830,2.135e+06,3778.3
3813.5,3824,3793.5,3805,1.903e+06,3753.6
3516.7,3541.4,3485.9,3514.1,2.6035e+06,3348
3516.7,3541.4,3485.9,3514.1,2.6035e+06,3348
3828,3835,3777,3822.5,2.036e+06,3770.9
3808.5,3831,3768,3774,2.3893e+06,3723
3755,3782.4,3678.3,3707.5,3.4433e+06,3657.4
3741.5,3777.5,3698.5,3731,2.9174e+06,3680.6
3743.5,3745,3713.5,3721,1.6767e+06,3670.7
3516.7,3541.4,3485.9,3514.1,2.6035e+06,3348
3516.7,3541.4,3485.9,3514.1,2.6035e+06,3348
3740.5,3743.1,3700.5,3726.5,1.754e+06,3676.2
3730.5,3734,3654.9,3709,2.278e+06,3658.9
3702.5,3703,3648.5,3657,2.5536e+06,3607.6
3598,3601,3558.5,3582.5,2.5725e+06,3582.5
3555.5,3585.5,3499.5,3499.5,3.1485e+06,3499.5
3516.7,3541.4,3485.9,3514.1,2.6035e+06,3348
3516.7,3541.4,3485.9,3514.1,2.6035e+06,3348
3378,3420.5,3231.5,3355.5,9.0148e+06,3355.5
3391.5,3440.5,3364.5,3425,5.3205e+06,3425
3385,3462,3366,3405.5,5.04e+06,3405.5
3466.5,3476.5,3409.5,3465,2.9747e+06,3465
3479.5,3487.1,3386.2,3479,2.7404e+06,3479
3516.7,3541.4,3485.9,3514.1,2.6035e+06,3348
3516.7,3541.4,3485.9,3514.1,2.6035e+06,3348
3479,3479,3479,3479,0,3479
3431,3440,3367.5,3391,3.3333e+06,3391
3404.5,3423.5,3358,3392.5,2.6554e+06,3392.5
3419,3458.5,3404,3450.5,2.8378e+06,3450.5
3431,3431,3376.5,3384.5,2.6409e+06,3384.5
3516.7,3541.4,3485.9,3514.1,2.6035e+06,3348
3516.7,3541.4,3485.9,3514.1,2.6035e+06,3348
3401.5,3412.5,3367,3400,1.2789e+06,3400
3400,3439.5,3354.6,3410.5,1.9793e+06,3410.5
3468.5,3484,3434.5,3469.5,2.2288e+06,3469.5
3442,3444,3403.5,3439.5,2.9183e+06,3439.5
3435.5,3454.5,3402,3424,2.8759e+06,3424
3516.7,3541.4,3485.9,3514.1,2.6035e+06,3348
3516.7,3541.4,3485.9,3514.1,2.6035e+06,3348
3441.5,3467,3420,3423,1.8222e+06,3423
3440,3477.5,3405,3472.5,3.2045e+06,3472.5
3490.5,3582,3484.5,3575,3.3508e+06,3575
3582.5,3634.5,3571.8,3578,4.0649e+06,3578
3572.5,3585,3450,3571,5.4928e+06,3571
3516.7,3541.4,3485.9,3514.1,2.6035e+06,3348
3516.7,3541.4,3485.9,3514.1,2.6035e+06,3348
3556,3599.6,3553.5,3558.5,2.4885e+06,3558.5
3560,3570.5,3459,3459,3.4451e+06,3459
3460,3535.5,3460,3514.5,2.3275e+06,3514.5
3521,3555.5,3499,3535,3.7028e+06,3535
3579,3635.5,3561,3618,2.9689e+06,3618
3516.7,3541.4,3485.9,3514.1,2.6035e+06,3348
3516.7,3541.4,3485.9,3514.1,2.6035e+06,3348
3619,3628,3549.5,3555.5,2.2548e+06,3555.5
3516.5,3558.5,3505,3521,2.5288e+06,3521
3583,3643,3561.5,3643,4.1002e+06,3643
3643,3678.5,3586,3588.5,2.9192e+06,3588.5
3635,3655,3584.5,3634.5,2.5124e+06,3634.5
3516.7,3541.4,3485.9,3514.1,2.6035e+06,3348
3516.7,3541.4,3485.9,3514.1,2.6035e+06,3348
3689,3694.5,3665.5,3679.5,2.0491e+06,3679.5
3683,3710.5,3658,3702.5,2.1778e+06,3702.5
3709,3747,3699,3726,2.623e+06,3726
3723,3750,3702.5,3738.5,2.0592e+06,3738.5
3760.5,3782.5,3734.5,3770,2.0725e+06,3770
3516.7,3541.4,3485.9,3514.1,2.6035e+06,3348
3516.7,3541.4,3485.9,3514.1,2.6035e+06,3348
3770.5,3770.5,3719,3763.5,1.8483e+06,3763.5
3759.5,3790,3726.5,3772,2.336e+06,3772
3755,3760,3729,3737,2.0593e+06,3737
3753,3815.5,3751,3804,2.5923e+06,3804
3797.5,3834,3783,3830,2.6033e+06,3830
3516.7,3541.4,3485.9,3514.1,2.6035e+06,3348
3516.7,3541.4,3485.9,3514.1,2.6035e+06,3348
3826,3906.7,3798,3824.5,1.6088e+06,3824.5
3840,3844.5,3785,3799,2.2959e+06,3799
3814,3849.5,3800.5,3816,2.1431e+06,3816
3820,3831.5,3796.5,3823,2.0518e+06,3823
3848,3858,3828.6,3843.5,2.2392e+06,3843.5
3516.7,3541.4,3485.9,3514.1,2.6035e+06,3348
3516.7,3541.4,3485.9,3514.1,2.6035e+06,3348
3805,3842,3797.5,3830,1.9308e+06,3830
3825,3836,3793.5,3793.5,1.7957e+06,3793.5
3826,3900.5,3826,3893,3.958e+06,3893
3895,3902,3853,3890.5,2.2733e+06,3890.5
3895,3906,3842.5,3859.5,2.3755e+06,3859.5
3516.7,3541.4,3485.9,3514.1,2.6035e+06,3348
3516.7,3541.4,3485.9,3514.1,2.6035e+06,3348
3826,3843,3811,3820,2.3232e+06,3820
3825,3847.5,3818,3842,1.418e+06,3842
3831.5,3871,3823.5,3857,1.6663e+06,3857
3857.5,3901.5,3845.2,3860,1.6622e+06,3860
3869.5,3875.5,3798.5,3810,1.7866e+06,3810
3516.7,3541.4,3485.9,3514.1,2.6035e+06,3348
3516.7,3541.4,3485.9,3514.1,2.6035e+06,3348
3800,3810.1,3759,3773,2.1399e+06,3773
3793,3797,3736.5,3779.5,1.9244e+06,3779.5
3790,3807.5,3764,3784.5,1.8293e+06,3784.5
3787,3796,3720,3724.5,2.3734e+06,3724.5
3718,3728.8,3667,3705.5,2.2503e+06,3705.5
3516.7,3541.4,3485.9,3514.1,2.6035e+06,3348
3516.7,3541.4,3485.9,3514.1,2.6035e+06,3348
3689,3741.5,3687.5,3741,1.668e+06,3741
3774.5,3816.5,3760,3812,2.1608e+06,3812
3794.5,3824,3782.5,3808.5,1.9065e+06,3808.5
3819,3867.5,3816.5,3860.5,2.6955e+06,3860.5
3873.5,3892.5,3839.2,3870,2.382e+06,3870
3516.7,3541.4,3485.9,3514.1,2.6035e+06,3348
3516.7,3541.4,3485.9,3514.1,2.6035e+06,3348
3834,3870.5,3820,3869,1.6224e+06,3869
3871.5,3871.5,3810,3850,1.5996e+06,3850
3856.5,3884.5,3850.5,3873,1.8379e+06,3873
3876.5,3892.5,3858,3875,1.2627e+06,3875
3848.5,3909.5,3837.5,3898.5,1.6026e+06,3898.5
3516.7,3541.4,3485.9,3514.1,2.6035e+06,3348
3516.7,3541.4,3485.9,3514.1,2.6035e+06,3348
3901.5,3931.5,3861.5,3868,2.3258e+06,3868
3875,3887,3843.5,3886.5,2.4856e+06,3886.5
3899,3906,3872,3891,1.6031e+06,3891
3884.5,3915.5,3810,3816,2.5974e+06,3816
3803,3803,3760.5,3781,2.5925e+06,3781
3516.7,3541.4,3485.9,3514.1,2.6035e+06,3348
3516.7,3541.4,3485.9,3514.1,2.6035e+06,3348
3809.5,3843.5,3779,3835.5,1.7734e+06,3835.5
3840,3861,3781.5,3800,2.1599e+06,3800
3830,3830,3737,3738,2.5612e+06,3738
3699,3709,3672,3694,3.1168e+06,3694
3685.5,3700.5,3572.5,3599,3.8212e+06,3599
3516.7,3541.4,3485.9,3514.1,2.6035e+06,3348
3516.7,3541.4,3485.9,3514.1,2.6035e+06,3348
3603.5,3673.9,3583.5,3590,2.865e+06,3590
3616.5,3697,3616.5,3686,3.1082e+06,3686
3693,3723.3,3672.5,3719,2.1779e+06,3719
3780.5,3788,3721.5,3732.5,3.0167e+06,3732.5
3703,3730.5,3660.5,3666.5,4.5926e+06,3666.5
3516.7,3541.4,3485.9,3514.1,2.6035e+06,3348
3516.7,3541.4,3485.9,3514.1,2.6035e+06,3348
3667,3712.5,3657.5,3657.5,2.2489e+06,3657.5
3658,3688.5,3647,3669.5,1.0754e+06,3669.5
3696.5,3753,3691.5,3745.5,1.2517e+06,3745.5
3763.5,3784.5,3729.5,3781,3.294e+05,3781
3516.7,3541.4,3485.9,3514.1,2.6035e+06,3348
3516.7,3541.4,3485.9,3514.1,2.6035e+06,3348
3516.7,3541.4,3485.9,3514.1,2.6035e+06,3348
3516.7,3541.4,3485.9,3514.1,2.6035e+06,3348
3793.5,3816,3767,3806,1.3285e+06,3806
3799,3803.2,3773.5,3789.5,8.462e+05,3789.5
3780,3801,3754,3771,5.161e+05,3771
3516.7,3541.4,3485.9,3514.1,2.6035e+06,3348
3516.7,3541.4,3485.9,3514.1,2.6035e+06,3348
3516.7,3541.4,3485.9,3514.1,2.6035e+06,3348
3748.5,3748.5,3671,3685.5,2.0117e+06,3685.5
3721.5,3745,3643.5,3685.5,1.3811e+06,3685.5
3710,3729.5,3675,3728,2.083e+06,3728
3658.5,3692.5,3627,3664.5,3.1411e+06,3664.5
3670.5,3673.5,3629.5,3631,2.104e+06,3631
3516.7,3541.4,3485.9,3514.1,2.6035e+06,3348
3516.7,3541.4,3485.9,3514.1,2.6035e+06,3348
3614,3676,3602,3648.5,2.0063e+06,3648.5
3636,3722.5,3621.5,3698,2.5888e+06,3698
3725.5,3729,3698,3721,2.5891e+06,3721
3675.5,3678.5,3623,3639.5,2.8208e+06,3639.5
3622.5,3631,3536,3595,4.4838e+06,3595
3516.7,3541.4,3485.9,3514.1,2.6035e+06,3348
3516.7,3541.4,3485.9,3514.1,2.6035e+06,3348
3595,3641,3562.3,3612,1.948e+06,3612
3659,3665,3634,3647,2.1468e+06,3647
3606.5,3619.5,3544,3565,3.0408e+06,3565
3575.5,3599.5,3547,3579.5,3.3482e+06,3579.5
3624.5,3646.5,3606,3625.5,2.5679e+06,3625.5
3516.7,3541.4,3485.9,3514.1,2.6035e+06,3348
3516.7,3541.4,3485.9,3514.1,2.6035e+06,3348
3642.5,3660.5,3624,3657,2.6252e+06,3657
3616.5,3688.5,3601.5,3683,2.1844e+06,3683
3671,3764,3653.5,3764,2.8348e+06,3764
3765.5,3800.2,3748,3768.5,3.5606e+06,3768.5
3829.5,3897,3800,3897,4.159e+06,3897
3516.7,3541.4,3485.9,3514.1,2.6035e+06,3348
3516.7,3541.4,3485.9,3514.1,2.6035e+06,3348
3895.5,3903.5,3826.5,3864,3.7924e+06,3864
3865,3866,3824,3856.5,2.5782e+06,3856.5
3858.5,3870,3799,3805,3.8125e+06,3805
3834.5,3856.1,3726.5,3753.5,3.288e+06,3753.5
3755,3778.5,3722.5,3726.5,2.5122e+06,3726.5
3516.7,3541.4,3485.9,3514.1,2.6035e+06,3348
3516.7,3541.4,3485.9,3514.1,2.6035e+06,3348
3745.5,3746,3684.5,3731,3.8895e+06,3731
3753.5,3779,3703.5,3736.5,3.713e+06,3736.5
3782.5,3798,3671,3692.5,3.3091e+06,3692.5
3661.5,3705,3609,3681,3.9648e+06,3681
3700.5,3720,3668,3708.5,3.3825e+06,3708.5
3516.7,3541.4,3485.9,3514.1,2.6035e+06,3348
3516.7,3541.4,3485.9,3514.1,2.6035e+06,3348
3778,3805.5,3744.5,3775,1.8265e+06,3775
3789.5,3856,3787.5,3844,2.2047e+06,3844
3859,3890,3845.5,3890,2.6983e+06,3890
