233.1,235.5,228.6,230.8,2.6821e+06,217.49
231,236.5,229.59,233.8,1.7558e+06,220.32
233.9,243.1,233.9,239,7.5991e+06,225.22
237,237.7,230.9,234,3.7706e+06,220.51
234.9,240.9,233.7,239.4,3.4674e+06,225.59
437.68,446.65,431.88,437.78,4.0127e+06,424.35
437.68,446.65,431.88,437.78,4.0127e+06,424.35
238.2,242.33,235,238,3.4112e+06,224.27
233.7,237.25,230.7,235.5,4.4201e+06,221.92
237.7,241.3,230.6,235.1,3.8067e+06,221.54
236.6,243.5,235.9,240.1,4.5492e+06,226.25
240,244.63,239.1,240.8,3.916e+06,226.91
437.68,446.65,431.88,437.78,4.0127e+06,424.35
437.68,446.65,431.88,437.78,4.0127e+06,424.35
237.9,240.96,234.1,235.3,3.4311e+06,221.73
236.4,243.7,236.4,242.6,3.1231e+06,228.61
243.6,246.1,241.1,244.9,3.7821e+06,230.78
244.9,245.7,243.2,243.9,1.9675e+06,229.83
245.1,246.71,239.76,241.6,1.936e+06,227.67
437.68,446.65,431.88,437.78,4.0127e+06,424.35
437.68,446.65,431.88,437.78,4.0127e+06,424.35
239.3,241.5,235.46,237.6,2.9229e+06,223.9
237.3,241.16,236.9,237.5,3.5699e+06,223.8
237.4,237.8,233.85,237.2,2.214e+06,223.52
237.9,240,235.5,239.4,2.4372e+06,225.59
240,242.5,235,235,4.4902e+06,221.45
437.68,446.65,431.88,437.78,4.0127e+06,424.35
437.68,446.65,431.88,437.78,4.0127e+06,424.35
231.6,240.41,230.2,240,3.9255e+06,226.16
239.2,242.2,238.6,239.8,3.2316e+06,225.97
239.9,261.93,239.4,255.6,1.091e+07,240.86
257,259.82,254.1,258.9,9.902e+06,243.97
257.2,259.8,257.1,258,3.5282e+06,243.12
437.68,446.65,431.88,437.78,4.0127e+06,424.35
437.68,446.65,431.88,437.78,4.0127e+06,424.35
259.8,267.99,257.68,264.5,5.7594e+06,249.25
264.6,271.7,264,268.8,5.5408e+06,253.3
268.9,272.4,264.73,267.6,3.8311e+06,252.17
270.9,277.3,267,274.1,5.0044e+06,258.29
274.1,274.1,274.1,274.1,0,258.29
437.68,446.65,431.88,437.78,4.0127e+06,424.35
437.68,446.65,431.88,437.78,4.0127e+06,424.35
274.1,274.1,274.1,274.1,0,258.29
273.3,282.2,273,279.7,3.8867e+06,263.57
280.5,281.8,277.43,280.3,2.9714e+06,264.13
282.7,282.7,269.2,270,4.9584e+06,254.43
269.8,270.84,261.94,264.3,4.6883e+06,249.06
437.68,446.65,431.88,437.78,4.0127e+06,424.35
437.68,446.65,431.88,437.78,4.0127e+06,424.35
266.6,273.54,263.79,264.4,2.5037e+06,249.15
265,268.23,263.7,267.4,3.1002e+06,251.98
268.4,281.3,267.82,280.8,5.4773e+06,264.61
280.4,288.44,279.16,286.8,3.5373e+06,270.26
285.5,287.7,278.64,286.8,2.9483e+06,270.26
437.68,446.65,431.88,437.78,4.0127e+06,424.35
437.68,446.65,431.88,437.78,4.0127e+06,424.35
286.7,288.8,279.83,288.6,3.4672e+06,271.96
286.5,289.1,279.25,284,3.8322e+06,267.62
285.3,286.19,277,283.1,3.373e+06,266.77
285,292,282.58,291.1,4.0724e+06,274.31
294.5,302.21,289.4,298.5,4.6076e+06,281.29
437.68,446.65,431.88,437.78,4.0127e+06,424.35
437.68,446.65,431.88,437.78,4.0127e+06,424.35
300.2,305.83,299.35,303.7,4.1518e+06,286.19
304.2,316.9,302.4,315.3,4.0443e+06,297.12
315.8,316.92,310.5,314.5,4.3809e+06,296.36
314.5,322.2,313.5,320.3,8.1396e+06,301.83
319.4,319.4,312.35,318,3.213e+06,299.66
437.68,446.65,431.88,437.78,4.0127e+06,424.35
437.68,446.65,431.88,437.78,4.0127e+06,424.35
320.4,329.5,318.8,320.9,4.9745e+06,302.39
322.5,325.2,308.86,311.2,4.8871e+06,293.25
312.9,318.51,311.36,317,2.1949e+06,298.72
314.3,317.8,310.1,312.1,4.7738e+06,294.1
313.4,319.3,309.58,316.2,3.6128e+06,297.96
437.68,446.65,431.88,437.78,4.0127e+06,424.35
437.68,446.65,431.88,437.78,4.0127e+06,424.35
316.2,316.2,316.2,316.2,0,297.96
315,316.68,309.17,313,4.1048e+06,294.95
313,321,312.3,320.5,2.9738e+06,302.02
325,326.2,314,319.9,5.1952e+06,301.45
319.7,323.5,316,323.3,3.0288e+06,304.65
437.68,446.65,431.88,437.78,4.0127e+06,424.35
437.68,446.65,431.88,437.78,4.0127e+06,424.35
322.2,324.75,312.7,314.1,6.0599e+06,295.99
311.1,312.9,301.2,311.4,6.2783e+06,293.44
317,329.35,312.9,329.1,5.5386e+06,310.12
328.8,332.42,320,330.4,4.1392e+06,311.35
331.4,347.44,330.2,346.3,5.7037e+06,326.33
437.68,446.65,431.88,437.78,4.0127e+06,424.35
437.68,446.65,431.88,437.78,4.0127e+06,424.35
345.4,349.33,341.5,342.5,2.8723e+06,322.75
342.3,347.09,339.81,342.2,2.6879e+06,322.46
342.1,342.9,336.5,338.8,5.9429e+06,319.26
332.1,332.38,325.7,330.7,3.0641e+06,311.63
331,334,316.6,325,6.678e+06,306.26
437.68,446.65,431.88,437.78,4.0127e+06,424.35
437.68,446.65,431.88,437.78,4.0127e+06,424.35
325,325,325,325,0,306.26
329.2,333.2,328.5,330,3.8842e+06,310.97
328.7,331,322.01,323.1,3.3212e+06,304.47
322.4,324,319.12,323,2.0784e+06,304.37
321.8,322.23,315.8,319.8,3.4915e+06,301.36
437.68,446.65,431.88,437.78,4.0127e+06,424.35
437.68,446.65,431.88,437.78,4.0127e+06,424.35
318.2,321,313.45,316,3.1478e+06,297.78
317.3,322.9,315.7,320.5,3.0566e+06,302.02
319,320.8,308.4,308.4,4.8078e+06,290.61
308.1,313.2,305.9,305.9,2.8433e+06,288.26
306.9,320.08,305.71,316.1,3.6309e+06,297.87
437.68,446.65,431.88,437.78,4.0127e+06,424.35
437.68,446.65,431.88,437.78,4.0127e+06,424.35
314.3,322.1,314.1,320.9,2.2378e+06,302.39
321,321,307,310.3,3.7018e+06,292.4
306.2,313.4,305.74,305.9,3.733e+06,288.26
303.5,304,292,299.4,4.9145e+06,282.13
304.3,313.2,301.2,310,3.7333e+06,292.12
437.68,446.65,431.88,437.78,4.0127e+06,424.35
437.68,446.65,431.88,437.78,4.0127e+06,424.35
305.8,316.2,305.39,313.3,2.8739e+06,295.23
313.1,319.6,312,316.6,2.4934e+06,298.34
317,317.8,313.92,316.1,4.8961e+06,297.87
310.4,312.5,302.32,303.5,2.9912e+06,286
305.1,310,292.6,292.6,5.3575e+06,275.73
437.68,446.65,431.88,437.78,4.0127e+06,424.35
437.68,446.65,431.88,437.78,4.0127e+06,424.35
291.5,293.94,280.56,282.1,8.0051e+06,265.83
283.3,294.1,281.2,293.8,3.7664e+06,276.86
295,309.8,294.55,307.4,3.7947e+06,289.67
307.9,309.77,305,306.1,2.597e+06,288.45
307.8,311.3,304.7,309.6,2.9201e+06,291.75
437.68,446.65,431.88,437.78,4.0127e+06,424.35
437.68,446.65,431.88,437.78,4.0127e+06,424.35
311.5,327.1,310.25,327.1,3.4613e+06,308.24
328.7,329.7,317.96,319.1,2.5508e+06,300.7
315.2,320.1,312.4,318,4.1405e+06,299.66
321.9,338.2,321,333.8,4.9304e+06,314.55
335.9,336.9,330.5,330.7,2.4285e+06,311.63
437.68,446.65,431.88,437.78,4.0127e+06,424.35
437.68,446.65,431.88,437.78,4.0127e+06,424.35
332.5,345.8,332.18,342.9,3.4711e+06,323.13
345,355.26,341.5,342.9,6.1334e+06,323.13
349.9,357,333.4,338,7.1675e+06,318.51
342.5,350.42,342.5,346.8,5.609e+06,326.8
347.5,351.2,345,351,2.4893e+06,330.76
437.68,446.65,431.88,437.78,4.0127e+06,424.35
437.68,446.65,431.88,437.78,4.0127e+06,424.35
351.1,353.61,349.7,352,2.1554e+06,331.7
353.4,353.92,336.3,336.3,3.2625e+06,316.9
335.6,342.1,333.5,341.6,2.7475e+06,321.9
341,349.4,340.53,348.4,1.5489e+06,328.31
347.8,349,336.6,349,1.5016e+06,328.87
437.68,446.65,431.88,437.78,4.0127e+06,424.35
437.68,446.65,431.88,437.78,4.0127e+06,424.35
350.3,350.8,341.3,344.5,1.6993e+06,324.63
346.5,348.6,341.4,341.9,1.0778e+06,322.18
343,346.4,338.4,340.6,1.4793e+06,320.96
341.4,343.9,336.54,342.2,1.2355e+06,322.46
343.2,344.42,329.64,331,1.9948e+06,311.91
437.68,446.65,431.88,437.78,4.0127e+06,424.35
437.68,446.65,431.88,437.78,4.0127e+06,424.35
332.5,335.26,328.9,330.8,1.6522e+06,311.72
333,336.8,330.1,335,1.681e+06,315.68
334.2,335.02,324.6,326,3.2394e+06,307.2
327.3,334,326,334,2.5937e+06,314.74
334.4,346.2,334.3,346.1,2.5676e+06,326.14
437.68,446.65,431.88,437.78,4.0127e+06,424.35
437.68,446.65,431.88,437.78,4.0127e+06,424.35
346.3,352.2,346,352.2,4.4636e+06,331.89
351.8,359.3,351.7,355.2,3.6147e+06,334.71
358,359.8,352.7,354.6,2.9835e+06,334.15
354.7,358.3,349.5,351,2.6917e+06,330.76
352,352.96,338,338,4.2193e+06,318.51
437.68,446.65,431.88,437.78,4.0127e+06,424.35
437.68,446.65,431.88,437.78,4.0127e+06,424.35
338,339.5,331.4,332.5,2.0974e+06,313.32
334.4,335.65,328.7,329.2,2.1945e+06,310.21
330,336.02,321.6,324.3,2.1775e+06,305.6
324.1,325.7,293,301.2,8.8676e+06,283.83
302.4,315.66,302.2,312.9,7.3964e+06,294.86
437.68,446.65,431.88,437.78,4.0127e+06,424.35
437.68,446.65,431.88,437.78,4.0127e+06,424.35
308.6,314.78,306.1,308.1,4.1293e+06,290.33
305.6,308.1,303,306.1,2.7233e+06,288.45
307.3,310,300.7,304.5,2.1099e+06,286.94
303.3,311.8,303.3,307.5,2.436e+06,289.77
307,316.1,306.5,314.8,2.5595e+06,296.64
437.68,446.65,431.88,437.78,4.0127e+06,424.35
437.68,446.65,431.88,437.78,4.0127e+06,424.35
314.8,314.8,314.8,314.8,0,296.64
314.8,321.6,309.97,311.1,4.2391e+06,293.16
309.2,310.8,300.5,304.7,4.0605e+06,287.13
306.2,310.4,304.8,309.9,1.9676e+06,292.03
310.4,312.6,302.7,303.5,1.8544e+06,286
437.68,446.65,431.88,437.78,4.0127e+06,424.35
437.68,446.65,431.88,437.78,4.0127e+06,424.35
307.9,318,307.7,317,2.3625e+06,298.72
317.5,319.9,312.1,315,1.9552e+06,296.83
314.3,318,298.7,299.5,6.1419e+06,282.23
300.6,309,296.65,307.4,5.6689e+06,289.67
307.3,314.5,303.4,314.5,2.9459e+06,296.36
437.68,446.65,431.88,437.78,4.0127e+06,424.35
437.68,446.65,431.88,437.78,4.0127e+06,424.35
316.3,330.9,315.87,328.2,5.1818e+06,309.27
329.7,335.9,329.4,332.3,4.1168e+06,313.14
333.9,336.8,312.5,317.1,5.9409e+06,298.81
317.7,321.41,305,315,4.8784e+06,296.83
316.2,332.8,315.9,330.9,6.3674e+06,311.82
437.68,446.65,431.88,437.78,4.0127e+06,424.35
437.68,446.65,431.88,437.78,4.0127e+06,424.35
334.7,337.2,329.9,333.6,3.3822e+06,314.36
332.2,333.1,327.71,329.5,3.0727e+06,310.5
330.6,331.75,321.28,325.5,3.8612e+06,306.73
331.3,337.08,330,335,5.8988e+06,315.68
333.6,338.3,322.5,326.2,5.6337e+06,307.39
437.68,446.65,431.88,437.78,4.0127e+06,424.35
437.68,446.65,431.88,437.78,4.0127e+06,424.35
326.5,327.2,314.75,316.1,3.5603e+06,297.87
316.6,322.33,313.7,321.4,1.9346e+06,302.87
321.6,326.25,317.36,318.4,3.5595e+06,300.04
319.7,321,307.7,311.7,3.2795e+06,293.72
313.3,313.3,299.58,302.1,3.4987e+06,284.68
437.68,446.65,431.88,437.78,4.0127e+06,424.35
437.68,446.65,431.88,437.78,4.0127e+06,424.35
309,313.3,304,308.6,7.7709e+06,290.8
308.8,313.6,305.4,312.2,5.2118e+06,294.19
310.6,315.2,309.8,311.7,4.958e+06,293.72
311.9,313.8,310.02,310.8,2.0694e+06,292.88
311.4,313.5,307.6,311.4,3.6154e+06,293.44
437.68,446.65,431.88,437.78,4.0127e+06,424.35
437.68,446.65,431.88,437.78,4.0127e+06,424.35
309.1,310.2,303.1,310,2.0142e+06,292.12
310.5,314.7,305.8,308.9,3.125e+06,291.08
315,2969.4,314,320,5.6714e+06,301.55
322.4,332.46,319.4,326.6,4.8584e+06,307.76
327.6,332.66,325.6,331.8,2.1382e+06,312.67
437.68,446.65,431.88,437.78,4.0127e+06,424.35
437.68,446.65,431.88,437.78,4.0127e+06,424.35
331.7,337.6,330.8,336.7,2.9524e+06,317.28
339,344.9,337,341.4,3.0653e+06,321.71
339.1,344.1,333.22,342.1,2.5421e+06,322.37
341.5,346.1,336.74,340.8,2.0698e+06,321.15
343.6,347.6,340.5,346.5,2.3827e+06,326.52
437.68,446.65,431.88,437.78,4.0127e+06,424.35
437.68,446.65,431.88,437.78,4.0127e+06,424.35
347.4,349.71,343.8,347,2.196e+06,326.99
346.5,347.72,337.5,340.5,3.0184e+06,320.86
336,340.4,335.31,339.3,5.7888e+06,322.36
339.7,343.1,338.4,340.9,2.4691e+06,323.88
338.8,339.27,330.8,334.2,3.0927e+06,317.52
437.68,446.65,431.88,437.78,4.0127e+06,424.35
437.68,446.65,431.88,437.78,4.0127e+06,424.35
334.5,339.1,331.79,332.3,1.9054e+06,315.71
332.5,340.6,331.66,340.5,2.2508e+06,323.5
340,345.6,339.7,343,1.813e+06,325.88
341.6,346,334.2,335.1,2.9005e+06,318.37
335.3,340.77,329.3,339,2.1643e+06,322.08
437.68,446.65,431.88,437.78,4.0127e+06,424.35
437.68,446.65,431.88,437.78,4.0127e+06,424.35
339.6,340,334.8,335.7,1.3879e+06,318.94
336.1,336.14,319.32,320.8,4.2905e+06,304.79
325.3,325.5,307.9,310.7,4.6819e+06,295.19
314,317.6,305.42,313.5,5.9615e+06,297.85
312.1,322.04,310.7,321.4,3.3105e+06,305.36
437.68,446.65,431.88,437.78,4.0127e+06,424.35
437.68,446.65,431.88,437.78,4.0127e+06,424.35
323.2,326.3,319.75,325,2.995e+06,308.78
324.8,328,320.2,327.3,3.4257e+06,310.96
325.3,329.7,310,312,4.9683e+06,296.43
316.6,323.5,310.7,311.2,3.3555e+06,295.67
313.2,318.4,312.4,313.2,2.0512e+06,297.57
437.68,446.65,431.88,437.78,4.0127e+06,424.35
437.68,446.65,431.88,437.78,4.0127e+06,424.35
313.3,323.5,310.9,320.8,3.8447e+06,304.79
320.4,322.48,318.2,321.1,1.6045e+06,305.07
323.1,327.7,320.5,325.5,4.125e+06,309.25
324.6,336.5,321.6,335.1,4.442e+06,318.37
336.6,341.3,335,339.6,3.5288e+06,322.65
437.68,446.65,431.88,437.78,4.0127e+06,424.35
437.68,446.65,431.88,437.78,4.0127e+06,424.35
342.6,342.6,334.1,334.9,2.4912e+06,318.18
336,341,336,337.5,2.1775e+06,320.65
337.1,347.5,335.5,346.7,3.8157e+06,329.39
348.3,349.85,312.1,329.9,1.3835e+07,313.43
329.8,334.1,322.4,329.2,4.2937e+06,312.77
437.68,446.65,431.88,437.78,4.0127e+06,424.35
437.68,446.65,431.88,437.78,4.0127e+06,424.35
336.4,336.4,328,329.8,2.4084e+06,313.34
329,329.2,322,322.5,3.4926e+06,306.4
324.2,330.32,319.8,319.8,3.6358e+06,303.84
318.2,327.2,313.6,324.7,3.2963e+06,308.49
326.2,338.88,326.2,337.9,4.9677e+06,321.03
437.68,446.65,431.88,437.78,4.0127e+06,424.35
437.68,446.65,431.88,437.78,4.0127e+06,424.35
330.2,339.7,330.2,338.5,2.479e+06,321.6
338.6,344.5,337.71,342,3.0727e+06,324.93
342.6,346,337.1,337.6,2.3745e+06,320.75
336,338.25,331.42,332,3.3306e+06,315.43
331.5,334.5,328,328.9,2.2562e+06,312.48
437.68,446.65,431.88,437.78,4.0127e+06,424.35
437.68,446.65,431.88,437.78,4.0127e+06,424.35
328.1,333.3,322,329.2,2.4662e+06,312.77
328.3,339.2,326.8,336.1,2.2445e+06,319.32
338.3,342.8,335.7,337.4,2.3744e+06,320.56
342,343.87,336.4,337.4,3.0314e+06,320.56
338,341.2,332.8,337.9,3.361e+06,321.03
437.68,446.65,431.88,437.78,4.0127e+06,424.35
437.68,446.65,431.88,437.78,4.0127e+06,424.35
338.3,340.4,335.9,338.5,9.828e+05,321.6
339.5,340.78,337.94,340,2.368e+05,323.03
340,340,340,340,0,323.03
340,340,340,340,0,323.03
341.1,341.1,336,338.7,1.2189e+06,321.79
437.68,446.65,431.88,437.78,4.0127e+06,424.35
437.68,446.65,431.88,437.78,4.0127e+06,424.35
338,343.4,336.5,342.4,2.5532e+06,325.31
342.3,349.99,337.8,349,1.2965e+06,331.58
349,349,349,349,0,331.58
349.8,358.8,343.93,357,4.195e+06,339.18
358,361.3,352.1,360.7,2.9662e+06,342.69
437.68,446.65,431.88,437.78,4.0127e+06,424.35
437.68,446.65,431.88,437.78,4.0127e+06,424.35
360,371.5,358.29,370.9,4.6772e+06,352.38
371,374.06,367.3,373,4.223e+06,354.38
375,378.72,365.64,367.4,2.9599e+06,349.06
371,371.4,365.7,367.8,2.3536e+06,349.44
368.8,379.6,368.8,378.9,3.7517e+06,359.99
437.68,446.65,431.88,437.78,4.0127e+06,424.35
437.68,446.65,431.88,437.78,4.0127e+06,424.35
380.9,382.46,376.08,381,2.6736e+06,361.98
379.5,387,367.2,387,4.8749e+06,367.68
387.2,389.2,382.2,385.4,3.2823e+06,366.16
387,387.3,380.6,383.3,3.0146e+06,364.17
381,392,380.8,390.9,5.123e+06,371.39
437.68,446.65,431.88,437.78,4.0127e+06,424.35
437.68,446.65,431.88,437.78,4.0127e+06,424.35
390.6,398,388.54,392,2.6038e+06,372.43
391.8,393.62,385.1,389.9,2.6916e+06,370.44
390,391.2,385.16,386.4,3.2778e+06,367.11
385.6,389.6,377.6,378.6,2.5245e+06,359.7
378.5,381.8,367.2,369,5.0532e+06,350.58
437.68,446.65,431.88,437.78,4.0127e+06,424.35
437.68,446.65,431.88,437.78,4.0127e+06,424.35
366.9,368.9,359.2,366,3.6685e+06,347.73
366.4,382.16,365.4,379.7,2.824e+06,360.75
384.6,390,370.6,372.6,3.3113e+06,354
372,377.5,370.61,375.7,2.0544e+06,356.94
375.5,384.5,371.3,378.6,4.1819e+06,359.7
437.68,446.65,431.88,437.78,4.0127e+06,424.35
437.68,446.65,431.88,437.78,4.0127e+06,424.35
378.7,381.6,373.1,376.1,2.7375e+06,357.32
373.9,383.5,369.9,377.1,3.1397e+06,358.27
376.6,382.66,374.1,378.7,2.4428e+06,359.8
381.8,394.4,380.3,394.1,4.496e+06,374.43
396,403,394.32,402.8,3.7919e+06,382.69
437.68,446.65,431.88,437.78,4.0127e+06,424.35
437.68,446.65,431.88,437.78,4.0127e+06,424.35
403.5,405.9,402.6,403.3,2.8254e+06,383.17
404.2,411,403.34,409.9,2.896e+06,389.44
409.2,409.2,402.7,405.6,5.103e+06,385.35
404,406.32,400,406.2,2.6743e+06,385.92
406.3,410.6,404.7,408.8,1.7225e+06,388.39
437.68,446.65,431.88,437.78,4.0127e+06,424.35
437.68,446.65,431.88,437.78,4.0127e+06,424.35
407.8,418.59,407.6,417.3,2.0406e+06,396.47
417.7,430.3,414.83,430.1,3.7828e+06,408.63
427.8,428,417.9,426.7,4.2615e+06,405.4
422.5,430.32,417.4,430.1,2.5496e+06,408.63
426.2,434.42,426.05,432.1,2.5819e+06,410.53
437.68,446.65,431.88,437.78,4.0127e+06,424.35
437.68,446.65,431.88,437.78,4.0127e+06,424.35
430.3,434.2,420.3,434,5.0145e+06,412.33
435,439.5,423.1,424.7,1.1597e+07,403.5
425.4,425.4,408.3,411.8,5.0256e+06,391.24
415,438.7,415,427.8,8.0882e+06,406.44
430.9,440,425.68,440,4.229e+06,418.04
437.68,446.65,431.88,437.78,4.0127e+06,424.35
437.68,446.65,431.88,437.78,4.0127e+06,424.35
434,443.9,430.4,438.4,5.5141e+06,416.51
444.2,452.9,442.12,451.8,6.0349e+06,429.25
447.6,448,435,443.6,6.7518e+06,421.45
445.6,452.3,441.5,448,4.164e+06,425.64
449.1,455.4,441.3,448.3,3.8074e+06,425.92
437.68,446.65,431.88,437.78,4.0127e+06,424.35
437.68,446.65,431.88,437.78,4.0127e+06,424.35
446.8,447.8,428.6,430.3,5.0006e+06,408.82
430.5,432.72,414.5,420.2,6.1643e+06,399.22
415,421.7,409,417.6,4.4385e+06,396.75
417.9,420.72,408.1,408.4,3.8003e+06,388.01
404,413.7,401,412.2,3.9855e+06,391.62
437.68,446.65,431.88,437.78,4.0127e+06,424.35
437.68,446.65,431.88,437.78,4.0127e+06,424.35
421.5,435.11,420.1,424.8,4.4965e+06,403.59
424.3,429.3,423.2,426.4,3.3061e+06,405.11
427.7,429.5,424.5,424.8,3.6743e+06,403.59
421.4,425,407.2,412.8,4.2357e+06,392.19
413.2,415.3,400.57,403.4,3.2479e+07,383.26
437.68,446.65,431.88,437.78,4.0127e+06,424.35
437.68,446.65,431.88,437.78,4.0127e+06,424.35
401,407.2,392.9,393.7,5.8606e+06,374.05
393.5,406.64,393.5,402.7,4.2997e+06,382.6
404.6,413.4,404.6,409.3,3.3587e+06,388.87
406.9,409.81,402.1,403.6,2.8334e+06,383.45
403.9,409.31,403.2,409.1,3.1733e+06,388.68
437.68,446.65,431.88,437.78,4.0127e+06,424.35
437.68,446.65,431.88,437.78,4.0127e+06,424.35
410.4,415,408.4,412.5,2.777e+06,391.91
414,419.2,413.88,418.3,4.1623e+06,397.42
418.7,422.01,417.68,419.5,2.3599e+06,398.56
419.4,421.28,415.6,416.5,3.7352e+06,395.71
417.3,419.1,408.4,409.9,4.0981e+06,389.44
437.68,446.65,431.88,437.78,4.0127e+06,424.35
437.68,446.65,431.88,437.78,4.0127e+06,424.35
405.7,406.3,386.8,389.4,5.6416e+06,369.96
389.7,392.1,372.1,381.2,8.7143e+06,362.17
382.3,397.9,382.3,395.9,5.1629e+06,376.14
398,403.46,392.3,395.2,7.389e+06,375.47
390.9,390.9,380.6,386.3,4.1031e+06,367.02
437.68,446.65,431.88,437.78,4.0127e+06,424.35
437.68,446.65,431.88,437.78,4.0127e+06,424.35
383.3,383.3,362.2,371.5,6.5824e+06,352.95
372.4,382.3,371.34,373.1,5.4047e+06,354.48
377.2,378.4,364,365,6.1298e+06,349.78
365.8,378.05,364,374.8,5.3549e+06,359.17
374.8,374.8,374.8,374.8,0,359.17
437.68,446.65,431.88,437.78,4.0127e+06,424.35
437.68,446.65,431.88,437.78,4.0127e+06,424.35
374.8,374.8,374.8,374.8,0,359.17
375.1,380,372.55,378.2,4.6355e+06,362.43
378.5,381.4,369.4,371.2,2.707e+06,355.72
371.4,374,365,368.6,4.3967e+06,353.23
366.6,370.41,356.9,360.2,6.4545e+06,345.18
437.68,446.65,431.88,437.78,4.0127e+06,424.35
437.68,446.65,431.88,437.78,4.0127e+06,424.35
361,364.6,352.8,353.8,4.0841e+06,339.05
355.2,359.2,349.3,351.3,6.6163e+06,336.65
349.6,370.26,347.39,369.5,7.7598e+06,354.09
369.7,371.55,361.55,368.4,2.8307e+06,353.04
370.1,376.6,370,375,4.9108e+06,359.36
437.68,446.65,431.88,437.78,4.0127e+06,424.35
437.68,446.65,431.88,437.78,4.0127e+06,424.35
375,375,375,375,0,359.36
378,384.3,375.93,382.3,4.7075e+06,366.36
381.2,382.12,375.6,376.3,4.2562e+06,360.61
378.4,385.78,378.06,382.5,3.4621e+06,366.55
381.1,383.02,374.7,377.5,2.8799e+06,361.76
437.68,446.65,431.88,437.78,4.0127e+06,424.35
437.68,446.65,431.88,437.78,4.0127e+06,424.35
378.3,378.3,372.9,374.3,3.0823e+06,358.69
378.2,386.8,378.2,386.3,4.7479e+06,370.19
385.9,387.9,374.8,377,4.0386e+06,361.28
376.3,381.8,355.3,357.8,5.862e+06,342.88
359.3,362.57,336.87,344.3,1.015e+07,329.94
437.68,446.65,431.88,437.78,4.0127e+06,424.35
437.68,446.65,431.88,437.78,4.0127e+06,424.35
344.2,348.35,336.1,343,6.2652e+06,328.7
343.7,353.06,343.08,350.9,5.016e+06,336.27
349.8,358.7,344.4,357,5.7031e+06,342.11
358.8,362.1,352.36,355.2,3.0478e+06,340.39
355.9,359.7,353.3,358.3,3.4873e+06,343.36
437.68,446.65,431.88,437.78,4.0127e+06,424.35
437.68,446.65,431.88,437.78,4.0127e+06,424.35
358.3,358.3,358.3,358.3,0,343.36
359.7,365,358.6,361.1,3.2901e+06,346.04
362.7,370.29,360.3,368.9,3.6685e+06,353.52
368.5,370.45,355.4,359.9,3.2529e+06,344.89
360,362.9,352.3,357.2,5.5477e+06,342.3
437.68,446.65,431.88,437.78,4.0127e+06,424.35
437.68,446.65,431.88,437.78,4.0127e+06,424.35
364.4,366.72,361.5,361.6,4.3662e+06,346.52
361.8,361.8,352.4,355.2,2.7174e+06,340.39
354.4,360,352,358.6,2.2031e+06,343.65
359.6,363.58,355.9,358.8,6.6155e+06,343.84
358,368.8,356.5,366.6,6.958e+06,351.31
437.68,446.65,431.88,437.78,4.0127e+06,424.35
437.68,446.65,431.88,437.78,4.0127e+06,424.35
368.4,377.11,366.75,375.9,5.6017e+06,360.23
375.3,380,372.6,374.9,2.932e+06,359.27
375.2,377.75,367.5,371.4,4.1848e+06,355.91
372.7,374.96,366.1,369.6,2.6041e+06,354.19
365.1,366.1,344.2,346.3,9.7457e+06,331.86
437.68,446.65,431.88,437.78,4.0127e+06,424.35
437.68,446.65,431.88,437.78,4.0127e+06,424.35
345.5,348.3,340.4,343.8,5.5298e+06,329.46
346.1,349,344.5,349,7.3401e+06,334.45
350.5,353.7,343.5,345.4,3.9857e+06,331
348.9,359.4,348.9,358.9,5.6306e+06,343.93
359.6,362.4,358.4,360.6,4.6389e+06,345.56
437.68,446.65,431.88,437.78,4.0127e+06,424.35
437.68,446.65,431.88,437.78,4.0127e+06,424.35
359.7,360.18,346.4,350.8,3.5561e+06,336.17
352.3,353.4,339.34,345.3,4.9327e+06,330.9
342.1,351.4,339,346.3,4.8848e+06,331.86
347.8,367.59,343.76,362.9,8.2586e+06,347.77
365.6,379.4,362.38,374.5,6.7061e+06,358.88
437.68,446.65,431.88,437.78,4.0127e+06,424.35
437.68,446.65,431.88,437.78,4.0127e+06,424.35
374.8,376.8,367.66,373.7,3.9457e+06,358.12
374.4,382.2,371.68,380.9,3.6126e+06,365.02
381.2,386.36,380.52,381.3,3.2145e+06,365.4
381.2,389.3,378.9,386.4,4.5804e+06,370.29
386.9,386.9,380.9,381.7,2.471e+06,365.78
437.68,446.65,431.88,437.78,4.0127e+06,424.35
437.68,446.65,431.88,437.78,4.0127e+06,424.35
380.8,384.54,371.7,372,3.4759e+06,356.49
370.9,372,361.6,366,5.7439e+06,350.74
366.8,369.28,364.2,365,5.0551e+06,349.78
370.6,374.66,355.2,366.6,8.2431e+06,351.31
368.4,373.5,362.9,365.5,4.4422e+06,350.26
437.68,446.65,431.88,437.78,4.0127e+06,424.35
437.68,446.65,431.88,437.78,4.0127e+06,424.35
367.2,370.8,362.4,368.3,3.6492e+06,352.94
367.9,368.4,355.19,360.3,4.2853e+06,345.27
362.7,370.5,354.7,368.5,5.0144e+06,353.13
367.7,370.9,363.4,363.6,2.7115e+06,348.44
360,363.7,350.25,363.6,5.5207e+06,348.44
437.68,446.65,431.88,437.78,4.0127e+06,424.35
437.68,446.65,431.88,437.78,4.0127e+06,424.35
363.7,364.02,352.7,354.2,3.78e+06,339.43
356,369,356,368.5,3.8709e+06,353.13
367.8,371.32,364.7,369.1,3.3914e+06,353.71
369,376.3,364.2,371.1,4.6155e+06,355.63
368.6,370.5,362.8,364.3,3.0421e+06,349.11
437.68,446.65,431.88,437.78,4.0127e+06,424.35
437.68,446.65,431.88,437.78,4.0127e+06,424.35
366.1,367.5,361.6,363,2.6927e+06,347.86
363.3,366.9,361.1,363.1,2.8401e+06,347.96
363.5,368.1,357.45,357.7,2.9728e+06,342.78
357.7,358.95,346.5,349.2,7.3006e+06,334.64
348.3,354.01,338.5,351.5,5.6278e+06,336.84
437.68,446.65,431.88,437.78,4.0127e+06,424.35
437.68,446.65,431.88,437.78,4.0127e+06,424.35
352.4,354,342.4,344.9,3.5214e+06,330.52
347.3,348.1,332.1,337.5,7.3282e+06,323.43
334.7,336.17,327.43,334.7,7.8322e+06,320.74
333.9,341.3,331.6,335.6,3.6335e+06,321.61
331.4,337.9,323.5,334.1,6.4964e+06,320.17
437.68,446.65,431.88,437.78,4.0127e+06,424.35
437.68,446.65,431.88,437.78,4.0127e+06,424.35
336.3,341.8,334.66,340.5,4.435e+06,326.3
340,344.1,339.78,341.2,3.1229e+06,326.97
342,351.4,334,350.8,7.3384e+06,336.17
349.1,353.7,345.9,351.1,3.4438e+06,336.46
351.6,359,351.3,353.9,4.564e+06,339.14
437.68,446.65,431.88,437.78,4.0127e+06,424.35
437.68,446.65,431.88,437.78,4.0127e+06,424.35
355,359.12,348,358.2,4.7035e+06,343.26
359,373.3,358.6,368.6,6.5145e+06,353.23
369,369,358.7,359.6,5.5892e+06,344.6
359.9,367,358.6,366.2,2.8846e+06,350.93
365.4,370,364.3,369.4,2.7258e+06,354
437.68,446.65,431.88,437.78,4.0127e+06,424.35
437.68,446.65,431.88,437.78,4.0127e+06,424.35
369.4,369.4,369.4,369.4,0,354
371.8,374.4,369.06,372.3,3.4317e+06,356.77
372.6,380.08,369.4,372.4,4.9855e+06,356.87
372,372,366.1,371.4,3.7411e+06,355.91
371.4,374,365.6,369.9,4.0325e+06,354.48
437.68,446.65,431.88,437.78,4.0127e+06,424.35
437.68,446.65,431.88,437.78,4.0127e+06,424.35
368.8,375,365.6,368.8,3.6945e+06,353.42
369.5,400,359.3,362.4,5.3584e+06,347.29
363.3,365,359,362.8,4.5565e+06,347.67
362,366.62,361.5,366.1,3.4263e+06,350.83
365.9,369.3,364.4,365.4,3.4423e+06,350.16
437.68,446.65,431.88,437.78,4.0127e+06,424.35
437.68,446.65,431.88,437.78,4.0127e+06,424.35
366.7,370,357.2,360.8,6.6173e+06,345.75
360.8,369.31,360.1,367.1,3.7499e+06,351.79
376.8,378.72,365,377.4,7.9007e+06,361.66
378,380.6,373.5,379.3,5.8611e+06,363.48
379.4,392.5,379,389.3,6.7572e+06,373.07
437.68,446.65,431.88,437.78,4.0127e+06,424.35
437.68,446.65,431.88,437.78,4.0127e+06,424.35
388,388,381.5,385,3.5309e+06,368.94
384.9,385.4,377.4,380.3,3.7967e+06,364.44
382.6,395.3,382.34,392,6.2113e+06,375.65
393.1,405.4,388.6,403.8,6.283e+06,386.96
407,409.9,398.7,398.7,3.081e+07,382.07
437.68,446.65,431.88,437.78,4.0127e+06,424.35
437.68,446.65,431.88,437.78,4.0127e+06,424.35
395.4,401.3,393.73,396.7,6.3503e+06,380.16
396.5,397.4,392.4,395.5,5.276e+06,379.01
395.3,401.1,393.2,397.9,4.1212e+06,381.31
398.5,401.9,391.63,394.5,5.9187e+06,378.05
394.4,395.4,386.8,394.4,4.0887e+06,377.95
437.68,446.65,431.88,437.78,4.0127e+06,424.35
437.68,446.65,431.88,437.78,4.0127e+06,424.35
394.7,398.6,392.3,398.4,3.3811e+06,381.79
399.4,400.63,392.04,396.1,5.3117e+06,379.58
394.6,401.6,388.4,389.3,3.7014e+06,373.07
390.7,393.4,383.6,384.5,3.3897e+06,368.47
387.9,398.96,382.1,398.4,3.8533e+06,381.79
437.68,446.65,431.88,437.78,4.0127e+06,424.35
437.68,446.65,431.88,437.78,4.0127e+06,424.35
401.1,402.5,394.2,398.3,3.2858e+06,381.69
396.9,400.6,392.7,393.3,3.8564e+06,376.9
391.1,391.58,382.4,383.3,4.6888e+06,367.32
389,389.8,369.7,370.4,5.4001e+06,354.95
366.5,377.9,360.9,375.4,6.4352e+06,359.75
437.68,446.65,431.88,437.78,4.0127e+06,424.35
437.68,446.65,431.88,437.78,4.0127e+06,424.35
371.9,378.6,369.7,377,3.4275e+06,361.28
372.8,385.7,372.8,384.2,3.5067e+06,368.18
384.2,390.4,379.7,381.8,5.0195e+06,365.88
385.4,389.7,371.7,384.2,5.6139e+06,368.18
385.3,397.3,383,396.4,3.3175e+06,379.87
437.68,446.65,431.88,437.78,4.0127e+06,424.35
437.68,446.65,431.88,437.78,4.0127e+06,424.35
397.7,406.1,395.52,405,5.747e+06,388.11
404,418.8,401.02,415.3,7.7905e+06,397.98
417.7,420,412.6,418.6,3.3755e+06,401.14
414.6,414.6,408,409,5.5733e+06,391.94
405.2,413.2,404.97,410.8,3.4817e+06,393.67
437.68,446.65,431.88,437.78,4.0127e+06,424.35
437.68,446.65,431.88,437.78,4.0127e+06,424.35
414.1,417.1,410,411.4,2.0723e+06,394.24
412,416.5,410.8,415.3,2.1638e+06,397.98
415.3,416.17,412.5,414,3.0669e+06,396.74
407.4,411.72,401.7,409.7,6.8831e+06,399.47
415.8,419.4,408.8,418.8,7.1757e+06,408.34
437.68,446.65,431.88,437.78,4.0127e+06,424.35
437.68,446.65,431.88,437.78,4.0127e+06,424.35
418.4,419.6,411.5,414.8,2.8074e+06,404.44
414.7,424.6,412.7,418.1,3.2011e+06,407.66
421.4,421.8,418.3,420.2,4.0747e+06,409.7
419.2,419.2,408.8,413,4.0764e+06,402.68
415.1,417.31,406,406.5,3.5449e+06,396.35
437.68,446.65,431.88,437.78,4.0127e+06,424.35
437.68,446.65,431.88,437.78,4.0127e+06,424.35
404.9,420.2,403.3,420.1,2.4927e+06,409.61
420.4,432.7,420.4,425,4.5595e+06,414.38
423.3,431.3,421.1,427.2,3.8771e+06,416.53
427.8,433,426.51,433,3.6418e+06,422.18
434.5,437.3,431.2,433.6,3.0383e+06,422.77
437.68,446.65,431.88,437.78,4.0127e+06,424.35
437.68,446.65,431.88,437.78,4.0127e+06,424.35
429.5,439.8,428.49,439.8,2.805e+06,428.81
439.8,444.1,437.6,444,3.8401e+06,432.91
443.8,445.1,433.9,435.3,2.6082e+06,424.43
435.2,444.1,433.34,444.1,3.827e+06,433.01
445,453.9,440.44,445.2,4.9124e+06,434.08
437.68,446.65,431.88,437.78,4.0127e+06,424.35
437.68,446.65,431.88,437.78,4.0127e+06,424.35
445,451.2,443.7,451.2,2.3887e+06,439.93
449.8,458.9,448.8,456.2,2.9485e+06,444.8
452,452,446,449.7,3.2426e+06,438.47
448.9,459.5,448.9,458.7,2.5996e+06,447.24
457.2,461.2,454.6,460.3,2.9569e+06,448.8
437.68,446.65,431.88,437.78,4.0127e+06,424.35
437.68,446.65,431.88,437.78,4.0127e+06,424.35
460.7,460.7,453.8,460.4,4.2556e+06,448.9
461.3,461.3,448.8,451,4.0418e+06,439.73
451.5,466.9,439.4,458.9,6.0922e+06,447.44
462.2,474.7,462.18,469.3,8.2366e+06,457.58
474.6,477.8,469.1,471.7,3.6993e+06,459.92
437.68,446.65,431.88,437.78,4.0127e+06,424.35
437.68,446.65,431.88,437.78,4.0127e+06,424.35
471.2,472.08,466,466.6,2.2856e+06,454.94
462.5,463.73,443.5,445.1,4.1551e+06,433.98
444,457.4,442,451.1,3.9365e+06,439.83
451.6,454.1,447.8,452.2,2.9851e+06,440.9
444.9,449.7,436.9,441.4,3.7318e+06,430.37
437.68,446.65,431.88,437.78,4.0127e+06,424.35
437.68,446.65,431.88,437.78,4.0127e+06,424.35
441,446.1,434.3,434.7,4.3752e+06,423.84
435.5,438.6,425.26,438,9.3463e+06,427.06
433.5,444.6,432.07,437.9,5.3598e+06,426.96
444.1,451.5,436.5,450.5,5.0743e+06,439.25
456,462.9,451.9,459.1,2.5516e+07,447.63
437.68,446.65,431.88,437.78,4.0127e+06,424.35
437.68,446.65,431.88,437.78,4.0127e+06,424.35
462,471,457.5,465.9,4.5116e+06,454.26
468.7,470.2,456.5,459,2.6706e+06,447.53
462,464.1,452.8,459.9,4.812e+05,448.41
459.9,459.9,459.9,459.9,0,448.41
459.9,459.9,459.9,459.9,0,448.41
437.68,446.65,431.88,437.78,4.0127e+06,424.35
437.68,446.65,431.88,437.78,4.0127e+06,424.35
460.2,467.9,458.5,467.2,2.6722e+06,455.53
464.5,467.2,452.4,459.1,2.834e+06,447.63
459.2,471.4,459.2,471,7.856e+05,459.24
471,471,471,471,0,459.24
472,472,458.2,460.5,2.5802e+06,449
437.68,446.65,431.88,437.78,4.0127e+06,424.35
437.68,446.65,431.88,437.78,4.0127e+06,424.35
456.9,471.5,455.4,457,4.1048e+06,445.58
457.3,458.3,445.1,447.6,3.5699e+06,436.42
448.2,456.2,448.2,453.4,2.8694e+06,442.07
460.2,463,451.2,454.7,3.5599e+06,443.34
440,444.3,426,431.4,7.1196e+06,420.62
437.68,446.65,431.88,437.78,4.0127e+06,424.35
437.68,446.65,431.88,437.78,4.0127e+06,424.35
431.4,434.5,421,423.6,6.0465e+06,413.02
422.1,437,420.4,425.5,6.4102e+06,414.87
421.7,430.9,420.88,425,6.5511e+06,414.38
427,429.64,411.6,425,6.1867e+06,414.38
421,427.64,418,426.1,3.5891e+06,415.46
437.68,446.65,431.88,437.78,4.0127e+06,424.35
437.68,446.65,431.88,437.78,4.0127e+06,424.35
425,434.1,423.3,433.5,2.8464e+06,422.67
434.3,439.44,420.8,427.3,4.7797e+06,416.63
425.9,440.3,425.9,440.3,4.8843e+06,429.3
440,448.7,437.3,446.3,4.5407e+06,435.15
448.4,451,444.9,450.1,3.5445e+06,438.86
437.68,446.65,431.88,437.78,4.0127e+06,424.35
437.68,446.65,431.88,437.78,4.0127e+06,424.35
449.3,456.8,446.3,456.7,3.3959e+06,445.29
457,461.4,449.1,452.5,3.4654e+06,441.2
454.2,461.3,452.7,457.7,2.7472e+06,446.27
455.6,470.4,454,470.4,3.6422e+06,458.65
472,473.81,455.7,458.4,5.9971e+06,446.95
437.68,446.65,431.88,437.78,4.0127e+06,424.35
437.68,446.65,431.88,437.78,4.0127e+06,424.35
458.4,462.6,453.8,458.2,3.8828e+06,446.75
458.1,467.6,458.1,461.8,3.8725e+06,450.26
461.9,470.1,457,470,3.1115e+06,458.26
468.7,471,465.7,470.2,2.2193e+06,458.45
463,464.8,457.4,459.7,4.1827e+06,448.22
437.68,446.65,431.88,437.78,4.0127e+06,424.35
437.68,446.65,431.88,437.78,4.0127e+06,424.35
458.2,458.2,450.6,455.6,2.9869e+06,444.22
455.2,462.4,454.1,459.7,2.4422e+06,448.22
459,472.6,457.3,471.9,4.2252e+06,460.11
470,479.5,470,479.5,4.8292e+06,467.52
479.5,488.6,478.1,481.9,5.5462e+06,469.86
437.68,446.65,431.88,437.78,4.0127e+06,424.35
437.68,446.65,431.88,437.78,4.0127e+06,424.35
482,485.24,478,484.6,1.7384e+06,472.5
481.6,484.9,478.88,484.4,1.8025e+06,472.3
484,489.8,481.6,488.1,3.3002e+06,475.91
487.1,497.6,485.56,496.6,3.6312e+06,484.19
494.7,503.5,491.2,500.5,3.876e+06,488
437.68,446.65,431.88,437.78,4.0127e+06,424.35
437.68,446.65,431.88,437.78,4.0127e+06,424.35
502,507.5,499.9,503,2.254e+06,490.44
505,506,489.1,503.5,1.1513e+07,490.92
497.4,508,494,505,5.5118e+06,492.38
502.5,516,499.1,516,3.0376e+06,503.11
516,517,509.5,515.5,2.3896e+06,502.62
437.68,446.65,431.88,437.78,4.0127e+06,424.35
437.68,446.65,431.88,437.78,4.0127e+06,424.35
513.5,524,512.35,522.5,4.8696e+06,509.45
520,526,518.5,520.5,3.1748e+06,507.5
520,526.61,514.32,526.5,2.1771e+06,513.35
529,533,522,524,3.8151e+06,510.91
523,527.89,518,519,2.0857e+06,506.04
437.68,446.65,431.88,437.78,4.0127e+06,424.35
437.68,446.65,431.88,437.78,4.0127e+06,424.35
516,517.84,508.5,511,2.1464e+06,498.24
508.5,520.7,505,505,3.5676e+06,492.38
506,515,505,513.5,3.1308e+06,500.67
515,522.5,513.08,520.5,6.6402e+06,507.5
520,523.75,516,517.5,1.8049e+06,504.57
437.68,446.65,431.88,437.78,4.0127e+06,424.35
437.68,446.65,431.88,437.78,4.0127e+06,424.35
517,522.5,516,521,1.9794e+06,507.99
520.5,523,516.5,522,2.225e+06,508.96
522,530.5,522,528.5,2.929e+06,515.3
531,534.5,527.5,528.5,3.001e+06,515.3
528.5,533.5,525,531.5,3.0484e+06,518.22
437.68,446.65,431.88,437.78,4.0127e+06,424.35
437.68,446.65,431.88,437.78,4.0127e+06,424.35
529.5,533.5,526,533.5,1.8574e+06,520.17
530.5,544.5,530,542,4.1043e+06,528.46
542.5,558,538,540,3.8222e+06,526.51
535,537.38,526.36,537,3.5241e+06,523.59
539.5,546.78,536,536,3.2169e+06,522.61
437.68,446.65,431.88,437.78,4.0127e+06,424.35
437.68,446.65,431.88,437.78,4.0127e+06,424.35
541.5,541.5,519,526,4.5025e+06,512.86
523,535.5,523,528.5,4.513e+06,515.3
526.5,535,517.5,521,4.0357e+06,507.99
519,524,518,523,3.4998e+06,509.94
523,523,523,523,0,509.94
437.68,446.65,431.88,437.78,4.0127e+06,424.35
437.68,446.65,431.88,437.78,4.0127e+06,424.35
523,523,523,523,0,509.94
524,530.5,524,530.5,2.8603e+06,517.25
528.5,531.2,522,530.5,2.6614e+06,517.25
532.5,544.5,531.95,541,2.4462e+06,527.49
547,558.7,547,558,4.6036e+06,544.06
437.68,446.65,431.88,437.78,4.0127e+06,424.35
437.68,446.65,431.88,437.78,4.0127e+06,424.35
547,553.5,536,552.5,2.4735e+06,538.7
550,552,539,542.5,3.8607e+06,528.95
546.5,546.5,540.5,543,5.423e+06,529.44
546.5,547.5,528,529.5,5.6446e+06,516.27
531.5,538,524.5,531,3.9352e+06,517.74
437.68,446.65,431.88,437.78,4.0127e+06,424.35
437.68,446.65,431.88,437.78,4.0127e+06,424.35
533.5,537.5,528,533.5,2.7414e+06,520.17
534.5,542,531.9,540,3.2873e+06,526.51
539,547.15,527.95,534.5,2.9178e+06,521.15
532,540.22,518,529.5,3.601e+06,520.95
534.5,542.13,534.5,541,3.6573e+06,532.27
437.68,446.65,431.88,437.78,4.0127e+06,424.35
437.68,446.65,431.88,437.78,4.0127e+06,424.35
543.5,543.5,531,537,3.0086e+06,528.33
539,539.11,515.65,520,5.4173e+06,511.61
523.5,526,506,512,4.1904e+06,503.73
511.5,523,509.5,519.5,4.3389e+06,511.11
516,521,507.5,513.5,3.4285e+06,505.21
437.68,446.65,431.88,437.78,4.0127e+06,424.35
437.68,446.65,431.88,437.78,4.0127e+06,424.35
513.5,513.5,513.5,513.5,0,505.21
515.5,517,501.5,505,2.7783e+06,496.85
502,515,502,508,4.5009e+06,499.8
504,515,495.56,513,7.2046e+06,504.72
540,557.5,535,549.5,1.1933e+07,540.63
437.68,446.65,431.88,437.78,4.0127e+06,424.35
437.68,446.65,431.88,437.78,4.0127e+06,424.35
550,567,548,557,5.6744e+06,548.01
551.5,553.6,544,545.5,5.3837e+06,536.69
561,571,555.5,564,9.133e+06,554.89
565.5,574,560.5,571,5.3109e+06,561.78
574.5,577.5,570,576.5,4.2886e+06,567.19
437.68,446.65,431.88,437.78,4.0127e+06,424.35
437.68,446.65,431.88,437.78,4.0127e+06,424.35
579.5,585.88,577,583,2.9192e+06,573.59
586,595,585.25,588,3.8264e+06,578.51
588,599.5,584.81,598.5,1.1194e+07,588.84
596,598,592,594,4.6063e+06,584.41
593.5,600,591,595.5,3.1721e+06,585.89
437.68,446.65,431.88,437.78,4.0127e+06,424.35
437.68,446.65,431.88,437.78,4.0127e+06,424.35
595.5,595.5,595.5,595.5,0,585.89
598,607.43,593,598.5,7.0858e+06,588.84
599,605.69,598.85,602.5,5.1871e+06,592.77
603.5,610,595.81,600.5,5.4702e+06,590.8
603.5,604,585,592,6.188e+07,582.44
437.68,446.65,431.88,437.78,4.0127e+06,424.35
437.68,446.65,431.88,437.78,4.0127e+06,424.35
592,600.5,591.5,596,4.961e+06,586.38
600,600.5,589.82,597.5,4.6342e+06,587.85
597.5,607.5,597,606,4.6401e+06,596.22
602.5,607,595.5,604.5,5.0567e+06,594.74
601,602.5,587,592,5.5455e+06,582.44
437.68,446.65,431.88,437.78,4.0127e+06,424.35
437.68,446.65,431.88,437.78,4.0127e+06,424.35
593.5,595,590,591,3.2544e+06,581.46
589,592,583,589,3.9933e+06,579.49
590,608,587.5,608,4.4853e+06,598.18
610,616.5,604.67,616,5.003e+06,606.05
613,615,606,611,3.4002e+06,601.14
437.68,446.65,431.88,437.78,4.0127e+06,424.35
437.68,446.65,431.88,437.78,4.0127e+06,424.35
607,608,594.65,596,4.1118e+06,586.38
594,609.5,591.81,609.5,5.4621e+06,599.66
614,621,610,618.5,4.6192e+06,608.51
616.5,621,609,621,2.939e+06,610.97
620,626.5,619,624.5,4.5815e+06,614.42
437.68,446.65,431.88,437.78,4.0127e+06,424.35
437.68,446.65,431.88,437.78,4.0127e+06,424.35
633,641.01,629,640,8.545e+06,629.67
645,647.5,632.36,632.5,3.2675e+06,622.29
629.5,635,616,618,8.1262e+06,608.02
614,636,613.81,635.5,3.9711e+06,625.24
633.5,633.5,624.76,627,3.9466e+06,616.88
437.68,446.65,431.88,437.78,4.0127e+06,424.35
437.68,446.65,431.88,437.78,4.0127e+06,424.35
607.5,624.5,602.5,617,4.3996e+06,607.04
615,618.65,606,614.5,4.0057e+06,604.58
620.5,636.5,619.31,632,3.6957e+06,621.8
634,635.5,625,635,2.7054e+06,624.75
631,641.85,631,639.5,3.1622e+06,629.18
437.68,446.65,431.88,437.78,4.0127e+06,424.35
437.68,446.65,431.88,437.78,4.0127e+06,424.35
634,654.5,630.38,646,5.012e+06,635.57
645,645,630,630.5,4.163e+06,620.32
632,635.68,590.5,594.5,1.0604e+07,584.9
600,628.15,596.5,620.5,8.9952e+06,610.48
628.5,634.5,622.97,631.5,3.8595e+06,621.3
437.68,446.65,431.88,437.78,4.0127e+06,424.35
437.68,446.65,431.88,437.78,4.0127e+06,424.35
639.5,644.76,634.86,641.5,3.4453e+06,631.14
641.5,644,619.32,634.5,4.9371e+06,624.26
634,640.5,628.86,640.5,2.7611e+06,630.16
642.5,647.02,639.5,644,2.6414e+06,633.6
642,642,631.5,635.5,2.5036e+06,625.24
437.68,446.65,431.88,437.78,4.0127e+06,424.35
437.68,446.65,431.88,437.78,4.0127e+06,424.35
637,642.01,633.81,641.5,1.905e+06,631.14
644.5,645,625.45,625.5,3.2299e+06,615.4
622.5,628,618,625,3.4932e+06,614.91
630.5,633.5,621.5,628,2.8366e+06,617.86
626,629.65,617.5,617.5,4.2526e+06,607.53
437.68,446.65,431.88,437.78,4.0127e+06,424.35
437.68,446.65,431.88,437.78,4.0127e+06,424.35
615.5,619.69,603.5,607.5,4.1265e+06,597.69
612,618.32,605.5,614,3.2013e+06,604.09
620.5,625.5,610.5,622.5,5.0489e+06,612.45
623.5,630,619,625.5,2.6456e+06,615.4
629.5,639.82,626,635,4.3573e+06,624.75
437.68,446.65,431.88,437.78,4.0127e+06,424.35
437.68,446.65,431.88,437.78,4.0127e+06,424.35
635,637.19,629.5,631.5,1.9184e+06,621.3
631.5,635,624.5,629,2.5085e+06,618.85
630,641,628.32,641,3.1253e+06,630.65
639,659,636,651,4.5535e+06,640.49
650,653.1,641,647,2.5592e+06,636.55
437.68,446.65,431.88,437.78,4.0127e+06,424.35
437.68,446.65,431.88,437.78,4.0127e+06,424.35
651.5,657,648.5,654,3.2716e+06,643.44
656.5,656.5,643.5,643.5,3.5278e+06,633.11
636.5,646.06,628.8,633,4.2647e+06,622.78
640.5,647.5,638.5,641.5,3.8838e+06,631.14
643,654.5,641.06,653,2.1471e+06,642.46
437.68,446.65,431.88,437.78,4.0127e+06,424.35
437.68,446.65,431.88,437.78,4.0127e+06,424.35
657,660,643,653,2.7905e+06,642.46
651,656.14,639,640.5,4.7067e+06,630.16
637,646,632.5,640,2.3464e+06,629.67
636.5,643.5,627,631,2.4428e+06,620.81
620.5,630.5,611,611,3.0847e+06,601.14
437.68,446.65,431.88,437.78,4.0127e+06,424.35
437.68,446.65,431.88,437.78,4.0127e+06,424.35
592,602.5,576,590,7.8811e+06,580.48
595.5,626.02,595.5,624,7.17e+06,613.93
616.5,629.5,607.5,613,5.5995e+06,603.1
628.5,635,621.5,631,3.657e+06,620.81
632,639.5,623.5,639.5,3.4897e+06,629.18
437.68,446.65,431.88,437.78,4.0127e+06,424.35
437.68,446.65,431.88,437.78,4.0127e+06,424.35
639.5,639.5,639.5,639.5,0,629.18
628.5,634,614.5,623.5,4.4464e+06,613.43
625.5,637,617,635,3.8145e+06,624.75
640.5,649.5,639,641,3.0671e+06,630.65
635.5,635.5,626.5,631,3.137e+06,620.81
437.68,446.65,431.88,437.78,4.0127e+06,424.35
437.68,446.65,431.88,437.78,4.0127e+06,424.35
636.5,640,627.5,634,1.1891e+06,623.76
637,642.06,634,637,2.9148e+06,626.72
660,660,635.5,638,4.5049e+06,627.7
633,660,633,659,5.7472e+06,648.36
659,659.5,647,654,2.8226e+06,643.44
437.68,446.65,431.88,437.78,4.0127e+06,424.35
437.68,446.65,431.88,437.78,4.0127e+06,424.35
654,666,654,656.5,4.717e+06,645.9
658.5,661,650.18,653.5,3.7761e+06,642.95
656,664.2,652.5,655.5,4.6224e+06,644.92
658,663,652,658,2.2882e+06,647.38
656,659,646,652,4.4759e+06,641.47
437.68,446.65,431.88,437.78,4.0127e+06,424.35
437.68,446.65,431.88,437.78,4.0127e+06,424.35
648,663.09,648,651.5,3.2796e+06,640.98
650.5,652.05,638,638,3.6118e+06,627.7
636.5,653.92,632,651.5,2.8691e+06,640.98
652,658.5,645.5,650,5.2897e+06,639.51
661.5,662.5,655,662.5,3.1789e+06,651.8
437.68,446.65,431.88,437.78,4.0127e+06,424.35
437.68,446.65,431.88,437.78,4.0127e+06,424.35
660.5,673.5,658.5,660,3.2771e+06,649.35
651,654,637.5,637.5,5.268e+06,627.21
649.5,650,639,644.5,3.6974e+06,634.1
652.5,653.5,642,645.5,4.931e+06,635.08
647.5,651,627,636.5,4.5927e+06,626.22
437.68,446.65,431.88,437.78,4.0127e+06,424.35
437.68,446.65,431.88,437.78,4.0127e+06,424.35
645,648.5,643.42,645,3.7788e+06,634.59
648,652.85,643,651.5,3.248e+06,640.98
651.5,661,634.5,640.5,3.8438e+06,630.16
641,646.5,639.77,643.5,2.4887e+06,633.11
645.5,650.5,627.5,632.5,3.3577e+06,622.29
437.68,446.65,431.88,437.78,4.0127e+06,424.35
437.68,446.65,431.88,437.78,4.0127e+06,424.35
631.5,634,616.5,626,3.1249e+06,615.89
627,638.35,624.5,634,3.1435e+06,623.76
628.5,631,608.5,610,3.9078e+06,600.15
614,626,611.17,623.5,2.4021e+06,613.43
625,627.5,617.73,627.5,3.0558e+06,617.37
437.68,446.65,431.88,437.78,4.0127e+06,424.35
437.68,446.65,431.88,437.78,4.0127e+06,424.35
626,633,626,632,1.502e+06,621.8
633.5,643.5,630.5,642.5,2.8761e+06,632.13
645.5,648.64,640.5,645.5,1.8704e+06,635.08
642.5,646.5,637,645,2.5236e+06,634.59
648.5,653.5,641.5,653.5,3.0549e+06,642.95
437.68,446.65,431.88,437.78,4.0127e+06,424.35
437.68,446.65,431.88,437.78,4.0127e+06,424.35
649.5,650,641.5,646,3.143e+06,635.57
646.5,649.5,637.5,637.5,2.9033e+06,627.21
640.5,643,631.5,638,3.6119e+06,627.7
622,623.46,614,617.5,5.1015e+06,617.5
619.5,622,607.5,612.5,6.9069e+06,612.5
437.68,446.65,431.88,437.78,4.0127e+06,424.35
437.68,446.65,431.88,437.78,4.0127e+06,424.35
605,614.5,592,610,3.2466e+06,610
597,597.81,581,586.5,5.7144e+06,586.5
585,586.48,567.5,573,5.8082e+06,573
573,592.92,570.5,584.5,6.39e+06,584.5
586.5,591.5,576.05,577.5,3.8295e+06,577.5
437.68,446.65,431.88,437.78,4.0127e+06,424.35
437.68,446.65,431.88,437.78,4.0127e+06,424.35
578.5,579,562,571,5.0613e+06,571
572.5,584,568.5,575.5,3.3013e+06,575.5
581,582.46,558,568,4.242e+06,568
568,573.5,562.5,566,3.0965e+06,566
563.5,566.48,552.28,554.5,2.7299e+06,554.5
437.68,446.65,431.88,437.78,4.0127e+06,424.35
437.68,446.65,431.88,437.78,4.0127e+06,424.35
551,562.5,549,562,3.6239e+06,562
564.5,578.5,563.95,575.5,3.8363e+06,575.5
574.5,577.99,569.5,577.5,2.2167e+06,577.5
579.5,580,572,577,4.102e+06,577
577,583.5,575.85,577.5,3.7572e+06,577.5
437.68,446.65,431.88,437.78,4.0127e+06,424.35
437.68,446.65,431.88,437.78,4.0127e+06,424.35
573.5,576.82,569.5,573,1.8821e+06,573
572.5,572.5,554,559.5,3.2295e+06,559.5
562.5,591.68,559.5,579.5,5.677e+06,579.5
580,589,577.5,586.5,2.4032e+06,586.5
583,589,582.5,587.5,1.6562e+06,587.5
437.68,446.65,431.88,437.78,4.0127e+06,424.35
437.68,446.65,431.88,437.78,4.0127e+06,424.35
587.5,601.17,585.5,601,4.23e+06,601
603.5,610.5,600.5,606.5,3.0933e+06,606.5
609.5,613,605,609,1.7328e+06,609
610.5,619,604,605.5,2.9459e+06,605.5
605,617,603,613.5,2.5327e+06,613.5
437.68,446.65,431.88,437.78,4.0127e+06,424.35
437.68,446.65,431.88,437.78,4.0127e+06,424.35
614.5,619,611.83,616.5,1.8316e+06,616.5
618,620.64,607,608,2.082e+06,608
608.5,614,604,605,2.0832e+06,605
601,603,594.89,599,2.4976e+06,599
597.5,603.5,591.82,592.5,2.2392e+06,592.5
437.68,446.65,431.88,437.78,4.0127e+06,424.35
437.68,446.65,431.88,437.78,4.0127e+06,424.35
595,608,594,595,2.8128e+06,595
602,616,598,614,1.7113e+06,614
614.5,620.47,610.5,614,2.0672e+06,614
623.5,623.5,607,615,2.4578e+06,615
610,613.5,601.21,604,2.7332e+06,604
437.68,446.65,431.88,437.78,4.0127e+06,424.35
437.68,446.65,431.88,437.78,4.0127e+06,424.35
601.5,612.5,601.5,605,2.9308e+06,605
607.5,617,607.21,613,1.7241e+06,613
618.5,619.5,608.54,616,2.2233e+06,616
620,620,613.5,616,2.557e+05,616
437.68,446.65,431.88,437.78,4.0127e+06,424.35
437.68,446.65,431.88,437.78,4.0127e+06,424.35
437.68,446.65,431.88,437.78,4.0127e+06,424.35
437.68,446.65,431.88,437.78,4.0127e+06,424.35
619,634.1,613.5,634,1.919e+06,634
631,635.68,623.5,632,1.5e+06,632
635,638.5,626,626,8.343e+05,626
437.68,446.65,431.88,437.78,4.0127e+06,424.35
437.68,446.65,431.88,437.78,4.0127e+06,424.35
437.68,446.65,431.88,437.78,4.0127e+06,424.35
622,628,612.5,615,2.2589e+06,615
618.5,620.5,614.5,615,1.0961e+06,615
616.5,619,598,605,2.6953e+06,605
595.5,600.5,586.5,591.5,3.484e+06,591.5
591.5,602.5,591.08,597,2.7904e+06,597
437.68,446.65,431.88,437.78,4.0127e+06,424.35
437.68,446.65,431.88,437.78,4.0127e+06,424.35
595.5,603.5,587.18,594.5,3.0018e+06,594.5
604.5,616,602.34,609.5,4.5992e+06,609.5
613,620.5,609.5,613,2.8389e+06,613
607,612.5,586.5,590,3.0301e+06,590
590,596,575.64,578.5,3.3678e+06,578.5
437.68,446.65,431.88,437.78,4.0127e+06,424.35
437.68,446.65,431.88,437.78,4.0127e+06,424.35
578,585.14,564,566.5,1.985e+06,566.5
574.5,582,571.02,579,2.4369e+06,579
570,576.5,556,559,3.3471e+06,559
560.5,566.5,550.2,566,2.9873e+06,566
574,575.78,565.5,572.5,2.3973e+06,572.5
437.68,446.65,431.88,437.78,4.0127e+06,424.35
437.68,446.65,431.88,437.78,4.0127e+06,424.35
577,579.37,571,578.5,2.0871e+06,578.5
573,581.5,569.5,580,2.0536e+06,580
580,593,579.5,593,3.1347e+06,593
593,595.5,578.5,582.5,2.2119e+06,582.5
590,599.5,582.5,599.5,2.5743e+06,599.5
437.68,446.65,431.88,437.78,4.0127e+06,424.35
437.68,446.65,431.88,437.78,4.0127e+06,424.35
604.5,611,600,611,3.5276e+06,611
609,612,600.5,610,3.0022e+06,610
614,621.5,600.5,605,4.0309e+06,605
613.5,614.5,601.5,605.5,2.314e+06,605.5
604,612.5,588.5,588.5,2.4569e+06,588.5
437.68,446.65,431.88,437.78,4.0127e+06,424.35
437.68,446.65,431.88,437.78,4.0127e+06,424.35
592.5,593.02,548,550,4.0842e+06,550
550,559.5,538,547.5,4.1631e+06,547.5
555,570.5,547.5,564.5,2.9171e+06,564.5
561.5,563.5,538,542.5,4.7364e+06,542.5
546,551,536,545,5.3395e+06,545
437.68,446.65,431.88,437.78,4.0127e+06,424.35
437.68,446.65,431.88,437.78,4.0127e+06,424.35
556,560,551,552.5,3.6883e+06,552.5
555.5,561.5,553.5,554.5,4.3101e+06,554.5
556,573.5,556,572,2.9235e+06,572
