311.06,311.06,311.06,311.06,0,200.02
916.59,924.83,907.47,916.3,1.9981e+05,746.34
916.59,924.83,907.47,916.3,1.9981e+05,746.34
307.32,307.32,307.32,307.32,0,197.61
307.32,307.32,307.32,307.32,0,197.61
307.32,307.32,307.32,307.32,0,197.61
307.32,307.32,307.32,307.32,0,197.61
307.32,307.32,307.32,307.32,0,197.61
916.59,924.83,907.47,916.3,1.9981e+05,746.34
916.59,924.83,907.47,916.3,1.9981e+05,746.34
307.32,307.32,307.32,307.32,0,197.61
307.32,307.32,307.32,307.32,0,197.61
307.32,307.32,307.32,307.32,0,197.61
307.32,307.32,307.32,307.32,0,197.61
307.32,307.32,307.32,307.32,0,197.61
916.59,924.83,907.47,916.3,1.9981e+05,746.34
916.59,924.83,907.47,916.3,1.9981e+05,746.34
307.32,307.32,307.32,307.32,0,197.61
307.32,307.32,307.32,307.32,0,197.61
307.32,307.32,307.32,307.32,0,197.61
307.32,307.32,307.32,307.32,0,197.61
304.52,304.52,304.52,304.52,0,195.81
916.59,924.83,907.47,916.3,1.9981e+05,746.34
916.59,924.83,907.47,916.3,1.9981e+05,746.34
304.52,304.52,304.52,304.52,0,195.81
304.52,304.52,304.52,304.52,0,195.81
304.52,304.52,304.52,304.52,0,195.81
304.52,304.52,304.52,304.52,0,195.81
304.52,304.52,304.52,304.52,0,195.81
916.59,924.83,907.47,916.3,1.9981e+05,746.34
916.59,924.83,907.47,916.3,1.9981e+05,746.34
304.52,304.52,304.52,304.52,0,195.81
304.52,304.52,304.52,304.52,0,195.81
304.52,304.52,304.52,304.52,0,195.81
304.52,304.52,304.52,304.52,0,195.81
303.58,303.58,303.58,303.58,0,195.21
916.59,924.83,907.47,916.3,1.9981e+05,746.34
916.59,924.83,907.47,916.3,1.9981e+05,746.34
303.58,303.58,303.58,303.58,0,195.21
302.65,302.65,302.65,302.65,0,194.61
298.91,298.91,298.91,298.91,0,192.21
289.57,289.57,289.57,289.57,0,186.2
290.51,290.51,290.51,290.51,0,186.8
916.59,924.83,907.47,916.3,1.9981e+05,746.34
916.59,924.83,907.47,916.3,1.9981e+05,746.34
287.7,287.7,287.7,287.7,0,185
287.7,287.7,287.7,287.7,0,185
288.64,288.64,288.64,288.64,0,185.6
288.64,288.64,288.64,288.64,0,185.6
288.64,288.64,288.64,288.64,0,185.6
916.59,924.83,907.47,916.3,1.9981e+05,746.34
916.59,924.83,907.47,916.3,1.9981e+05,746.34
287.7,287.7,287.7,287.7,0,185
287.7,287.7,287.7,287.7,0,185
287.7,287.7,287.7,287.7,0,185
283.97,283.97,283.97,283.97,0,182.6
277.43,277.43,277.43,277.43,0,178.39
916.59,924.83,907.47,916.3,1.9981e+05,746.34
916.59,924.83,907.47,916.3,1.9981e+05,746.34
277.43,277.43,277.43,277.43,0,178.39
264.35,264.35,264.35,264.35,0,169.99
262.48,262.48,262.48,262.48,0,168.78
263.42,263.42,263.42,263.42,0,169.38
263.42,263.42,263.42,263.42,0,169.38
916.59,924.83,907.47,916.3,1.9981e+05,746.34
916.59,924.83,907.47,916.3,1.9981e+05,746.34
265.28,265.28,265.28,265.28,0,170.59
268.09,268.09,268.09,268.09,0,172.39
268.09,268.09,268.09,268.09,0,172.39
263.42,263.42,263.42,263.42,0,169.38
263.42,263.42,263.42,263.42,0,169.38
916.59,924.83,907.47,916.3,1.9981e+05,746.34
916.59,924.83,907.47,916.3,1.9981e+05,746.34
262.48,262.48,262.48,262.48,0,168.78
262.48,262.48,262.48,262.48,0,168.78
266.22,266.22,266.22,266.22,0,171.19
266.22,266.22,266.22,266.22,0,171.19
264.35,264.35,264.35,264.35,0,169.99
916.59,924.83,907.47,916.3,1.9981e+05,746.34
916.59,924.83,907.47,916.3,1.9981e+05,746.34
264.35,264.35,264.35,264.35,0,169.99
264.35,264.35,264.35,264.35,0,169.99
264.35,264.35,264.35,264.35,0,169.99
264.35,264.35,264.35,264.35,0,169.99
264.35,264.35,264.35,264.35,0,169.99
916.59,924.83,907.47,916.3,1.9981e+05,746.34
916.59,924.83,907.47,916.3,1.9981e+05,746.34
264.35,264.35,264.35,264.35,0,169.99
264.35,264.35,264.35,264.35,0,169.99
264.35,264.35,264.35,264.35,0,169.99
264.35,264.35,264.35,264.35,0,169.99
264.35,264.35,264.35,264.35,0,169.99
916.59,924.83,907.47,916.3,1.9981e+05,746.34
916.59,924.83,907.47,916.3,1.9981e+05,746.34
264.35,264.35,264.35,264.35,0,169.99
271.82,271.82,271.82,271.82,0,174.79
273.69,273.69,273.69,273.69,0,175.99
273.69,273.69,273.69,273.69,0,175.99
273.69,273.69,273.69,273.69,0,175.99
916.59,924.83,907.47,916.3,1.9981e+05,746.34
916.59,924.83,907.47,916.3,1.9981e+05,746.34
271.82,271.82,271.82,271.82,0,174.79
270.89,270.89,270.89,270.89,0,174.19
265.28,265.28,265.28,265.28,0,170.59
265.28,265.28,265.28,265.28,0,170.59
265.28,265.28,265.28,265.28,0,170.59
916.59,924.83,907.47,916.3,1.9981e+05,746.34
916.59,924.83,907.47,916.3,1.9981e+05,746.34
265.28,265.28,265.28,265.28,0,170.59
265.28,265.28,265.28,265.28,0,170.59
266.22,266.22,266.22,266.22,0,171.19
266.22,266.22,266.22,266.22,0,171.19
264.35,264.35,264.35,264.35,0,169.99
916.59,924.83,907.47,916.3,1.9981e+05,746.34
916.59,924.83,907.47,916.3,1.9981e+05,746.34
264.35,264.35,264.35,264.35,0,169.99
264.35,264.35,264.35,264.35,0,169.99
262.48,262.48,262.48,262.48,0,168.78
258.75,258.75,258.75,258.75,0,166.38
256.88,256.88,256.88,256.88,0,165.18
916.59,924.83,907.47,916.3,1.9981e+05,746.34
916.59,924.83,907.47,916.3,1.9981e+05,746.34
256.88,256.88,256.88,256.88,0,165.18
255.94,255.94,255.94,255.94,0,164.58
255.94,255.94,255.94,255.94,0,164.58
255.94,255.94,255.94,255.94,0,164.58
256.88,256.88,256.88,256.88,0,165.18
916.59,924.83,907.47,916.3,1.9981e+05,746.34
916.59,924.83,907.47,916.3,1.9981e+05,746.34
255.94,255.94,255.94,255.94,0,164.58
255.94,255.94,255.94,255.94,0,164.58
255.94,255.94,255.94,255.94,0,164.58
255.94,255.94,255.94,255.94,0,164.58
255.94,255.94,255.94,255.94,0,164.58
916.59,924.83,907.47,916.3,1.9981e+05,746.34
916.59,924.83,907.47,916.3,1.9981e+05,746.34
257.81,257.81,257.81,257.81,0,165.78
257.81,257.81,257.81,257.81,0,165.78
257.81,257.81,257.81,257.81,0,165.78
257.81,257.81,257.81,257.81,0,165.78
257.81,257.81,257.81,257.81,0,165.78
916.59,924.83,907.47,916.3,1.9981e+05,746.34
916.59,924.83,907.47,916.3,1.9981e+05,746.34
256.88,256.88,256.88,256.88,0,165.18
255.94,255.94,255.94,255.94,0,164.58
255.94,255.94,255.94,255.94,0,164.58
255.94,255.94,255.94,255.94,0,164.58
232.59,232.59,232.59,232.59,0,149.56
916.59,924.83,907.47,916.3,1.9981e+05,746.34
916.59,924.83,907.47,916.3,1.9981e+05,746.34
226.05,226.05,226.05,226.05,0,145.36
226.05,226.05,226.05,226.05,0,145.36
226.05,226.05,226.05,226.05,0,145.36
216.71,216.71,216.71,216.71,0,139.35
203.63,203.63,203.63,203.63,0,130.94
916.59,924.83,907.47,916.3,1.9981e+05,746.34
916.59,924.83,907.47,916.3,1.9981e+05,746.34
198.03,198.03,198.03,198.03,0,127.34
189.62,189.62,189.62,189.62,0,121.93
187.75,187.75,187.75,187.75,0,120.73
179.35,179.35,179.35,179.35,0,115.33
168.14,168.14,168.14,168.14,0,108.12
916.59,924.83,907.47,916.3,1.9981e+05,746.34
916.59,924.83,907.47,916.3,1.9981e+05,746.34
164.4,164.4,164.4,164.4,0,105.72
164.4,164.4,164.4,164.4,0,105.72
163.47,163.47,163.47,163.47,0,105.11
166.27,166.27,166.27,166.27,0,106.92
170.94,170.94,170.94,170.94,0,109.92
916.59,924.83,907.47,916.3,1.9981e+05,746.34
916.59,924.83,907.47,916.3,1.9981e+05,746.34
175.61,175.61,175.61,175.61,0,112.92
175.61,175.61,175.61,175.61,0,112.92
175.61,175.61,175.61,175.61,0,112.92
175.61,175.61,175.61,175.61,0,112.92
174.68,174.68,174.68,174.68,0,112.32
916.59,924.83,907.47,916.3,1.9981e+05,746.34
916.59,924.83,907.47,916.3,1.9981e+05,746.34
174.68,174.68,174.68,174.68,0,112.32
174.68,174.68,174.68,174.68,0,112.32
174.68,174.68,174.68,174.68,0,112.32
174.68,174.68,174.68,174.68,0,112.32
174.68,174.68,174.68,174.68,0,112.32
916.59,924.83,907.47,916.3,1.9981e+05,746.34
916.59,924.83,907.47,916.3,1.9981e+05,746.34
174.68,174.68,174.68,174.68,0,112.32
174.68,174.68,174.68,174.68,0,112.32
174.68,174.68,174.68,174.68,0,112.32
174.68,174.68,174.68,174.68,0,112.32
177.48,177.48,177.48,177.48,0,114.12
916.59,924.83,907.47,916.3,1.9981e+05,746.34
916.59,924.83,907.47,916.3,1.9981e+05,746.34
181.22,181.22,181.22,181.22,0,116.53
181.22,181.22,181.22,181.22,0,116.53
183.08,183.08,183.08,183.08,0,117.73
183.08,183.08,183.08,183.08,0,117.73
183.08,183.08,183.08,183.08,0,117.73
916.59,924.83,907.47,916.3,1.9981e+05,746.34
916.59,924.83,907.47,916.3,1.9981e+05,746.34
183.08,183.08,183.08,183.08,0,117.73
182.15,182.15,182.15,182.15,0,117.13
182.15,182.15,182.15,182.15,0,117.13
184.95,184.95,184.95,184.95,0,118.93
188.69,188.69,188.69,188.69,0,121.33
916.59,924.83,907.47,916.3,1.9981e+05,746.34
916.59,924.83,907.47,916.3,1.9981e+05,746.34
194.29,194.29,194.29,194.29,0,124.94
196.16,196.16,196.16,196.16,0,126.14
197.1,197.1,197.1,197.1,0,126.74
196.16,196.16,196.16,196.16,0,126.14
196.16,196.16,196.16,196.16,0,126.14
916.59,924.83,907.47,916.3,1.9981e+05,746.34
916.59,924.83,907.47,916.3,1.9981e+05,746.34
197.1,197.1,197.1,197.1,0,126.74
197.1,197.1,197.1,197.1,0,126.74
197.1,197.1,197.1,197.1,0,126.74
198.96,198.96,198.96,198.96,0,127.94
201.76,201.76,201.76,201.76,0,129.74
916.59,924.83,907.47,916.3,1.9981e+05,746.34
916.59,924.83,907.47,916.3,1.9981e+05,746.34
199.9,199.9,199.9,199.9,0,128.54
199.9,199.9,199.9,199.9,0,128.54
199.9,199.9,199.9,199.9,0,128.54
199.9,199.9,199.9,199.9,0,128.54
198.03,198.03,198.03,198.03,0,127.34
916.59,924.83,907.47,916.3,1.9981e+05,746.34
916.59,924.83,907.47,916.3,1.9981e+05,746.34
194.29,194.29,194.29,194.29,0,124.94
194.29,194.29,194.29,194.29,0,124.94
194.29,194.29,194.29,194.29,0,124.94
195.23,195.23,195.23,195.23,0,125.54
198.96,198.96,198.96,198.96,0,127.94
916.59,924.83,907.47,916.3,1.9981e+05,746.34
916.59,924.83,907.47,916.3,1.9981e+05,746.34
203.63,203.63,203.63,203.63,0,130.94
212.04,212.04,212.04,212.04,0,136.35
216.71,216.71,216.71,216.71,0,139.35
219.51,219.51,219.51,219.51,0,141.15
221.38,221.38,221.38,221.38,0,142.35
916.59,924.83,907.47,916.3,1.9981e+05,746.34
916.59,924.83,907.47,916.3,1.9981e+05,746.34
220.45,220.45,220.45,220.45,0,141.75
220.45,220.45,220.45,220.45,0,141.75
221.38,221.38,221.38,221.38,0,142.35
221.38,221.38,221.38,221.38,0,142.35
224.18,224.18,224.18,224.18,0,144.16
916.59,924.83,907.47,916.3,1.9981e+05,746.34
916.59,924.83,907.47,916.3,1.9981e+05,746.34
225.12,225.12,225.12,225.12,0,144.76
224.18,224.18,224.18,224.18,0,144.16
226.05,226.05,226.05,226.05,0,145.36
230.72,230.72,230.72,230.72,0,148.36
237.26,237.26,237.26,237.26,0,152.57
916.59,924.83,907.47,916.3,1.9981e+05,746.34
916.59,924.83,907.47,916.3,1.9981e+05,746.34
243.8,243.8,243.8,243.8,0,156.77
243.8,243.8,243.8,243.8,0,156.77
243.8,243.8,243.8,243.8,0,156.77
243.8,243.8,243.8,243.8,0,156.77
241,241,241,241,0,154.97
916.59,924.83,907.47,916.3,1.9981e+05,746.34
916.59,924.83,907.47,916.3,1.9981e+05,746.34
240.06,240.06,240.06,240.06,0,154.37
238.19,238.19,238.19,238.19,0,153.17
237.26,237.26,237.26,237.26,0,152.57
236.33,236.33,236.33,236.33,0,151.97
236.33,236.33,236.33,236.33,0,151.97
916.59,924.83,907.47,916.3,1.9981e+05,746.34
916.59,924.83,907.47,916.3,1.9981e+05,746.34
236.33,236.33,236.33,236.33,0,151.97
236.33,236.33,236.33,236.33,0,151.97
232.59,232.59,232.59,232.59,0,149.56
227.92,227.92,227.92,227.92,0,146.56
226.99,226.99,226.99,226.99,0,145.96
916.59,924.83,907.47,916.3,1.9981e+05,746.34
916.59,924.83,907.47,916.3,1.9981e+05,746.34
226.99,226.99,226.99,226.99,0,145.96
226.99,226.99,226.99,226.99,0,145.96
226.99,226.99,226.99,226.99,0,145.96
227.92,227.92,227.92,227.92,0,146.56
225.12,225.12,225.12,225.12,0,144.76
916.59,924.83,907.47,916.3,1.9981e+05,746.34
916.59,924.83,907.47,916.3,1.9981e+05,746.34
221.38,221.38,221.38,221.38,0,142.35
217.65,217.65,217.65,217.65,0,139.95
219.51,219.51,219.51,219.51,0,141.15
217.65,217.65,217.65,217.65,0,139.95
217.65,217.65,217.65,217.65,0,139.95
916.59,924.83,907.47,916.3,1.9981e+05,746.34
916.59,924.83,907.47,916.3,1.9981e+05,746.34
217.65,217.65,217.65,217.65,0,139.95
217.65,217.65,217.65,217.65,0,139.95
217.65,217.65,217.65,217.65,0,139.95
216.71,216.71,216.71,216.71,0,139.35
216.71,216.71,216.71,216.71,0,139.35
916.59,924.83,907.47,916.3,1.9981e+05,746.34
916.59,924.83,907.47,916.3,1.9981e+05,746.34
217.65,217.65,217.65,217.65,0,139.95
216.71,216.71,216.71,216.71,0,139.35
217.65,217.65,217.65,217.65,0,139.95
217.65,217.65,217.65,217.65,0,139.95
217.65,217.65,217.65,217.65,0,139.95
916.59,924.83,907.47,916.3,1.9981e+05,746.34
916.59,924.83,907.47,916.3,1.9981e+05,746.34
217.65,217.65,217.65,217.65,0,139.95
218.58,218.58,218.58,218.58,0,140.55
218.58,218.58,218.58,218.58,0,140.55
218.58,218.58,218.58,218.58,0,140.55
222.32,222.32,222.32,222.32,0,142.96
916.59,924.83,907.47,916.3,1.9981e+05,746.34
916.59,924.83,907.47,916.3,1.9981e+05,746.34
224.18,224.18,224.18,224.18,0,144.16
224.18,224.18,224.18,224.18,0,144.16
224.18,224.18,224.18,224.18,0,144.16
222.32,222.32,222.32,222.32,0,142.96
220.45,220.45,220.45,220.45,0,141.75
916.59,924.83,907.47,916.3,1.9981e+05,746.34
916.59,924.83,907.47,916.3,1.9981e+05,746.34
217.65,217.65,217.65,217.65,0,139.95
215.78,215.78,215.78,215.78,0,138.75
215.78,215.78,215.78,215.78,0,138.75
215.78,215.78,215.78,215.78,0,138.75
215.78,215.78,215.78,215.78,0,138.75
916.59,924.83,907.47,916.3,1.9981e+05,746.34
916.59,924.83,907.47,916.3,1.9981e+05,746.34
214.84,214.84,214.84,214.84,0,138.15
212.97,212.97,212.97,212.97,0,136.95
205.5,205.5,205.5,205.5,0,132.14
201.76,201.76,201.76,201.76,0,129.74
200.83,200.83,200.83,200.83,0,129.14
916.59,924.83,907.47,916.3,1.9981e+05,746.34
916.59,924.83,907.47,916.3,1.9981e+05,746.34
200.83,200.83,200.83,200.83,0,129.14
196.16,196.16,196.16,196.16,0,126.14
194.29,194.29,194.29,194.29,0,124.94
194.29,194.29,194.29,194.29,0,124.94
192.42,192.42,192.42,192.42,0,123.73
916.59,924.83,907.47,916.3,1.9981e+05,746.34
916.59,924.83,907.47,916.3,1.9981e+05,746.34
188.69,188.69,188.69,188.69,0,121.33
187.75,187.75,187.75,187.75,0,120.73
187.75,187.75,187.75,187.75,0,120.73
184.95,184.95,184.95,184.95,0,118.93
186.82,186.82,186.82,186.82,0,120.13
916.59,924.83,907.47,916.3,1.9981e+05,746.34
916.59,924.83,907.47,916.3,1.9981e+05,746.34
186.82,186.82,186.82,186.82,0,120.13
184.02,184.02,184.02,184.02,0,118.33
182.15,182.15,182.15,182.15,0,117.13
183.08,183.08,183.08,183.08,0,117.73
183.08,183.08,183.08,183.08,0,117.73
916.59,924.83,907.47,916.3,1.9981e+05,746.34
916.59,924.83,907.47,916.3,1.9981e+05,746.34
184.02,184.02,184.02,184.02,0,118.33
184.95,184.95,184.95,184.95,0,118.93
184.95,184.95,184.95,184.95,0,118.93
185.89,185.89,185.89,185.89,0,119.53
184.02,184.02,184.02,184.02,0,118.33
916.59,924.83,907.47,916.3,1.9981e+05,746.34
916.59,924.83,907.47,916.3,1.9981e+05,746.34
184.02,184.02,184.02,184.02,0,118.33
185.89,185.89,185.89,185.89,0,119.53
187.75,187.75,187.75,187.75,0,120.73
189.62,189.62,189.62,189.62,0,121.93
190.56,190.56,190.56,190.56,0,122.53
916.59,924.83,907.47,916.3,1.9981e+05,746.34
916.59,924.83,907.47,916.3,1.9981e+05,746.34
187.75,187.75,187.75,187.75,0,120.73
189.62,189.62,189.62,189.62,0,121.93
189.62,189.62,189.62,189.62,0,121.93
189.62,189.62,189.62,189.62,0,121.93
189.62,189.62,189.62,189.62,0,121.93
916.59,924.83,907.47,916.3,1.9981e+05,746.34
916.59,924.83,907.47,916.3,1.9981e+05,746.34
189.62,189.62,189.62,189.62,0,121.93
190.56,190.56,190.56,190.56,0,122.53
191.49,191.49,191.49,191.49,0,123.13
191.49,191.49,191.49,191.49,0,123.13
192.42,192.42,192.42,192.42,0,123.73
916.59,924.83,907.47,916.3,1.9981e+05,746.34
916.59,924.83,907.47,916.3,1.9981e+05,746.34
194.29,194.29,194.29,194.29,0,124.94
194.29,194.29,194.29,194.29,0,124.94
194.29,194.29,194.29,194.29,0,124.94
194.29,194.29,194.29,194.29,0,124.94
191.49,191.49,191.49,191.49,0,123.13
916.59,924.83,907.47,916.3,1.9981e+05,746.34
916.59,924.83,907.47,916.3,1.9981e+05,746.34
188.69,188.69,188.69,188.69,0,121.33
188.69,188.69,188.69,188.69,0,121.33
188.69,188.69,188.69,188.69,0,121.33
189.62,189.62,189.62,189.62,0,121.93
189.62,189.62,189.62,189.62,0,121.93
916.59,924.83,907.47,916.3,1.9981e+05,746.34
916.59,924.83,907.47,916.3,1.9981e+05,746.34
189.62,189.62,189.62,189.62,0,121.93
184.02,184.02,184.02,184.02,0,118.33
184.02,184.02,184.02,184.02,0,118.33
184.02,184.02,184.02,184.02,0,118.33
184.02,184.02,184.02,184.02,0,118.33
916.59,924.83,907.47,916.3,1.9981e+05,746.34
916.59,924.83,907.47,916.3,1.9981e+05,746.34
184.02,184.02,184.02,184.02,0,118.33
184.02,184.02,184.02,184.02,0,118.33
182.15,182.15,182.15,182.15,0,117.13
182.15,182.15,182.15,182.15,0,117.13
182.15,182.15,182.15,182.15,0,117.13
916.59,924.83,907.47,916.3,1.9981e+05,746.34
916.59,924.83,907.47,916.3,1.9981e+05,746.34
181.22,181.22,181.22,181.22,0,116.53
182.15,182.15,182.15,182.15,0,117.13
181.22,181.22,181.22,181.22,0,116.53
179.35,179.35,179.35,179.35,0,115.33
178.41,178.41,178.41,178.41,0,114.72
916.59,924.83,907.47,916.3,1.9981e+05,746.34
916.59,924.83,907.47,916.3,1.9981e+05,746.34
178.41,178.41,178.41,178.41,0,114.72
176.54,176.54,176.54,176.54,0,113.52
173.74,173.74,173.74,173.74,0,111.72
169.07,169.07,169.07,169.07,0,108.72
166.27,166.27,166.27,166.27,0,106.92
916.59,924.83,907.47,916.3,1.9981e+05,746.34
916.59,924.83,907.47,916.3,1.9981e+05,746.34
166.27,166.27,166.27,166.27,0,106.92
163.47,163.47,163.47,163.47,0,105.11
163.47,163.47,163.47,163.47,0,105.11
164.4,164.4,164.4,164.4,0,105.72
163.47,163.47,163.47,163.47,0,105.11
916.59,924.83,907.47,916.3,1.9981e+05,746.34
916.59,924.83,907.47,916.3,1.9981e+05,746.34
163.47,163.47,163.47,163.47,0,105.11
161.6,161.6,161.6,161.6,0,103.91
156.93,156.93,156.93,156.93,0,100.91
149.46,149.46,149.46,149.46,0,96.105
147.59,147.59,147.59,147.59,0,94.903
916.59,924.83,907.47,916.3,1.9981e+05,746.34
916.59,924.83,907.47,916.3,1.9981e+05,746.34
145.72,145.72,145.72,145.72,0,93.702
143.85,143.85,143.85,143.85,0,92.5
143.85,143.85,143.85,143.85,0,92.5
143.85,143.85,143.85,143.85,0,92.5
142.92,142.92,142.92,142.92,0,91.9
916.59,924.83,907.47,916.3,1.9981e+05,746.34
916.59,924.83,907.47,916.3,1.9981e+05,746.34
142.92,142.92,142.92,142.92,0,91.9
141.98,141.98,141.98,141.98,0,91.299
141.05,141.05,141.05,141.05,0,90.699
142.92,142.92,142.92,142.92,0,91.9
142.92,142.92,142.92,142.92,0,91.9
916.59,924.83,907.47,916.3,1.9981e+05,746.34
916.59,924.83,907.47,916.3,1.9981e+05,746.34
142.92,142.92,142.92,142.92,0,91.9
141.05,141.05,141.05,141.05,0,90.699
139.18,139.18,139.18,139.18,0,89.497
132.64,132.64,132.64,132.64,0,85.293
130.77,130.77,130.77,130.77,0,84.091
916.59,924.83,907.47,916.3,1.9981e+05,746.34
916.59,924.83,907.47,916.3,1.9981e+05,746.34
134.51,134.51,134.51,134.51,0,86.494
139.18,139.18,139.18,139.18,0,89.497
147.59,147.59,147.59,147.59,0,94.903
147.59,147.59,147.59,147.59,0,94.903
146.65,146.65,146.65,146.65,0,94.302
916.59,924.83,907.47,916.3,1.9981e+05,746.34
916.59,924.83,907.47,916.3,1.9981e+05,746.34
140.12,140.12,140.12,140.12,0,90.098
135.44,135.44,135.44,135.44,0,87.094
135.44,135.44,135.44,135.44,0,87.094
138.25,138.25,138.25,138.25,0,88.897
136.38,136.38,136.38,136.38,0,87.695
916.59,924.83,907.47,916.3,1.9981e+05,746.34
916.59,924.83,907.47,916.3,1.9981e+05,746.34
128.91,128.91,128.91,128.91,0,82.89
130.77,130.77,130.77,130.77,0,84.091
130.77,130.77,130.77,130.77,0,84.091
131.71,131.71,131.71,131.71,0,84.692
135.44,135.44,135.44,135.44,0,87.094
916.59,924.83,907.47,916.3,1.9981e+05,746.34
916.59,924.83,907.47,916.3,1.9981e+05,746.34
134.51,134.51,134.51,134.51,0,86.494
133.58,133.58,133.58,133.58,0,85.893
133.58,133.58,133.58,133.58,0,85.893
131.71,131.71,131.71,131.71,0,84.692
126.1,126.1,126.1,126.1,0,81.088
916.59,924.83,907.47,916.3,1.9981e+05,746.34
916.59,924.83,907.47,916.3,1.9981e+05,746.34
125.17,125.17,125.17,125.17,0,80.487
126.1,126.1,126.1,126.1,0,81.088
128.91,128.91,128.91,128.91,0,82.89
128.91,128.91,128.91,128.91,0,82.89
130.77,130.77,130.77,130.77,0,84.091
916.59,924.83,907.47,916.3,1.9981e+05,746.34
916.59,924.83,907.47,916.3,1.9981e+05,746.34
134.51,134.51,134.51,134.51,0,86.494
137.31,137.31,137.31,137.31,0,88.296
138.25,138.25,138.25,138.25,0,88.897
138.25,138.25,138.25,138.25,0,88.897
139.18,139.18,139.18,139.18,0,89.497
916.59,924.83,907.47,916.3,1.9981e+05,746.34
916.59,924.83,907.47,916.3,1.9981e+05,746.34
139.18,139.18,139.18,139.18,0,89.497
139.18,139.18,139.18,139.18,0,89.497
140.12,140.12,140.12,140.12,0,90.098
141.05,141.05,141.05,141.05,0,90.699
141.05,141.05,141.05,141.05,0,90.699
916.59,924.83,907.47,916.3,1.9981e+05,746.34
916.59,924.83,907.47,916.3,1.9981e+05,746.34
141.05,141.05,141.05,141.05,0,90.699
141.05,141.05,141.05,141.05,0,90.699
141.05,141.05,141.05,141.05,0,90.699
142.92,142.92,142.92,142.92,0,91.9
143.85,143.85,143.85,143.85,0,92.5
916.59,924.83,907.47,916.3,1.9981e+05,746.34
916.59,924.83,907.47,916.3,1.9981e+05,746.34
143.85,143.85,143.85,143.85,0,92.5
143.85,143.85,143.85,143.85,0,92.5
143.85,143.85,143.85,143.85,0,92.5
143.85,143.85,143.85,143.85,0,92.5
143.85,143.85,143.85,143.85,0,92.5
916.59,924.83,907.47,916.3,1.9981e+05,746.34
916.59,924.83,907.47,916.3,1.9981e+05,746.34
145.72,145.72,145.72,145.72,0,93.702
149.46,149.46,149.46,149.46,0,96.105
154.13,154.13,154.13,154.13,0,99.107
154.13,154.13,154.13,154.13,0,99.107
154.13,154.13,154.13,154.13,0,99.107
916.59,924.83,907.47,916.3,1.9981e+05,746.34
916.59,924.83,907.47,916.3,1.9981e+05,746.34
154.13,154.13,154.13,154.13,0,99.107
154.13,154.13,154.13,154.13,0,99.107
154.13,154.13,154.13,154.13,0,99.107
155.99,155.99,155.99,155.99,0,100.31
161.6,161.6,161.6,161.6,0,103.91
916.59,924.83,907.47,916.3,1.9981e+05,746.34
916.59,924.83,907.47,916.3,1.9981e+05,746.34
161.6,161.6,161.6,161.6,0,103.91
161.6,161.6,161.6,161.6,0,103.91
163.47,163.47,163.47,163.47,0,105.11
163.47,163.47,163.47,163.47,0,105.11
167.2,167.2,167.2,167.2,0,107.52
916.59,924.83,907.47,916.3,1.9981e+05,746.34
916.59,924.83,907.47,916.3,1.9981e+05,746.34
167.2,167.2,167.2,167.2,0,107.52
167.2,167.2,167.2,167.2,0,107.52
168.14,168.14,168.14,168.14,0,108.12
171.41,171.41,171.41,171.41,0,110.22
178.41,178.41,178.41,178.41,0,114.72
916.59,924.83,907.47,916.3,1.9981e+05,746.34
916.59,924.83,907.47,916.3,1.9981e+05,746.34
178.41,178.41,178.41,178.41,0,114.72
178.41,178.41,178.41,178.41,0,114.72
184.02,184.02,184.02,184.02,0,118.33
189.62,189.62,189.62,189.62,0,121.93
189.62,189.62,189.62,189.62,0,121.93
916.59,924.83,907.47,916.3,1.9981e+05,746.34
916.59,924.83,907.47,916.3,1.9981e+05,746.34
189.62,189.62,189.62,189.62,0,121.93
189.62,189.62,189.62,189.62,0,121.93
189.62,189.62,189.62,189.62,0,121.93
189.62,189.62,189.62,189.62,0,121.93
189.62,189.62,189.62,189.62,0,121.93
916.59,924.83,907.47,916.3,1.9981e+05,746.34
916.59,924.83,907.47,916.3,1.9981e+05,746.34
189.62,189.62,189.62,189.62,0,121.93
188.69,188.69,188.69,188.69,0,121.33
188.69,188.69,188.69,188.69,0,121.33
188.69,188.69,188.69,188.69,0,121.33
188.69,188.69,188.69,188.69,0,121.33
916.59,924.83,907.47,916.3,1.9981e+05,746.34
916.59,924.83,907.47,916.3,1.9981e+05,746.34
188.69,188.69,188.69,188.69,0,121.33
188.69,188.69,188.69,188.69,0,121.33
186.82,186.82,186.82,186.82,0,120.13
186.82,186.82,186.82,186.82,0,120.13
186.82,186.82,186.82,186.82,0,120.13
916.59,924.83,907.47,916.3,1.9981e+05,746.34
916.59,924.83,907.47,916.3,1.9981e+05,746.34
186.82,186.82,186.82,186.82,0,120.13
188.69,188.69,188.69,188.69,0,121.33
188.69,188.69,188.69,188.69,0,121.33
188.69,188.69,188.69,188.69,0,121.33
187.75,187.75,187.75,187.75,0,120.73
916.59,924.83,907.47,916.3,1.9981e+05,746.34
916.59,924.83,907.47,916.3,1.9981e+05,746.34
185.89,185.89,185.89,185.89,0,119.53
183.08,183.08,183.08,183.08,0,117.73
183.08,183.08,183.08,183.08,0,117.73
181.22,181.22,181.22,181.22,0,116.53
180.28,180.28,180.28,180.28,0,115.93
916.59,924.83,907.47,916.3,1.9981e+05,746.34
916.59,924.83,907.47,916.3,1.9981e+05,746.34
180.28,180.28,180.28,180.28,0,115.93
179.35,179.35,179.35,179.35,0,115.33
178.41,178.41,178.41,178.41,0,114.72
177.48,177.48,177.48,177.48,0,114.12
177.48,177.48,177.48,177.48,0,114.12
916.59,924.83,907.47,916.3,1.9981e+05,746.34
916.59,924.83,907.47,916.3,1.9981e+05,746.34
176.54,176.54,176.54,176.54,0,113.52
173.74,173.74,173.74,173.74,0,111.72
174.68,174.68,174.68,174.68,0,112.32
174.68,174.68,174.68,174.68,0,112.32
174.68,174.68,174.68,174.68,0,112.32
916.59,924.83,907.47,916.3,1.9981e+05,746.34
916.59,924.83,907.47,916.3,1.9981e+05,746.34
173.74,173.74,173.74,173.74,0,111.72
174.68,174.68,174.68,174.68,0,112.32
174.68,174.68,174.68,174.68,0,112.32
174.68,174.68,174.68,174.68,0,112.32
174.68,174.68,174.68,174.68,0,112.32
916.59,924.83,907.47,916.3,1.9981e+05,746.34
916.59,924.83,907.47,916.3,1.9981e+05,746.34
173.74,173.74,173.74,173.74,0,111.72
173.74,173.74,173.74,173.74,0,111.72
174.68,174.68,174.68,174.68,0,112.32
174.68,174.68,174.68,174.68,0,112.32
174.68,174.68,174.68,174.68,0,112.32
916.59,924.83,907.47,916.3,1.9981e+05,746.34
916.59,924.83,907.47,916.3,1.9981e+05,746.34
174.68,174.68,174.68,174.68,0,112.32
174.68,174.68,174.68,174.68,0,112.32
173.74,173.74,173.74,173.74,0,111.72
172.81,172.81,172.81,172.81,0,111.12
169.07,169.07,169.07,169.07,0,108.72
916.59,924.83,907.47,916.3,1.9981e+05,746.34
916.59,924.83,907.47,916.3,1.9981e+05,746.34
166.27,166.27,166.27,166.27,0,106.92
166.27,166.27,166.27,166.27,0,106.92
164.4,164.4,164.4,164.4,0,105.72
164.4,164.4,164.4,164.4,0,105.72
163.47,163.47,163.47,163.47,0,105.11
916.59,924.83,907.47,916.3,1.9981e+05,746.34
916.59,924.83,907.47,916.3,1.9981e+05,746.34
160.66,160.66,160.66,160.66,0,103.31
155.06,155.06,155.06,155.06,0,99.708
154.13,154.13,154.13,154.13,0,99.107
154.13,154.13,154.13,154.13,0,99.107
155.99,155.99,155.99,155.99,0,100.31
916.59,924.83,907.47,916.3,1.9981e+05,746.34
916.59,924.83,907.47,916.3,1.9981e+05,746.34
155.06,155.06,155.06,155.06,0,99.708
155.06,155.06,155.06,155.06,0,99.708
155.99,155.99,155.99,155.99,0,100.31
155.99,155.99,155.99,155.99,0,100.31
155.99,155.99,155.99,155.99,0,100.31
916.59,924.83,907.47,916.3,1.9981e+05,746.34
916.59,924.83,907.47,916.3,1.9981e+05,746.34
155.99,155.99,155.99,155.99,0,100.31
155.99,155.99,155.99,155.99,0,100.31
154.13,154.13,154.13,154.13,0,99.107
152.26,152.26,152.26,152.26,0,97.906
152.26,152.26,152.26,152.26,0,97.906
916.59,924.83,907.47,916.3,1.9981e+05,746.34
916.59,924.83,907.47,916.3,1.9981e+05,746.34
152.26,152.26,152.26,152.26,0,97.906
154.13,154.13,154.13,154.13,0,99.107
154.13,154.13,154.13,154.13,0,99.107
153.19,153.19,153.19,153.19,0,98.507
153.19,153.19,153.19,153.19,0,98.507
916.59,924.83,907.47,916.3,1.9981e+05,746.34
916.59,924.83,907.47,916.3,1.9981e+05,746.34
151.32,151.32,151.32,151.32,0,97.306
148.52,148.52,148.52,148.52,0,95.504
146.65,146.65,146.65,146.65,0,94.302
143.85,143.85,143.85,143.85,0,92.5
136.38,136.38,136.38,136.38,0,87.695
916.59,924.83,907.47,916.3,1.9981e+05,746.34
916.59,924.83,907.47,916.3,1.9981e+05,746.34
133.58,133.58,133.58,133.58,0,85.893
133.58,133.58,133.58,133.58,0,85.893
133.58,133.58,133.58,133.58,0,85.893
133.58,133.58,133.58,133.58,0,85.893
133.58,133.58,133.58,133.58,0,85.893
916.59,924.83,907.47,916.3,1.9981e+05,746.34
916.59,924.83,907.47,916.3,1.9981e+05,746.34
133.58,133.58,133.58,133.58,0,85.893
133.58,133.58,133.58,133.58,0,85.893
133.58,133.58,133.58,133.58,0,85.893
136.38,136.38,136.38,136.38,0,87.695
142.92,142.92,142.92,142.92,0,91.9
916.59,924.83,907.47,916.3,1.9981e+05,746.34
916.59,924.83,907.47,916.3,1.9981e+05,746.34
149.46,149.46,149.46,149.46,0,96.105
149.46,149.46,149.46,149.46,0,96.105
149.46,149.46,149.46,149.46,0,96.105
151.32,151.32,151.32,151.32,0,97.306
159.73,159.73,159.73,159.73,0,102.71
916.59,924.83,907.47,916.3,1.9981e+05,746.34
916.59,924.83,907.47,916.3,1.9981e+05,746.34
165.34,165.34,165.34,165.34,0,106.32
170.01,170.01,170.01,170.01,0,109.32
177.48,177.48,177.48,177.48,0,114.12
175.61,175.61,175.61,175.61,0,112.92
175.61,175.61,175.61,175.61,0,112.92
916.59,924.83,907.47,916.3,1.9981e+05,746.34
916.59,924.83,907.47,916.3,1.9981e+05,746.34
175.61,175.61,175.61,175.61,0,112.92
175.61,175.61,175.61,175.61,0,112.92
176.54,176.54,176.54,176.54,0,113.52
176.54,176.54,176.54,176.54,0,113.52
176.54,176.54,176.54,176.54,0,113.52
916.59,924.83,907.47,916.3,1.9981e+05,746.34
916.59,924.83,907.47,916.3,1.9981e+05,746.34
176.54,176.54,176.54,176.54,0,113.52
176.54,176.54,176.54,176.54,0,113.52
173.74,173.74,173.74,173.74,0,111.72
173.74,173.74,173.74,173.74,0,111.72
173.74,173.74,173.74,173.74,0,111.72
916.59,924.83,907.47,916.3,1.9981e+05,746.34
916.59,924.83,907.47,916.3,1.9981e+05,746.34
171.87,171.87,171.87,171.87,0,110.52
171.87,171.87,171.87,171.87,0,110.52
171.87,171.87,171.87,171.87,0,110.52
172.81,172.81,172.81,172.81,0,111.12
172.81,172.81,172.81,172.81,0,111.12
916.59,924.83,907.47,916.3,1.9981e+05,746.34
916.59,924.83,907.47,916.3,1.9981e+05,746.34
172.81,172.81,172.81,172.81,0,111.12
172.81,172.81,172.81,172.81,0,111.12
170.01,170.01,170.01,170.01,0,109.32
168.14,168.14,168.14,168.14,0,108.12
169.07,169.07,169.07,169.07,0,108.72
916.59,924.83,907.47,916.3,1.9981e+05,746.34
916.59,924.83,907.47,916.3,1.9981e+05,746.34
169.07,169.07,169.07,169.07,0,108.72
170.01,170.01,170.01,170.01,0,109.32
172.81,172.81,172.81,172.81,0,111.12
192.42,192.42,192.42,192.42,0,123.73
203.63,203.63,203.63,203.63,0,130.94
916.59,924.83,907.47,916.3,1.9981e+05,746.34
916.59,924.83,907.47,916.3,1.9981e+05,746.34
202.7,202.7,202.7,202.7,0,130.34
200.83,200.83,200.83,200.83,0,129.14
198.03,198.03,198.03,198.03,0,127.34
195.23,195.23,195.23,195.23,0,125.54
194.29,194.29,194.29,194.29,0,124.94
916.59,924.83,907.47,916.3,1.9981e+05,746.34
916.59,924.83,907.47,916.3,1.9981e+05,746.34
190.56,190.56,190.56,190.56,0,122.53
189.62,189.62,189.62,189.62,0,121.93
189.62,189.62,189.62,189.62,0,121.93
191.49,191.49,191.49,191.49,0,123.13
192.42,192.42,192.42,192.42,0,123.73
916.59,924.83,907.47,916.3,1.9981e+05,746.34
916.59,924.83,907.47,916.3,1.9981e+05,746.34
193.36,193.36,193.36,193.36,0,124.33
198.96,198.96,198.96,198.96,0,127.94
198.96,198.96,198.96,198.96,0,127.94
198.96,198.96,198.96,198.96,0,127.94
200.83,200.83,200.83,200.83,0,129.14
916.59,924.83,907.47,916.3,1.9981e+05,746.34
916.59,924.83,907.47,916.3,1.9981e+05,746.34
202.7,202.7,202.7,202.7,0,130.34
204.57,204.57,204.57,204.57,0,131.54
204.57,204.57,204.57,204.57,0,131.54
204.57,204.57,204.57,204.57,0,131.54
205.5,205.5,205.5,205.5,0,132.14
916.59,924.83,907.47,916.3,1.9981e+05,746.34
916.59,924.83,907.47,916.3,1.9981e+05,746.34
205.5,205.5,205.5,205.5,0,132.14
205.5,205.5,205.5,205.5,0,132.14
205.5,205.5,205.5,205.5,0,132.14
203.63,203.63,203.63,203.63,0,130.94
198.96,198.96,198.96,198.96,0,127.94
916.59,924.83,907.47,916.3,1.9981e+05,746.34
916.59,924.83,907.47,916.3,1.9981e+05,746.34
193.36,193.36,193.36,193.36,0,124.33
193.36,193.36,193.36,193.36,0,124.33
192.42,192.42,192.42,192.42,0,123.73
192.42,192.42,192.42,192.42,0,123.73
188.69,188.69,188.69,188.69,0,121.33
916.59,924.83,907.47,916.3,1.9981e+05,746.34
916.59,924.83,907.47,916.3,1.9981e+05,746.34
186.82,186.82,186.82,186.82,0,120.13
186.82,186.82,186.82,186.82,0,120.13
186.82,186.82,186.82,186.82,0,120.13
187.75,187.75,187.75,187.75,0,120.73
185.89,185.89,185.89,185.89,0,119.53
916.59,924.83,907.47,916.3,1.9981e+05,746.34
916.59,924.83,907.47,916.3,1.9981e+05,746.34
184.95,184.95,184.95,184.95,0,118.93
180.28,180.28,180.28,180.28,0,115.93
180.28,180.28,180.28,180.28,0,115.93
179.35,179.35,179.35,179.35,0,115.33
179.35,179.35,179.35,179.35,0,115.33
916.59,924.83,907.47,916.3,1.9981e+05,746.34
916.59,924.83,907.47,916.3,1.9981e+05,746.34
179.35,179.35,179.35,179.35,0,115.33
182.15,182.15,182.15,182.15,0,117.13
183.08,183.08,183.08,183.08,0,117.73
184.02,184.02,184.02,184.02,0,118.33
183.08,183.08,183.08,183.08,0,117.73
916.59,924.83,907.47,916.3,1.9981e+05,746.34
916.59,924.83,907.47,916.3,1.9981e+05,746.34
184.95,184.95,184.95,184.95,0,118.93
184.02,184.02,184.02,184.02,0,118.33
184.95,184.95,184.95,184.95,0,118.93
184.02,184.02,184.02,184.02,0,118.33
184.02,184.02,184.02,184.02,0,118.33
916.59,924.83,907.47,916.3,1.9981e+05,746.34
916.59,924.83,907.47,916.3,1.9981e+05,746.34
185.89,185.89,185.89,185.89,0,119.53
186.82,186.82,186.82,186.82,0,120.13
187.75,187.75,187.75,187.75,0,120.73
187.75,187.75,187.75,187.75,0,120.73
187.75,187.75,187.75,187.75,0,120.73
916.59,924.83,907.47,916.3,1.9981e+05,746.34
916.59,924.83,907.47,916.3,1.9981e+05,746.34
186.82,186.82,186.82,186.82,0,120.13
184.02,184.02,184.02,184.02,0,118.33
182.15,182.15,182.15,182.15,0,117.13
182.15,182.15,182.15,182.15,0,117.13
182.15,182.15,182.15,182.15,0,117.13
916.59,924.83,907.47,916.3,1.9981e+05,746.34
916.59,924.83,907.47,916.3,1.9981e+05,746.34
182.15,182.15,182.15,182.15,0,117.13
182.15,182.15,182.15,182.15,0,117.13
182.15,182.15,182.15,182.15,0,117.13
186.82,186.82,186.82,186.82,0,120.13
185.89,185.89,185.89,185.89,0,119.53
916.59,924.83,907.47,916.3,1.9981e+05,746.34
916.59,924.83,907.47,916.3,1.9981e+05,746.34
188.69,188.69,188.69,188.69,0,121.33
192.42,192.42,192.42,192.42,0,123.73
193.36,193.36,193.36,193.36,0,124.33
193.36,193.36,193.36,193.36,0,124.33
193.36,193.36,193.36,193.36,0,124.33
916.59,924.83,907.47,916.3,1.9981e+05,746.34
916.59,924.83,907.47,916.3,1.9981e+05,746.34
222.32,222.32,222.32,222.32,0,142.96
215.78,215.78,215.78,215.78,0,138.75
212.97,212.97,212.97,212.97,0,136.95
212.97,212.97,212.97,212.97,0,136.95
211.11,211.11,211.11,211.11,0,135.75
916.59,924.83,907.47,916.3,1.9981e+05,746.34
916.59,924.83,907.47,916.3,1.9981e+05,746.34
211.11,211.11,211.11,211.11,0,135.75
211.11,211.11,211.11,211.11,0,135.75
211.11,211.11,211.11,211.11,0,135.75
211.11,211.11,211.11,211.11,0,135.75
210.17,210.17,210.17,210.17,0,135.15
916.59,924.83,907.47,916.3,1.9981e+05,746.34
916.59,924.83,907.47,916.3,1.9981e+05,746.34
210.17,210.17,210.17,210.17,0,135.15
210.17,210.17,210.17,210.17,0,135.15
209.24,209.24,209.24,209.24,0,134.55
210.17,210.17,210.17,210.17,0,135.15
210.17,210.17,210.17,210.17,0,135.15
916.59,924.83,907.47,916.3,1.9981e+05,746.34
916.59,924.83,907.47,916.3,1.9981e+05,746.34
209.24,209.24,209.24,209.24,0,134.55
208.3,208.3,208.3,208.3,0,133.95
209.24,209.24,209.24,209.24,0,134.55
210.17,210.17,210.17,210.17,0,135.15
210.17,210.17,210.17,210.17,0,135.15
916.59,924.83,907.47,916.3,1.9981e+05,746.34
916.59,924.83,907.47,916.3,1.9981e+05,746.34
209.24,209.24,209.24,209.24,0,134.55
212.97,212.97,212.97,212.97,0,136.95
210.17,210.17,210.17,210.17,0,135.15
210.17,210.17,210.17,210.17,0,135.15
209.24,209.24,209.24,209.24,0,134.55
916.59,924.83,907.47,916.3,1.9981e+05,746.34
916.59,924.83,907.47,916.3,1.9981e+05,746.34
209.24,209.24,209.24,209.24,0,134.55
209.24,209.24,209.24,209.24,0,134.55
212.04,212.04,212.04,212.04,0,136.35
212.04,212.04,212.04,212.04,0,136.35
212.04,212.04,212.04,212.04,0,136.35
916.59,924.83,907.47,916.3,1.9981e+05,746.34
916.59,924.83,907.47,916.3,1.9981e+05,746.34
214.84,214.84,214.84,214.84,0,138.15
214.84,214.84,214.84,214.84,0,138.15
216.71,216.71,216.71,216.71,0,139.35
217.65,217.65,217.65,217.65,0,139.95
224.18,224.18,224.18,224.18,0,144.16
916.59,924.83,907.47,916.3,1.9981e+05,746.34
916.59,924.83,907.47,916.3,1.9981e+05,746.34
223.25,223.25,223.25,223.25,0,143.56
223.25,223.25,223.25,223.25,0,143.56
221.38,221.38,221.38,221.38,0,142.35
220.45,220.45,220.45,220.45,0,141.75
221.38,221.38,221.38,221.38,0,142.35
916.59,924.83,907.47,916.3,1.9981e+05,746.34
916.59,924.83,907.47,916.3,1.9981e+05,746.34
222.32,222.32,222.32,222.32,0,142.96
222.32,222.32,222.32,222.32,0,142.96
226.05,226.05,226.05,226.05,0,145.36
226.52,226.52,226.52,226.52,0,145.66
228.85,228.85,228.85,228.85,0,147.16
916.59,924.83,907.47,916.3,1.9981e+05,746.34
916.59,924.83,907.47,916.3,1.9981e+05,746.34
232.59,232.59,232.59,232.59,0,149.56
232.59,232.59,232.59,232.59,0,149.56
233.53,233.53,233.53,233.53,0,150.16
234.46,234.46,234.46,234.46,0,150.76
234.46,234.46,234.46,234.46,0,150.76
916.59,924.83,907.47,916.3,1.9981e+05,746.34
916.59,924.83,907.47,916.3,1.9981e+05,746.34
238.19,238.19,238.19,238.19,0,153.17
238.19,238.19,238.19,238.19,0,153.17
240.06,240.06,240.06,240.06,0,154.37
238.19,238.19,238.19,238.19,0,153.17
238.19,238.19,238.19,238.19,0,153.17
916.59,924.83,907.47,916.3,1.9981e+05,746.34
916.59,924.83,907.47,916.3,1.9981e+05,746.34
238.19,238.19,238.19,238.19,0,153.17
238.19,238.19,238.19,238.19,0,153.17
238.19,238.19,238.19,238.19,0,153.17
238.19,238.19,238.19,238.19,0,153.17
238.19,238.19,238.19,238.19,0,153.17
916.59,924.83,907.47,916.3,1.9981e+05,746.34
916.59,924.83,907.47,916.3,1.9981e+05,746.34
237.26,237.26,237.26,237.26,0,152.57
237.26,237.26,237.26,237.26,0,152.57
237.26,237.26,237.26,237.26,0,152.57
235.39,235.39,235.39,235.39,0,151.37
231.66,231.66,231.66,231.66,0,148.96
916.59,924.83,907.47,916.3,1.9981e+05,746.34
916.59,924.83,907.47,916.3,1.9981e+05,746.34
228.85,228.85,228.85,228.85,0,147.16
226.99,226.99,226.99,226.99,0,145.96
221.38,221.38,221.38,221.38,0,142.35
215.78,215.78,215.78,215.78,0,138.75
215.78,215.78,215.78,215.78,0,138.75
916.59,924.83,907.47,916.3,1.9981e+05,746.34
916.59,924.83,907.47,916.3,1.9981e+05,746.34
215.78,215.78,215.78,215.78,0,138.75
214.84,214.84,214.84,214.84,0,138.15
213.91,213.91,213.91,213.91,0,137.55
219.51,219.51,219.51,219.51,0,141.15
219.51,219.51,219.51,219.51,0,141.15
916.59,924.83,907.47,916.3,1.9981e+05,746.34
916.59,924.83,907.47,916.3,1.9981e+05,746.34
219.51,219.51,219.51,219.51,0,141.15
216.71,216.71,216.71,216.71,0,139.35
216.71,216.71,216.71,216.71,0,139.35
221.38,221.38,221.38,221.38,0,142.35
221.38,221.38,221.38,221.38,0,142.35
916.59,924.83,907.47,916.3,1.9981e+05,746.34
916.59,924.83,907.47,916.3,1.9981e+05,746.34
221.38,221.38,221.38,221.38,0,142.35
228.85,228.85,228.85,228.85,0,147.16
228.85,228.85,228.85,228.85,0,147.16
226.99,226.99,226.99,226.99,0,145.96
226.99,226.99,226.99,226.99,0,145.96
916.59,924.83,907.47,916.3,1.9981e+05,746.34
916.59,924.83,907.47,916.3,1.9981e+05,746.34
226.99,226.99,226.99,226.99,0,145.96
226.99,226.99,226.99,226.99,0,145.96
226.99,226.99,226.99,226.99,0,145.96
227.92,227.92,227.92,227.92,0,146.56
228.85,228.85,228.85,228.85,0,147.16
916.59,924.83,907.47,916.3,1.9981e+05,746.34
916.59,924.83,907.47,916.3,1.9981e+05,746.34
230.72,230.72,230.72,230.72,0,148.36
231.66,231.66,231.66,231.66,0,148.96
235.39,235.39,235.39,235.39,0,151.37
238.19,238.19,238.19,238.19,0,153.17
250.34,250.34,250.34,250.34,0,160.97
916.59,924.83,907.47,916.3,1.9981e+05,746.34
916.59,924.83,907.47,916.3,1.9981e+05,746.34
252.21,252.21,252.21,252.21,0,162.18
255.01,255.01,255.01,255.01,0,163.98
255.01,255.01,255.01,255.01,0,163.98
259.68,259.68,259.68,259.68,0,166.98
261.55,261.55,261.55,261.55,0,168.18
916.59,924.83,907.47,916.3,1.9981e+05,746.34
916.59,924.83,907.47,916.3,1.9981e+05,746.34
262.48,262.48,262.48,262.48,0,168.78
265.28,265.28,265.28,265.28,0,170.59
279.3,279.3,279.3,279.3,0,179.6
283.97,283.97,283.97,283.97,0,182.6
285.83,285.83,285.83,285.83,0,183.8
916.59,924.83,907.47,916.3,1.9981e+05,746.34
916.59,924.83,907.47,916.3,1.9981e+05,746.34
289.57,289.57,289.57,289.57,0,186.2
294.24,294.24,294.24,294.24,0,189.21
292.37,292.37,292.37,292.37,0,188
291.44,291.44,291.44,291.44,0,187.4
292.37,292.37,292.37,292.37,0,188
916.59,924.83,907.47,916.3,1.9981e+05,746.34
916.59,924.83,907.47,916.3,1.9981e+05,746.34
296.11,296.11,296.11,296.11,0,190.41
300.78,300.78,300.78,300.78,0,193.41
300.78,300.78,300.78,300.78,0,193.41
301.71,301.71,301.71,301.71,0,194.01
303.58,303.58,303.58,303.58,0,195.21
916.59,924.83,907.47,916.3,1.9981e+05,746.34
916.59,924.83,907.47,916.3,1.9981e+05,746.34
303.58,303.58,303.58,303.58,0,195.21
303.58,303.58,303.58,303.58,0,195.21
300.78,300.78,300.78,300.78,0,193.41
294.24,294.24,294.24,294.24,0,189.21
305.45,305.45,305.45,305.45,0,196.41
916.59,924.83,907.47,916.3,1.9981e+05,746.34
916.59,924.83,907.47,916.3,1.9981e+05,746.34
305.45,305.45,305.45,305.45,0,196.41
312.92,312.92,312.92,312.92,0,201.22
317.59,317.59,317.59,317.59,0,204.22
317.59,317.59,317.59,317.59,0,204.22
317.59,317.59,317.59,317.59,0,204.22
916.59,924.83,907.47,916.3,1.9981e+05,746.34
916.59,924.83,907.47,916.3,1.9981e+05,746.34
317.59,317.59,317.59,317.59,0,204.22
317.59,317.59,317.59,317.59,0,204.22
320.4,320.4,320.4,320.4,0,206.02
321.33,321.33,321.33,321.33,0,206.62
322.26,322.26,322.26,322.26,0,207.22
916.59,924.83,907.47,916.3,1.9981e+05,746.34
916.59,924.83,907.47,916.3,1.9981e+05,746.34
319.46,319.46,319.46,319.46,0,205.42
294.24,294.24,294.24,294.24,0,189.21
295.18,295.18,295.18,295.18,0,189.81
304.52,304.52,304.52,304.52,0,195.81
309.19,309.19,309.19,309.19,0,198.82
916.59,924.83,907.47,916.3,1.9981e+05,746.34
916.59,924.83,907.47,916.3,1.9981e+05,746.34
308.25,308.25,308.25,308.25,0,198.22
309.19,309.19,309.19,309.19,0,198.82
309.19,309.19,309.19,309.19,0,198.82
309.19,309.19,309.19,309.19,0,198.82
309.19,309.19,309.19,309.19,0,198.82
916.59,924.83,907.47,916.3,1.9981e+05,746.34
916.59,924.83,907.47,916.3,1.9981e+05,746.34
305.45,305.45,305.45,305.45,0,196.41
305.45,305.45,305.45,305.45,0,196.41
300.78,300.78,300.78,300.78,0,193.41
298.91,298.91,298.91,298.91,0,192.21
297.98,297.98,297.98,297.98,0,191.61
916.59,924.83,907.47,916.3,1.9981e+05,746.34
916.59,924.83,907.47,916.3,1.9981e+05,746.34
295.18,295.18,295.18,295.18,0,189.81
292.37,292.37,292.37,292.37,0,188
292.37,292.37,292.37,292.37,0,188
297.04,297.04,297.04,297.04,0,191.01
299.85,299.85,299.85,299.85,0,192.81
916.59,924.83,907.47,916.3,1.9981e+05,746.34
916.59,924.83,907.47,916.3,1.9981e+05,746.34
299.85,299.85,299.85,299.85,0,192.81
303.58,303.58,303.58,303.58,0,195.21
311.06,311.06,311.06,311.06,0,200.02
313.86,313.86,313.86,313.86,0,201.82
314.79,314.79,314.79,314.79,0,202.42
916.59,924.83,907.47,916.3,1.9981e+05,746.34
916.59,924.83,907.47,916.3,1.9981e+05,746.34
314.79,314.79,314.79,314.79,0,202.42
318.53,318.53,318.53,318.53,0,204.82
318.53,318.53,318.53,318.53,0,204.82
318.53,318.53,318.53,318.53,0,204.82
318.53,318.53,318.53,318.53,0,204.82
916.59,924.83,907.47,916.3,1.9981e+05,746.34
916.59,924.83,907.47,916.3,1.9981e+05,746.34
319.46,319.46,319.46,319.46,0,205.42
319.46,319.46,319.46,319.46,0,205.42
325.07,325.07,325.07,325.07,0,209.03
327.87,327.87,327.87,327.87,0,210.83
327.87,327.87,327.87,327.87,0,210.83
916.59,924.83,907.47,916.3,1.9981e+05,746.34
916.59,924.83,907.47,916.3,1.9981e+05,746.34
327.87,327.87,327.87,327.87,0,210.83
326.94,326.94,326.94,326.94,0,210.23
326,326,326,326,0,209.63
326,326,326,326,0,209.63
324.13,324.13,324.13,324.13,0,208.43
916.59,924.83,907.47,916.3,1.9981e+05,746.34
916.59,924.83,907.47,916.3,1.9981e+05,746.34
324.13,324.13,324.13,324.13,0,208.43
321.33,321.33,321.33,321.33,0,206.62
317.59,317.59,317.59,317.59,0,204.22
317.59,317.59,317.59,317.59,0,204.22
317.59,317.59,317.59,317.59,0,204.22
916.59,924.83,907.47,916.3,1.9981e+05,746.34
916.59,924.83,907.47,916.3,1.9981e+05,746.34
316.66,316.66,316.66,316.66,0,203.62
316.66,316.66,316.66,316.66,0,203.62
311.99,311.99,311.99,311.99,0,200.62
310.12,310.12,310.12,310.12,0,199.42
310.12,310.12,310.12,310.12,0,199.42
916.59,924.83,907.47,916.3,1.9981e+05,746.34
916.59,924.83,907.47,916.3,1.9981e+05,746.34
311.06,311.06,311.06,311.06,0,200.02
311.06,311.06,311.06,311.06,0,200.02
306.38,306.38,306.38,306.38,0,197.01
303.58,303.58,303.58,303.58,0,195.21
303.58,303.58,303.58,303.58,0,195.21
916.59,924.83,907.47,916.3,1.9981e+05,746.34
916.59,924.83,907.47,916.3,1.9981e+05,746.34
303.58,303.58,303.58,303.58,0,195.21
302.65,302.65,302.65,302.65,0,194.61
301.71,301.71,301.71,301.71,0,194.01
299.85,299.85,299.85,299.85,0,192.81
291.44,291.44,291.44,291.44,0,187.4
916.59,924.83,907.47,916.3,1.9981e+05,746.34
916.59,924.83,907.47,916.3,1.9981e+05,746.34
