584,584,579.5,582,2.3263e+06,507.14
582,588,580.5,585.5,2.6089e+06,510.19
585.5,588,581.5,582.5,1.9815e+06,507.58
579,581.56,573.5,575,2.2501e+06,501.05
577.5,580.5,576,579,1.6918e+06,504.53
714.01,719.63,707.65,713.42,3.0331e+06,670.78
714.01,719.63,707.65,713.42,3.0331e+06,670.78
575.5,577.66,563.5,567,3.8054e+06,494.07
560,563,557,561,3.2396e+06,488.85
563.5,563.5,556,560,4.1661e+06,487.97
563.5,569,560.91,567.5,5.2334e+06,494.51
566,575.5,566,574,2.1315e+06,500.17
714.01,719.63,707.65,713.42,3.0331e+06,670.78
714.01,719.63,707.65,713.42,3.0331e+06,670.78
573.5,578,570,572.5,1.6738e+06,498.87
574.5,584,574.5,583.5,1.9017e+06,508.45
582.5,585,575,577.5,1.835e+06,503.22
578,585,578,582.5,1.8895e+06,507.58
584.5,586.5,582,584.5,1.4248e+06,509.32
714.01,719.63,707.65,713.42,3.0331e+06,670.78
714.01,719.63,707.65,713.42,3.0331e+06,670.78
585.5,585.5,578.5,580.5,1.6631e+06,505.84
567.5,567.5,553.5,555,1.5411e+07,483.62
555.5,559,549,559,6.6878e+06,487.1
558,560.5,557,558.5,4.6101e+06,486.67
558,561,554.5,555,7.6785e+06,483.62
714.01,719.63,707.65,713.42,3.0331e+06,670.78
714.01,719.63,707.65,713.42,3.0331e+06,670.78
544.5,553,543.5,549.5,7.6452e+06,478.82
550,551,544,545,4.3542e+06,474.9
551,554,547,552.5,4.0698e+06,481.44
553,553.5,548,551.5,4.4196e+06,480.57
551,556.93,551,554,3.1313e+06,482.75
714.01,719.63,707.65,713.42,3.0331e+06,670.78
714.01,719.63,707.65,713.42,3.0331e+06,670.78
554,555.18,542,547,3.3976e+06,476.65
550,552.77,547,549.5,6.4921e+06,478.82
550,550,536,540,3.2327e+06,477.72
541.5,545,541,543.5,4.7533e+06,480.82
543.5,543.5,543.5,543.5,0,480.82
714.01,719.63,707.65,713.42,3.0331e+06,670.78
714.01,719.63,707.65,713.42,3.0331e+06,670.78
543.5,543.5,543.5,543.5,0,480.82
554.5,554.5,545.5,550,3.6708e+06,486.57
551,551,546,548,3.0608e+06,484.8
550,556.5,549.5,554.5,4.4398e+06,490.55
556.5,558,543,544,4.4622e+06,481.26
714.01,719.63,707.65,713.42,3.0331e+06,670.78
714.01,719.63,707.65,713.42,3.0331e+06,670.78
548,549.5,544.5,549.5,2.5212e+06,486.12
552.5,557,549.5,556.5,3.2582e+06,492.32
561,575.5,560.5,572.5,1.2855e+07,506.47
574,583.17,572.5,580.5,6.8869e+06,513.55
580.5,587.65,579.36,586,5.3264e+06,518.41
714.01,719.63,707.65,713.42,3.0331e+06,670.78
714.01,719.63,707.65,713.42,3.0331e+06,670.78
583,585.23,577.02,578.5,2.9925e+06,511.78
576.5,586,575.5,582,3.0827e+06,514.88
585.5,586.57,571.5,574,5.9889e+06,507.8
577,579.5,570,572,3.2644e+06,506.03
575.5,575.5,569.5,572.5,3.1178e+06,506.47
714.01,719.63,707.65,713.42,3.0331e+06,670.78
714.01,719.63,707.65,713.42,3.0331e+06,670.78
578,584.5,574,581,2.4883e+06,513.99
582,590.11,581,587.5,3.3406e+06,519.74
587,590.29,586,590,2.4765e+06,521.95
590,592,586.5,591.5,2.1692e+06,523.28
588.5,594,587.5,594,2.7616e+06,525.49
714.01,719.63,707.65,713.42,3.0331e+06,670.78
714.01,719.63,707.65,713.42,3.0331e+06,670.78
595,603,592,601,3.2103e+06,531.68
605.5,606.5,589,594.5,3.8762e+06,525.93
596,600,590,592.5,1.6399e+06,524.16
592,594,586.5,592,3.2399e+06,523.72
592.5,598.5,590.5,598,2.9821e+06,529.03
714.01,719.63,707.65,713.42,3.0331e+06,670.78
714.01,719.63,707.65,713.42,3.0331e+06,670.78
598,598,598,598,0,529.03
604,613.5,600,612.5,4.4286e+06,541.86
612.5,621,608,618,2.9236e+06,546.72
615,625.5,613.5,623.5,2.8144e+06,551.59
622.5,628,621.5,625.5,2.2013e+06,553.36
714.01,719.63,707.65,713.42,3.0331e+06,670.78
714.01,719.63,707.65,713.42,3.0331e+06,670.78
627,627,618,621,2.8333e+06,549.38
618,627.5,614.5,620,4.8657e+06,548.49
622.5,635.5,620,634,3.6276e+06,560.88
635,644.21,631,638.5,4.5976e+06,564.86
639,651.5,637.5,649,3.1252e+06,574.15
714.01,719.63,707.65,713.42,3.0331e+06,670.78
714.01,719.63,707.65,713.42,3.0331e+06,670.78
651.5,659.5,646.5,658,2.2751e+06,582.11
644,653,640.5,643,4.0301e+06,568.84
642,643.5,636.36,641,4.036e+06,567.07
630,637,626,632,4.4119e+06,559.11
636,636,624.5,631.5,3.1805e+06,558.67
714.01,719.63,707.65,713.42,3.0331e+06,670.78
714.01,719.63,707.65,713.42,3.0331e+06,670.78
631.5,631.5,631.5,631.5,0,558.67
635,647.5,634,638,3.0222e+06,564.42
636.5,636.59,618.5,621.5,3.3796e+06,549.82
622,624,614.5,616,2.9235e+06,544.95
616.5,616.5,605.5,609,4.3457e+06,538.76
714.01,719.63,707.65,713.42,3.0331e+06,670.78
714.01,719.63,707.65,713.42,3.0331e+06,670.78
605.5,613.5,598.2,609.5,2.9017e+06,539.2
611.5,613.62,605.5,608.5,3.2145e+06,538.32
606.5,606.5,592.5,595.5,4.8714e+06,526.82
594.5,598.5,579,582,3.2959e+06,514.88
586,595.5,581.5,591.5,3.0887e+06,523.28
714.01,719.63,707.65,713.42,3.0331e+06,670.78
714.01,719.63,707.65,713.42,3.0331e+06,670.78
589,595,586.5,589.5,2.2422e+06,521.51
589.5,589.5,579.5,583.5,4.1996e+06,516.2
584,592.5,580.5,582.5,3.7563e+06,515.32
576,589.5,570.6,583.5,4.3332e+06,516.2
590,602.44,583.5,595.5,3.8893e+06,526.82
714.01,719.63,707.65,713.42,3.0331e+06,670.78
714.01,719.63,707.65,713.42,3.0331e+06,670.78
593,600.5,593,597,2.4727e+06,528.14
596,599,589.5,592,2.8553e+06,523.72
593.5,599,587,597,2.5641e+06,528.14
590,597,569.5,576.5,5.0174e+06,510.01
579.5,586.64,571.39,571.5,6.1898e+06,505.59
714.01,719.63,707.65,713.42,3.0331e+06,670.78
714.01,719.63,707.65,713.42,3.0331e+06,670.78
571.5,571.5,553,555,3.438e+06,490.99
558.5,559.5,548.45,554,6.1859e+06,490.1
555.5,566,555.36,563.5,5.9445e+06,498.51
564,569.36,559.5,565,4.0439e+06,499.83
568,573.82,562.5,566.5,5.2584e+06,501.16
714.01,719.63,707.65,713.42,3.0331e+06,670.78
714.01,719.63,707.65,713.42,3.0331e+06,670.78
570,578,563.5,573,4.4155e+06,506.91
572,581.5,571,580,4.8191e+06,513.11
570,573.5,566,569.5,3.2417e+06,511.09
574,589,570.36,584.5,3.1482e+06,524.55
587.5,602,587.5,591.5,5.8897e+06,530.83
714.01,719.63,707.65,713.42,3.0331e+06,670.78
714.01,719.63,707.65,713.42,3.0331e+06,670.78
595.5,602,592,598,2.9774e+06,536.66
604,612,600.24,608,3.287e+06,545.64
605,609.5,602,606,2.8145e+06,543.84
611,618.5,608.5,617.5,2.7121e+06,554.16
616.5,619.5,613.35,614.5,2.4766e+06,551.47
714.01,719.63,707.65,713.42,3.0331e+06,670.78
714.01,719.63,707.65,713.42,3.0331e+06,670.78
617,622,615.5,618.5,2.1087e+06,555.06
620,622.5,614,614.5,2.3541e+06,551.47
617.5,618,603,605,2.993e+06,542.95
607,615,605.22,614,2.4666e+06,551.02
614,621,610.5,618,4.2681e+06,554.61
714.01,719.63,707.65,713.42,3.0331e+06,670.78
714.01,719.63,707.65,713.42,3.0331e+06,670.78
620.5,624,616.5,619.5,2.1881e+06,555.96
625,625,616.5,617,2.3767e+06,553.71
618,623.5,605,611.5,3.495e+06,548.78
612,612.41,593,597,4.0211e+06,535.76
602,604,594.5,596.5,2.126e+06,535.32
714.01,719.63,707.65,713.42,3.0331e+06,670.78
714.01,719.63,707.65,713.42,3.0331e+06,670.78
597.5,604.5,595.5,598,2.3919e+06,536.66
598,601,594.18,595,2.4768e+06,533.97
594.5,603.18,591,597.5,2.5375e+06,536.21
601.5,608,596.25,608,3.236e+06,545.64
610.5,610.5,596,597.5,2.7432e+06,536.21
714.01,719.63,707.65,713.42,3.0331e+06,670.78
714.01,719.63,707.65,713.42,3.0331e+06,670.78
597,604,596,596,4.0018e+06,534.87
596,602.45,590,594.5,3.0211e+06,533.52
595.5,595.5,585.5,586.5,3.5093e+06,526.34
588,588,583.5,585,3.1719e+06,525
587,588.33,580.89,584,2.562e+06,524.1
714.01,719.63,707.65,713.42,3.0331e+06,670.78
714.01,719.63,707.65,713.42,3.0331e+06,670.78
586.5,588.96,580,582,1.8863e+06,522.3
582.5,588,582,586,3.0616e+06,525.89
586,590.5,581.5,581.5,2.131e+06,521.86
582,584,565.5,570.5,3.0498e+06,511.98
568.5,576.5,566,575,3.3327e+06,516.02
714.01,719.63,707.65,713.42,3.0331e+06,670.78
714.01,719.63,707.65,713.42,3.0331e+06,670.78
575.5,577,567.5,568,2.7195e+06,509.74
566,572,566,571.5,3.2081e+06,512.88
572,572.5,565,565,3.0378e+06,507.05
565,572,565,566.5,2.8291e+06,508.39
567,572,565,571,3.1366e+06,512.43
714.01,719.63,707.65,713.42,3.0331e+06,670.78
714.01,719.63,707.65,713.42,3.0331e+06,670.78
571,571,571,571,0,512.43
573,573.5,563.5,564.5,3.4151e+06,506.6
563,565,560.5,562,2.9657e+06,504.36
565.5,566.5,556.5,561,3.2259e+06,503.46
562,564,557.5,558,3.0937e+06,500.77
714.01,719.63,707.65,713.42,3.0331e+06,670.78
714.01,719.63,707.65,713.42,3.0331e+06,670.78
563.5,571.2,562.5,567,2.5723e+06,508.84
562,563,552.5,552.5,4.1773e+06,495.83
552,556,544.5,550,3.6919e+06,493.59
550,555.5,548,549,3.2618e+06,492.69
548,552.5,543.5,549.5,4.054e+06,493.14
714.01,719.63,707.65,713.42,3.0331e+06,670.78
714.01,719.63,707.65,713.42,3.0331e+06,670.78
554,558,550.86,557.5,2.8683e+06,500.32
568,575.5,562.5,573,4.6839e+06,514.23
577,577,567.33,570.5,2.3873e+06,511.98
570.5,577.5,567.68,574,2.0181e+06,515.13
572.5,582.5,572,582.5,3.0711e+06,522.75
714.01,719.63,707.65,713.42,3.0331e+06,670.78
714.01,719.63,707.65,713.42,3.0331e+06,670.78
590,590,582.5,586,1.9819e+06,525.89
589,591,583,585,3.1513e+06,525
587,590,577.5,581.5,3.3055e+06,521.86
595,598.5,587,591.5,4.8363e+06,530.83
589,596,588.5,588.5,4.9402e+06,528.14
714.01,719.63,707.65,713.42,3.0331e+06,670.78
714.01,719.63,707.65,713.42,3.0331e+06,670.78
587,591,582,584,2.0565e+06,524.1
583.5,589.5,583,585,1.8253e+06,525
585,585.5,577.95,584.5,2.088e+06,524.55
587,592,581.5,590.5,2.4742e+06,529.93
588,589.5,584,586,1.9107e+06,525.89
714.01,719.63,707.65,713.42,3.0331e+06,670.78
714.01,719.63,707.65,713.42,3.0331e+06,670.78
580,582.5,575.5,577.5,2.9304e+06,518.27
574,581.14,574,581,3.125e+06,521.41
575.5,577.5,568,577,2.8007e+06,524.59
575,579,571.78,576,1.9555e+06,523.68
575,581.5,572.5,578,2.0077e+06,525.5
714.01,719.63,707.65,713.42,3.0331e+06,670.78
714.01,719.63,707.65,713.42,3.0331e+06,670.78
575.5,576.63,572,575,1.4638e+06,522.77
576,576,569,569,2.6889e+06,517.32
567,573,562.85,568,3.0078e+06,516.41
571,584.5,570,584.5,1.9815e+06,531.41
585,592.82,582.5,591,2.7185e+06,537.32
714.01,719.63,707.65,713.42,3.0331e+06,670.78
714.01,719.63,707.65,713.42,3.0331e+06,670.78
589,599,588.5,596.5,2.085e+06,542.32
600,602,596.5,600.5,1.9597e+06,545.95
599,606.5,596.5,604.5,2.2342e+06,549.59
600.5,607,599,607,3.2807e+06,551.86
610,610.5,605,608,2.4867e+06,552.77
714.01,719.63,707.65,713.42,3.0331e+06,670.78
714.01,719.63,707.65,713.42,3.0331e+06,670.78
610,610,507,603.5,2.608e+06,548.68
601.5,607,601.5,607,2.2069e+06,551.86
603.5,613,603.5,613,1.708e+06,557.32
614,629.11,611.5,623,4.7843e+06,566.41
631.5,641.42,625.5,628,6.5979e+06,570.96
714.01,719.63,707.65,713.42,3.0331e+06,670.78
714.01,719.63,707.65,713.42,3.0331e+06,670.78
628.5,629.25,623.36,624,1.5513e+06,567.32
624.5,632.5,624.5,632,1.5101e+06,574.59
631.5,633.5,626,629,1.884e+06,571.87
627.5,628.5,618,622,3.1715e+06,565.5
619,622,609,611.5,3.2589e+06,555.96
714.01,719.63,707.65,713.42,3.0331e+06,670.78
714.01,719.63,707.65,713.42,3.0331e+06,670.78
612.5,619.5,612.5,616.5,1.5711e+06,560.5
615.5,618,605.56,610.5,2.7182e+06,555.05
613.5,613.5,605,607.5,1.7309e+06,552.32
609,617,602,612,3.1838e+06,556.41
608.5,617.5,608.5,615,3.6307e+06,559.14
714.01,719.63,707.65,713.42,3.0331e+06,670.78
714.01,719.63,707.65,713.42,3.0331e+06,670.78
606,615.5,606,615.5,2.0452e+06,559.59
615,620,612.5,620,1.7517e+06,563.68
620,623.5,605,606,4.0418e+06,550.95
612.5,618,610.5,616.5,3.0614e+06,560.5
619,620.5,614.5,617.5,3.4456e+06,561.41
714.01,719.63,707.65,713.42,3.0331e+06,670.78
714.01,719.63,707.65,713.42,3.0331e+06,670.78
616,617.5,610.5,614,4.3043e+06,558.23
610.5,613,604.44,605,2.6928e+06,550.04
604,606.5,600,604,3.24e+06,549.14
600.5,609.5,597.9,608,2.0278e+06,552.77
607.5,611,605.5,605.5,1.1655e+06,550.5
714.01,719.63,707.65,713.42,3.0331e+06,670.78
714.01,719.63,707.65,713.42,3.0331e+06,670.78
607,613.19,607,611.5,1.5257e+06,555.96
609.5,613.5,608,609,2.2391e+06,553.68
608,612.97,608,609,1.4683e+06,553.68
607.5,611,606,610.5,2.3015e+06,555.05
608,614.5,608,611,2.0091e+06,555.5
714.01,719.63,707.65,713.42,3.0331e+06,670.78
714.01,719.63,707.65,713.42,3.0331e+06,670.78
609,611.68,601,601,2.5576e+06,546.41
600,602,597.24,600,2.4916e+06,545.5
600,605,598.28,598.5,2.2355e+06,544.14
595.5,602,595,599,2.3631e+06,544.59
602,603,597,601,1.2573e+06,546.41
714.01,719.63,707.65,713.42,3.0331e+06,670.78
714.01,719.63,707.65,713.42,3.0331e+06,670.78
602,605,599.5,604.5,1.6292e+06,549.59
602,607.5,599.5,601.5,3.0498e+06,546.86
599,606.44,599,599.5,2.5015e+06,545.04
600,600,592,592.5,2.104e+06,538.68
590,600.5,588,598,2.9622e+06,543.68
714.01,719.63,707.65,713.42,3.0331e+06,670.78
714.01,719.63,707.65,713.42,3.0331e+06,670.78
595.5,600.74,594.75,598,1.9654e+06,543.68
596,599,593,597,2.5601e+06,542.77
600,602,597.72,599,2.1669e+06,544.59
606.5,616,606.5,614,3.3132e+06,558.23
613.5,619.5,610.5,619.5,5.6553e+06,563.23
714.01,719.63,707.65,713.42,3.0331e+06,670.78
714.01,719.63,707.65,713.42,3.0331e+06,670.78
620,624,617.5,623,1.7443e+06,566.41
620.5,632.5,620.5,628,1.0697e+06,570.96
628,628,628,628,0,570.96
628,628,628,628,0,570.96
629,631,624,625.5,1.3701e+06,568.68
714.01,719.63,707.65,713.42,3.0331e+06,670.78
714.01,719.63,707.65,713.42,3.0331e+06,670.78
624,627.69,617,620.5,1.6743e+06,564.14
623,631.5,622.28,629,8.249e+05,571.87
629,629,629,629,0,571.87
629,631.88,617.5,617.5,2.2401e+06,561.41
617,624,616,622,2.6415e+06,565.5
714.01,719.63,707.65,713.42,3.0331e+06,670.78
714.01,719.63,707.65,713.42,3.0331e+06,670.78
620,625,616.63,620.5,1.7642e+06,564.14
620,627.92,617,626,2.4034e+06,569.14
619,625,618,624,2.2255e+06,574.2
633,637,628,633,3.9903e+06,582.48
634,643,633.15,638.5,3.4765e+06,587.54
714.01,719.63,707.65,713.42,3.0331e+06,670.78
714.01,719.63,707.65,713.42,3.0331e+06,670.78
638.5,647.5,637.75,645.5,3.3401e+06,593.98
642,649.35,638.53,646,3.1006e+06,594.44
645,658.5,643,657,3.474e+06,604.57
654,659.12,652,655,2.808e+06,602.73
654,667.56,654,664,5.7742e+06,611.01
714.01,719.63,707.65,713.42,3.0331e+06,670.78
714.01,719.63,707.65,713.42,3.0331e+06,670.78
660.5,662.5,657,661.5,1.945e+06,608.71
670,675.5,664.5,672.5,4.3063e+06,618.83
674.5,676.52,667,667.5,4.4862e+06,614.23
665,671.64,662,665.5,4.3256e+06,612.39
664.5,666.5,662.5,664.5,3.4471e+06,611.47
714.01,719.63,707.65,713.42,3.0331e+06,670.78
714.01,719.63,707.65,713.42,3.0331e+06,670.78
670,672.51,657.61,662,4.6446e+06,609.17
675,675,663.75,674.5,3.5929e+06,620.67
680,683.5,663.99,667,3.0446e+06,613.77
668.5,671,661.16,669.5,2.2904e+06,616.07
667.5,669.5,650,656.5,3.7249e+06,604.11
714.01,719.63,707.65,713.42,3.0331e+06,670.78
714.01,719.63,707.65,713.42,3.0331e+06,670.78
652.5,663.5,650,659,2.5242e+06,606.41
654,658.5,651.5,653,3.52e+06,600.88
653,660,648,656,2.1703e+06,603.64
659,663.5,650.5,659.5,2.41e+06,606.87
661.5,672.5,659,668,2.4056e+06,614.69
714.01,719.63,707.65,713.42,3.0331e+06,670.78
714.01,719.63,707.65,713.42,3.0331e+06,670.78
670.5,674,668.5,672,2.6039e+06,618.37
675.5,681.5,673.25,678.5,3.2352e+06,624.35
679.5,680.05,671,674,3.5783e+06,620.21
673,674.64,664,669,3.9208e+06,615.61
667.5,671,664.5,664.5,2.6066e+06,611.47
714.01,719.63,707.65,713.42,3.0331e+06,670.78
714.01,719.63,707.65,713.42,3.0331e+06,670.78
667.5,680.5,666,680,2.1466e+06,625.73
680,688.5,678,688,3.4032e+06,633.09
687.5,692.56,685,692.5,2.9023e+06,637.23
687.5,696,686.5,696,2.1234e+06,640.45
700,706,696,701,5.5714e+06,645.05
714.01,719.63,707.65,713.42,3.0331e+06,670.78
714.01,719.63,707.65,713.42,3.0331e+06,670.78
698,699.76,692.5,699,2.6155e+06,643.21
699.5,704,696,700,3.9072e+06,644.13
701.5,701.96,693,695,1.7686e+06,639.53
695,697.5,690.13,693.5,2.6348e+06,638.15
695,698,689.94,697,2.3063e+06,641.37
714.01,719.63,707.65,713.42,3.0331e+06,670.78
714.01,719.63,707.65,713.42,3.0331e+06,670.78
689,694.5,685.5,688.5,2.2423e+06,633.55
690,703,689.5,703,2.4354e+06,646.89
700.5,702.5,697.5,700.5,1.7805e+06,644.59
701,704.5,700,701.5,2.3389e+06,645.51
700.5,700.85,687,689.5,2.7272e+06,634.47
714.01,719.63,707.65,713.42,3.0331e+06,670.78
714.01,719.63,707.65,713.42,3.0331e+06,670.78
689.5,694,687,688.5,2.324e+06,633.55
690.5,691.5,684.5,687,2.4109e+06,632.17
680,683.5,669.36,671,3.8373e+06,617.45
674.5,675,669,673,2.8889e+06,619.29
670.5,674.5,660,663,4.0783e+06,610.09
714.01,719.63,707.65,713.42,3.0331e+06,670.78
714.01,719.63,707.65,713.42,3.0331e+06,670.78
663,673.5,663,670.5,4.6357e+06,616.99
670,681.5,667.5,674.5,2.1529e+06,620.67
673,678.25,666.86,675.5,2.1942e+06,627.87
670,671.84,656.82,659.5,3.7201e+06,613
660.5,668.59,658.81,660,3.884e+06,613.47
714.01,719.63,707.65,713.42,3.0331e+06,670.78
714.01,719.63,707.65,713.42,3.0331e+06,670.78
659,664.5,655.5,658,2.1178e+06,611.61
660.5,670,660,666,2.2594e+06,619.04
668,671.5,663.44,663.5,1.8773e+06,616.72
659,661.5,654.5,655.5,2.0729e+06,609.28
655.5,662,655.5,659,1.9111e+06,612.53
714.01,719.63,707.65,713.42,3.0331e+06,670.78
714.01,719.63,707.65,713.42,3.0331e+06,670.78
660,661.88,650.86,654,3.5263e+06,607.89
654.5,663.5,654.5,655.5,2.3965e+06,609.28
656.5,670,653.5,667.5,3.1287e+06,620.44
667,672.5,665.5,667,2.4528e+06,619.97
667,672.5,665,672,1.7163e+06,624.62
714.01,719.63,707.65,713.42,3.0331e+06,670.78
714.01,719.63,707.65,713.42,3.0331e+06,670.78
667,671.39,662.5,666,1.865e+06,619.04
665,665.96,655,656,2.271e+06,609.75
656,662,656,661,1.6786e+06,614.39
663,669.5,661.68,668,2.4556e+06,620.9
664,664.5,653.5,655,2.7567e+06,608.82
714.01,719.63,707.65,713.42,3.0331e+06,670.78
714.01,719.63,707.65,713.42,3.0331e+06,670.78
651,660,645.36,660,1.8442e+06,613.47
661.5,666.5,660,661.5,2.3206e+06,614.86
664.5,673.5,664,672,1.8742e+06,624.62
673.5,677,670.68,673,2.9927e+06,625.55
673,673,673,673,0,625.55
714.01,719.63,707.65,713.42,3.0331e+06,670.78
714.01,719.63,707.65,713.42,3.0331e+06,670.78
673,673,673,673,0,625.55
674,687,674,684.5,2.1214e+06,636.24
684,690,684,687.5,2.016e+06,639.03
689,696.56,679.5,682,2.5563e+06,633.91
682,693.51,680,681,2.2287e+06,632.98
714.01,719.63,707.65,713.42,3.0331e+06,670.78
714.01,719.63,707.65,713.42,3.0331e+06,670.78
694.5,701.82,688.33,689,4.2557e+06,640.42
690,702.76,689.5,697.5,2.5388e+06,648.32
698.5,698.5,688,690.5,1.8429e+06,641.81
685.5,697.5,685.5,690,1.1378e+06,641.35
689.5,694.5,683.5,686.5,3.0402e+06,638.1
714.01,719.63,707.65,713.42,3.0331e+06,670.78
714.01,719.63,707.65,713.42,3.0331e+06,670.78
686.5,686.5,686.5,686.5,0,638.1
689.5,695.5,688.5,694,2.5563e+06,645.07
691.5,697.5,691,697.5,1.9144e+06,648.32
698.5,711.5,698.5,711,2.78e+06,660.87
707.5,715,703.75,712.5,2.1525e+06,662.26
714.01,719.63,707.65,713.42,3.0331e+06,670.78
714.01,719.63,707.65,713.42,3.0331e+06,670.78
715.5,718,712,713,2.3346e+06,662.73
717,718,707.5,715,3.0715e+06,664.59
722.5,722.5,709,719.5,2.7282e+06,668.77
717.5,722.5,708.75,712,3.9613e+06,661.8
715,718.5,695.86,702,4.7701e+06,652.5
714.01,719.63,707.65,713.42,3.0331e+06,670.78
714.01,719.63,707.65,713.42,3.0331e+06,670.78
704,710,699,703,2.1767e+06,653.43
702.5,707.5,693.5,699.5,1.9765e+06,650.18
700,706,697.5,703.5,1.7643e+06,653.9
703.5,712.5,701.5,712,3.489e+06,661.8
711.5,715,705.33,708.5,1.9392e+06,658.54
714.01,719.63,707.65,713.42,3.0331e+06,670.78
714.01,719.63,707.65,713.42,3.0331e+06,670.78
708.5,708.5,708.5,708.5,0,658.54
692,718.5,692,718.5,4.3357e+06,667.84
716.5,722.5,708,716.5,5.5063e+06,665.98
716,718.14,714,717,1.3709e+06,666.45
716,717.75,714.5,715,3.3397e+06,664.59
714.01,719.63,707.65,713.42,3.0331e+06,670.78
714.01,719.63,707.65,713.42,3.0331e+06,670.78
718.5,720.5,716.5,719.5,2.6179e+06,668.77
718.5,720.5,716.5,720,2.7638e+06,669.23
719.5,720.5,716,720,4.1125e+06,669.23
719,720,711.5,717.5,2.7294e+06,666.91
717.5,724,717.5,724,6.9213e+06,672.95
714.01,719.63,707.65,713.42,3.0331e+06,670.78
714.01,719.63,707.65,713.42,3.0331e+06,670.78
726,731.25,724.5,729,2.0372e+06,677.6
728,729.5,723,725.5,1.6281e+06,674.35
726,727.5,714.5,715.5,2.6491e+06,665.05
717,719,713.5,717,1.8952e+06,666.45
708,709,685.5,686,4.5181e+06,637.63
714.01,719.63,707.65,713.42,3.0331e+06,670.78
714.01,719.63,707.65,713.42,3.0331e+06,670.78
685,691.5,677.32,688,4.2237e+06,639.49
688,692.5,682.5,684,2.3614e+06,635.77
686.5,692,679,679,2.7152e+06,631.13
685,689,684,687.5,2.3653e+06,639.03
685.5,689,682.5,686.5,4.2271e+06,638.1
714.01,719.63,707.65,713.42,3.0331e+06,670.78
714.01,719.63,707.65,713.42,3.0331e+06,670.78
685,688,676,676,2.2559e+06,628.34
676,688,675.5,687,2.4327e+06,638.56
687.5,698.5,686,690,3.1388e+06,641.35
693,699.5,691.5,699.5,2.3409e+06,650.18
701.5,711.5,699,707.5,2.2467e+06,657.62
714.01,719.63,707.65,713.42,3.0331e+06,670.78
714.01,719.63,707.65,713.42,3.0331e+06,670.78
707.5,710,699,702.5,2.5995e+06,652.97
705,707,701,706.5,2.256e+06,656.69
703.5,710.5,700,703.5,2.3536e+06,660.21
702,709,700.5,703.5,1.9133e+06,660.21
703,704.28,693.5,693.5,1.5427e+06,650.82
714.01,719.63,707.65,713.42,3.0331e+06,670.78
714.01,719.63,707.65,713.42,3.0331e+06,670.78
694,703.5,686,686.5,2.1153e+06,644.25
689,689.21,678,679.5,2.303e+06,637.68
679,684.5,676,682,2.9852e+06,640.03
682,690,678.5,688.5,2.9047e+06,646.13
691,692.5,686.21,691.5,2.1992e+06,648.94
714.01,719.63,707.65,713.42,3.0331e+06,670.78
714.01,719.63,707.65,713.42,3.0331e+06,670.78
692,700.5,691.5,696.5,1.7528e+06,653.64
694,697.79,688.5,691.5,1.991e+06,648.94
700,711.75,696.69,704,3.3e+06,660.67
702,708,699.5,701,1.5858e+06,657.86
702.5,718,697,718,3.4669e+06,673.81
714.01,719.63,707.65,713.42,3.0331e+06,670.78
714.01,719.63,707.65,713.42,3.0331e+06,670.78
716.5,718,707.5,713,1.9983e+06,669.12
717,736.5,715.5,732.5,3.2896e+06,687.42
731,734.5,726,728.5,2.8305e+06,683.67
728,731.5,723,731,2.0542e+06,686.01
730.5,731.14,715,717,2.4393e+06,672.88
714.01,719.63,707.65,713.42,3.0331e+06,670.78
714.01,719.63,707.65,713.42,3.0331e+06,670.78
720,722,714.5,718.5,1.4666e+06,674.28
719,725.5,715.5,716.5,2.3163e+06,672.4
721.5,721.5,706.5,709.5,2.8126e+06,665.84
707.5,711.5,701,703,3.0743e+06,659.74
704.5,706,696,699,3.7299e+06,655.98
714.01,719.63,707.65,713.42,3.0331e+06,670.78
714.01,719.63,707.65,713.42,3.0331e+06,670.78
700.5,703.5,696.5,697,2.535e+06,654.11
699,702.68,692.5,694,1.9654e+06,651.29
691.5,693,677,682.5,4.7421e+06,640.5
683,690,682.46,686,2.3251e+06,643.78
681,684,677.5,683,2.0535e+06,640.97
714.01,719.63,707.65,713.42,3.0331e+06,670.78
714.01,719.63,707.65,713.42,3.0331e+06,670.78
686.5,700.5,686,697.5,2.9284e+06,654.58
700,700,694.5,695,2.1589e+06,652.23
696.5,709,694,707,4.3301e+06,663.49
715,725,714,724.5,2.9837e+06,679.91
727,737,724,730.5,3.9223e+06,685.54
714.01,719.63,707.65,713.42,3.0331e+06,670.78
714.01,719.63,707.65,713.42,3.0331e+06,670.78
733,736,723.5,724.5,2.1822e+06,679.91
725.5,730.17,722.5,724,2.152e+06,679.44
724.5,727.5,720.5,723,2.1021e+06,678.51
725,728,722,725,1.923e+06,680.38
725,725,719.5,720,2.0999e+06,675.69
714.01,719.63,707.65,713.42,3.0331e+06,670.78
714.01,719.63,707.65,713.42,3.0331e+06,670.78
720,720,720,720,0,675.69
725,732.5,721,731,1.7896e+06,686.01
729.5,732.11,723,726,1.6869e+06,681.32
728,736,727,729,1.8148e+06,684.14
729.5,732.5,723,730.5,2.0927e+06,685.54
714.01,719.63,707.65,713.42,3.0331e+06,670.78
714.01,719.63,707.65,713.42,3.0331e+06,670.78
730,730.96,727,729.5,1.0483e+06,684.61
730.5,732.19,720.5,723,3.4863e+06,678.51
727,735,725.56,731,2.533e+06,686.01
729,734,727.5,733,1.837e+06,687.89
735,735,723,732.5,3.3172e+06,687.42
714.01,719.63,707.65,713.42,3.0331e+06,670.78
714.01,719.63,707.65,713.42,3.0331e+06,670.78
732.5,733.25,725,728,2.3385e+06,683.2
726.5,727,715.5,719,1.7511e+06,674.75
721.5,724.5,717,722,1.4247e+06,677.57
725.5,725.5,715.79,720.5,1.1539e+06,676.16
721,724,716.5,720,1.2818e+06,675.69
714.01,719.63,707.65,713.42,3.0331e+06,670.78
714.01,719.63,707.65,713.42,3.0331e+06,670.78
716.5,719.19,711,713.5,1.6444e+06,669.59
714,714,699,702,3.2463e+06,658.8
702,709.5,701,705.5,2.0971e+06,662.08
705,716,704,715,2.7734e+06,671
723,731.88,716,716,6.6232e+06,671.94
714.01,719.63,707.65,713.42,3.0331e+06,670.78
714.01,719.63,707.65,713.42,3.0331e+06,670.78
716,717,710,713,1.9975e+06,669.12
712.5,712.5,694.5,694.5,2.5983e+06,651.76
696.5,702.5,693,700,3.2196e+06,656.92
698,703.5,689,691.5,3.1629e+06,648.94
691.5,707.5,688,706,2.7079e+06,662.55
714.01,719.63,707.65,713.42,3.0331e+06,670.78
714.01,719.63,707.65,713.42,3.0331e+06,670.78
705,709,697.5,702,3.673e+06,658.8
704.5,705.5,692.5,702.5,3.7483e+06,659.27
694.5,702.5,685,690,2.8551e+06,653.98
691,693,683.68,687.5,5.5843e+06,651.61
692,693,686.5,688.5,2.26e+06,652.56
714.01,719.63,707.65,713.42,3.0331e+06,670.78
714.01,719.63,707.65,713.42,3.0331e+06,670.78
690.5,692.29,685,688,2.1873e+06,652.08
687,687.5,682.5,686,3.2925e+06,650.19
683,685,677.89,682.5,2.7224e+06,646.87
688,691,676.94,678,2.3803e+06,642.61
674,683.58,671.13,680,3.1326e+06,644.5
714.01,719.63,707.65,713.42,3.0331e+06,670.78
714.01,719.63,707.65,713.42,3.0331e+06,670.78
676,680,672.5,678,3.5356e+06,642.61
674.5,682.5,671,679,2.7987e+06,643.55
681,681,662.5,662.5,2.9662e+06,627.91
667.5,681.5,649,680,6.5704e+06,644.5
681.5,689,653.99,687,5.0636e+06,651.13
714.01,719.63,707.65,713.42,3.0331e+06,670.78
714.01,719.63,707.65,713.42,3.0331e+06,670.78
684.5,691.5,683,691,2.8486e+06,654.93
689,705.5,687,705.5,5.3536e+06,668.67
708.5,720,707,719.5,4.3277e+06,681.94
718,723.5,712.36,719,3.0508e+06,681.46
717,720.14,710.71,714,5.8462e+06,676.73
714.01,719.63,707.65,713.42,3.0331e+06,670.78
714.01,719.63,707.65,713.42,3.0331e+06,670.78
719.5,719.5,705,706,3.6147e+06,669.14
709.5,713.5,709.5,711,2.4359e+06,673.88
713.5,720.44,713,716,2.4327e+06,678.62
715.5,717.5,703.5,716.5,2.6847e+06,679.1
722,728.5,720,728.5,3.6339e+06,690.47
714.01,719.63,707.65,713.42,3.0331e+06,670.78
714.01,719.63,707.65,713.42,3.0331e+06,670.78
728.5,729,717,720,2.8872e+06,682.41
720,731.5,719.5,727,4.2804e+06,689.05
730,740,730,737,3.416e+06,698.52
732,739,725.5,738,4.6136e+06,699.47
740,740.5,724.5,727.5,3.5399e+06,689.52
714.01,719.63,707.65,713.42,3.0331e+06,670.78
714.01,719.63,707.65,713.42,3.0331e+06,670.78
729.5,730.5,717.5,728.5,2.8589e+06,690.47
731,741,730.5,736.5,3.2739e+06,698.05
736.5,737,727,729,2.8293e+06,690.94
733,738,728.37,731,3.715e+06,692.84
734,737.5,730.5,734.5,4.0103e+06,696.15
714.01,719.63,707.65,713.42,3.0331e+06,670.78
714.01,719.63,707.65,713.42,3.0331e+06,670.78
729.5,738.5,729.5,737,2.5482e+06,698.52
743,749.5,738,749,6.1571e+06,709.9
751.5,755,748.5,750.5,5.7078e+06,711.32
748.5,752,742.61,745.5,3.0824e+06,706.58
747,752,745.5,747.5,4.0841e+06,708.48
714.01,719.63,707.65,713.42,3.0331e+06,670.78
714.01,719.63,707.65,713.42,3.0331e+06,670.78
747.5,751.5,746.5,747.5,2.1712e+06,708.48
749.5,757,747,752,4.1326e+06,712.74
752,756,752,754.5,2.28e+06,715.11
757,768,755.55,766.5,2.6036e+06,726.49
765.5,771.38,762,768,3.6195e+06,727.91
714.01,719.63,707.65,713.42,3.0331e+06,670.78
714.01,719.63,707.65,713.42,3.0331e+06,670.78
767.5,774.5,765.5,771.5,3.2182e+06,731.22
775,784,770,777,3.2522e+06,736.44
774,780.5,769.56,771.5,3.977e+06,731.22
774.5,778,769.56,770.5,2.9125e+06,730.28
778.5,781.27,771.51,775.5,4.5901e+06,735.01
714.01,719.63,707.65,713.42,3.0331e+06,670.78
714.01,719.63,707.65,713.42,3.0331e+06,670.78
773.5,774.5,767.89,771.5,2.0646e+06,731.22
769.5,773.5,757.5,757.5,2.5693e+06,717.95
762,765,758,758,2.8861e+06,718.43
755,764,752.5,758,2.9863e+06,718.43
756,757,743,743,3.0803e+06,704.21
714.01,719.63,707.65,713.42,3.0331e+06,670.78
714.01,719.63,707.65,713.42,3.0331e+06,670.78
742,746.44,730.5,730.5,3.2978e+06,692.36
728.5,740,719,739,4.774e+06,700.42
734,742.5,732.35,737.5,3.1627e+06,699
743.5,753.58,737,753.5,9.1647e+06,714.16
757,767.5,755,767.5,7.0957e+06,727.43
714.01,719.63,707.65,713.42,3.0331e+06,670.78
714.01,719.63,707.65,713.42,3.0331e+06,670.78
771,780.68,768,779,2.2657e+06,738.33
781.5,785.14,772,775.5,2.5774e+06,735.01
778,786,778,781.5,6.244e+05,740.7
781.5,781.5,781.5,781.5,0,740.7
781.5,781.5,781.5,781.5,0,740.7
714.01,719.63,707.65,713.42,3.0331e+06,670.78
714.01,719.63,707.65,713.42,3.0331e+06,670.78
782.5,788.5,775,781.5,1.9549e+06,740.7
775,778.5,770,776.5,1.7463e+06,735.96
773,783,773,777,5.197e+05,736.44
777,777,777,777,0,736.44
781,781,760.5,762,2.8643e+06,722.22
714.01,719.63,707.65,713.42,3.0331e+06,670.78
714.01,719.63,707.65,713.42,3.0331e+06,670.78
761,772.5,759,766.5,3.1204e+06,726.49
767,771,755,764,3.6465e+06,724.12
768,781.5,764.3,779,2.8745e+06,738.33
777.5,784,770,778.5,3.7014e+06,744.47
777,778.5,766.5,773.5,3.1471e+06,739.69
714.01,719.63,707.65,713.42,3.0331e+06,670.78
714.01,719.63,707.65,713.42,3.0331e+06,670.78
777.5,788.5,776.31,784,1.8616e+06,749.73
783.5,791,780,785.5,2.0433e+06,751.16
777,791.5,777,781.5,3.9993e+06,747.34
783,795.5,777,795.5,4.06e+06,760.73
792,800,784.5,800,4.3717e+06,765.03
714.01,719.63,707.65,713.42,3.0331e+06,670.78
714.01,719.63,707.65,713.42,3.0331e+06,670.78
800,803.5,793.13,801.5,2.0311e+06,766.47
805.5,815,802.5,812.5,2.5798e+06,776.99
813.5,824.5,810.06,818.5,3.3482e+06,782.72
820.5,831,817,826,3.7532e+06,789.89
828,838,828,833.5,3.7314e+06,797.07
714.01,719.63,707.65,713.42,3.0331e+06,670.78
714.01,719.63,707.65,713.42,3.0331e+06,670.78
834,839.5,829,833,2.9405e+06,796.59
838,841.5,819.5,823.5,3.8584e+06,787.5
829.5,837.5,816,836.5,2.3568e+06,799.94
832,843.06,825.33,842,2.4521e+06,805.2
843.5,845,828,829.5,3.4381e+06,793.24
714.01,719.63,707.65,713.42,3.0331e+06,670.78
714.01,719.63,707.65,713.42,3.0331e+06,670.78
834.5,840.5,827.5,839,2.7375e+06,802.33
838,845.5,830.13,840,3.4058e+06,803.28
840,843.5,829,843,2.8586e+06,806.15
839,851.5,837.1,851,2.8396e+06,813.8
854.5,855.5,838.55,840,3.8262e+06,803.28
714.01,719.63,707.65,713.42,3.0331e+06,670.78
714.01,719.63,707.65,713.42,3.0331e+06,670.78
838,838,820.61,824.5,2.7027e+06,788.46
823,829.5,821,826.5,2.1645e+06,790.37
826.5,830.5,817.61,829,2.885e+06,792.76
833,837.76,819,826,3.2224e+06,789.89
831.5,834.5,826.5,831.5,2.9757e+06,795.15
714.01,719.63,707.65,713.42,3.0331e+06,670.78
714.01,719.63,707.65,713.42,3.0331e+06,670.78
828.5,835,825.5,830,1.7972e+06,793.72
828.5,830,820.67,830,2.7714e+06,793.72
832,832,806.08,811.5,5.702e+06,776.03
821,827,816.5,824.5,4.0641e+06,788.46
822,823.3,810.5,817.5,3.3715e+06,781.77
714.01,719.63,707.65,713.42,3.0331e+06,670.78
714.01,719.63,707.65,713.42,3.0331e+06,670.78
821.5,826.5,815,820.5,2.7405e+06,784.64
822.5,831,818,822.5,2.751e+06,786.55
825,828.5,813,820,3.9557e+06,784.16
819,825.5,813.5,825.5,1.9586e+06,789.42
825.5,831.5,819.5,828.5,2.3297e+06,792.29
714.01,719.63,707.65,713.42,3.0331e+06,670.78
714.01,719.63,707.65,713.42,3.0331e+06,670.78
837.5,847,834.67,845,3.2741e+06,808.07
848,859,848,850,5.0919e+06,812.85
854,854,841.5,848.5,2.7241e+06,811.41
853,865,850.5,862.5,2.291e+06,824.8
864,866.14,838.5,839.5,3.8974e+06,802.8
714.01,719.63,707.65,713.42,3.0331e+06,670.78
714.01,719.63,707.65,713.42,3.0331e+06,670.78
836.5,838.5,819.1,825,3.6096e+06,788.94
820.5,833.39,809,809,2.4037e+06,773.64
803,813.5,800,808,3.2099e+06,772.68
810,814,803.5,805,2.45e+06,769.81
808,827.5,808,824.5,2.8525e+06,788.46
714.01,719.63,707.65,713.42,3.0331e+06,670.78
714.01,719.63,707.65,713.42,3.0331e+06,670.78
825,836.19,825,836,3.4154e+06,799.46
833,840.5,827.5,834,1.9731e+06,797.55
832,850,832,849,1.9316e+06,811.89
851,869,850.2,862,4.3469e+06,824.32
861.5,867,858,867,4.9583e+06,829.1
714.01,719.63,707.65,713.42,3.0331e+06,670.78
714.01,719.63,707.65,713.42,3.0331e+06,670.78
869,874,864.5,868.5,2.4487e+06,830.54
868,880,864.5,875.5,2.2738e+06,837.23
879,879.01,866.5,866.5,2.1143e+06,828.63
854,855.5,839,845.5,2.9252e+06,815.05
846.5,853.5,842,849.5,2.2153e+06,818.91
714.01,719.63,707.65,713.42,3.0331e+06,670.78
714.01,719.63,707.65,713.42,3.0331e+06,670.78
857.5,857.5,839.63,845,5.759e+06,814.57
845,851,831.5,832.5,3.6097e+06,802.52
832.5,844.5,829,837.5,2.7067e+06,807.34
839.5,843,833,838.5,1.7719e+06,808.3
838.5,838.5,838.5,838.5,0,808.3
714.01,719.63,707.65,713.42,3.0331e+06,670.78
714.01,719.63,707.65,713.42,3.0331e+06,670.78
838.5,838.5,838.5,838.5,0,808.3
843,854.5,841.5,848.5,1.8492e+06,817.94
845,852.5,844,849,1.8095e+06,818.43
854.5,861,851.5,860.5,1.6806e+06,829.51
860.5,871.5,849,870,1.5408e+06,838.67
714.01,719.63,707.65,713.42,3.0331e+06,670.78
714.01,719.63,707.65,713.42,3.0331e+06,670.78
870.5,872.67,860,860,2.1748e+06,829.03
856,868.5,853.5,864.5,1.4817e+06,833.37
868,872.5,860,863.5,1.6542e+06,832.4
867.5,867.5,846.5,852,2.072e+06,821.32
853,863,847,847,3.2303e+06,816.5
714.01,719.63,707.65,713.42,3.0331e+06,670.78
714.01,719.63,707.65,713.42,3.0331e+06,670.78
851.5,857,847.5,851.5,1.6976e+06,820.84
856,858.5,850.5,855,1.4827e+06,824.21
860,863.5,843.5,852,3.2184e+06,821.32
855.5,855.5,841.75,845,2.4647e+06,814.57
842.5,848,832.5,838,3.3649e+06,807.82
714.01,719.63,707.65,713.42,3.0331e+06,670.78
714.01,719.63,707.65,713.42,3.0331e+06,670.78
838,847.25,825.5,843.5,2.1138e+06,813.12
844,851.5,825,834,3.0927e+06,803.97
838.5,844.5,826.5,827,2.547e+06,797.22
826.5,832.5,816.75,832.5,3.3337e+06,802.52
830.5,833,815.38,821.5,2.2539e+06,791.92
714.01,719.63,707.65,713.42,3.0331e+06,670.78
714.01,719.63,707.65,713.42,3.0331e+06,670.78
821.5,821.5,821.5,821.5,0,791.92
834.5,841,816.5,816.5,3.2437e+06,787.1
815,819,804.08,805.5,4.1412e+06,776.49
807,813.5,795,810,4.6026e+06,780.83
875,880,833.5,842,6.9284e+06,811.68
714.01,719.63,707.65,713.42,3.0331e+06,670.78
714.01,719.63,707.65,713.42,3.0331e+06,670.78
841,850.5,839.88,844.5,3.081e+06,814.09
841,848.5,828.5,846.5,3.6869e+06,816.02
846,861.02,846,859.5,3.5378e+06,828.55
858,869.5,842.5,866.5,2.2907e+06,835.3
869.5,881.5,867.88,878,4.4078e+06,846.38
714.01,719.63,707.65,713.42,3.0331e+06,670.78
714.01,719.63,707.65,713.42,3.0331e+06,670.78
884.5,885.28,873,875.5,4.1223e+06,843.97
880.5,891.5,879.9,886,3.3069e+06,854.09
884.5,887.5,870,876,4.0347e+06,844.45
872.5,875.5,860.5,868.5,2.9339e+06,837.22
872,874,865.5,869,2.7179e+06,837.71
714.01,719.63,707.65,713.42,3.0331e+06,670.78
714.01,719.63,707.65,713.42,3.0331e+06,670.78
869,869,869,869,0,837.71
867,875.5,858.5,862.5,2.1392e+06,831.44
864,878.5,864,874.5,3.012e+06,843.01
874.5,879.5,868,874,3.0848e+06,842.53
875.5,879.16,861.36,862,3.8599e+06,830.96
714.01,719.63,707.65,713.42,3.0331e+06,670.78
714.01,719.63,707.65,713.42,3.0331e+06,670.78
866.5,878,861.5,872,3.561e+06,840.6
868,872,852,852,6.042e+06,821.32
850.5,852,828,829,5.954e+06,799.15
825,843.5,821,836,4.4408e+06,805.89
834.5,836,820.82,821.5,3.877e+06,791.92
714.01,719.63,707.65,713.42,3.0331e+06,670.78
714.01,719.63,707.65,713.42,3.0331e+06,670.78
822.5,825,817.5,817.5,2.327e+06,788.06
816.5,833.5,815.5,824,3.2732e+06,794.33
825,834,820,831,5.0294e+06,801.07
831.5,856.5,830,850,3.648e+06,819.39
845,850,834,837.5,2.1855e+06,807.34
714.01,719.63,707.65,713.42,3.0331e+06,670.78
714.01,719.63,707.65,713.42,3.0331e+06,670.78
835,839.5,830.5,833,2.1137e+06,803
832,837,825,833,2.5008e+06,803
833,837.5,812.43,812.5,3.062e+06,783.24
815,816.46,803.96,814.5,3.2269e+06,785.17
813.5,822,812.4,812.5,4.3221e+06,783.24
714.01,719.63,707.65,713.42,3.0331e+06,670.78
714.01,719.63,707.65,713.42,3.0331e+06,670.78
823,829,812.5,824.5,2.1483e+06,794.81
824.5,833.18,821,829,2.0574e+06,799.15
829,830.5,820,820.5,2.6461e+06,790.95
817,826.5,815.13,818.5,2.7111e+06,789.02
816,820.5,811.83,814,1.6343e+06,784.69
714.01,719.63,707.65,713.42,3.0331e+06,670.78
714.01,719.63,707.65,713.42,3.0331e+06,670.78
796,813.95,795,803,3.219e+06,774.08
798.5,805,793.5,793.5,4.9662e+06,764.92
800,874.5,793.5,808,5.7677e+06,778.9
806,811.92,800,801,3.5024e+06,778.83
804,811,802,807,2.7496e+06,784.66
714.01,719.63,707.65,713.42,3.0331e+06,670.78
714.01,719.63,707.65,713.42,3.0331e+06,670.78
802,811,798,799,2.4204e+06,776.88
804,815.85,799.5,805,4.2712e+06,782.71
800.5,809,798.5,801,3.5284e+06,778.83
802,815,798.5,814.5,3.2469e+06,791.95
822,828,817,824,3.3988e+06,801.19
714.01,719.63,707.65,713.42,3.0331e+06,670.78
714.01,719.63,707.65,713.42,3.0331e+06,670.78
832,840.08,827,838,3.9961e+06,814.8
839,840.97,828.5,838.5,3.8217e+06,815.29
842,847.75,836.5,837.5,3.335e+06,814.31
841.5,848.5,840.86,842,2.7406e+06,818.69
842,849.5,835,846.5,3.9643e+06,823.07
714.01,719.63,707.65,713.42,3.0331e+06,670.78
714.01,719.63,707.65,713.42,3.0331e+06,670.78
844,852,841.5,847,2.734e+06,823.55
847.5,848.5,838,840,2.9201e+06,816.75
833,841,833,836,3.0958e+06,812.86
840,840,824,828,2.8972e+06,805.08
827.5,841,826.28,829,2.085e+06,806.05
714.01,719.63,707.65,713.42,3.0331e+06,670.78
714.01,719.63,707.65,713.42,3.0331e+06,670.78
826.5,835,822.5,823,2.6552e+06,800.22
825.5,834,819.5,829.5,2.6192e+06,806.54
834,838,825.5,835.5,2.3504e+06,812.37
836.5,842.5,826,829.5,2.0229e+06,806.54
832.5,841,829,841,3.7258e+06,817.72
714.01,719.63,707.65,713.42,3.0331e+06,670.78
714.01,719.63,707.65,713.42,3.0331e+06,670.78
836.5,847.75,836,844,3.1041e+06,820.63
844,852.15,836,850.5,2.2926e+06,826.95
850,860.5,848,860.5,3.0549e+06,836.68
856.5,869,852,867.5,5.0032e+06,843.48
868,875.5,864.5,870,2.4663e+06,845.91
714.01,719.63,707.65,713.42,3.0331e+06,670.78
714.01,719.63,707.65,713.42,3.0331e+06,670.78
874.5,877,866.5,874,2.5994e+06,849.8
873.5,875.5,866,866.5,2.7858e+06,842.51
861.5,869.95,854.36,858.5,2.6852e+06,834.73
865.5,871.5,858.5,863.5,3.3096e+06,839.59
864.5,877,862.43,871,3.0712e+06,846.89
714.01,719.63,707.65,713.42,3.0331e+06,670.78
714.01,719.63,707.65,713.42,3.0331e+06,670.78
875.5,878,867.5,877,1.6938e+06,852.72
874,878,871.5,872,1.9506e+06,847.86
868.5,873,858,858,2.8273e+06,834.25
854,864.5,852.63,858.5,3.0001e+06,834.73
852,861,845.5,845.5,4.0126e+06,822.09
714.01,719.63,707.65,713.42,3.0331e+06,670.78
714.01,719.63,707.65,713.42,3.0331e+06,670.78
825,825.5,785.5,799.5,8.256e+06,777.37
811,825,804,822,6.6779e+06,799.24
815,824.5,807,808.5,5.3883e+06,786.12
825,828,808.5,824,4.7977e+06,801.19
824.5,826,813.5,820,2.8694e+06,797.3
714.01,719.63,707.65,713.42,3.0331e+06,670.78
714.01,719.63,707.65,713.42,3.0331e+06,670.78
820,820,820,820,0,797.3
811,817,796.79,803.5,4.1528e+06,781.26
807.5,821,803.89,817.5,3.2479e+06,794.87
822,828,819.5,822,2.567e+06,799.24
813,813.68,803.5,803.5,3.1907e+06,781.26
714.01,719.63,707.65,713.42,3.0331e+06,670.78
714.01,719.63,707.65,713.42,3.0331e+06,670.78
808,812.18,800.5,802.5,2.5078e+06,780.28
805,817.5,803,813.5,2.6006e+06,790.98
827.5,833,823.5,824,3.0655e+06,801.19
816.5,830,816.5,826,3.1763e+06,803.13
828,828,810.71,812,1.7827e+06,789.52
714.01,719.63,707.65,713.42,3.0331e+06,670.78
714.01,719.63,707.65,713.42,3.0331e+06,670.78
813,819.85,802,804,3.8449e+06,781.74
805.5,806.4,795.82,802,2.6718e+06,779.8
807.5,811,801,806,2.9493e+06,783.69
806,808.75,802,805.5,3.5391e+06,783.2
806,822.5,803,812.5,6.6172e+06,790.01
714.01,719.63,707.65,713.42,3.0331e+06,670.78
714.01,719.63,707.65,713.42,3.0331e+06,670.78
814,821.5,808,814.5,3.0057e+06,791.95
815.5,819.5,803,805,3.7059e+06,782.71
804.5,831,801.5,823.5,3.3747e+06,800.7
823.5,833.5,821,825,3.7917e+06,802.16
837,846,833.5,846,3.0094e+06,822.58
714.01,719.63,707.65,713.42,3.0331e+06,670.78
714.01,719.63,707.65,713.42,3.0331e+06,670.78
844.5,847,832,832,2.5341e+06,808.97
825.5,831.5,821,821.5,3.5975e+06,798.76
835.5,840,830.5,838.5,4.0849e+06,815.29
843,845,827.75,828.5,3.6419e+06,812.43
831.5,843,822.5,837,4.0721e+06,820.77
714.01,719.63,707.65,713.42,3.0331e+06,670.78
714.01,719.63,707.65,713.42,3.0331e+06,670.78
854,860,849,857.5,2.9196e+06,840.87
860.5,860.5,851.5,853,3.6543e+06,836.46
855.5,858,831,833,4.018e+06,816.85
833.5,847,830.5,842,2.4891e+06,825.67
845.5,854.5,841.5,845,2.2495e+06,828.61
714.01,719.63,707.65,713.42,3.0331e+06,670.78
714.01,719.63,707.65,713.42,3.0331e+06,670.78
844.5,850.5,841.5,842,1.9059e+06,825.67
844.5,849,840.5,848.5,2.1847e+06,832.04
846.5,848.5,839.82,843,2.0801e+06,826.65
847,849.5,842,847.5,1.7777e+06,831.06
850,852.5,845.5,849.5,2.4482e+06,833.03
714.01,719.63,707.65,713.42,3.0331e+06,670.78
714.01,719.63,707.65,713.42,3.0331e+06,670.78
850.5,860,848.5,860,2.0321e+06,843.32
862,868,860.2,862.5,4.0952e+06,845.77
867,867,858,860.5,3.0542e+06,843.81
856.5,871.5,856.5,869.5,2.1346e+06,852.64
871,875,863.5,865.5,3.1849e+06,848.72
714.01,719.63,707.65,713.42,3.0331e+06,670.78
714.01,719.63,707.65,713.42,3.0331e+06,670.78
867,874.5,860.5,870,1.8071e+06,853.13
871.5,875.31,865,868.5,1.3545e+06,851.66
870.5,876.5,867.5,876,2.1788e+06,859.01
879,879,866,870,2.4273e+06,853.13
869.5,874.5,866.5,870.5,2.5991e+06,853.62
714.01,719.63,707.65,713.42,3.0331e+06,670.78
714.01,719.63,707.65,713.42,3.0331e+06,670.78
869.5,874,866.12,872,1.9252e+06,855.09
871,872,856.5,857,2.5235e+06,840.38
859.5,860.5,835,835,4.9817e+06,818.81
838.5,852.5,835,852,4.8422e+06,835.48
854,855.5,836.54,838.5,3.7875e+06,822.24
714.01,719.63,707.65,713.42,3.0331e+06,670.78
714.01,719.63,707.65,713.42,3.0331e+06,670.78
842,843.5,821.5,822.5,3.1944e+06,806.55
823,824,810,821,4.2474e+06,805.08
825,825.5,810.82,816,2.7157e+06,800.17
817,823.5,803.5,803.5,3.6186e+06,787.92
802.5,808,796.99,804,3.8811e+06,788.41
714.01,719.63,707.65,713.42,3.0331e+06,670.78
714.01,719.63,707.65,713.42,3.0331e+06,670.78
798,820.5,796.5,820,4.2089e+06,804.1
845,845,820,838.5,4.1213e+06,822.24
838.5,847.52,824,829,3.5392e+06,812.92
837.5,843,830,841.5,3.0223e+06,825.18
846,846.5,840.5,843,2.7412e+06,826.65
714.01,719.63,707.65,713.42,3.0331e+06,670.78
714.01,719.63,707.65,713.42,3.0331e+06,670.78
840.5,840.5,829,829,1.7708e+06,812.92
829.5,829.5,811.5,818.5,3.5008e+06,802.63
820,834.5,818.5,830,2.5706e+06,813.9
832.5,833,823,830,1.5952e+06,813.9
828,834.5,824.5,834.5,1.3398e+06,818.32
714.01,719.63,707.65,713.42,3.0331e+06,670.78
714.01,719.63,707.65,713.42,3.0331e+06,670.78
834,839,829,834,2.174e+06,817.83
839,846.5,835.44,846,2.4889e+06,829.59
851,853,845.5,845.5,2.8306e+06,829.1
845,848.5,815.5,815.5,3.7563e+06,799.68
815.5,815.56,799.62,814,3.3551e+06,798.21
714.01,719.63,707.65,713.42,3.0331e+06,670.78
714.01,719.63,707.65,713.42,3.0331e+06,670.78
814,823.5,812,813,2.2589e+06,797.23
814,815,802.5,804,2.0684e+06,788.41
809,810,799,799,2.2337e+06,783.51
797,804,790.5,796.5,2.2382e+06,781.05
794.5,795.5,773.01,774,3.5608e+06,758.99
714.01,719.63,707.65,713.42,3.0331e+06,670.78
714.01,719.63,707.65,713.42,3.0331e+06,670.78
779.5,787.5,762,762,2.9368e+06,747.22
770,781,766.5,778,2.8176e+06,762.91
780,797,775.5,793.5,2.9298e+06,778.11
804,808,792.29,794.5,2.7723e+06,779.09
788.5,799.5,782,783,4.0455e+06,767.82
714.01,719.63,707.65,713.42,3.0331e+06,670.78
714.01,719.63,707.65,713.42,3.0331e+06,670.78
785,796.88,776.5,776.5,2.0363e+06,761.44
782,787,773.5,780,1.9734e+06,764.87
784,789.5,776.99,789.5,1.7433e+06,774.19
791.5,795,788.5,793.5,2.975e+05,778.11
793.5,793.5,793.5,793.5,0,778.11
714.01,719.63,707.65,713.42,3.0331e+06,670.78
714.01,719.63,707.65,713.42,3.0331e+06,670.78
793.5,793.5,793.5,793.5,0,778.11
793.5,801,791.5,796.5,1.989e+06,781.05
794,798,782.5,787.5,2.0763e+06,772.23
789,790.78,784,786,1.3218e+06,770.76
714.01,719.63,707.65,713.42,3.0331e+06,670.78
714.01,719.63,707.65,713.42,3.0331e+06,670.78
714.01,719.63,707.65,713.42,3.0331e+06,670.78
778,786,765.5,770.5,3.8747e+06,755.56
779.5,786.92,775,784.5,2.7297e+06,769.29
782,789.5,770.15,771.5,3.3664e+06,756.54
753,761.09,748,755.5,3.7209e+06,747.72
756,758.5,741.5,741.5,2.9318e+06,733.86
714.01,719.63,707.65,713.42,3.0331e+06,670.78
714.01,719.63,707.65,713.42,3.0331e+06,670.78
744.5,755.5,739,741,3.6905e+06,733.37
742.5,754,738,745,2.9172e+06,737.33
749.5,751.07,739.99,742.5,6.2497e+06,734.85
737.5,750.11,729.5,732,4.6568e+06,724.46
730,735.5,715,715,5.6376e+06,707.64
714.01,719.63,707.65,713.42,3.0331e+06,670.78
714.01,719.63,707.65,713.42,3.0331e+06,670.78
715.5,723.5,712,712,3.1785e+06,704.67
730,730,712,715,4.6366e+06,707.64
707,715,694.5,696.5,4.5063e+06,689.33
700,716.5,694,715,5.689e+06,707.64
723,732,715,730.5,5.2998e+06,722.98
714.01,719.63,707.65,713.42,3.0331e+06,670.78
714.01,719.63,707.65,713.42,3.0331e+06,670.78
738,738,727.54,735,4.2301e+06,727.43
726,737.99,724,733,3.7844e+06,725.45
733.5,747.43,723.49,730,3.9064e+06,722.48
726,733.5,650,721.5,2.1659e+06,714.07
729,740,726.4,740,3.9625e+06,732.38
714.01,719.63,707.65,713.42,3.0331e+06,670.78
714.01,719.63,707.65,713.42,3.0331e+06,670.78
747.5,749,734.5,748.5,4.1396e+06,740.79
748,749.5,734.5,735,3.0221e+06,727.43
738.5,739,716,721,4.2645e+06,713.58
731,734.5,712,714.5,3.9034e+06,707.14
714.5,726.9,713.5,715.5,4.1505e+06,708.13
714.01,719.63,707.65,713.42,3.0331e+06,670.78
714.01,719.63,707.65,713.42,3.0331e+06,670.78
718.5,720,676.5,679,5.7435e+06,672.01
681.5,685,663.5,669,5.7589e+06,662.11
678.5,692.5,673,682.5,4.006e+06,675.47
678,678,651,651,5.0968e+06,644.3
656,665.5,646.5,652.5,9.1426e+06,645.78
714.01,719.63,707.65,713.42,3.0331e+06,670.78
714.01,719.63,707.65,713.42,3.0331e+06,670.78
667.5,679.5,665,678.5,4.3108e+06,671.51
684,684,671.24,676,3.6085e+06,669.04
677,692,676.5,688.5,2.8803e+06,681.41
