4170.8,4174.5,4120.4,4140,4.0037e+06,1782.8
4162.4,4199.7,4130.7,4170.8,5.7834e+06,1796
4141,4141,4040.2,4072.9,9.1377e+06,1753.8
3973.1,4028.1,3907.8,3911.5,1.435e+07,1684.4
3941.4,3975.9,3898.5,3905.9,5.5831e+06,1682
2705.7,2735.5,2669.4,2702.8,8.5154e+06,1360.5
2705.7,2735.5,2669.4,2702.8,8.5154e+06,1360.5
3954.4,3991.7,3940.4,3961,6.8183e+06,1705.6
3862.1,3913.4,3842.5,3885.4,7.9705e+06,1673.1
3916.2,3928.3,3843.4,3908.7,7.1843e+06,1683.2
3952.6,3953.5,3864.9,3896.6,8.4156e+06,1677.9
3889.1,3889.1,3821.1,3879.8,8.2178e+06,1670.7
2705.7,2735.5,2669.4,2702.8,8.5154e+06,1360.5
2705.7,2735.5,2669.4,2702.8,8.5154e+06,1360.5
3811.7,3840.6,3744.6,3799.6,7.6041e+06,1636.2
3823.9,3941.4,3749.2,3931.1,1.394e+07,1692.8
3889.1,3905,3865.8,3875.2,6.2807e+06,1701.6
3883.6,3938.6,3882.6,3904.1,5.6319e+06,1714.3
3926.5,3941.4,3860.2,3911.5,6.3618e+06,1717.6
2705.7,2735.5,2669.4,2702.8,8.5154e+06,1360.5
2705.7,2735.5,2669.4,2702.8,8.5154e+06,1360.5
3914.3,3967.5,3903.1,3965.6,5.1717e+06,1741.3
3945.1,4007,3938.6,3982.4,5.1204e+06,1748.7
3965.6,3965.6,3897.2,3930.2,5.7771e+06,1725.8
3939.5,3939.5,3875.2,3904.1,6.6615e+06,1714.3
3922.7,3933.9,3839.7,3851.8,9.8585e+06,1691.4
2705.7,2735.5,2669.4,2702.8,8.5154e+06,1360.5
2705.7,2735.5,2669.4,2702.8,8.5154e+06,1360.5
3781,3844.4,3761.4,3831.3,4.2293e+06,1682.3
3759.5,3795.9,3665.3,3696.1,1.1357e+07,1623
3717.5,3731.5,3639.2,3658.8,1.0897e+07,1606.6
3669,3670.9,3609.4,3657.8,7.3802e+06,1606.2
3642,3667.2,3608.4,3611.2,7.4997e+06,1585.7
2705.7,2735.5,2669.4,2702.8,8.5154e+06,1360.5
2705.7,2735.5,2669.4,2702.8,8.5154e+06,1360.5
3637.3,3648.5,3564,3588.8,7.0288e+06,1575.9
3596.3,3629.1,3575.8,3615.9,7.5498e+06,1587.7
3638.3,3665.3,3601.9,3621.5,5.762e+06,1590.2
3626.1,3628.8,3569.2,3572,7.5866e+06,1568.5
3572,3572,3572,3572,0,1568.5
2705.7,2735.5,2669.4,2702.8,8.5154e+06,1360.5
2705.7,2735.5,2669.4,2702.8,8.5154e+06,1360.5
3572,3572,3572,3572,0,1568.5
3557.1,3635.5,3548.7,3617.7,5.9372e+06,1588.6
3588.8,3588.8,3527.3,3544.1,7.9416e+06,1556.2
3526.3,3604.7,3515.2,3538.5,7.7481e+06,1553.7
3540.3,3564.6,3458.6,3505.8,6.3652e+06,1539.4
2705.7,2735.5,2669.4,2702.8,8.5154e+06,1360.5
2705.7,2735.5,2669.4,2702.8,8.5154e+06,1360.5
3524.5,3557.1,3473.2,3503,1.0056e+07,1538.2
3556.2,3632.7,3537.5,3626.1,1.0623e+07,1592.2
3642.9,3661.7,3626.1,3639.2,8.8344e+06,1598
3637.3,3643.5,3592.6,3605.6,6.6556e+06,1583.2
3585.1,3629.9,3512.4,3530.1,9.791e+06,1550.1
2705.7,2735.5,2669.4,2702.8,8.5154e+06,1360.5
2705.7,2735.5,2669.4,2702.8,8.5154e+06,1360.5
3518,3522.8,3380.9,3403.2,1.126e+07,1494.4
3418.2,3484.4,3356.3,3434.9,8.3246e+06,1508.3
3433.1,3448,3285.7,3318.4,1.3999e+07,1457.1
3296,3335.2,3272.7,3304.4,8.4984e+06,1451
3339.8,3375.3,3300.6,3324.9,8.8283e+06,1460
2705.7,2735.5,2669.4,2702.8,8.5154e+06,1360.5
2705.7,2735.5,2669.4,2702.8,8.5154e+06,1360.5
3338.9,3352.9,3264.7,3287.6,6.9267e+06,1443.6
3274.5,3327,3254.9,3320.2,1.039e+07,1457.9
3339.8,3516.1,3326.7,3380.9,1.0232e+07,1484.5
3405.1,3460.1,3366.9,3436.8,9.17e+06,1509.1
3421,3430.3,3361.3,3386.4,7.1104e+06,1487
2705.7,2735.5,2669.4,2702.8,8.5154e+06,1360.5
2705.7,2735.5,2669.4,2702.8,8.5154e+06,1360.5
3400.4,3428.4,3362.2,3417.2,6.9986e+06,1500.5
3415.4,3439.6,3317.4,3340.7,1.1009e+07,1466.9
3367.8,3388.8,3318.4,3338.9,3.3128e+06,1466.1
3299.7,3331.4,3265.2,3324,1.1346e+07,1459.6
3337,3474.1,3324.9,3446.1,1.0492e+07,1513.2
2705.7,2735.5,2669.4,2702.8,8.5154e+06,1360.5
2705.7,2735.5,2669.4,2702.8,8.5154e+06,1360.5
3446.1,3446.1,3446.1,3446.1,0,1513.2
3494.6,3531,3467.6,3512.4,1.1704e+07,1542.3
3557.1,3599.7,3525.4,3559.9,7.2799e+06,1563.2
3566.4,3631.7,3550.6,3595.4,8.0471e+06,1578.7
3608.4,3640.1,3553.4,3576.7,6.0383e+06,1570.5
2705.7,2735.5,2669.4,2702.8,8.5154e+06,1360.5
2705.7,2735.5,2669.4,2702.8,8.5154e+06,1360.5
3572,3591.6,3539.4,3565.5,3.7072e+06,1565.6
3584.2,3587.4,3502.1,3581.4,8.9071e+06,1572.6
3545.9,3577.6,3527.3,3553.4,9.307e+06,1560.3
3534.7,3569.2,3518.9,3565.5,6.813e+06,1565.6
3574.8,3633.6,3555.7,3597.2,6.3083e+06,1579.5
2705.7,2735.5,2669.4,2702.8,8.5154e+06,1360.5
2705.7,2735.5,2669.4,2702.8,8.5154e+06,1360.5
3583.2,3601.9,3549.7,3590.7,5.5883e+06,1576.7
3603.8,3698,3584.2,3697,8.7785e+06,1623.4
3712.9,3791.2,3676.5,3732.5,9.9337e+06,1638.9
3583.2,3644.8,3579.5,3623.3,1.0002e+07,1591
3621.5,3628.9,3563.6,3587,5.2601e+06,1575
2705.7,2735.5,2669.4,2702.8,8.5154e+06,1360.5
2705.7,2735.5,2669.4,2702.8,8.5154e+06,1360.5
3587,3587,3587,3587,0,1575
3570.2,3630.8,3568.3,3615.9,1.0142e+07,1587.7
3609.4,3649.6,3574.8,3600,8.4727e+06,1580.8
3587.9,3647.6,3571.1,3626.1,7.9005e+06,1592.2
3631.7,3647.6,3571.9,3573,1.0686e+07,1568.9
2705.7,2735.5,2669.4,2702.8,8.5154e+06,1360.5
2705.7,2735.5,2669.4,2702.8,8.5154e+06,1360.5
3560.9,3603.8,3522.6,3549.7,7.8728e+06,1558.7
3583.2,3589.8,3523.5,3533.8,5.5564e+06,1551.7
3494.6,3517,3408.8,3437.7,1.0343e+07,1509.5
3442.4,3454.5,3385.5,3396.7,1.1983e+07,1491.5
3368.7,3422.8,3342.6,3418.2,9.9675e+06,1500.9
2705.7,2735.5,2669.4,2702.8,8.5154e+06,1360.5
2705.7,2735.5,2669.4,2702.8,8.5154e+06,1360.5
3397.6,3412.6,3338.9,3370.6,1.1457e+07,1480
3320.2,3321.7,3236.3,3317.4,1.6088e+07,1456.7
3298.8,3354.9,3277.3,3286.7,9.5422e+06,1443.2
3215.8,3359.4,3203.6,3344.5,1.3261e+07,1468.6
3372.5,3420,3355.7,3392,8.5986e+06,1489.5
2705.7,2735.5,2669.4,2702.8,8.5154e+06,1360.5
2705.7,2735.5,2669.4,2702.8,8.5154e+06,1360.5
3380.9,3410.9,3355.3,3386.4,5.487e+06,1487
3342.6,3414.4,3326.3,3395.8,7.4591e+06,1491.1
3403.2,3427.5,3351.9,3379.9,7.0144e+06,1484.1
3262.4,3282.9,3201.8,3224.2,1.5036e+07,1415.7
3238.2,3303.4,3177.5,3179.4,1.3857e+07,1396.1
2705.7,2735.5,2669.4,2702.8,8.5154e+06,1360.5
2705.7,2735.5,2669.4,2702.8,8.5154e+06,1360.5
3157.9,3173.8,3116.9,3122.5,1.0261e+07,1371.1
3157.9,3178.2,3122.5,3151.4,9.3692e+06,1383.8
3169.1,3175.7,3110.4,3120.6,1.5195e+07,1370.3
3137.4,3191.5,3109.4,3160.7,8.6027e+06,1387.9
3180.3,3209.2,3114.1,3137.4,9.5416e+06,1377.7
2705.7,2735.5,2669.4,2702.8,8.5154e+06,1360.5
2705.7,2735.5,2669.4,2702.8,8.5154e+06,1360.5
3153.3,3208.3,3112.2,3198.1,6.9407e+06,1404.3
3220.4,3249.3,3179.4,3191.5,7.7025e+06,1401.4
3148.6,3148.6,3066.6,3116,7.7169e+06,1368.2
3130.9,3255.9,3130.9,3226,5.8579e+06,1416.6
3232.6,3249.3,3097.3,3108.5,8.5201e+06,1365
2705.7,2735.5,2669.4,2702.8,8.5154e+06,1360.5
2705.7,2735.5,2669.4,2702.8,8.5154e+06,1360.5
3124.4,3172.9,3103.9,3150.5,4.6782e+06,1383.4
3214.8,3269.9,3206.4,3226,9.1096e+06,1416.6
3220.4,3239.1,3178.5,3211.1,6.0287e+06,1410
3338.9,3374.3,3320.2,3357.5,1.0859e+07,1474.3
3357.5,3387.4,3325.5,3357.5,6.9906e+06,1474.3
2705.7,2735.5,2669.4,2702.8,8.5154e+06,1360.5
2705.7,2735.5,2669.4,2702.8,8.5154e+06,1360.5
3352.9,3412.6,3350.1,3371.5,4.8183e+06,1480.4
3382.7,3452.7,3381.8,3417.2,7.3506e+06,1500.5
3450.8,3597.2,3442.4,3484.4,1.133e+07,1530
3454.5,3529.1,3449.9,3508.6,5.4015e+06,1540.6
3453.6,3529.1,3426.6,3487.2,8.0486e+06,1531.2
2705.7,2735.5,2669.4,2702.8,8.5154e+06,1360.5
2705.7,2735.5,2669.4,2702.8,8.5154e+06,1360.5
3482.5,3516.2,3462.9,3499.3,5.0787e+06,1536.6
3531,3599.1,3486.6,3568.3,8.5498e+06,1566.9
3560.9,3625.2,3528.2,3557.1,7.0067e+06,1561.9
3523.5,3528.2,3451.7,3503,6.5763e+06,1538.2
3519.8,3550.6,3490.9,3503,4.5833e+06,1538.2
2705.7,2735.5,2669.4,2702.8,8.5154e+06,1360.5
2705.7,2735.5,2669.4,2702.8,8.5154e+06,1360.5
3501.2,3545,3499.3,3530.1,4.6086e+06,1550.1
3525.4,3536.6,3502.1,3506.8,4.5524e+06,1539.8
3511.4,3548.7,3479.2,3504.9,5.3197e+06,1539
3515.2,3581.4,3512.4,3581.4,5.9046e+06,1572.6
3565.5,3571.1,3517,3533.8,6.576e+06,1551.7
2705.7,2735.5,2669.4,2702.8,8.5154e+06,1360.5
2705.7,2735.5,2669.4,2702.8,8.5154e+06,1360.5
3532.9,3564.6,3514.2,3546.9,4.4576e+06,1557.4
3540.3,3546.6,3467.6,3497.4,8.7911e+06,1535.7
3473.2,3480.6,3422.8,3440.5,6.6384e+06,1510.8
3452.7,3546.9,3448.9,3542.2,6.7464e+06,1555.4
3565.5,3682.1,3549.7,3662.5,7.3683e+06,1608.2
2705.7,2735.5,2669.4,2702.8,8.5154e+06,1360.5
2705.7,2735.5,2669.4,2702.8,8.5154e+06,1360.5
3692.4,3723.1,3618.4,3699.8,8.5962e+06,1624.6
3703.5,3739,3676.5,3711.9,1.2221e+07,1629.9
3702.6,3754.8,3661.6,3720.3,6.8736e+06,1633.6
3728.7,3743.7,3641.1,3684.9,7.1036e+06,1618.1
3674.6,3718.7,3661.6,3707.3,8.3524e+06,1627.9
2705.7,2735.5,2669.4,2702.8,8.5154e+06,1360.5
2705.7,2735.5,2669.4,2702.8,8.5154e+06,1360.5
3689.6,3693.3,3625.2,3648.5,5.751e+06,1602.1
3581.4,3610.3,3518.9,3587.9,9.7631e+06,1575.5
3532.9,3559.9,3481.6,3493.7,7.7459e+06,1534.1
3505.8,3586,3502.1,3559.9,5.9378e+06,1563.2
3538.5,3586,3518,3561.8,6.1962e+06,1564
2705.7,2735.5,2669.4,2702.8,8.5154e+06,1360.5
2705.7,2735.5,2669.4,2702.8,8.5154e+06,1360.5
3561.8,3561.8,3561.8,3561.8,0,1564
3535.7,3535.7,3487.2,3512.4,7.2085e+06,1542.3
3469.5,3554.7,3458.3,3501.2,6.3826e+06,1537.4
3509.6,3536.6,3488.1,3507.7,5.0228e+06,1540.2
3522.6,3535.7,3493.7,3503,5.8667e+06,1538.2
2705.7,2735.5,2669.4,2702.8,8.5154e+06,1360.5
2705.7,2735.5,2669.4,2702.8,8.5154e+06,1360.5
3575.8,3631.7,3492.8,3583.2,5.4316e+06,1573.4
3604.7,3643.9,3521.7,3611.2,5.7038e+06,1585.7
3547.8,3555.3,3510.5,3548.7,3.9016e+06,1591.6
3550.6,3606.9,3517,3567.4,4.6815e+06,1600
3542.2,3598.2,3524.5,3583.2,7.2207e+06,1607.1
2705.7,2735.5,2669.4,2702.8,8.5154e+06,1360.5
2705.7,2735.5,2669.4,2702.8,8.5154e+06,1360.5
3594.4,3619.6,3543.1,3557.1,6.7618e+06,1595.4
3603.8,3641.1,3527.3,3616.8,6.3651e+06,1622.1
3632.7,3633.8,3582.3,3604.7,5.1482e+06,1616.7
3613.1,3630.8,3566.4,3587,7.1601e+06,1608.7
3574.8,3576.7,3490.9,3516.1,6.7096e+06,1577
2705.7,2735.5,2669.4,2702.8,8.5154e+06,1360.5
2705.7,2735.5,2669.4,2702.8,8.5154e+06,1360.5
3563.6,3588.8,3554.3,3554.3,4.4676e+06,1594.1
3554.3,3559,3520.8,3534.7,5.8008e+06,1585.3
3544.1,3550.6,3500.2,3515.2,4.7796e+06,1576.5
3596.3,3635.5,3555.3,3559,7.9019e+06,1596.2
3565.5,3565.5,3497.4,3498.4,8.6077e+06,1569
2705.7,2735.5,2669.4,2702.8,8.5154e+06,1360.5
2705.7,2735.5,2669.4,2702.8,8.5154e+06,1360.5
3498.4,3510.5,3472.3,3498.4,2.9144e+06,1569
3499.3,3503,3454.5,3469.5,4.5463e+06,1556
3469.5,3521.7,3458.3,3478.8,6.4559e+06,1560.2
3484.4,3531,3475.1,3512.4,3.507e+06,1575.3
3512.4,3512.4,3419.1,3434,4.9342e+06,1540.2
2705.7,2735.5,2669.4,2702.8,8.5154e+06,1360.5
2705.7,2735.5,2669.4,2702.8,8.5154e+06,1360.5
3387.4,3415.4,3369.7,3394.8,4.9069e+06,1522.6
3390.2,3415.4,3333.4,3366.9,5.5376e+06,1510
3357.5,3418.2,3314.6,3406,5.642e+06,1527.6
3401.4,3434.9,3350.1,3361.3,4.4018e+06,1507.5
3357.5,3373.8,3323,3365.9,4.2697e+06,1509.6
2705.7,2735.5,2669.4,2702.8,8.5154e+06,1360.5
2705.7,2735.5,2669.4,2702.8,8.5154e+06,1360.5
3352.9,3364.1,3314.6,3361.3,4.5813e+06,1507.5
3344.5,3353.8,3280.1,3298.8,7.4681e+06,1479.5
3310.9,3332.4,3282.9,3304.4,6.3838e+06,1482
3317.4,3360.3,3292.2,3341.7,5.3861e+06,1498.7
3369.7,3390.2,3344.5,3385.5,4.3374e+06,1518.4
2705.7,2735.5,2669.4,2702.8,8.5154e+06,1360.5
2705.7,2735.5,2669.4,2702.8,8.5154e+06,1360.5
3385.5,3553.4,3355.7,3388.3,3.1673e+06,1519.7
3415.4,3467.6,3411.6,3436.8,7.0375e+06,1541.4
3423.8,3466.7,3389.2,3450.8,6.8198e+06,1547.7
3436.8,3471.7,3412.6,3439.6,4.4784e+06,1542.7
3450.8,3492.5,3447.1,3472.3,5.4807e+06,1557.3
2705.7,2735.5,2669.4,2702.8,8.5154e+06,1360.5
2705.7,2735.5,2669.4,2702.8,8.5154e+06,1360.5
3488.1,3516.1,3478.8,3494.6,4.9266e+06,1567.3
3559,3664.4,3551.5,3638.3,1.1658e+07,1631.8
3636.4,3645.7,3565.5,3586,7.2355e+06,1608.3
3595.4,3646.7,3586,3637.3,5.5295e+06,1631.3
3611.2,3654.1,3575.8,3642.9,4.3449e+06,1633.8
2705.7,2735.5,2669.4,2702.8,8.5154e+06,1360.5
2705.7,2735.5,2669.4,2702.8,8.5154e+06,1360.5
3668.1,3675.6,3607.5,3627.1,5.5846e+06,1626.7
3618.7,3652.3,3577.6,3635.5,4.6877e+06,1630.5
3646.7,3675.6,3626.1,3641.1,4.0957e+06,1633
3636.4,3651.3,3589.8,3601,7.0721e+06,1615
3601,3628.9,3560.9,3579.5,6.5776e+06,1605.4
2705.7,2735.5,2669.4,2702.8,8.5154e+06,1360.5
2705.7,2735.5,2669.4,2702.8,8.5154e+06,1360.5
3594.4,3645.7,3594.4,3636.4,4.7637e+06,1630.9
3650.4,3723.1,3650.4,3674.6,7.9816e+06,1648.1
3700.8,3730.6,3661.7,3698.9,6.1993e+06,1658.9
3689.6,3740.9,3654.1,3671.8,6.9949e+06,1646.8
3639.2,3681.8,3617.7,3674.6,5.4503e+06,1648.1
2705.7,2735.5,2669.4,2702.8,8.5154e+06,1360.5
2705.7,2735.5,2669.4,2702.8,8.5154e+06,1360.5
3656,3676.5,3618.7,3648.5,3.7228e+06,1636.4
3641.1,3649.5,3602.8,3619.6,5.4382e+06,1623.4
3596.3,3611.2,3508.6,3551.5,8.7476e+06,1592.8
3598.2,3611.2,3529.1,3569.2,5.3842e+06,1600.8
3581.4,3626.1,3571.1,3603.8,5.6018e+06,1616.3
2705.7,2735.5,2669.4,2702.8,8.5154e+06,1360.5
2705.7,2735.5,2669.4,2702.8,8.5154e+06,1360.5
3618.7,3629.9,3593.5,3619.6,3.3598e+06,1623.4
3605.6,3610.3,3566.4,3596.3,4.1538e+06,1612.9
3566.4,3638.3,3553.4,3611.2,4.3344e+06,1619.6
3588.8,3588.8,3548.7,3561.8,4.5068e+06,1597.5
3566.4,3570.2,3469.5,3499.3,6.4704e+06,1569.4
2705.7,2735.5,2669.4,2702.8,8.5154e+06,1360.5
2705.7,2735.5,2669.4,2702.8,8.5154e+06,1360.5
3506.8,3523.5,3477.8,3497.4,2.9495e+06,1568.6
3503,3514.1,3417.2,3434,7.9821e+06,1540.2
3427.5,3485.3,3410.7,3439.6,7.0036e+06,1542.7
3439.6,3516.1,3416.3,3498.4,5.4299e+06,1569
3476.9,3512.4,3467.6,3467.6,7.2308e+06,1555.2
2705.7,2735.5,2669.4,2702.8,8.5154e+06,1360.5
2705.7,2735.5,2669.4,2702.8,8.5154e+06,1360.5
3442.4,3465.7,3393,3398.6,6.0377e+06,1524.3
3366.9,3391.1,3303.4,3360.3,9.7792e+06,1507.1
3382.7,3426.6,3363.1,3392,1.1557e+07,1521.3
3386.4,3424.5,3368.7,3386.4,6.7992e+06,1518.8
3395.8,3473.2,3384.6,3441.5,7.9514e+06,1543.5
2705.7,2735.5,2669.4,2702.8,8.5154e+06,1360.5
2705.7,2735.5,2669.4,2702.8,8.5154e+06,1360.5
3452.7,3453.6,3385.5,3439.6,6.9535e+06,1542.7
3415.4,3423.8,3371.5,3371.5,7.1421e+06,1512.1
3355.7,3409.8,3315.6,3329.6,8.0327e+06,1493.3
3275.5,3330.5,3241,3272.7,9.5366e+06,1467.8
3277.3,3302.5,3252.1,3278.3,6.4038e+06,1470.3
2705.7,2735.5,2669.4,2702.8,8.5154e+06,1360.5
2705.7,2735.5,2669.4,2702.8,8.5154e+06,1360.5
3265.2,3359.4,3199,3344.5,6.1348e+06,1500
3316.5,3355.7,3294.1,3328.6,5.6523e+06,1492.9
3343.5,3372.5,3327.7,3337,6.2273e+06,1496.6
3375.3,3387.5,3330.5,3360.3,7.0839e+06,1507.1
3378.1,3403.2,3324.9,3367.8,1.9598e+07,1510.5
2705.7,2735.5,2669.4,2702.8,8.5154e+06,1360.5
2705.7,2735.5,2669.4,2702.8,8.5154e+06,1360.5
3391.1,3421.9,3377.1,3419.1,3.9774e+06,1533.5
3434.9,3448.9,3409.3,3421,6.566e+05,1534.3
3421,3421,3421,3421,0,1534.3
3421,3421,3421,3421,0,1534.3
3441.5,3488.1,3404.2,3484.4,3.1601e+06,1562.7
2705.7,2735.5,2669.4,2702.8,8.5154e+06,1360.5
2705.7,2735.5,2669.4,2702.8,8.5154e+06,1360.5
3488.1,3512,3455.5,3479.7,3.5611e+06,1560.6
3472.3,3490.5,2492.6,3486.2,8.164e+05,1563.6
3486.2,3486.2,3486.2,3486.2,0,1563.6
3501.2,3501.2,3422.8,3454.5,5.4277e+06,1549.4
3456.4,3473.9,3416.9,3464.8,3.4737e+06,1554
2705.7,2735.5,2669.4,2702.8,8.5154e+06,1360.5
2705.7,2735.5,2669.4,2702.8,8.5154e+06,1360.5
3450.8,3473.2,3403.2,3410.7,5.2842e+06,1529.7
3410.7,3447.1,3384.6,3410.7,4.6679e+06,1529.7
3398.6,3424.7,3369.7,3378.1,6.1762e+06,1515.1
3376.2,3387.7,3297.8,3305.3,7.3651e+06,1482.4
3325.8,3369.7,3295,3321.2,7.8675e+06,1489.5
2705.7,2735.5,2669.4,2702.8,8.5154e+06,1360.5
2705.7,2735.5,2669.4,2702.8,8.5154e+06,1360.5
3343.5,3360.3,3313.7,3351.9,6.8867e+06,1503.3
3323,3338.9,3291.5,3323,4.7842e+06,1490.4
3310.9,3346.3,3292.4,3341.7,6.7504e+06,1498.7
3413.5,3480.6,3377.1,3469.5,1.6709e+07,1556
3486.2,3525.4,3486.2,3525.4,1.4101e+07,1581.1
2705.7,2735.5,2669.4,2702.8,8.5154e+06,1360.5
2705.7,2735.5,2669.4,2702.8,8.5154e+06,1360.5
3497.4,3543.1,3484.8,3518.9,5.1534e+06,1578.2
3509.6,3518.9,3442.4,3459.2,8.3184e+06,1551.4
3469.5,3495.6,3403.2,3421,7.8504e+06,1534.3
3383.6,3447.1,3369.6,3403.2,7.4893e+06,1526.3
3398.6,3399.2,3326.8,3341.7,9.033e+06,1498.7
2705.7,2735.5,2669.4,2702.8,8.5154e+06,1360.5
2705.7,2735.5,2669.4,2702.8,8.5154e+06,1360.5
3331.4,3385.5,3304.4,3320.2,9.3182e+06,1489.1
3353.8,3413.5,3305,3361.3,9.0545e+06,1507.5
3401.4,3434,3292.2,3364.1,1.0737e+07,1508.8
3349.1,3383.6,3319.8,3378.1,7.9333e+06,1515.1
3363.1,3377.1,3302.5,3349.1,1.0087e+07,1502.1
2705.7,2735.5,2669.4,2702.8,8.5154e+06,1360.5
2705.7,2735.5,2669.4,2702.8,8.5154e+06,1360.5
3346.3,3385.5,3296.9,3310,6.3208e+06,1484.5
3286.7,3437.9,3250.3,3294.1,8.8641e+06,1477.4
3279.2,3296,3240.7,3281.1,8.7658e+06,1471.5
3296,3337.9,3261.5,3324.9,9.2208e+06,1491.2
3345.4,3374.3,3311.8,3366.9,8.606e+06,1510
2705.7,2735.5,2669.4,2702.8,8.5154e+06,1360.5
2705.7,2735.5,2669.4,2702.8,8.5154e+06,1360.5
3383.6,3409.8,3360,3385.5,6.8594e+06,1518.4
3409.8,3455.5,3390.6,3448.9,1.0855e+07,1546.8
3476.9,3508.6,3454.6,3474.1,7.9324e+06,1558.1
3481.6,3506.8,3406,3490,1.2586e+07,1565.2
3495.6,3556.2,3432,3522.6,1.0621e+07,1579.9
2705.7,2735.5,2669.4,2702.8,8.5154e+06,1360.5
2705.7,2735.5,2669.4,2702.8,8.5154e+06,1360.5
3542.2,3575.8,3526.3,3566.4,6.7709e+06,1599.5
3633.6,3647.6,3567.4,3635.5,1.073e+07,1630.5
3627.1,3678.4,3604.9,3665.3,1.0254e+07,1643.9
3590.7,3691.4,3590.7,3691.4,1.311e+07,1655.6
3702.6,3710.1,3648.5,3674.6,1.1418e+07,1648.1
2705.7,2735.5,2669.4,2702.8,8.5154e+06,1360.5
2705.7,2735.5,2669.4,2702.8,8.5154e+06,1360.5
3652.3,3674.6,3623.3,3656,9.1533e+06,1639.7
3629.9,3656,3567.4,3597.2,1.3021e+07,1613.3
3587.9,3617.7,3561.8,3575.8,6.1291e+06,1603.7
3561.8,3623.3,3538.5,3592.6,7.6077e+06,1611.3
3584.2,3597.2,3558.5,3597.2,7.9101e+06,1613.3
2705.7,2735.5,2669.4,2702.8,8.5154e+06,1360.5
2705.7,2735.5,2669.4,2702.8,8.5154e+06,1360.5
3529.1,3559,3438.4,3553.4,7.1034e+06,1593.7
3576.7,3609.4,3488.6,3594.4,8.7766e+06,1612.1
3530.1,3551.5,3495.6,3512.4,6.5914e+06,1606.8
3520.8,3552.5,3498.4,3521.7,6.2987e+06,1611
3508.6,3586.5,3428.4,3448,1.6307e+07,1577.3
2705.7,2735.5,2669.4,2702.8,8.5154e+06,1360.5
2705.7,2735.5,2669.4,2702.8,8.5154e+06,1360.5
3385.5,3419.1,3330.5,3398.6,1.101e+07,1554.7
3413.5,3430.3,3368.7,3379.9,8.3342e+06,1546.2
3357.5,3579.7,3314.6,3344.5,1.0655e+07,1530
3390.2,3398.6,3335.2,3338.9,8.5026e+06,1527.4
3312.8,3351.9,3301.6,3332.4,9.0521e+06,1524.4
2705.7,2735.5,2669.4,2702.8,8.5154e+06,1360.5
2705.7,2735.5,2669.4,2702.8,8.5154e+06,1360.5
3339.8,3406,3336.5,3373.4,9.0419e+06,1543.2
3381.8,3417.2,3344.5,3387.4,5.8077e+06,1549.6
3393,3408.8,3314.6,3317.4,7.2218e+06,1517.6
3309,3352.9,3290.4,3344.5,9.2805e+06,1530
3355.7,3400.4,3355.7,3375.3,1.0385e+07,1544.1
2705.7,2735.5,2669.4,2702.8,8.5154e+06,1360.5
2705.7,2735.5,2669.4,2702.8,8.5154e+06,1360.5
3391.1,3397.6,3334.4,3361.3,5.5575e+06,1537.7
3385.5,3442.4,3385.5,3438.7,7.7145e+06,1573.1
3451.7,3475.1,3406,3415.4,7.1622e+06,1562.4
3400.4,3423.8,3382.9,3418.2,5.52e+06,1563.7
3442.4,3488.8,3418.3,3454.5,6.1403e+06,1580.3
2705.7,2735.5,2669.4,2702.8,8.5154e+06,1360.5
2705.7,2735.5,2669.4,2702.8,8.5154e+06,1360.5
3478.8,3498.2,3426.6,3439.6,7.8774e+06,1573.5
3499.3,3537.5,3484.3,3510.5,9.7994e+06,1605.9
3522.6,3592.6,3516.6,3575.8,7.4516e+06,1635.8
3544.1,3604.7,3542.2,3592.6,7.8219e+06,1643.5
3591.6,3667.2,3571.8,3657.8,7.3426e+06,1673.3
2705.7,2735.5,2669.4,2702.8,8.5154e+06,1360.5
2705.7,2735.5,2669.4,2702.8,8.5154e+06,1360.5
3624.3,3641.8,3572.3,3596.3,5.4646e+06,1645.2
3603.8,3640.7,3561.8,3618.7,8.279e+06,1655.4
3625.2,3663.4,3605.6,3623.3,6.4578e+06,1657.6
3623.3,3651.6,3573.5,3601.9,7.4913e+06,1647.7
3579.5,3601.7,3533.8,3561.8,7.634e+06,1629.4
2705.7,2735.5,2669.4,2702.8,8.5154e+06,1360.5
2705.7,2735.5,2669.4,2702.8,8.5154e+06,1360.5
3558.1,3615.3,3529.3,3614.9,6.5424e+06,1653.7
3608.4,3622.4,3529.2,3542.2,7.2121e+06,1620.4
3599.1,3610.3,3530.1,3561.8,4.7363e+06,1629.4
3571.1,3579.5,3506.8,3568.3,4.641e+06,1632.4
3568.3,3568.3,3568.3,3568.3,0,1632.4
2705.7,2735.5,2669.4,2702.8,8.5154e+06,1360.5
2705.7,2735.5,2669.4,2702.8,8.5154e+06,1360.5
3568.3,3568.3,3568.3,3568.3,0,1632.4
3563.6,3597.2,3545.9,3578.6,8.3564e+06,1637.1
3580.4,3594.9,3558.1,3581.4,4.5402e+06,1638.4
3589.8,3622.4,3580.4,3598.2,4.1257e+06,1646
3583.2,3619.5,3569.2,3588.8,4.1279e+06,1641.8
2705.7,2735.5,2669.4,2702.8,8.5154e+06,1360.5
2705.7,2735.5,2669.4,2702.8,8.5154e+06,1360.5
3572,3589.1,3530.1,3548.7,5.6267e+06,1623.4
3553.4,3580.4,3512.4,3578.6,5.6472e+06,1637.1
3558.1,3598.2,3545,3579.5,5.4563e+06,1637.5
3551.5,3575.8,3522.6,3536.6,2.2743e+06,1617.9
3523.5,3617.8,3509.6,3601.9,6.2561e+06,1647.7
2705.7,2735.5,2669.4,2702.8,8.5154e+06,1360.5
2705.7,2735.5,2669.4,2702.8,8.5154e+06,1360.5
3601.9,3601.9,3601.9,3601.9,0,1647.7
3583.2,3589.8,3525.4,3566.4,5.8627e+06,1631.5
3540.3,3576,3508.6,3575.8,4.3364e+06,1635.8
3579.5,3588.8,3562.7,3568.3,3.6457e+06,1632.4
3581.4,3587,3535.7,3537.5,4.1349e+06,1618.3
2705.7,2735.5,2669.4,2702.8,8.5154e+06,1360.5
2705.7,2735.5,2669.4,2702.8,8.5154e+06,1360.5
3585.1,3647,3577.4,3633.6,8.9085e+06,1662.2
3654.1,3711,3537.5,3665.3,7.7061e+06,1676.8
3676.5,3733.4,3660.6,3721.3,7.0279e+06,1702.3
3717.5,3763.2,3680.2,3697,7.9188e+06,1691.3
3693.3,3701.7,3613.1,3642.9,6.888e+06,1666.5
2705.7,2735.5,2669.4,2702.8,8.5154e+06,1360.5
2705.7,2735.5,2669.4,2702.8,8.5154e+06,1360.5
3618.7,3641.1,3587.9,3622.4,5.7256e+06,1657.1
3617.7,3631.7,3560.9,3573.9,5.0726e+06,1634.9
3550.6,3575,3529.1,3573,3.8762e+06,1634.5
3600,3627.1,3587,3610.3,4.232e+06,1651.6
3610.3,3639.9,3584.2,3632.5,4.4304e+06,1661.7
2705.7,2735.5,2669.4,2702.8,8.5154e+06,1360.5
2705.7,2735.5,2669.4,2702.8,8.5154e+06,1360.5
3632.5,3632.5,3632.5,3632.5,0,1661.7
3645.7,3646.7,3611.2,3632.7,5.1464e+06,1661.8
3624.3,3649.5,3573,3585.1,6.3426e+06,1640.1
3587,3621.5,3580.4,3619.6,2.8895e+06,1655.8
3592.6,3592.6,3470.4,3484.4,1.1685e+07,1594
2705.7,2735.5,2669.4,2702.8,8.5154e+06,1360.5
2705.7,2735.5,2669.4,2702.8,8.5154e+06,1360.5
3511.4,3531.9,3491.9,3519.8,5.6612e+06,1610.2
3487.2,3506.6,3457.3,3499.3,5.5927e+06,1600.8
3502.1,3542.2,3481.4,3512.4,5.9704e+06,1606.8
3498.4,3523.5,3474.1,3499.3,7.1533e+06,1600.8
3518.9,3539,3488.7,3529.1,4.1835e+06,1614.5
2705.7,2735.5,2669.4,2702.8,8.5154e+06,1360.5
2705.7,2735.5,2669.4,2702.8,8.5154e+06,1360.5
3536.6,3577.6,3536.6,3551.5,4.518e+06,1624.7
3535.7,3542.2,3504,3520.8,4.7133e+06,1610.6
3509.6,3535.7,3494.6,3530.1,5.4671e+06,1614.9
3501.2,3525.4,3451.7,3484.4,6.8879e+06,1594
3455.5,3501.2,3420,3450.8,7.4065e+06,1578.6
2705.7,2735.5,2669.4,2702.8,8.5154e+06,1360.5
2705.7,2735.5,2669.4,2702.8,8.5154e+06,1360.5
3452.7,3514.6,3447.1,3478.8,5.6445e+06,1591.4
3469.5,3492.1,3415.4,3455.5,9.0743e+06,1580.8
3467.6,3504.9,3453.2,3496.5,6.2056e+06,1599.5
3551.5,3577.2,3531,3531,6.842e+06,1615.3
3514.2,3553.4,3507.7,3546.9,9.9549e+06,1622.6
2705.7,2735.5,2669.4,2702.8,8.5154e+06,1360.5
2705.7,2735.5,2669.4,2702.8,8.5154e+06,1360.5
3562.7,3626.1,3562.7,3614.9,8.7991e+06,1653.7
3623.3,3635.5,3565.5,3584.2,4.0009e+06,1639.6
3568.3,3571.1,3528.2,3544.1,4.5104e+06,1621.3
3569.2,3584.2,3518.9,3544.1,4.4646e+06,1621.3
3545.9,3577.6,3531.9,3569.2,3.6481e+06,1632.8
2705.7,2735.5,2669.4,2702.8,8.5154e+06,1360.5
2705.7,2735.5,2669.4,2702.8,8.5154e+06,1360.5
3531,3553.1,3515.2,3524.5,4.9394e+06,1612.3
3545.9,3627.1,3438.7,3627.1,6.8404e+06,1659.3
3637.3,3676.5,3620.7,3654.1,6.817e+06,1671.6
3675.6,3730.6,3657.8,3730.6,8.2579e+06,1706.6
3711.9,3754.8,3696.1,3751.1,4.6818e+06,1716
2705.7,2735.5,2669.4,2702.8,8.5154e+06,1360.5
2705.7,2735.5,2669.4,2702.8,8.5154e+06,1360.5
3727.8,3735.3,3699.4,3721.3,5.4546e+06,1702.3
3726.9,3746.4,3684.9,3684.9,5.6908e+06,1685.7
3691.4,3709,3672.8,3693.3,4.4348e+06,1689.6
3677.4,3703.5,3624.3,3640.1,6.9376e+06,1665.2
3659.7,3659.7,3615.9,3657.8,5.3267e+06,1673.3
2705.7,2735.5,2669.4,2702.8,8.5154e+06,1360.5
2705.7,2735.5,2669.4,2702.8,8.5154e+06,1360.5
3682.1,3736.2,3671.8,3717.5,3.874e+06,1700.6
3727.8,3779.1,3702.6,3715.7,6.9698e+06,1699.8
3731.5,3799.5,3721.3,3794,6.2316e+06,1735.6
3766,3796.8,3731.5,3747.4,5.9342e+06,1714.3
3733.4,3751.1,3701.7,3751.1,6.0202e+06,1716
2705.7,2735.5,2669.4,2702.8,8.5154e+06,1360.5
2705.7,2735.5,2669.4,2702.8,8.5154e+06,1360.5
3751.1,3760.4,3724.1,3754.8,3.4716e+06,1717.7
3777.2,3842.5,3774.4,3832.3,5.3917e+06,1753.1
3852.8,3888.2,3830.4,3854.6,7.3257e+06,1763.4
3868.6,3886.3,3822.9,3885.4,7.454e+06,1777.4
3874.2,3893.8,3848.7,3882.6,3.7871e+06,1776.2
2705.7,2735.5,2669.4,2702.8,8.5154e+06,1360.5
2705.7,2735.5,2669.4,2702.8,8.5154e+06,1360.5
3889.1,3910.6,3847.2,3871.4,3.848e+06,1771
3883.6,3920.9,3868.6,3909.7,6.1833e+06,1788.5
3907.8,3907.8,3806.1,3820.1,5.8587e+06,1747.6
3830.4,3848.9,3777.2,3784.7,6.4775e+06,1731.4
3770.7,3770.7,3690.5,3752,7.2928e+06,1716.4
2705.7,2735.5,2669.4,2702.8,8.5154e+06,1360.5
2705.7,2735.5,2669.4,2702.8,8.5154e+06,1360.5
3783.8,3783.8,3737.1,3755.8,6.4638e+06,1718.1
3754.8,3774.4,3723.1,3755.8,7.4249e+06,1718.1
3740.9,3798.7,3711.9,3795.9,8.0174e+06,1736.5
3808.9,3840.6,3714.7,3717.5,7.8647e+06,1700.6
3710.1,3746.4,3658,3741.8,5.407e+06,1711.7
2705.7,2735.5,2669.4,2702.8,8.5154e+06,1360.5
2705.7,2735.5,2669.4,2702.8,8.5154e+06,1360.5
3758.6,3841.1,3744.6,3812.7,5.1734e+06,1744.2
3808,3841.1,3772,3794.9,3.6087e+06,1736.1
3795.9,3808,3763.1,3804.3,6.4111e+06,1740.3
3776.3,3794.9,3760.4,3778.2,5.846e+06,1728.4
3917.1,3921.8,3758.7,3823.9,1.03e+07,1749.3
2705.7,2735.5,2669.4,2702.8,8.5154e+06,1360.5
2705.7,2735.5,2669.4,2702.8,8.5154e+06,1360.5
3877,3903.2,3825.7,3855.6,5.4293e+06,1763.8
3749.2,3853.5,3658.8,3665.3,1.9451e+07,1676.8
3665.3,3704.2,3625.2,3691.4,9.4556e+06,1688.7
3670.9,3695.2,3484.4,3676.5,6.5904e+06,1681.9
3678.4,3684.9,3608.4,3626.1,6.7501e+06,1658.8
2705.7,2735.5,2669.4,2702.8,8.5154e+06,1360.5
2705.7,2735.5,2669.4,2702.8,8.5154e+06,1360.5
3626.1,3626.1,3626.1,3626.1,0,1658.8
3641.1,3656.5,3594.4,3625.2,7.043e+06,1658.4
3635.5,3658.8,3616.4,3628.9,5.4317e+06,1660.1
3606.6,3613.9,3520.8,3527.3,1.1447e+07,1613.6
3550.6,3571.1,3522.6,3558.1,6.6059e+06,1627.7
2705.7,2735.5,2669.4,2702.8,8.5154e+06,1360.5
2705.7,2735.5,2669.4,2702.8,8.5154e+06,1360.5
3558.1,3570.8,3469.2,3553.4,4.3638e+06,1625.6
3588.8,3614.9,3503.3,3581.4,8.0684e+06,1638.4
3513.3,3587,3500.2,3527.3,7.8994e+06,1648.6
3528.2,3562.7,3517,3553.4,8.0992e+06,1660.8
3535.7,3545.9,3501.2,3537.5,6.3992e+06,1653.4
2705.7,2735.5,2669.4,2702.8,8.5154e+06,1360.5
2705.7,2735.5,2669.4,2702.8,8.5154e+06,1360.5
3525.4,3554.3,3514.2,3527.3,6.2486e+06,1648.6
3538.5,3560.9,3488.5,3491.8,7.6832e+06,1632
3482.5,3522.8,3463.9,3473.2,6.2935e+06,1623.3
3467.6,3476,3431,3448.9,7.325e+06,1612
3440.5,3478.8,3440.5,3448,5.0171e+06,1611.5
2705.7,2735.5,2669.4,2702.8,8.5154e+06,1360.5
2705.7,2735.5,2669.4,2702.8,8.5154e+06,1360.5
3441.5,3458.3,3420,3435.9,6.2431e+06,1605.9
3439.6,3448.9,3405.1,3424.7,5.789e+06,1600.6
3448,3463.9,3388.3,3389.2,6.8625e+06,1584.1
3377.1,3398.6,3359.4,3388.3,6.2816e+06,1583.6
3385.5,3392,3334.2,3345.4,1.2983e+07,1563.6
2705.7,2735.5,2669.4,2702.8,8.5154e+06,1360.5
2705.7,2735.5,2669.4,2702.8,8.5154e+06,1360.5
3295,3301.6,3221.4,3227.9,9.8944e+06,1508.7
3265.2,3276.4,3232.6,3248.4,1.4259e+07,1518.3
3272.7,3356.6,3236.3,3352.9,1.2003e+07,1567.1
3324,3324,3237.2,3256.8,1.2119e+07,1522.2
3241.9,3271.7,3207.4,3230.7,7.6667e+06,1510
2705.7,2735.5,2669.4,2702.8,8.5154e+06,1360.5
2705.7,2735.5,2669.4,2702.8,8.5154e+06,1360.5
3199,3219.5,3180.3,3209.2,5.7727e+06,1499.9
3223.2,3230.7,3168.2,3199,1.1451e+07,1495.2
3188.7,3205.5,3141.2,3153.3,1.0346e+07,1473.8
3167.3,3171,3109.4,3109.4,1.1914e+07,1453.3
3144,3149.6,3054.4,3078.7,9.1997e+06,1438.9
2705.7,2735.5,2669.4,2702.8,8.5154e+06,1360.5
2705.7,2735.5,2669.4,2702.8,8.5154e+06,1360.5
3088.9,3162.6,3057.2,3125.3,1.0479e+07,1460.7
3171,3184.1,3098.3,3111.3,1.2094e+07,1454.2
3102,3120.6,3069.7,3090.8,1.0515e+07,1444.6
3169.1,3184.1,3097.3,3106.7,1.1035e+07,1452
3079.6,3088.9,3002.2,3009.7,1.1606e+07,1406.7
2705.7,2735.5,2669.4,2702.8,8.5154e+06,1360.5
2705.7,2735.5,2669.4,2702.8,8.5154e+06,1360.5
3056.3,3106.7,3021.8,3097.3,9.1807e+06,1447.6
3126.2,3166.3,3102,3145.8,1.0975e+07,1470.3
3161.7,3172.9,3059.1,3074,1.3535e+07,1436.7
3159.8,3171,2990.8,3093.6,2.1573e+07,1445.9
3105.7,3154.2,2990.8,3138.4,1.0263e+07,1466.8
2705.7,2735.5,2669.4,2702.8,8.5154e+06,1360.5
2705.7,2735.5,2669.4,2702.8,8.5154e+06,1360.5
3143,3151.4,3087.1,3094.5,7.4193e+06,1446.3
3105.7,3173.8,3082.4,3151.4,1.051e+07,1472.9
3160.7,3168.2,3091.7,3104.8,9.244e+06,1451.1
3073.1,3103.9,3026.4,3093.6,8.1207e+06,1445.9
3081.5,3113.4,3029.2,3034.8,9.1371e+06,1418.4
2705.7,2735.5,2669.4,2702.8,8.5154e+06,1360.5
2705.7,2735.5,2669.4,2702.8,8.5154e+06,1360.5
3077.7,3088,2988.2,3005,8.313e+06,1404.5
3029.2,3055.4,3009.3,3043.2,8.5041e+06,1422.4
3072.1,3091.7,3035.8,3040.4,6.533e+06,1421.1
3047,3049.8,2965.8,3013.4,1.173e+07,1408.4
3062.8,3075.3,2987.3,3004.1,1.159e+07,1404
2705.7,2735.5,2669.4,2702.8,8.5154e+06,1360.5
2705.7,2735.5,2669.4,2702.8,8.5154e+06,1360.5
2999.4,3049.8,2987.3,3004.1,6.9855e+06,1404
3003.1,3044.2,2981.7,3004.1,8.39e+06,1404
3006.9,3025.5,2971.4,3020.9,6.4035e+06,1411.9
3004.1,3058.2,2985.2,3036.7,6.4423e+06,1419.3
3055.4,3142.1,3004.1,3126.2,1.3145e+07,1461.2
2705.7,2735.5,2669.4,2702.8,8.5154e+06,1360.5
2705.7,2735.5,2669.4,2702.8,8.5154e+06,1360.5
3138.4,3186.9,3005,3118.8,7.374e+06,1457.7
3107.6,3171.2,3056.4,3087.1,6.9589e+06,1442.8
3067.5,3114.1,3038.1,3102,5.9932e+06,1449.8
3107.6,3128.3,3068.3,3102,4.4381e+06,1449.8
3092.7,3099.2,3033,3092.7,7.0711e+06,1445.5
2705.7,2735.5,2669.4,2702.8,8.5154e+06,1360.5
2705.7,2735.5,2669.4,2702.8,8.5154e+06,1360.5
3090.8,3147.7,3086.2,3112.2,5.301e+06,1454.6
3092.7,3131.7,3074.9,3096.4,5.714e+06,1447.2
3064.7,3080.1,3018.1,3031.1,8.0843e+06,1416.7
2984.5,2990.6,2923.9,2951.8,1.1264e+07,1379.6
2964,3237.6,2945.1,3100.1,1.8513e+07,1448.9
2705.7,2735.5,2669.4,2702.8,8.5154e+06,1360.5
2705.7,2735.5,2669.4,2702.8,8.5154e+06,1360.5
3087.1,3088,3012.5,3023.6,9.4744e+06,1413.2
2991,3012,2950.9,2972.4,1.0794e+07,1389.2
3005,3034.8,2972.4,2994.7,7.8236e+06,1399.7
2982.6,3025.5,2906.1,2922.9,8.8184e+06,1366.1
2873.5,2879.3,2814.7,2829.7,1.4723e+07,1322.5
2705.7,2735.5,2669.4,2702.8,8.5154e+06,1360.5
2705.7,2735.5,2669.4,2702.8,8.5154e+06,1360.5
2669.2,2798.9,2645,2768.1,1.3433e+07,1293.8
2804.5,2875.4,2798.9,2827.8,9.333e+06,1321.7
2817.5,2849.2,2793.3,2832.5,6.2498e+06,1323.8
2839,2852,2779.3,2797.9,1.0124e+07,1307.7
2800.7,2804.5,2724.8,2749.4,1.0462e+07,1285
2705.7,2735.5,2669.4,2702.8,8.5154e+06,1360.5
2705.7,2735.5,2669.4,2702.8,8.5154e+06,1360.5
2720.5,2731.5,2668.3,2680.4,8.4914e+06,1252.8
2643.1,2687.9,2576.4,2636.6,1.1553e+07,1232.3
2653.4,2656.2,2581.6,2586.2,8.2328e+06,1208.8
2583.4,2623.5,2504.2,2538.7,1.0379e+07,1186.5
2518.2,2520,2467.8,2471.5,1.3366e+07,1155.1
2705.7,2735.5,2669.4,2702.8,8.5154e+06,1360.5
2705.7,2735.5,2669.4,2702.8,8.5154e+06,1360.5
2459.4,2520.9,2379.2,2380.1,1.239e+07,1112.4
2377.3,2458.5,2331.9,2458.5,1.4056e+07,1149
2424.9,2494.8,2393.2,2476.2,1.5367e+07,1157.3
2518.2,2525.6,2459.4,2480.8,1.5292e+07,1159.5
2513.5,2581.6,2494.8,2569.4,1.4859e+07,1200.9
2705.7,2735.5,2669.4,2702.8,8.5154e+06,1360.5
2705.7,2735.5,2669.4,2702.8,8.5154e+06,1360.5
2604,2629.1,2543.3,2551.7,7.3568e+06,1192.6
2541.5,2583.4,2501.7,2578.8,5.0801e+06,1205.3
2575,2578.8,2540.5,2553.6,1.3323e+06,1193.5
2553.6,2553.6,2553.6,2553.6,0,1193.5
2553.6,2553.6,2553.6,2553.6,0,1193.5
2705.7,2735.5,2669.4,2702.8,8.5154e+06,1360.5
2705.7,2735.5,2669.4,2702.8,8.5154e+06,1360.5
2639.4,2655.3,2499.6,2624.5,4.945e+06,1226.6
2606.8,2619.8,2576,2592.8,4.3079e+06,1211.8
2583.4,2608.6,2564.8,2590,9.745e+05,1210.5
2590,2590,2590,2590,0,1210.5
2600.2,2623.5,2549.9,2570.4,4.4277e+06,1201.4
2705.7,2735.5,2669.4,2702.8,8.5154e+06,1360.5
2705.7,2735.5,2669.4,2702.8,8.5154e+06,1360.5
2564.8,2601.2,2448.8,2455.7,1.0076e+07,1147.7
2466.9,2511.6,2417.4,2470.6,8.6538e+06,1154.7
2486.4,2530.3,2448.2,2502.3,7.1394e+06,1169.5
2532.1,2592.8,2507,2588.1,9.4603e+06,1209.6
2598.4,2598.4,2548,2566.6,7.73e+06,1199.6
2705.7,2735.5,2669.4,2702.8,8.5154e+06,1360.5
2705.7,2735.5,2669.4,2702.8,8.5154e+06,1360.5
2569.4,2571.3,2487.4,2520,6.1117e+06,1177.8
2499.5,2569.4,2486.1,2531.2,6.6327e+06,1183
2452.9,2515.6,2327,2396.9,1.695e+07,1120.3
2459.4,2544.3,2383.9,2514.4,2.0481e+07,1175.2
2504.2,2601.2,2478,2589,1.0965e+07,1210.1
2705.7,2735.5,2669.4,2702.8,8.5154e+06,1360.5
2705.7,2735.5,2669.4,2702.8,8.5154e+06,1360.5
2594.6,2604.3,2533.1,2551.7,6.5362e+06,1192.6
2570.4,2619.8,2525.6,2597.4,8.0288e+06,1214
2597.4,2665.4,2579.7,2661.8,9.2048e+06,1244.1
2667.4,2766.2,2659.9,2708.4,1.2929e+07,1265.9
2719.6,2724.3,2647.8,2658,1.1208e+07,1242.3
2705.7,2735.5,2669.4,2702.8,8.5154e+06,1360.5
2705.7,2735.5,2669.4,2702.8,8.5154e+06,1360.5
2611.4,2670.2,2565.5,2670.2,9.5477e+06,1248
2676.7,2703.5,2612.4,2644.1,8.0871e+06,1235.8
2671.1,2685,2608.6,2653.4,6.5768e+06,1240.1
2645,2666.4,2618.9,2636.6,7.4829e+06,1232.3
2658,2724.3,2649.6,2691.6,9.9892e+06,1258
2705.7,2735.5,2669.4,2702.8,8.5154e+06,1360.5
2705.7,2735.5,2669.4,2702.8,8.5154e+06,1360.5
2718.7,2770,2709.3,2768.1,9.3721e+06,1293.8
2835.3,2917.3,2833.4,2907.1,1.4374e+07,1358.7
2919.2,2963,2825.9,2848.3,1.4596e+07,1331.3
2816.6,2872.8,2764,2868.8,1.3165e+07,1340.8
2854.8,2881.9,2803.9,2807.3,6.5756e+06,1312.1
2705.7,2735.5,2669.4,2702.8,8.5154e+06,1360.5
2705.7,2735.5,2669.4,2702.8,8.5154e+06,1360.5
2801.7,2886.5,2791.4,2877.2,8.3516e+06,1344.8
2881.9,2881.9,2769.3,2788.6,1.141e+07,1303.4
2777.4,2782.4,2711.7,2748.5,6.4108e+06,1284.6
2758.8,2814.7,2745.7,2787.7,9.6586e+06,1302.9
2839.9,2930.4,2786,2926.7,1.0215e+07,1367.9
2705.7,2735.5,2669.4,2702.8,8.5154e+06,1360.5
2705.7,2735.5,2669.4,2702.8,8.5154e+06,1360.5
2910.8,2974.8,2899,2964,5.269e+06,1385.3
2944.4,3061,2937.8,2961.2,1.2134e+07,1384
2978.9,3002.2,2893.1,2961.2,1.095e+07,1384
2929.4,2949,2893.1,2932.2,7.3861e+06,1370.5
2935,2972.4,2917.3,2949,8.3123e+06,1378.3
2705.7,2735.5,2669.4,2702.8,8.5154e+06,1360.5
2705.7,2735.5,2669.4,2702.8,8.5154e+06,1360.5
2934.1,2934.1,2865.1,2885.6,6.9917e+06,1348.7
2984.5,3098.3,2968.6,3065.6,1.5657e+07,1432.8
3049.8,3095.5,3035.8,3059.1,7.4148e+06,1429.8
3069.3,3116,3004.1,3013.4,1.0356e+07,1408.4
3006.9,3036.7,2987.3,3015.3,1.0965e+07,1409.3
2705.7,2735.5,2669.4,2702.8,8.5154e+06,1360.5
2705.7,2735.5,2669.4,2702.8,8.5154e+06,1360.5
3040.4,3065.4,2955.6,2976.1,9.9934e+06,1391
2966.8,3012.3,2929.4,2981.7,8.8627e+06,1393.6
2970.5,2993.8,2922,2935,8.5397e+06,1371.8
2949,2973.3,2901,2941.6,8.2481e+06,1374.8
2925.7,2955.7,2881,2892.1,7.2201e+06,1351.7
2705.7,2735.5,2669.4,2702.8,8.5154e+06,1360.5
2705.7,2735.5,2669.4,2702.8,8.5154e+06,1360.5
2871.6,2894,2849.2,2879.1,6.863e+06,1345.6
2862.3,2862.3,2743.9,2743.9,9.9619e+06,1282.4
2736.4,2760.3,2704.7,2745.7,9.1675e+06,1283.3
2747.6,2748.5,2633.6,2677.6,9.8422e+06,1291
2679.5,2684.2,2582.5,2591.8,1.0838e+07,1249.6
2705.7,2735.5,2669.4,2702.8,8.5154e+06,1360.5
2705.7,2735.5,2669.4,2702.8,8.5154e+06,1360.5
2606.8,2645,2598.8,2641.3,8.9778e+06,1273.5
2660.8,2741.1,2658,2728.9,1.0504e+07,1315.7
2723.3,2770.9,2704.4,2719.6,1.0306e+07,1311.2
2745.7,2811,2745.7,2770.9,1.0829e+07,1336
2776.5,2870.7,2736.4,2870.7,1.7365e+07,1384.1
2705.7,2735.5,2669.4,2702.8,8.5154e+06,1360.5
2705.7,2735.5,2669.4,2702.8,8.5154e+06,1360.5
2872.6,2968.6,2764.1,2967.7,1.1512e+07,1430.8
2945.3,3005,2942.5,2967.7,1.2574e+07,1430.8
2954.6,2974.2,2936.9,2956.5,8.853e+06,1425.4
2954.6,2982.6,2859.5,2877.2,1.2385e+07,1387.2
2868.8,2874.4,2779.3,2811.9,9.4736e+06,1355.8
2705.7,2735.5,2669.4,2702.8,8.5154e+06,1360.5
2705.7,2735.5,2669.4,2702.8,8.5154e+06,1360.5
2833.4,2839,2775.6,2820.3,7.5685e+06,1359.8
2842.7,2877.2,2745.7,2748.5,1.0342e+07,1325.2
2760.6,2770.8,2693.7,2742,9.0014e+06,1322
2730.8,2768.1,2659.9,2670.2,8.1645e+06,1287.4
1335.1,1335.1,1335.1,1335.1,0,643.7
2705.7,2735.5,2669.4,2702.8,8.5154e+06,1360.5
2705.7,2735.5,2669.4,2702.8,8.5154e+06,1360.5
1335.1,1335.1,1335.1,1335.1,0,643.7
1374.7,1379.8,1346.3,1371.5,1.1242e+07,661.24
1381.3,1406.4,1366.7,1370.1,8.5339e+06,660.56
1347.7,1368.7,1325.3,1355.1,7.6518e+06,653.37
1368.7,1368.7,1342.1,1364.9,1.1803e+07,658.09
2705.7,2735.5,2669.4,2702.8,8.5154e+06,1360.5
2705.7,2735.5,2669.4,2702.8,8.5154e+06,1360.5
1343,1357,1306,1320.6,1.0673e+07,636.73
1316.4,1363.1,1312.2,1361.2,1.1032e+07,656.29
1352.3,1391.1,1344,1372.9,9.0646e+06,661.91
1383.6,1398.5,1369.3,1370.5,9.8024e+06,660.79
1373.3,1388.7,1335.1,1348.6,8.3529e+06,650.22
2705.7,2735.5,2669.4,2702.8,8.5154e+06,1360.5
2705.7,2735.5,2669.4,2702.8,8.5154e+06,1360.5
1357,1384.5,1354.7,1381.7,6.2732e+06,666.18
1392.9,1392.9,1352.3,1364.5,7.7735e+06,657.86
1375.7,1385.9,1357.2,1383.1,8.4653e+06,666.86
1392,1428.3,1369.6,1428.3,8.2552e+06,688.67
1445.6,1478.7,1438.6,1458.7,1.1623e+07,703.28
2705.7,2735.5,2669.4,2702.8,8.5154e+06,1360.5
2705.7,2735.5,2669.4,2702.8,8.5154e+06,1360.5
1469.4,1479.7,1436.3,1463.3,6.9673e+06,705.53
1454.9,1496,1439.5,1482.4,1.0341e+07,714.75
1453.1,1466.6,1441.9,1458.7,8.4343e+06,703.28
1457.7,1469.8,1436.3,1455.9,9.4191e+06,701.93
1474.5,1520.2,1472,1499.2,6.3356e+06,722.84
2705.7,2735.5,2669.4,2702.8,8.5154e+06,1360.5
2705.7,2735.5,2669.4,2702.8,8.5154e+06,1360.5
1499.2,1499.2,1499.2,1499.2,0,722.84
1484.8,1527.2,1473.6,1502,1.0674e+07,724.19
1499.2,1516,1482.6,1487.1,1.0457e+07,717
1471.7,1472.7,1427.4,1434.4,1.2301e+07,691.59
1433,1461.2,1420,1455.4,9.537e+06,701.71
2705.7,2735.5,2669.4,2702.8,8.5154e+06,1360.5
2705.7,2735.5,2669.4,2702.8,8.5154e+06,1360.5
1452.6,1490.4,1451.2,1466.1,9.1211e+06,706.88
1450.7,1487.5,1445.1,1468.9,9.1172e+06,708.23
1478.3,1489,1443.7,1463.8,7.0949e+06,705.75
1448.9,1460.5,1431.2,1444.7,7.6171e+06,696.53
1448.9,1463.8,1420,1429.8,8.6514e+06,689.34
2705.7,2735.5,2669.4,2702.8,8.5154e+06,1360.5
2705.7,2735.5,2669.4,2702.8,8.5154e+06,1360.5
1440,1477.5,1429.3,1463,1.6745e+07,1410.7
1452.5,1455,1398,1405.5,1.2534e+07,1355.3
1398,1415,1383,1395.5,8.1849e+06,1345.7
1400,1430.5,1397.5,1404.5,6.0659e+06,1354.3
1412,1436,1405,1408.5,6.8557e+06,1358.2
2705.7,2735.5,2669.4,2702.8,8.5154e+06,1360.5
2705.7,2735.5,2669.4,2702.8,8.5154e+06,1360.5
1408.5,1408.5,1408.5,1408.5,0,1358.2
1420,1430.8,1369,1375,7.9011e+06,1325.9
1380,1386,1361,1379,6.6173e+06,1329.7
1374,1379.6,1347.5,1376.5,6.0195e+06,1327.3
1381.5,1396,1358,1379.5,9.14e+06,1330.2
2705.7,2735.5,2669.4,2702.8,8.5154e+06,1360.5
2705.7,2735.5,2669.4,2702.8,8.5154e+06,1360.5
1379.5,1390.5,1355.5,1359.5,6.1664e+06,1310.9
1354,1393.5,1328.5,1383.5,1.1061e+07,1334.1
1387.5,1388,1355.5,1367,7.7183e+06,1318.2
1357,1357,1322.5,1323.5,9.3964e+06,1276.2
1320,1352.5,1300,1327,9.951e+06,1279.6
2705.7,2735.5,2669.4,2702.8,8.5154e+06,1360.5
2705.7,2735.5,2669.4,2702.8,8.5154e+06,1360.5
1322,1332,1305,1308,7.1233e+06,1261.3
1309,1328.5,1298.2,1315,8.8525e+06,1268
1317.5,1354.5,1311.5,1348.5,9.7218e+06,1300.3
1345.5,1371,1330,1346,8.2472e+06,1297.9
1337,1355,1326,1340.5,6.057e+06,1292.6
2705.7,2735.5,2669.4,2702.8,8.5154e+06,1360.5
2705.7,2735.5,2669.4,2702.8,8.5154e+06,1360.5
1331,1344.7,1313,1320.5,5.592e+06,1273.3
1310.5,1324.2,1303.5,1312,8.2711e+06,1265.1
1323,1325,1300.8,1302,8.6799e+06,1255.5
1300,1345,1300,1333,1.1061e+07,1285.4
1328,1344,1317,1325.5,8.1181e+06,1278.2
2705.7,2735.5,2669.4,2702.8,8.5154e+06,1360.5
2705.7,2735.5,2669.4,2702.8,8.5154e+06,1360.5
1343,1348.3,1322.5,1346.5,5.6774e+06,1298.4
1345.5,1366,1332,1356,6.0819e+06,1307.6
1366,1418,1362.5,1373.5,8.3453e+06,1324.4
1363,1371.6,1334.8,1336,7.5894e+06,1288.3
1318.5,1328,1301.5,1301.5,8.7262e+06,1255
2705.7,2735.5,2669.4,2702.8,8.5154e+06,1360.5
2705.7,2735.5,2669.4,2702.8,8.5154e+06,1360.5
1279.5,1310,1275,1301.5,8.9415e+06,1255
1294,1298.8,1249,1249,1.0901e+07,1204.4
1257.5,1276.5,1249,1260,7.3491e+06,1215
1254,1286.5,1249,1272.5,6.8785e+06,1227
1260,1266,1238.9,1248.5,5.5337e+06,1203.9
2705.7,2735.5,2669.4,2702.8,8.5154e+06,1360.5
2705.7,2735.5,2669.4,2702.8,8.5154e+06,1360.5
1229,1239.5,1217,1223.5,6.2487e+06,1179.8
1222.5,1222.5,1180,1189,1.2441e+07,1146.5
1181.5,1207.5,1168,1187.5,1.338e+07,1145.1
1207.5,1224.5,1196,1206,1.0734e+07,1162.9
1243,1250,1219,1227.5,7.8134e+06,1183.7
2705.7,2735.5,2669.4,2702.8,8.5154e+06,1360.5
2705.7,2735.5,2669.4,2702.8,8.5154e+06,1360.5
1236.5,1253.3,1206,1253,8.8361e+06,1208.2
1248,1258,1233.5,1236,6.2548e+06,1191.9
1236.5,1258.5,1227.5,1233.5,6.7136e+06,1189.4
1240,1259.5,1219.5,1253,8.2418e+06,1208.2
1249,1256.5,1231,1245,9.6184e+06,1200.5
2705.7,2735.5,2669.4,2702.8,8.5154e+06,1360.5
2705.7,2735.5,2669.4,2702.8,8.5154e+06,1360.5
1237,1247,1231.5,1240,4.7776e+06,1195.7
1242,1257.5,1232,1251.5,6.0852e+06,1206.8
1224,1225,1180,1180,1.0759e+07,1137.9
1180,1197.5,1160,1168,7.7414e+06,1126.3
1166.5,1172,1117.5,1123.5,1.0758e+07,1083.4
2705.7,2735.5,2669.4,2702.8,8.5154e+06,1360.5
2705.7,2735.5,2669.4,2702.8,8.5154e+06,1360.5
1145,1152.5,1121,1130.5,1.0371e+07,1090.1
1137,1157.8,1125.5,1143.5,8.4528e+06,1102.7
1160,1171.5,1132.5,1168,9.8405e+06,1126.3
1171.5,1187,1158,1170,8.0826e+06,1128.2
1175.5,1191,1151,1182.5,1.0819e+07,1140.3
2705.7,2735.5,2669.4,2702.8,8.5154e+06,1360.5
2705.7,2735.5,2669.4,2702.8,8.5154e+06,1360.5
1174,1174.5,1131.5,1137,7.6579e+06,1096.4
1145,1169.5,1131.5,1159,8.981e+06,1117.6
1167.5,1225,1167,1200.5,1.1613e+07,1157.6
1197,1197.5,1153.5,1175.5,8.8607e+06,1133.5
1177.5,1206,1176,1191,7.9169e+06,1148.5
2705.7,2735.5,2669.4,2702.8,8.5154e+06,1360.5
2705.7,2735.5,2669.4,2702.8,8.5154e+06,1360.5
1192.5,1209.5,1157,1209,7.8744e+06,1165.8
1190,1206,1145,1148.5,1.4153e+07,1107.5
1127,1147.5,1108.5,1147,1.7172e+07,1106
1178,1190.5,1143.5,1152,8.8313e+06,1110.9
1152,1175,1138,1150,7.4101e+06,1108.9
2705.7,2735.5,2669.4,2702.8,8.5154e+06,1360.5
2705.7,2735.5,2669.4,2702.8,8.5154e+06,1360.5
1149.5,1151,1125.1,1133.5,6.4235e+06,1093
1128,1133,1098.4,1112.5,7.157e+06,1072.8
1120,1121,1070,1071.5,1.0219e+07,1033.2
1066,1103,1063.5,1092.5,1.0501e+07,1053.5
1075,1097,1064,1065.5,8.7241e+06,1027.4
2705.7,2735.5,2669.4,2702.8,8.5154e+06,1360.5
2705.7,2735.5,2669.4,2702.8,8.5154e+06,1360.5
1019,1029,955.6,967.5,2.1142e+07,932.94
1000,1073,990.2,1021,1.7068e+07,984.53
1024,1049.5,1002.5,1009.5,1.4808e+07,973.44
1039.5,1107,1031,1102.5,1.5804e+07,1063.1
1114.5,1137,1091.1,1132,1.2142e+07,1091.6
2705.7,2735.5,2669.4,2702.8,8.5154e+06,1360.5
2705.7,2735.5,2669.4,2702.8,8.5154e+06,1360.5
1132,1132,1132,1132,0,1091.6
1099,1117,1040.5,1056,1.4312e+07,1018.3
1054,1097,1054,1064.5,1.266e+07,1026.5
1074,1119.4,1067.5,1110,1.4291e+07,1070.4
1099,1109.5,1048.5,1052,1.0518e+07,1014.4
2705.7,2735.5,2669.4,2702.8,8.5154e+06,1360.5
2705.7,2735.5,2669.4,2702.8,8.5154e+06,1360.5
1064.5,1089.5,1045,1065.5,7.036e+06,1027.4
1076.5,1097,1072.5,1087,7.9463e+06,1048.2
1137,1149.6,1108,1127,1.319e+07,1086.7
1057,1080.6,1046.5,1060,1.4743e+07,1060
1057.5,1091,1054,1057.5,9.4677e+06,1057.5
2705.7,2735.5,2669.4,2702.8,8.5154e+06,1360.5
2705.7,2735.5,2669.4,2702.8,8.5154e+06,1360.5
1064.5,1087.5,1043.5,1068.5,1.1629e+07,1068.5
1058,1090,1031.5,1084.5,9.3366e+06,1084.5
1093,1127,1058.5,1123.5,1.3903e+07,1123.5
1128,1150.2,1104.5,1107.5,1.0976e+07,1107.5
1105,1118,1060,1098,2.0004e+07,1098
2705.7,2735.5,2669.4,2702.8,8.5154e+06,1360.5
2705.7,2735.5,2669.4,2702.8,8.5154e+06,1360.5
1086.5,1101.5,1074,1076,7.1489e+06,1076
1070,1073.5,1020.5,1021.5,1.1508e+07,1021.5
1021,1053,1011,1041.5,9.2457e+06,1041.5
1028.5,1048,1010,1018.5,1.0525e+07,1018.5
1040,1046,1020,1026,1.0192e+07,1026
2705.7,2735.5,2669.4,2702.8,8.5154e+06,1360.5
2705.7,2735.5,2669.4,2702.8,8.5154e+06,1360.5
1028.5,1035.3,958.8,964.1,1.6688e+07,964.1
955,984,951,979,1.4268e+07,979
1003,1007.5,985.1,1005,1.0963e+07,1005
1021.5,1043,1018,1029,1.1863e+07,1029
1030.5,1047.5,1014,1042,7.885e+06,1042
2705.7,2735.5,2669.4,2702.8,8.5154e+06,1360.5
2705.7,2735.5,2669.4,2702.8,8.5154e+06,1360.5
1080,1082,1048,1065,1.0582e+07,1065
1077,1082.3,1052.5,1059.5,1.222e+07,1059.5
1100,1138,1088,1108,2.3596e+07,1108
1109.5,1149.5,1098.5,1145,1.0668e+07,1145
1167,1200,1165,1194.5,1.3021e+07,1194.5
2705.7,2735.5,2669.4,2702.8,8.5154e+06,1360.5
2705.7,2735.5,2669.4,2702.8,8.5154e+06,1360.5
1186,1203.5,1171.5,1177.5,1.0087e+07,1177.5
1168,1172.5,1144,1162.5,7.8931e+06,1162.5
1148,1176.5,1137,1152.5,9.9105e+06,1152.5
1164.5,1181,1143.5,1145,7.8851e+06,1145
1154,1155.5,1127,1129.5,7.1907e+06,1129.5
2705.7,2735.5,2669.4,2702.8,8.5154e+06,1360.5
2705.7,2735.5,2669.4,2702.8,8.5154e+06,1360.5
1126,1128,1092.5,1096,6.283e+06,1096
1089,1097,1068.5,1093,7.0011e+06,1093
1095,1115.8,1074.5,1096.5,9.3505e+06,1096.5
1098,1127,1083,1116.5,8.8333e+06,1116.5
1124,1164.5,1112.5,1140.5,1.0362e+07,1140.5
2705.7,2735.5,2669.4,2702.8,8.5154e+06,1360.5
2705.7,2735.5,2669.4,2702.8,8.5154e+06,1360.5
1134.5,1152.5,1121.5,1131,5.7487e+06,1131
1122.5,1122.5,1089.5,1091,8.8137e+06,1091
1075,1101.5,1056.5,1097,9.4163e+06,1097
1065,1067,1037,1053,1.1408e+07,1053
1049,1067.5,1038,1040.5,8.6815e+06,1040.5
2705.7,2735.5,2669.4,2702.8,8.5154e+06,1360.5
2705.7,2735.5,2669.4,2702.8,8.5154e+06,1360.5
1030,1043.5,1020,1026,7.2344e+06,1026
1040,1059.5,1021.9,1058.5,7.6775e+06,1058.5
1071.5,1132,1068.5,1069.5,1.0182e+07,1069.5
1067,1067,1024.5,1034,8.7177e+06,1034
990,1004.5,953.3,975,2.4619e+07,975
2705.7,2735.5,2669.4,2702.8,8.5154e+06,1360.5
2705.7,2735.5,2669.4,2702.8,8.5154e+06,1360.5
965,993.7,949.6,952.4,1.3398e+07,952.4
949.2,957.88,922.4,946.5,1.4405e+07,946.5
943.3,949.4,917.8,923.7,9.7646e+06,923.7
929.9,933.2,877.3,877.3,1.7001e+07,877.3
881.7,908.2,877.6,883.4,1.4185e+07,883.4
2705.7,2735.5,2669.4,2702.8,8.5154e+06,1360.5
2705.7,2735.5,2669.4,2702.8,8.5154e+06,1360.5
880,916.4,872.2,877.7,8.8594e+06,877.7
891.8,904.6,871.9,877.1,9.9517e+06,877.1
865.3,892.4,852.5,880.7,1.0434e+07,880.7
898.3,916,883.2,888.7,1.3333e+07,888.7
893.2,905.7,882.8,885.5,8.9053e+06,885.5
2705.7,2735.5,2669.4,2702.8,8.5154e+06,1360.5
2705.7,2735.5,2669.4,2702.8,8.5154e+06,1360.5
860.1,890,852.5,871.3,9.8137e+06,871.3
866.4,887.2,852,875.8,1.2831e+07,875.8
880,882,852.9,853.5,1.4842e+07,853.5
838.3,852,825.5,833.2,1.141e+07,833.2
823,825.5,797.5,807.6,1.298e+07,807.6
2705.7,2735.5,2669.4,2702.8,8.5154e+06,1360.5
2705.7,2735.5,2669.4,2702.8,8.5154e+06,1360.5
803,807.6,755,796.9,2.0597e+07,796.9
806,819.7,804,812.7,1.2017e+07,812.7
814,828.1,804.8,814.4,9.5205e+06,814.4
809,810.4,784.3,787.4,1.3988e+07,787.4
786,803,777.6,787.7,1.3573e+07,787.7
2705.7,2735.5,2669.4,2702.8,8.5154e+06,1360.5
2705.7,2735.5,2669.4,2702.8,8.5154e+06,1360.5
789.1,790.4,762.1,765.2,7.8985e+06,765.2
745.1,751.62,715.4,722.8,1.4528e+07,722.8
745,761,713.1,749.4,1.7557e+07,749.4
746.1,764,728.3,733.2,1.3462e+07,733.2
731.5,743,686.1,694.2,1.4554e+07,694.2
2705.7,2735.5,2669.4,2702.8,8.5154e+06,1360.5
2705.7,2735.5,2669.4,2702.8,8.5154e+06,1360.5
693.5,703,665.7,669.3,1.2613e+07,669.3
684.7,696.8,679.7,686.9,1.2728e+07,686.9
700,717.5,683.67,702.8,1.2837e+07,702.8
712.7,722.3,697.7,700,1.3056e+07,700
695.7,719.5,695.1,717.2,1.6873e+07,717.2
2705.7,2735.5,2669.4,2702.8,8.5154e+06,1360.5
2705.7,2735.5,2669.4,2702.8,8.5154e+06,1360.5
719.5,744.3,715.7,716.7,1.0146e+07,716.7
724,729.5,716.3,728,7.4995e+06,728
744.9,781.9,744.9,778.1,1.1808e+07,778.1
786.8,795,771.6,776.5,1.6885e+06,776.5
2705.7,2735.5,2669.4,2702.8,8.5154e+06,1360.5
2705.7,2735.5,2669.4,2702.8,8.5154e+06,1360.5
2705.7,2735.5,2669.4,2702.8,8.5154e+06,1360.5
2705.7,2735.5,2669.4,2702.8,8.5154e+06,1360.5
777.2,782.5,763.6,775.8,8.208e+06,775.8
771,772.6,754.33,760.6,6.0762e+06,760.6
762,762,750.2,760,1.8778e+06,760
2705.7,2735.5,2669.4,2702.8,8.5154e+06,1360.5
2705.7,2735.5,2669.4,2702.8,8.5154e+06,1360.5
2705.7,2735.5,2669.4,2702.8,8.5154e+06,1360.5
750,750.5,726.6,736,1.1139e+07,736
754.1,764,733.6,736,8.0597e+06,736
730,730,693.7,709.4,1.4733e+07,709.4
675,679.8,662,673.7,1.938e+07,673.7
677.8,691.6,652.1,652.1,1.1751e+07,652.1
2705.7,2735.5,2669.4,2702.8,8.5154e+06,1360.5
2705.7,2735.5,2669.4,2702.8,8.5154e+06,1360.5
645.4,659.9,634.1,636.1,1.278e+07,636.1
619,648.8,609.1,617.9,1.9975e+07,617.9
624.3,640.3,614.2,619.6,1.716e+07,619.6
626,664.3,618.4,657,2.1477e+07,657
640,645.7,607.4,615,1.9258e+07,615
2705.7,2735.5,2669.4,2702.8,8.5154e+06,1360.5
2705.7,2735.5,2669.4,2702.8,8.5154e+06,1360.5
615.9,625.3,601.7,608.8,1.2923e+07,608.8
626,648.7,619.2,627.1,1.4413e+07,627.1
599.9,600,571.6,580.9,1.9422e+07,580.9
592,652.9,585,642.8,2.5343e+07,642.8
666.6,677.2,641.2,648.9,1.9299e+07,648.9
2705.7,2735.5,2669.4,2702.8,8.5154e+06,1360.5
2705.7,2735.5,2669.4,2702.8,8.5154e+06,1360.5
658,658,627.2,639.8,1.228e+07,639.8
625,669,616,665.5,1.6201e+07,665.5
660,669.9,635.4,669.9,1.6791e+07,669.9
664.8,703.6,658.7,679.6,1.8722e+07,679.6
690,695,651.3,676.4,1.4413e+07,676.4
2705.7,2735.5,2669.4,2702.8,8.5154e+06,1360.5
2705.7,2735.5,2669.4,2702.8,8.5154e+06,1360.5
682.1,686.2,659.5,678.1,1.142e+07,678.1
664,664,620.8,632.4,1.4553e+07,632.4
626.6,646.7,619.6,643.2,1.6779e+07,643.2
670.2,727.5,668.7,712.6,1.9257e+07,712.6
701.2,725.5,688.3,709.2,1.5876e+07,709.2
2705.7,2735.5,2669.4,2702.8,8.5154e+06,1360.5
2705.7,2735.5,2669.4,2702.8,8.5154e+06,1360.5
714.7,730,687.8,707.5,1.2656e+07,707.5
704,707.5,655.8,666.1,1.3538e+07,666.1
675,678.6,643.9,653.8,1.5567e+07,653.8
640,646.7,607.5,634.1,1.0554e+07,634.1
640.4,697.5,640.4,696.6,1.5767e+07,696.6
2705.7,2735.5,2669.4,2702.8,8.5154e+06,1360.5
2705.7,2735.5,2669.4,2702.8,8.5154e+06,1360.5
715.7,718,686.8,693.6,1.1519e+07,693.6
723.3,735,679.9,693,1.6041e+07,693
698.1,743.7,691.1,743,1.5424e+07,743
