1203,1213,1198,1208,3.57e+05,1140.9
1207,1231,1204,1221,5.94e+05,1153.1
1226,1246,1222,1233,6.717e+05,1164.5
1225,1230,1206,1214,6.749e+05,1146.5
1219,1237,1212,1221,9.466e+05,1153.1
1616.6,1628.8,1604.2,1616.8,5.2672e+05,1574.4
1616.6,1628.8,1604.2,1616.8,5.2672e+05,1574.4
1215,1251,1211,1225,7.028e+05,1156.9
1214,1224,1199.6,1221,7.969e+05,1153.1
1224,1243,1220,1240,9.704e+05,1171.1
1247,1264,1237.3,1261,7.878e+05,1190.9
1259,1288,1259,1286,5.012e+05,1214.5
1616.6,1628.8,1604.2,1616.8,5.2672e+05,1574.4
1616.6,1628.8,1604.2,1616.8,5.2672e+05,1574.4
1301,1321,1293.4,1310,9.964e+05,1237.2
1313,1323,1301,1320,7.682e+05,1246.6
1322,1328,1309,1312,6.772e+05,1239.1
1312,1321,1311,1312,7.39e+05,1239.1
1313,1317,1301,1306,6.665e+05,1233.4
1616.6,1628.8,1604.2,1616.8,5.2672e+05,1574.4
1616.6,1628.8,1604.2,1616.8,5.2672e+05,1574.4
1309,1310.9,1298,1304,8.22e+05,1231.5
1301,1305,1286,1299,7.239e+05,1226.8
1295,1308,1291,1303,6.934e+05,1230.6
1303,1307,1295,1300,7.572e+05,1227.8
1304,1310,1295,1298,9.234e+05,1225.9
1616.6,1628.8,1604.2,1616.8,5.2672e+05,1574.4
1616.6,1628.8,1604.2,1616.8,5.2672e+05,1574.4
1282,1310,1275,1309,4.982e+05,1236.3
1305,1320,1303.3,1312,6.323e+05,1239.1
1318,1320,1303,1306,6.484e+05,1233.4
1302,1303,1284,1292,7.401e+05,1220.2
1290,1296,1284,1288,1.1997e+06,1216.4
1616.6,1628.8,1604.2,1616.8,5.2672e+05,1574.4
1616.6,1628.8,1604.2,1616.8,5.2672e+05,1574.4
1295,1302,1287,1290,4.392e+05,1218.3
1294,1300,1285.6,1289,9.381e+05,1217.4
1294,1294,1271,1289,9.901e+05,1217.4
1286,1297,1284,1295,9.124e+05,1223
1295,1295,1295,1295,0,1223
1616.6,1628.8,1604.2,1616.8,5.2672e+05,1574.4
1616.6,1628.8,1604.2,1616.8,5.2672e+05,1574.4
1295,1295,1295,1295,0,1223
1294,1314,1294,1310,6.545e+05,1237.2
1303,1316,1301,1305,4.672e+05,1232.5
1309,1309,1274,1277,5.151e+05,1206
1280,1280,1257,1272,7.41e+05,1201.3
1616.6,1628.8,1604.2,1616.8,5.2672e+05,1574.4
1616.6,1628.8,1604.2,1616.8,5.2672e+05,1574.4
1280,1292,1277.3,1290,6.228e+05,1218.3
1288,1291.8,1268,1274,9.686e+05,1203.2
1270,1292,1270,1290,4.4e+05,1218.3
1289,1298,1284,1297,4.105e+05,1224.9
1297,1297,1277,1292,4.519e+05,1220.2
1616.6,1628.8,1604.2,1616.8,5.2672e+05,1574.4
1616.6,1628.8,1604.2,1616.8,5.2672e+05,1574.4
1285,1295,1277,1284,5.885e+05,1212.6
1278,1281,1260,1271,5.986e+05,1200.4
1282,1286,1262,1267,6.113e+05,1196.6
1272,1277,1255,1255,4.426e+05,1185.3
1260,1260,1242,1256,5.037e+05,1186.2
1616.6,1628.8,1604.2,1616.8,5.2672e+05,1574.4
1616.6,1628.8,1604.2,1616.8,5.2672e+05,1574.4
1258,1261.3,1242,1247,2.766e+05,1177.7
1246,1278,1244,1278,3.639e+05,1207
1275,1277,1252,1255,4.456e+05,1185.3
1252,1262,1243,1251,4.413e+05,1181.5
1248,1266,1248,1266,3.656e+05,1195.6
1616.6,1628.8,1604.2,1616.8,5.2672e+05,1574.4
1616.6,1628.8,1604.2,1616.8,5.2672e+05,1574.4
1265,1275,1262,1274,7.157e+05,1203.2
1274,1288,1270,1279,6.039e+05,1207.9
1294,1294,1262,1291,4.571e+05,1219.3
1285,1294,1272,1292,4.377e+05,1220.2
1288,1294,1267,1291,6.512e+05,1219.3
1616.6,1628.8,1604.2,1616.8,5.2672e+05,1574.4
1616.6,1628.8,1604.2,1616.8,5.2672e+05,1574.4
1291,1291,1291,1291,0,1219.3
1268,1285,1266,1274,6.465e+05,1203.2
1269,1280,1265,1278,5.94e+05,1227.7
1274,1286,1266,1283,2.56e+05,1232.6
1281,1292,1279,1288,3.362e+05,1237.4
1616.6,1628.8,1604.2,1616.8,5.2672e+05,1574.4
1616.6,1628.8,1604.2,1616.8,5.2672e+05,1574.4
1291,1308,1286.9,1304,3.871e+05,1252.7
1312,1323,1303,1319,4.849e+05,1267.1
1315,1334,1315,1329,3.587e+05,1276.7
1333,1337,1314,1322,2.89e+05,1270
1321,1323,1310,1323,2.95e+05,1271
1616.6,1628.8,1604.2,1616.8,5.2672e+05,1574.4
1616.6,1628.8,1604.2,1616.8,5.2672e+05,1574.4
1322,1336,1319,1336,1.845e+05,1283.5
1336,1346.2,1329,1342,4.996e+05,1289.2
1339,1349,1307,1331,7.962e+05,1278.7
1318,1326,1303,1309,4.436e+05,1257.5
1315,1320,1299,1308,3.289e+05,1256.6
1616.6,1628.8,1604.2,1616.8,5.2672e+05,1574.4
1616.6,1628.8,1604.2,1616.8,5.2672e+05,1574.4
1308,1308,1308,1308,0,1256.6
1320,1340.1,1316,1325,3.366e+05,1272.9
1322,1322,1300,1302,4.313e+05,1250.8
1299,1306,1291,1297,4.573e+05,1246
1294,1294,1275,1284,6.028e+05,1233.5
1616.6,1628.8,1604.2,1616.8,5.2672e+05,1574.4
1616.6,1628.8,1604.2,1616.8,5.2672e+05,1574.4
1279,1289,1273,1283,4.331e+05,1232.6
1288,1288,1273,1279,3.3e+05,1228.7
1275,1283,1259,1259,3.752e+05,1209.5
1259,1271,1233,1233,3.204e+05,1184.5
1238,1253,1231,1253,3.875e+05,1203.7
1616.6,1628.8,1604.2,1616.8,5.2672e+05,1574.4
1616.6,1628.8,1604.2,1616.8,5.2672e+05,1574.4
1255,1276,1246,1270,4.085e+05,1220.1
1266,1269,1244,1257,4.127e+05,1207.6
1260,1275,1256,1259,4.063e+05,1209.5
1245,1261,1236,1259,3.058e+05,1209.5
1262,1263,1240,1259,3.53e+05,1209.5
1616.6,1628.8,1604.2,1616.8,5.2672e+05,1574.4
1616.6,1628.8,1604.2,1616.8,5.2672e+05,1574.4
1263,1279,1259,1271,2.991e+05,1221
1270,1302,1270,1280,3.365e+05,1229.7
1282,1286,1261,1279,3.43e+05,1228.7
1262,1272,1233,1233,5.403e+05,1184.5
1238,1284,1236,1259,1.2771e+06,1209.5
1616.6,1628.8,1604.2,1616.8,5.2672e+05,1574.4
1616.6,1628.8,1604.2,1616.8,5.2672e+05,1574.4
1258,1261,1240,1244,5.02e+05,1195.1
1249,1259,1239,1256,4.449e+05,1206.6
1251,1258,1237,1246,5.856e+05,1197
1244,1292,1240,1287,5.49e+05,1236.4
1284,1295,1278,1280,6.247e+05,1229.7
1616.6,1628.8,1604.2,1616.8,5.2672e+05,1574.4
1616.6,1628.8,1604.2,1616.8,5.2672e+05,1574.4
1286,1313,1283,1312,4.817e+05,1260.4
1312,1319,1301,1315,4.965e+05,1263.3
1303,1326,1303,1321,4.465e+05,1269.1
1335,1362,1321,1362,3.525e+05,1308.4
1359,1390,1351,1373,6.369e+05,1319
1616.6,1628.8,1604.2,1616.8,5.2672e+05,1574.4
1616.6,1628.8,1604.2,1616.8,5.2672e+05,1574.4
1380,1389,1370,1374,4.385e+05,1320
1373,1384,1365,1377,4.39e+05,1322.9
1373,1396,1366,1392,3.211e+05,1337.3
1399,1404,1375,1378,4.853e+05,1323.8
1378,1394,1376,1378,3.272e+05,1323.8
1616.6,1628.8,1604.2,1616.8,5.2672e+05,1574.4
1616.6,1628.8,1604.2,1616.8,5.2672e+05,1574.4
1378,1396.8,1376,1383,2.778e+05,1328.6
1387,1393,1367,1369,3.503e+05,1315.2
1369,1381,1362,1376,2.358e+05,1321.9
1377,1399,1377,1396,3.179e+05,1341.1
1389,1396,1376,1385,4.001e+05,1330.5
1616.6,1628.8,1604.2,1616.8,5.2672e+05,1574.4
1616.6,1628.8,1604.2,1616.8,5.2672e+05,1574.4
1390,1390,1379,1386,1.579e+05,1331.5
1392,1392,1371,1376,2.994e+05,1321.9
1375,1387,1369,1379,2.03e+05,1324.8
1372,1383,1359.4,1371,2.609e+05,1317.1
1384,1389,1370,1374,2.416e+05,1320
1616.6,1628.8,1604.2,1616.8,5.2672e+05,1574.4
1616.6,1628.8,1604.2,1616.8,5.2672e+05,1574.4
1375,1393,1375,1382,2.471e+05,1327.7
1387,1410,1383,1403,3.027e+05,1347.8
1394,1423,1394,1409,4.984e+05,1353.6
1410,1420,1388,1398,5.184e+05,1343
1402,1402,1373,1379,5.334e+05,1324.8
1616.6,1628.8,1604.2,1616.8,5.2672e+05,1574.4
1616.6,1628.8,1604.2,1616.8,5.2672e+05,1574.4
1377,1388,1353,1360,6.9e+05,1306.5
1360,1389,1355.9,1368,6.915e+05,1314.2
1367,1369,1345,1346,5.987e+05,1293.1
1354,1354,1340,1345,4.219e+05,1292.1
1349,1365,1341,1361,5.597e+05,1307.5
1616.6,1628.8,1604.2,1616.8,5.2672e+05,1574.4
1616.6,1628.8,1604.2,1616.8,5.2672e+05,1574.4
1360,1363,1339,1349,3.01e+05,1296
1355,1373,1323,1350,4.074e+05,1296.9
1349,1362,1346,1355,2.358e+05,1301.7
1375,1398,1339,1343,5.654e+05,1290.2
1344,1350,1326.5,1333,4.314e+05,1280.6
1616.6,1628.8,1604.2,1616.8,5.2672e+05,1574.4
1616.6,1628.8,1604.2,1616.8,5.2672e+05,1574.4
1334,1354,1330,1349,2.679e+05,1296
1336,1362,1326,1362,3.809e+05,1308.4
1362,1362,1341,1345,2.56e+05,1292.1
1341,1356,1341,1350,2.313e+05,1296.9
1348,1366,1344,1354,1.77e+05,1300.8
1616.6,1628.8,1604.2,1616.8,5.2672e+05,1574.4
1616.6,1628.8,1604.2,1616.8,5.2672e+05,1574.4
1354,1354,1354,1354,0,1300.8
1363,1390,1340.6,1376,4.793e+05,1321.9
1377,1381.3,1359,1364,3.968e+05,1310.4
1359,1376,1344,1375,3.779e+05,1320.9
1374,1381,1351,1361,5.327e+05,1307.5
1616.6,1628.8,1604.2,1616.8,5.2672e+05,1574.4
1616.6,1628.8,1604.2,1616.8,5.2672e+05,1574.4
1365,1387,1365,1383,2.284e+05,1328.6
1376,1386,1369,1374,3.23e+05,1320
1373,1374,1351,1371,3.508e+05,1317.1
1372,1387,1355,1365,4.826e+05,1311.3
1363,1369,1349,1361,3.507e+05,1307.5
1616.6,1628.8,1604.2,1616.8,5.2672e+05,1574.4
1616.6,1628.8,1604.2,1616.8,5.2672e+05,1574.4
1364,1366,1348,1357,4.645e+05,1303.6
1365,1374,1352,1356,4.7e+05,1302.7
1356,1357,1344,1347,4.196e+05,1294
1350,1355,1333,1346,3.64e+05,1293.1
1341,1354,1332,1352,2.829e+05,1298.8
1616.6,1628.8,1604.2,1616.8,5.2672e+05,1574.4
1616.6,1628.8,1604.2,1616.8,5.2672e+05,1574.4
1368,1376,1364,1365,4.162e+05,1311.3
1372,1381,1355.6,1356,4.935e+05,1302.7
1359,1368,1347,1350,2.974e+05,1296.9
1360,1369,1348,1351,2.615e+05,1297.9
1347,1373,1347,1352,5.196e+05,1298.8
1616.6,1628.8,1604.2,1616.8,5.2672e+05,1574.4
1616.6,1628.8,1604.2,1616.8,5.2672e+05,1574.4
1352,1359,1339,1344,2.376e+05,1291.2
1342,1362,1342,1358,3.369e+05,1304.6
1355,1357,1343,1350,2.326e+05,1296.9
1349,1355,1342,1344,1.846e+05,1291.2
1357,1374,1341,1349,2.936e+05,1296
1616.6,1628.8,1604.2,1616.8,5.2672e+05,1574.4
1616.6,1628.8,1604.2,1616.8,5.2672e+05,1574.4
1330,1341,1330,1338,3.381e+05,1285.4
1342,1369,1336,1352,3.832e+05,1298.8
1347,1352,1328,1335,3.232e+05,1282.5
1327,1339,1322.4,1330,3.631e+05,1277.7
1327,1331,1319,1325,4.461e+05,1272.9
1616.6,1628.8,1604.2,1616.8,5.2672e+05,1574.4
1616.6,1628.8,1604.2,1616.8,5.2672e+05,1574.4
1320,1325,1303.6,1322,2.581e+05,1270
1325,1335,1304,1305,3.799e+05,1253.7
1300,1306,1287,1295,4.63e+05,1244.1
1294,1328,1294,1320,2.613e+05,1268.1
1319,1336,1317,1334,3.25e+05,1281.5
1616.6,1628.8,1604.2,1616.8,5.2672e+05,1574.4
1616.6,1628.8,1604.2,1616.8,5.2672e+05,1574.4
1312,1329,1301,1329,4.026e+05,1276.7
1333,1349.3,1316,1330,1.0827e+06,1277.7
1323,1331,1288,1329,7.907e+05,1276.7
1330,1337,1310,1334,3.856e+05,1281.5
1350,1358,1337,1357,4.605e+05,1303.6
1616.6,1628.8,1604.2,1616.8,5.2672e+05,1574.4
1616.6,1628.8,1604.2,1616.8,5.2672e+05,1574.4
1360,1371,1355,1361,3.471e+05,1307.5
1359,1373,1354,1367,2.721e+05,1313.2
1368,1387,1362,1366,2.88e+05,1312.3
1361,1375,1361,1371,2.933e+05,1317.1
1369,1370,1353,1357,3.928e+05,1303.6
1616.6,1628.8,1604.2,1616.8,5.2672e+05,1574.4
1616.6,1628.8,1604.2,1616.8,5.2672e+05,1574.4
1354,1369,1347,1356,2.634e+05,1302.7
1360,1370,1347,1367,3.733e+05,1313.2
1368,1384,1363,1369,2.959e+05,1315.2
1360,1377,1360,1377,4.34e+05,1322.9
1380,1380,1362,1378,2.614e+05,1323.8
1616.6,1628.8,1604.2,1616.8,5.2672e+05,1574.4
1616.6,1628.8,1604.2,1616.8,5.2672e+05,1574.4
1379,1396,1371,1373,2.94e+05,1319
1377,1380,1366,1373,2.923e+05,1319
1368,1381,1354,1374,3.238e+05,1330.7
1373,1393,1367.3,1391,7.476e+05,1347.2
1385,1426,1384,1414,7.474e+05,1369.5
1616.6,1628.8,1604.2,1616.8,5.2672e+05,1574.4
1616.6,1628.8,1604.2,1616.8,5.2672e+05,1574.4
1421,1433,1399.8,1408,3.063e+05,1363.7
1413,1417,1404,1409,3.085e+05,1364.6
1406,1412,1381,1395,3.494e+05,1351.1
1400,1414,1388,1396,3.836e+05,1352.1
1395,1401,1386,1391,2.642e+05,1347.2
1616.6,1628.8,1604.2,1616.8,5.2672e+05,1574.4
1616.6,1628.8,1604.2,1616.8,5.2672e+05,1574.4
1387,1400,1381,1399,2.542e+05,1355
1392,1399.4,1384,1392,2.14e+05,1348.2
1383,1390,1365,1376,3.489e+05,1332.7
1369,1383,1364,1377,3.11e+05,1333.6
1380,1388,1380,1384,1.973e+05,1340.4
1616.6,1628.8,1604.2,1616.8,5.2672e+05,1574.4
1616.6,1628.8,1604.2,1616.8,5.2672e+05,1574.4
1385,1406,1384,1404,2.746e+05,1359.8
1411,1415,1391,1396,4.857e+05,1352.1
1388,1400,1382,1394,3.336e+05,1350.1
1393,1401,1385,1393,2.416e+05,1349.1
1393,1403,1386,1388,5.009e+05,1344.3
1616.6,1628.8,1604.2,1616.8,5.2672e+05,1574.4
1616.6,1628.8,1604.2,1616.8,5.2672e+05,1574.4
1395,1400,1380,1391,3.639e+05,1347.2
1389,1398,1370,1371,5.169e+05,1327.8
1344,1384,1336,1340,5.83e+05,1297.8
1330,1355,1330,1354,3.442e+05,1311.4
1350,1366,1350,1362,2.684e+05,1319.1
1616.6,1628.8,1604.2,1616.8,5.2672e+05,1574.4
1616.6,1628.8,1604.2,1616.8,5.2672e+05,1574.4
1359,1368,1356,1366,2.846e+05,1323
1360,1382,1359,1376,3.369e+05,1332.7
1363,1384,1345.4,1365,4.496e+05,1322
1360,1370,1348,1359,4.895e+05,1316.2
1353,1363,1349,1351,3.542e+05,1308.5
1616.6,1628.8,1604.2,1616.8,5.2672e+05,1574.4
1616.6,1628.8,1604.2,1616.8,5.2672e+05,1574.4
1347,1376,1346.2,1373,4.292e+05,1329.8
1393,1393,1361,1372,7.554e+05,1328.8
1374,1387,1368,1379,4.47e+05,1335.6
1389,1420,1388,1404,9.057e+05,1359.8
1410,1410,1391,1402,7.398e+05,1357.9
1616.6,1628.8,1604.2,1616.8,5.2672e+05,1574.4
1616.6,1628.8,1604.2,1616.8,5.2672e+05,1574.4
1406,1423,1397,1423,2.336e+05,1378.2
1420,1443,1417,1429,84200,1384
1429,1429,1429,1429,0,1384
1429,1429,1429,1429,0,1384
1434,1443,1429,1441,2.118e+05,1395.6
1616.6,1628.8,1604.2,1616.8,5.2672e+05,1574.4
1616.6,1628.8,1604.2,1616.8,5.2672e+05,1574.4
1438,1445,1429,1435,2.509e+05,1389.8
1441,1458,1439,1450,1.147e+05,1404.3
1450,1450,1450,1450,0,1404.3
1455,1459,1440,1442,5.465e+05,1396.6
1438,1454,1437.7,1447,2.572e+05,1401.4
1616.6,1628.8,1604.2,1616.8,5.2672e+05,1574.4
1616.6,1628.8,1604.2,1616.8,5.2672e+05,1574.4
1444,1457.3,1441,1445,3.044e+05,1399.5
1444,1450,1424.6,1430,4.759e+05,1385
1433,1437,1418,1426,3.459e+05,1381.1
1431,1435,1412,1416,3.153e+05,1371.4
1423,1439,1419,1422,4.334e+05,1377.2
1616.6,1628.8,1604.2,1616.8,5.2672e+05,1574.4
1616.6,1628.8,1604.2,1616.8,5.2672e+05,1574.4
1419,1425,1409,1417,3.708e+05,1372.4
1407,1431,1398,1426,2.57e+05,1381.1
1429,1438,1427,1430,3.415e+05,1385
1425,1434,1410,1425,3.988e+05,1380.1
1429,1439,1415,1418,6.132e+05,1373.4
1616.6,1628.8,1604.2,1616.8,5.2672e+05,1574.4
1616.6,1628.8,1604.2,1616.8,5.2672e+05,1574.4
1422,1428,1415,1425,1.681e+05,1380.1
1420,1451,1417.6,1448,6.814e+05,1402.4
1451,1459.2,1445,1446,2.829e+05,1400.5
1449,1460,1431,1436,4.084e+05,1390.8
1438,1443,1413,1419,4.515e+05,1374.3
1616.6,1628.8,1604.2,1616.8,5.2672e+05,1574.4
1616.6,1628.8,1604.2,1616.8,5.2672e+05,1574.4
1424,1426,1391,1401,4.118e+05,1356.9
1410,1415,1399,1409,3.256e+05,1364.6
1416,1417,1380,1391,5.511e+05,1347.2
1389,1399,1376,1399,3.572e+05,1355
1395,1395,1366,1388,4.253e+05,1344.3
1616.6,1628.8,1604.2,1616.8,5.2672e+05,1574.4
1616.6,1628.8,1604.2,1616.8,5.2672e+05,1574.4
1380,1406,1374,1391,4.931e+05,1347.2
1388,1390,1369,1369,5.731e+05,1325.9
1370,1371,1356,1367,7.097e+05,1324
1369,1382,1363,1378,3.967e+05,1334.6
1383,1391,1376,1388,5.22e+05,1344.3
1616.6,1628.8,1604.2,1616.8,5.2672e+05,1574.4
1616.6,1628.8,1604.2,1616.8,5.2672e+05,1574.4
1391,1394,1384,1387,3.248e+05,1343.3
1391,1395,1381,1391,5.233e+05,1347.2
1425,1433,1400,1418,1.202e+06,1373.4
1419,1431,1412,1431,8.095e+05,1385.9
1433,1463,1429,1453,7.706e+05,1407.3
1616.6,1628.8,1604.2,1616.8,5.2672e+05,1574.4
1616.6,1628.8,1604.2,1616.8,5.2672e+05,1574.4
1451,1468,1448,1466,4.468e+05,1419.8
1470,1484,1458,1483,6.579e+05,1436.3
1478,1496,1478,1483,5.774e+05,1436.3
1479,1490,1467,1489,5.909e+05,1442.1
1494,1496.6,1468,1483,1.0564e+06,1436.3
1616.6,1628.8,1604.2,1616.8,5.2672e+05,1574.4
1616.6,1628.8,1604.2,1616.8,5.2672e+05,1574.4
1526,1604,1502,1585,1.0318e+06,1535.1
1599,1600,1551,1569,1.4874e+06,1519.6
1568,1593,1556,1566,6.682e+05,1516.7
1569,1575,1543,1569,6.463e+05,1519.6
1562,1579,1554,1573,6.019e+05,1523.5
1616.6,1628.8,1604.2,1616.8,5.2672e+05,1574.4
1616.6,1628.8,1604.2,1616.8,5.2672e+05,1574.4
1558,1560,1539,1543,4.597e+05,1494.4
1552,1589,1552,1585,5.072e+05,1535.1
1579,1584,1571,1576,3.611e+05,1526.4
1581,1584,1572,1577,4.388e+05,1527.4
1580,1590,1571,1574,4.772e+05,1524.4
1616.6,1628.8,1604.2,1616.8,5.2672e+05,1574.4
1616.6,1628.8,1604.2,1616.8,5.2672e+05,1574.4
1577,1610.1,1575.4,1597,7.662e+05,1546.7
1596,1608,1587.7,1599,5.078e+05,1548.7
1591,1598,1573,1579,4.146e+05,1529.3
1580,1584,1568,1570,4.458e+05,1520.6
1565,1571,1558,1565,4.488e+05,1515.7
1616.6,1628.8,1604.2,1616.8,5.2672e+05,1574.4
1616.6,1628.8,1604.2,1616.8,5.2672e+05,1574.4
1574,1591,1568,1584,3.696e+05,1534.1
1583,1594,1575,1587,4.807e+05,1537
1589,1591,1579,1579,4.433e+05,1529.3
1571,1577,1559,1573,3.848e+05,1523.5
1577,1594,1572.7,1576,6.85e+05,1526.4
1616.6,1628.8,1604.2,1616.8,5.2672e+05,1574.4
1616.6,1628.8,1604.2,1616.8,5.2672e+05,1574.4
1573,1581,1555,1558,3.47e+05,1509
1564,1588,1564,1585,4.017e+05,1535.1
1588,1605,1587,1604,4.845e+05,1553.5
1600,1602,1591,1596,3.585e+05,1545.8
1606,1620,1596,1600,4.86e+05,1549.6
1616.6,1628.8,1604.2,1616.8,5.2672e+05,1574.4
1616.6,1628.8,1604.2,1616.8,5.2672e+05,1574.4
1602,1608,1594,1596,5.663e+05,1545.8
1601,1611.3,1598,1611,3.188e+05,1560.3
1612,1616,1594,1598,3.607e+05,1547.7
1603,1615,1601.2,1606,3.621e+05,1555.4
1609,1626.4,1604,1619,6.284e+05,1568
1616.6,1628.8,1604.2,1616.8,5.2672e+05,1574.4
1616.6,1628.8,1604.2,1616.8,5.2672e+05,1574.4
1608,1625,1603,1623,4.114e+05,1571.9
1625,1631,1600,1612,5.88e+05,1561.3
1615,1644,1615,1627,4.133e+05,1575.8
1631,1649,1627,1630,3.616e+05,1578.7
1619,1619.6,1586,1598,3.122e+05,1547.7
1616.6,1628.8,1604.2,1616.8,5.2672e+05,1574.4
1616.6,1628.8,1604.2,1616.8,5.2672e+05,1574.4
1594,1598.5,1565,1592,3.501e+05,1541.9
1593,1608,1570,1575,4.291e+05,1525.4
1590,1606,1576,1602,4.594e+05,1551.6
1603,1610,1600,1608,4.365e+05,1557.4
1608,1608,1608,1608,0,1557.4
1616.6,1628.8,1604.2,1616.8,5.2672e+05,1574.4
1616.6,1628.8,1604.2,1616.8,5.2672e+05,1574.4
1608,1608,1608,1608,0,1557.4
1612,1628,1601,1616,3.301e+05,1565.1
1621,1659,1617,1654,1.1653e+06,1601.9
1664,1671,1636,1650,5.169e+05,1598.1
1646,1662,1641,1662,6.092e+05,1609.7
1616.6,1628.8,1604.2,1616.8,5.2672e+05,1574.4
1616.6,1628.8,1604.2,1616.8,5.2672e+05,1574.4
1658,1668,1642,1652,5.708e+05,1600
1653,1671,1652,1670,5.052e+05,1617.4
1667,1690,1667,1681,7.272e+05,1628.1
1687,1687,1656,1665,3.512e+05,1612.6
1663,1671,1645,1652,6.397e+05,1600
1616.6,1628.8,1604.2,1616.8,5.2672e+05,1574.4
1616.6,1628.8,1604.2,1616.8,5.2672e+05,1574.4
1652,1652,1652,1652,0,1600
1655,1666.5,1648,1665,4.503e+05,1612.6
1636,1661,1636,1655,5.41e+05,1602.9
1656,1666,1634,1641,4.207e+05,1589.3
1638,1648,1629,1647,3.564e+05,1595.1
1616.6,1628.8,1604.2,1616.8,5.2672e+05,1574.4
1616.6,1628.8,1604.2,1616.8,5.2672e+05,1574.4
1644,1663,1637,1662,1.9852e+06,1609.7
1666,1676,1662,1672,3.758e+05,1619.4
1672,1685,1667,1682,3.953e+05,1629
1685,1692.1,1677,1680,8.313e+05,1627.1
1685,1686,1649,1657,6.399e+05,1604.8
1616.6,1628.8,1604.2,1616.8,5.2672e+05,1574.4
1616.6,1628.8,1604.2,1616.8,5.2672e+05,1574.4
1662,1676,1645,1652,5.243e+05,1600
1658,1672,1653,1669,3.662e+05,1616.5
1665,1676,1658,1676,3.645e+05,1623.2
1676,1692,1671,1687,3.934e+05,1633.9
1686,1689,1663,1670,2.463e+05,1617.4
1616.6,1628.8,1604.2,1616.8,5.2672e+05,1574.4
1616.6,1628.8,1604.2,1616.8,5.2672e+05,1574.4
1670,1670,1670,1670,0,1617.4
1680,1684,1672,1675,3.92e+05,1622.3
1671,1681,1667,1680,3.142e+05,1627.1
1677,1682,1673,1675,2.267e+05,1622.3
1670,1676,1666,1672,6.801e+05,1619.4
1616.6,1628.8,1604.2,1616.8,5.2672e+05,1574.4
1616.6,1628.8,1604.2,1616.8,5.2672e+05,1574.4
1677,1680,1671,1678,3.064e+05,1625.2
1675,1679,1666.7,1676,3.58e+05,1623.2
1674,1687,1666,1687,5.735e+05,1633.9
1685,1691,1679,1685,7.22e+05,1632
1685,1710.3,1680,1690,5.233e+05,1636.8
1616.6,1628.8,1604.2,1616.8,5.2672e+05,1574.4
1616.6,1628.8,1604.2,1616.8,5.2672e+05,1574.4
1693,1697,1670.4,1677,5.477e+05,1624.2
1675,1677,1657,1666,4.536e+05,1613.6
1663,1666,1643,1650,3.642e+05,1598.1
1656,1667,1647,1658,3.611e+05,1605.8
1655,1657,1618,1632,4.06e+05,1580.6
1616.6,1628.8,1604.2,1616.8,5.2672e+05,1574.4
1616.6,1628.8,1604.2,1616.8,5.2672e+05,1574.4
1632,1632,1610,1610,5.296e+05,1559.3
1610,1628,1606,1625,4.725e+05,1573.8
1629,1646,1625,1636,5.254e+05,1584.5
1648,1648,1623,1630,4.42e+05,1578.7
1627,1657,1627,1645,7.877e+05,1593.2
1616.6,1628.8,1604.2,1616.8,5.2672e+05,1574.4
1616.6,1628.8,1604.2,1616.8,5.2672e+05,1574.4
1646,1646,1619,1620,3.632e+05,1569
1627,1635,1610,1630,4.16e+05,1578.7
1615,1615,1566,1600,1.0204e+06,1549.6
1608,1623,1605,1616,4.885e+05,1565.1
1615,1631,1609,1629,3.066e+05,1577.7
1616.6,1628.8,1604.2,1616.8,5.2672e+05,1574.4
1616.6,1628.8,1604.2,1616.8,5.2672e+05,1574.4
1633,1638,1614,1622,5.592e+05,1570.9
1623,1659,1615,1659,9.415e+05,1606.8
1660,1664,1644,1653,3.809e+05,1601
1658,1668,1648,1662,3.501e+05,1609.7
1664,1668,1657,1663,1.94e+05,1610.6
1616.6,1628.8,1604.2,1616.8,5.2672e+05,1574.4
1616.6,1628.8,1604.2,1616.8,5.2672e+05,1574.4
1664,1669,1649,1651,5.086e+05,1599
1655,1657,1637,1637,5.293e+05,1585.5
1638,1638,1619,1630,3.922e+05,1578.7
1633,1633,1600,1612,3.472e+05,1561.3
1613,1623,1598,1608,4.828e+05,1557.4
1616.6,1628.8,1604.2,1616.8,5.2672e+05,1574.4
1616.6,1628.8,1604.2,1616.8,5.2672e+05,1574.4
1609,1644,1608,1636,4.624e+05,1584.5
1635,1636,1619,1623,3.548e+05,1571.9
1628,1655,1628,1637,4.631e+05,1585.5
1638,1645,1622,1638,3.616e+05,1586.4
1631,1641,1623,1633,4.304e+05,1581.6
1616.6,1628.8,1604.2,1616.8,5.2672e+05,1574.4
1616.6,1628.8,1604.2,1616.8,5.2672e+05,1574.4
1633,1633,1601,1608,4.835e+05,1557.4
1611,1616,1607,1607,6.219e+05,1556.4
1601,1626,1601,1624,5.416e+05,1572.9
1624,1642,1614,1630,4.747e+05,1578.7
1626,1632,1614,1622,2.629e+05,1570.9
1616.6,1628.8,1604.2,1616.8,5.2672e+05,1574.4
1616.6,1628.8,1604.2,1616.8,5.2672e+05,1574.4
1625,1627,1600,1607,2.623e+05,1556.4
1607,1632,1607,1625,3.559e+05,1573.8
1624,1635,1613,1619,3.265e+05,1568
1619,1621,1583,1591,4.848e+05,1540.9
1589,1600,1570,1585,5.39e+05,1535.1
1616.6,1628.8,1604.2,1616.8,5.2672e+05,1574.4
1616.6,1628.8,1604.2,1616.8,5.2672e+05,1574.4
1587,1589,1572,1579,3.782e+05,1529.3
1581,1588,1562,1571,6.05e+05,1521.5
1563,1570,1540,1566,7.56e+05,1516.7
1563,1580,1561,1573,3.957e+05,1523.5
1564,1576,1549,1573,4.516e+05,1523.5
1616.6,1628.8,1604.2,1616.8,5.2672e+05,1574.4
1616.6,1628.8,1604.2,1616.8,5.2672e+05,1574.4
1581,1608,1581,1606,4.663e+05,1555.4
1602,1627,1600,1607,4.219e+05,1556.4
1610,1626,1605,1622,3.871e+05,1570.9
1623,1636,1622,1627,2.152e+05,1575.8
1629,1647,1626,1629,4.451e+05,1577.7
1616.6,1628.8,1604.2,1616.8,5.2672e+05,1574.4
1616.6,1628.8,1604.2,1616.8,5.2672e+05,1574.4
1636,1647,1631,1642,2.637e+05,1590.3
1644,1666,1639,1639,3.841e+05,1587.4
1643,1645,1621,1629,5.139e+05,1577.7
1633,1644.8,1630,1639,3.56e+05,1587.4
1636,1641,1622,1630,5.079e+05,1578.7
1616.6,1628.8,1604.2,1616.8,5.2672e+05,1574.4
1616.6,1628.8,1604.2,1616.8,5.2672e+05,1574.4
1630,1630,1630,1630,0,1578.7
1678,1682,1629,1639,5.466e+05,1587.4
1632,1650,1632,1642,5.253e+05,1590.3
1643,1654,1634,1641,4.369e+05,1589.3
1647,1647,1633,1646,5.566e+05,1594.2
1616.6,1628.8,1604.2,1616.8,5.2672e+05,1574.4
1616.6,1628.8,1604.2,1616.8,5.2672e+05,1574.4
1643,1664,1640,1663,4.072e+05,1610.6
1672,1672,1654,1664,4.869e+05,1611.6
1664,1692,1664,1684,8.635e+05,1631
1680,1685,1656,1661,9.034e+05,1608.7
1662,1666,1646,1655,4.522e+05,1602.9
1616.6,1628.8,1604.2,1616.8,5.2672e+05,1574.4
1616.6,1628.8,1604.2,1616.8,5.2672e+05,1574.4
1649,1651.6,1620,1645,6.082e+05,1593.2
1638,1644,1634,1638,4.438e+05,1586.4
1637,1640,1624,1631,3.553e+05,1579.7
1631,1639,1605,1617,4.027e+05,1566.1
1617,1620,1596,1608,7.457e+05,1557.4
1616.6,1628.8,1604.2,1616.8,5.2672e+05,1574.4
1616.6,1628.8,1604.2,1616.8,5.2672e+05,1574.4
1602,1630,1602,1625,5.122e+05,1573.8
1626,1628,1603,1611,4.835e+05,1560.3
1617,1642,1614,1617,5.288e+05,1566.1
1616,1632,1614,1622,3.778e+05,1570.9
1637,1649,1637,1643,1.0864e+06,1591.3
1616.6,1628.8,1604.2,1616.8,5.2672e+05,1574.4
1616.6,1628.8,1604.2,1616.8,5.2672e+05,1574.4
1637,1643,1627,1643,4.451e+05,1591.3
1646,1646,1608,1617,4.996e+05,1566.1
1615,1615,1595,1610,5.947e+05,1559.3
1608,1615,1587,1594,4.798e+05,1543.8
1592,1600,1569,1597,5.777e+05,1546.7
1616.6,1628.8,1604.2,1616.8,5.2672e+05,1574.4
1616.6,1628.8,1604.2,1616.8,5.2672e+05,1574.4
1595,1612,1589,1610,4.112e+05,1559.3
1612,1617,1605,1610,5.278e+05,1559.3
1610,1621,1594,1597,4.325e+05,1546.7
1592,1598,1577,1579,5.687e+05,1529.3
1581,1600.3,1573,1597,3.734e+05,1546.7
1616.6,1628.8,1604.2,1616.8,5.2672e+05,1574.4
1616.6,1628.8,1604.2,1616.8,5.2672e+05,1574.4
1602,1609,1595,1609,5.791e+05,1558.3
1607,1609,1577,1578,6.451e+05,1528.3
1573,1585,1553,1579,7.103e+05,1529.3
1594,1603,1569.5,1571,5.911e+05,1521.5
1556,1575,1541,1567,5.82e+05,1517.7
1616.6,1628.8,1604.2,1616.8,5.2672e+05,1574.4
1616.6,1628.8,1604.2,1616.8,5.2672e+05,1574.4
1554,1559,1534,1546,6.683e+05,1497.3
1534,1568,1523,1565,5.383e+05,1515.7
1572,1579,1517,1519,1.0045e+06,1471.2
1529,1587,1520,1584,1.5908e+06,1534.1
1585,1646,1576,1644,1.675e+06,1592.2
1616.6,1628.8,1604.2,1616.8,5.2672e+05,1574.4
1616.6,1628.8,1604.2,1616.8,5.2672e+05,1574.4
1645,1659,1629,1638,8.523e+05,1586.4
1629,1665,1620,1665,9.071e+05,1612.6
1670,1684,1650,1657,1.0453e+06,1604.8
1647,1666,1637,1660,6.266e+05,1607.7
1655,1665,1647,1648,4.23e+05,1596.1
1616.6,1628.8,1604.2,1616.8,5.2672e+05,1574.4
1616.6,1628.8,1604.2,1616.8,5.2672e+05,1574.4
1655,1664,1643.7,1649,4.456e+05,1597.1
1661,1665,1653,1662,5.135e+05,1609.7
1671,1677,1665,1670,5e+05,1617.4
1673,1680,1663,1680,5.068e+05,1627.1
1697,1699,1686,1695,6.088e+05,1641.6
1616.6,1628.8,1604.2,1616.8,5.2672e+05,1574.4
1616.6,1628.8,1604.2,1616.8,5.2672e+05,1574.4
1691,1696,1673,1677,4.982e+05,1624.2
1676,1689,1671,1677,3.036e+05,1624.2
1685,1709,1683,1709,7.55e+05,1655.2
1694,1712,1685,1712,7.389e+05,1668.8
1718,1729,1698,1709,5.775e+05,1665.9
1616.6,1628.8,1604.2,1616.8,5.2672e+05,1574.4
1616.6,1628.8,1604.2,1616.8,5.2672e+05,1574.4
1710,1721,1698,1721,4.209e+05,1677.6
1720,1733,1712,1719,6.192e+05,1675.7
1717,1731.2,1711,1723,4.854e+05,1679.6
1729,1747,1728,1729,3.965e+05,1685.4
1733,1736,1718,1729,4.623e+05,1685.4
1616.6,1628.8,1604.2,1616.8,5.2672e+05,1574.4
1616.6,1628.8,1604.2,1616.8,5.2672e+05,1574.4
1721,1734,1715,1729,3.619e+05,1685.4
1734,1747,1726,1738,4.194e+05,1694.2
1740,1746,1731,1743,3.865e+05,1699.1
1747,1763,1738,1760,4.431e+05,1715.6
1763,1766,1744,1756,6.092e+05,1711.7
1616.6,1628.8,1604.2,1616.8,5.2672e+05,1574.4
1616.6,1628.8,1604.2,1616.8,5.2672e+05,1574.4
1754,1757,1744,1752,3.281e+05,1707.8
1752,1772,1752,1770,4.517e+05,1725.4
1774,1774,1753,1759,3.531e+05,1714.7
1763,1785,1758,1785,3.381e+05,1740
1782,1794,1773,1786,5.916e+05,1741
1616.6,1628.8,1604.2,1616.8,5.2672e+05,1574.4
1616.6,1628.8,1604.2,1616.8,5.2672e+05,1574.4
1780,1803,1776,1780,5.849e+05,1735.1
1782,1789,1770,1779,6.343e+05,1734.2
1778,1798,1768,1778,6.658e+05,1733.2
1780,1789,1771,1778,6.859e+05,1733.2
1787,1817,1780,1814,5.819e+05,1768.3
1616.6,1628.8,1604.2,1616.8,5.2672e+05,1574.4
1616.6,1628.8,1604.2,1616.8,5.2672e+05,1574.4
1812,1834,1809,1820,1.118e+06,1774.1
1814,1816.5,1792,1792,6.419e+05,1746.8
1803,1813,1791,1794,4.186e+05,1748.8
1792,1792,1731,1760,1.1284e+06,1715.6
1752,1754,1710,1713,6.184e+05,1669.8
1616.6,1628.8,1604.2,1616.8,5.2672e+05,1574.4
1616.6,1628.8,1604.2,1616.8,5.2672e+05,1574.4
1709,1727,1698,1698,6.688e+05,1655.2
1699,1717,1683,1716,5.583e+05,1672.7
1700,1718,1680,1714,6.871e+05,1670.8
1731,1732.7,1699,1729,1.2698e+06,1685.4
1742,1763,1740,1760,1.0458e+06,1715.6
1616.6,1628.8,1604.2,1616.8,5.2672e+05,1574.4
1616.6,1628.8,1604.2,1616.8,5.2672e+05,1574.4
1764,1780,1760,1778,4.622e+05,1733.2
1785,1802,1775.7,1787,3.63e+05,1742
1798,1798,1782,1790,1.1275e+06,1744.9
1790,1790,1790,1790,0,1744.9
1790,1790,1790,1790,0,1744.9
1616.6,1628.8,1604.2,1616.8,5.2672e+05,1574.4
1616.6,1628.8,1604.2,1616.8,5.2672e+05,1574.4
1796,1804,1772,1792,3.373e+05,1746.8
1783,1785,1749,1759,5.008e+05,1714.7
1768,1773,1756,1764,82800,1719.5
1764,1764,1764,1764,0,1719.5
1775,1789,1766,1782,5.361e+05,1737.1
1616.6,1628.8,1604.2,1616.8,5.2672e+05,1574.4
1616.6,1628.8,1604.2,1616.8,5.2672e+05,1574.4
1771,1785,1745,1752,7.017e+05,1707.8
1746,1764,1713,1746,1.4469e+06,1702
1755,1772,1750,1761,5.714e+05,1716.6
1775,1806,1775,1806,5.551e+05,1760.5
1803,1834,1801,1812,5.36e+05,1766.3
1616.6,1628.8,1604.2,1616.8,5.2672e+05,1574.4
1616.6,1628.8,1604.2,1616.8,5.2672e+05,1574.4
1819,1835,1810,1829,3.822e+05,1782.9
1824,1841,1819,1825,3.381e+05,1779
1810,1832,1783,1792,5.423e+05,1746.8
1800,1825,1771,1825,7.039e+05,1779
1818,1855,1813,1853,6.548e+05,1806.3
1616.6,1628.8,1604.2,1616.8,5.2672e+05,1574.4
1616.6,1628.8,1604.2,1616.8,5.2672e+05,1574.4
1849,1870,1847,1870,3.687e+05,1822.9
1878,1892,1867,1878,6.308e+05,1830.7
1878,1887,1864,1887,5.157e+05,1839.4
1887,1889,1869,1880,7.618e+05,1832.6
1885,1916,1882,1913,6.555e+05,1864.8
1616.6,1628.8,1604.2,1616.8,5.2672e+05,1574.4
1616.6,1628.8,1604.2,1616.8,5.2672e+05,1574.4
1908,1927,1904,1922,6.35e+05,1873.6
1923,1930,1906,1923,6.99e+05,1874.5
1929,1929.2,1907,1923,6.915e+05,1874.5
1914,1935,1908,1935,7.622e+05,1886.2
1939,1943,1880,1897,9.581e+05,1849.2
1616.6,1628.8,1604.2,1616.8,5.2672e+05,1574.4
1616.6,1628.8,1604.2,1616.8,5.2672e+05,1574.4
1897,1901.2,1871,1888,4.873e+05,1840.4
1892,1906,1892,1897,5.609e+05,1849.2
1899,1905,1880,1905,4.819e+05,1857
1896,1915,1890,1910,5.267e+05,1861.9
1902,1906,1881,1886,8.263e+05,1838.5
1616.6,1628.8,1604.2,1616.8,5.2672e+05,1574.4
1616.6,1628.8,1604.2,1616.8,5.2672e+05,1574.4
1881,1884,1853,1883,3.777e+05,1835.5
1880,1900,1874,1899,1.0233e+06,1851.1
1891,1910,1884,1895,3.87e+05,1847.2
1890,1902,1877,1898,5.537e+05,1850.2
1903,1908,1880,1882,7.12e+05,1834.6
1616.6,1628.8,1604.2,1616.8,5.2672e+05,1574.4
1616.6,1628.8,1604.2,1616.8,5.2672e+05,1574.4
1879,1891,1865.5,1876,3.046e+05,1828.7
1871,1886,1864.7,1883,4.449e+05,1835.5
1889,1901,1881,1890,4.485e+05,1842.4
1891,1931,1884,1914,6.055e+05,1865.8
1915,1931,1910,1928,9.29e+05,1879.4
1616.6,1628.8,1604.2,1616.8,5.2672e+05,1574.4
1616.6,1628.8,1604.2,1616.8,5.2672e+05,1574.4
1941,1969,1936,1950,6.106e+05,1900.8
1960,1960,1915,1928,9.375e+05,1879.4
1927,1929,1916,1920,5.05e+05,1871.6
1914,1916,1877,1900,9.188e+05,1852.1
1890,1909,1884,1896,1.0487e+06,1848.2
1616.6,1628.8,1604.2,1616.8,5.2672e+05,1574.4
1616.6,1628.8,1604.2,1616.8,5.2672e+05,1574.4
1894,1904,1889,1900,7.244e+05,1852.1
1906,1912,1879,1879,5.588e+05,1831.6
1880,1886,1865,1883,5.672e+05,1835.5
1893,1899,1879,1889,5.777e+05,1841.4
1882,1889,1871,1881,4.001e+05,1833.6
1616.6,1628.8,1604.2,1616.8,5.2672e+05,1574.4
1616.6,1628.8,1604.2,1616.8,5.2672e+05,1574.4
1881,1881,1854,1859,4.081e+05,1812.1
1861,1869,1829,1831,6.612e+05,1784.8
1831,1844,1828,1839,5.105e+05,1792.6
1843,1851,1837,1841,6.821e+05,1794.6
1840,1849,1838,1844,5.223e+05,1797.5
1616.6,1628.8,1604.2,1616.8,5.2672e+05,1574.4
1616.6,1628.8,1604.2,1616.8,5.2672e+05,1574.4
1845,1859,1845,1855,4.838e+05,1808.2
1853,1861,1844,1852,1.0561e+06,1805.3
1856,1866,1855,1860,9.204e+05,1813.1
1862,1879,1860,1868,6.651e+05,1820.9
1867,1883,1865,1878,1.0702e+06,1830.7
1616.6,1628.8,1604.2,1616.8,5.2672e+05,1574.4
1616.6,1628.8,1604.2,1616.8,5.2672e+05,1574.4
1875,1878,1861,1868,1.2697e+06,1820.9
1867,1883,1867,1872,7.988e+05,1824.8
1873,1875,1845,1845,4.432e+05,1798.5
1833,1836,1814,1832,9.193e+05,1785.8
1835,1844,1824,1826,7.834e+05,1780
1616.6,1628.8,1604.2,1616.8,5.2672e+05,1574.4
1616.6,1628.8,1604.2,1616.8,5.2672e+05,1574.4
1841,1849,1828.5,1835,1.1039e+06,1788.7
1834,1863,1825,1831,1.2143e+06,1784.8
1834,1852,1824,1840,7.665e+05,1793.6
1838,1859,1819,1855,5.716e+05,1808.2
1855,1855,1855,1855,0,1808.2
1616.6,1628.8,1604.2,1616.8,5.2672e+05,1574.4
1616.6,1628.8,1604.2,1616.8,5.2672e+05,1574.4
1855,1855,1855,1855,0,1808.2
1863,1888,1858,1882,7.053e+05,1834.6
1883,1893,1877,1888,6.454e+05,1840.4
1897,1904,1887,1902,4.524e+05,1854.1
1902,1915,1899,1912,5.038e+05,1863.8
1616.6,1628.8,1604.2,1616.8,5.2672e+05,1574.4
1616.6,1628.8,1604.2,1616.8,5.2672e+05,1574.4
1916,1917,1896,1906,3.407e+05,1858
1898,1916,1898,1910,4.487e+05,1861.9
1900,1903,1847,1860,1.7903e+06,1813.1
1870,1873,1848,1860,9.181e+05,1813.1
1859,1866,1843,1846,8.655e+05,1799.5
1616.6,1628.8,1604.2,1616.8,5.2672e+05,1574.4
1616.6,1628.8,1604.2,1616.8,5.2672e+05,1574.4
1849,1860,1843,1850,4.741e+05,1803.4
1858,1883,1857,1868,5.928e+05,1820.9
1869,1880,1850,1870,7.01e+05,1822.9
1867,1881,1850,1856,8.452e+05,1809.2
1856,1864,1848,1854,4.474e+05,1807.3
1616.6,1628.8,1604.2,1616.8,5.2672e+05,1574.4
1616.6,1628.8,1604.2,1616.8,5.2672e+05,1574.4
1860,1867,1833,1849,6.637e+05,1802.4
1846,1853,1836,1847,6.537e+05,1800.4
1852,1867,1823,1823,6.309e+05,1777
1820,1841,1805,1839,7.937e+05,1792.6
1833,1836,1803,1834,5.767e+05,1787.8
1616.6,1628.8,1604.2,1616.8,5.2672e+05,1574.4
1616.6,1628.8,1604.2,1616.8,5.2672e+05,1574.4
1834,1834,1834,1834,0,1787.8
1843,1868,1837,1843,9.17e+05,1796.5
1841,1852,1830,1851,6.29e+05,1804.3
1866,1876,1826,1865,7.298e+05,1818
1894,1925,1884,1911,7.409e+05,1862.8
1616.6,1628.8,1604.2,1616.8,5.2672e+05,1574.4
1616.6,1628.8,1604.2,1616.8,5.2672e+05,1574.4
1913,1918,1890,1894,5.875e+05,1846.3
1890,1901,1858,1874,8.077e+05,1826.8
1875,1888,1866,1871,6.779e+05,1823.8
1873,1886,1859,1885,4.015e+05,1837.5
1893,1904,1881,1890,5.28e+05,1842.4
1616.6,1628.8,1604.2,1616.8,5.2672e+05,1574.4
1616.6,1628.8,1604.2,1616.8,5.2672e+05,1574.4
1893,1901,1878,1892,3.677e+05,1844.3
1895,1918,1895,1914,3.884e+05,1865.8
1915,1924,1894,1899,6.208e+05,1851.1
1869,1888.8,1859,1885,4.006e+05,1861.5
1891,1896,1879,1882,4.361e+05,1858.5
1616.6,1628.8,1604.2,1616.8,5.2672e+05,1574.4
1616.6,1628.8,1604.2,1616.8,5.2672e+05,1574.4
1882,1882,1882,1882,0,1858.5
1888,1896,1866,1876,5.314e+05,1852.6
1881,1918,1880,1912,6.855e+05,1888.2
1913,1920,1901,1906,3.586e+05,1882.2
1910,1925,1890,1896,8.298e+05,1872.4
1616.6,1628.8,1604.2,1616.8,5.2672e+05,1574.4
1616.6,1628.8,1604.2,1616.8,5.2672e+05,1574.4
1905,1916,1896,1898,4.36e+05,1874.3
1909,1911,1886,1889,5.365e+05,1865.4
1894,1922,1883,1905,5.741e+05,1881.2
1902,1905,1874,1886,4.613e+05,1862.5
1880,1880,1850,1861,6.876e+05,1837.8
1616.6,1628.8,1604.2,1616.8,5.2672e+05,1574.4
1616.6,1628.8,1604.2,1616.8,5.2672e+05,1574.4
1857,1872,1845,1863,4.646e+05,1839.8
1868,1872,1853,1864,4.934e+05,1840.8
1859,1888,1851,1880,7.199e+05,1856.6
1872,1895.7,1872,1881,3.904e+05,1857.5
1874,1880,1863,1868,4.703e+05,1844.7
1616.6,1628.8,1604.2,1616.8,5.2672e+05,1574.4
1616.6,1628.8,1604.2,1616.8,5.2672e+05,1574.4
1862,1862,1847,1847,4.145e+05,1824
1842,1852,1828,1847,4.91e+05,1824
1846,1851,1829,1829,5.302e+05,1806.2
1826,1851,1819,1850,5.935e+05,1826.9
1854,1858,1843,1846,9.076e+05,1823
1616.6,1628.8,1604.2,1616.8,5.2672e+05,1574.4
1616.6,1628.8,1604.2,1616.8,5.2672e+05,1574.4
1886,1892,1872,1891,1.5051e+06,1867.4
1849,1867,1831,1852,1.3299e+06,1828.9
1853,1854,1837,1838,7.795e+05,1815.1
1835,1842,1807,1811,8.153e+05,1788.4
1806,1809,1787,1787,5.27e+05,1764.7
1616.6,1628.8,1604.2,1616.8,5.2672e+05,1574.4
1616.6,1628.8,1604.2,1616.8,5.2672e+05,1574.4
1753,1780,1746,1759,6.561e+05,1737.1
1754,1760,1738,1738,8.391e+05,1716.3
1748,1780,1744,1771,9.623e+05,1748.9
1768,1774,1747.7,1748,4.881e+05,1726.2
1745,1751,1740,1743,3.92e+05,1721.3
1616.6,1628.8,1604.2,1616.8,5.2672e+05,1574.4
1616.6,1628.8,1604.2,1616.8,5.2672e+05,1574.4
1734,1747,1729,1737,4.854e+05,1715.3
1734,1739,1718,1719,6.677e+05,1697.6
1719,1740,1711,1732,6.348e+05,1710.4
1735,1752,1732,1752,6.728e+05,1730.2
1774,1774.8,1751,1758,6.006e+05,1736.1
1616.6,1628.8,1604.2,1616.8,5.2672e+05,1574.4
1616.6,1628.8,1604.2,1616.8,5.2672e+05,1574.4
1771,1778,1765,1775,6.556e+05,1752.9
1777,1786,1772,1786,4.664e+05,1763.7
1787,1788,1777,1785,5.217e+05,1762.7
1791,1799,1785,1797,3.113e+05,1774.6
1803,1814,1798,1814,6.079e+05,1791.4
1616.6,1628.8,1604.2,1616.8,5.2672e+05,1574.4
1616.6,1628.8,1604.2,1616.8,5.2672e+05,1574.4
1806,1815,1804.7,1810,3.989e+05,1787.4
1809,1815.3,1795,1797,4.639e+05,1774.6
1786,1791,1774,1790,6.034e+05,1767.7
1799,1811,1776,1780,1.1067e+06,1757.8
1772,1787,1758,1761,4.155e+05,1739
1616.6,1628.8,1604.2,1616.8,5.2672e+05,1574.4
1616.6,1628.8,1604.2,1616.8,5.2672e+05,1574.4
1756,1802,1752,1791,1.0958e+06,1768.7
1795,1796.3,1779.7,1791,5.017e+05,1768.7
1791,1804,1787,1804,6.756e+05,1781.5
1804,1820,1803.7,1820,6.473e+05,1797.3
1825,1834,1818,1834,5.532e+05,1811.1
1616.6,1628.8,1604.2,1616.8,5.2672e+05,1574.4
1616.6,1628.8,1604.2,1616.8,5.2672e+05,1574.4
1826,1844,1826,1840,4.295e+05,1817.1
1839,1843,1825,1836,4.841e+05,1813.1
1835,1841,1822,1840,5.532e+05,1817.1
1830,1849,1830,1844,4.585e+05,1821
1841,1851,1835,1849,3.84e+05,1825.9
1616.6,1628.8,1604.2,1616.8,5.2672e+05,1574.4
1616.6,1628.8,1604.2,1616.8,5.2672e+05,1574.4
1855,1860,1839,1855,4.284e+05,1831.9
1859,1861,1845,1845,4.417e+05,1822
1835,1850.6,1816,1827,6.711e+05,1804.2
1848,1859,1842.9,1851,4.039e+05,1827.9
1857,1868,1852,1862,3.201e+05,1838.8
1616.6,1628.8,1604.2,1616.8,5.2672e+05,1574.4
1616.6,1628.8,1604.2,1616.8,5.2672e+05,1574.4
1875,1880.2,1846,1855,3.523e+05,1831.9
1855,1858,1843,1849,5.506e+05,1825.9
1845,1846,1823,1825,4.667e+05,1802.2
1816,1829,1816,1821,3.99e+05,1798.3
1800,1822,1785,1785,5.418e+05,1762.7
1616.6,1628.8,1604.2,1616.8,5.2672e+05,1574.4
1616.6,1628.8,1604.2,1616.8,5.2672e+05,1574.4
1714,1738,1665,1671,1.3455e+06,1650.2
1698,1718.3,1681,1706,1.0002e+06,1684.7
1685,1713,1670,1687,9.507e+05,1666
1711,1720,1693,1713,8.54e+05,1691.6
1710,1739,1701,1739,8.156e+05,1717.3
1616.6,1628.8,1604.2,1616.8,5.2672e+05,1574.4
1616.6,1628.8,1604.2,1616.8,5.2672e+05,1574.4
1739,1739,1739,1739,0,1717.3
1713,1744,1713,1718,1.0582e+06,1696.6
1727,1737,1713,1724,5.745e+05,1702.5
1729,1763,1727,1753,6.519e+05,1731.1
1736,1751,1724,1724,5.806e+05,1702.5
1616.6,1628.8,1604.2,1616.8,5.2672e+05,1574.4
1616.6,1628.8,1604.2,1616.8,5.2672e+05,1574.4
1741,1742,1718,1732,3.151e+05,1710.4
1739,1764,1739,1743,4.569e+05,1721.3
1775,1780.2,1754,1758,4.509e+05,1736.1
1747,1759,1743,1749,4.694e+05,1727.2
1784,1788,1748,1755,6.572e+05,1733.1
1616.6,1628.8,1604.2,1616.8,5.2672e+05,1574.4
1616.6,1628.8,1604.2,1616.8,5.2672e+05,1574.4
1757,1768,1738,1738,6.506e+05,1716.3
1741,1748,1723,1747,5.686e+05,1725.2
1753,1770,1751,1768,4.264e+05,1746
1771,1781,1756,1759,4.243e+05,1737.1
1756,1758,1731,1739,6.771e+05,1717.3
1616.6,1628.8,1604.2,1616.8,5.2672e+05,1574.4
1616.6,1628.8,1604.2,1616.8,5.2672e+05,1574.4
1736,1757,1736,1746,2.846e+05,1724.2
1741,1761,1705,1707,6.45e+05,1685.7
1702,1732,1700,1728,4.672e+05,1706.5
1723,1738,1720,1734,6.087e+05,1712.4
1756,1784,1752,1784,5.079e+05,1761.8
1616.6,1628.8,1604.2,1616.8,5.2672e+05,1574.4
1616.6,1628.8,1604.2,1616.8,5.2672e+05,1574.4
1774,1788,1769,1776,5.869e+05,1753.9
1760,1762,1739,1739,5.621e+05,1717.3
1767,1775,1760,1770,7.696e+05,1747.9
1791,1818,1789,1792,5.348e+05,1769.7
1807,1814,1789,1804,6.125e+05,1781.5
1616.6,1628.8,1604.2,1616.8,5.2672e+05,1574.4
1616.6,1628.8,1604.2,1616.8,5.2672e+05,1574.4
1829,1846,1822,1846,6.607e+05,1823
1852,1869,1844,1860,4.988e+05,1836.8
1868,1872,1849,1857,6.226e+05,1833.8
1859,1870,1854,1861,6.195e+05,1837.8
1877,1878,1853,1856,5.052e+05,1832.9
1616.6,1628.8,1604.2,1616.8,5.2672e+05,1574.4
1616.6,1628.8,1604.2,1616.8,5.2672e+05,1574.4
1854,1865,1830,1837,4.7e+05,1814.1
1845,1851,1818,1832,6.024e+05,1809.2
1814,1825,1813,1818,9.119e+05,1795.3
1825,1841,1818,1832,4.55e+05,1809.2
1836,1843,1818,1827,6.567e+05,1804.2
1616.6,1628.8,1604.2,1616.8,5.2672e+05,1574.4
1616.6,1628.8,1604.2,1616.8,5.2672e+05,1574.4
1827,1844,1827,1838,5.085e+05,1815.1
1836,1851,1827,1845,6.483e+05,1822
1830,1830,1788,1799,1.4507e+06,1776.6
1797,1819,1782,1813,9.279e+05,1790.4
1823,1849,1819,1833,6.957e+05,1810.1
1616.6,1628.8,1604.2,1616.8,5.2672e+05,1574.4
1616.6,1628.8,1604.2,1616.8,5.2672e+05,1574.4
1827,1833,1807,1807,5.669e+05,1784.5
1810,1810,1793,1799,6.244e+05,1776.6
1799,1822,1795,1818,4.188e+05,1795.3
1818,1836,1812,1834,1.2685e+06,1811.1
1840,1859,1837,1859,9.329e+05,1835.8
1616.6,1628.8,1604.2,1616.8,5.2672e+05,1574.4
1616.6,1628.8,1604.2,1616.8,5.2672e+05,1574.4
1848,1879,1846.6,1870,5.565e+05,1846.7
1866,1885,1864,1869,5.082e+05,1845.7
1877,1888,1869,1878,5.423e+05,1854.6
1879,1885,1864,1869,4.298e+05,1845.7
1875,1906,1870,1895,6.13e+05,1871.4
1616.6,1628.8,1604.2,1616.8,5.2672e+05,1574.4
1616.6,1628.8,1604.2,1616.8,5.2672e+05,1574.4
1903,1903,1862.8,1863,5.807e+05,1839.8
1878,1884,1857,1877,6.072e+05,1853.6
1884,1898,1879,1888,4.179e+05,1864.5
1888,1904,1865,1865,5.603e+05,1841.7
1859,1862,1836,1840,4.595e+05,1817.1
1616.6,1628.8,1604.2,1616.8,5.2672e+05,1574.4
1616.6,1628.8,1604.2,1616.8,5.2672e+05,1574.4
1830,1857,1830,1852,4.054e+05,1828.9
1864,1880,1864,1880,4.711e+05,1856.6
1872,1881,1864,1878,2.967e+05,1866.3
1876,1894,1861,1886,6.12e+05,1886
1897,1900,1872,1894,4.338e+05,1894
1616.6,1628.8,1604.2,1616.8,5.2672e+05,1574.4
1616.6,1628.8,1604.2,1616.8,5.2672e+05,1574.4
1892,1899.6,1887.2,1892,4.05e+05,1892
1891,1891,1866,1876,4.483e+05,1876
1884,1914,1877,1908,6.638e+05,1908
1908,1916,1897,1901,4.62e+05,1901
1895,1912,1889,1904,2.712e+05,1904
1616.6,1628.8,1604.2,1616.8,5.2672e+05,1574.4
1616.6,1628.8,1604.2,1616.8,5.2672e+05,1574.4
1905,1925,1896,1920,7.476e+05,1920
1929,1942,1923,1928,6.013e+05,1928
1935,1954,1928,1949,4.525e+05,1949
1942,1963,1913,1913,7.283e+05,1913
1904,1940.7,1894.6,1907,4.871e+05,1907
1616.6,1628.8,1604.2,1616.8,5.2672e+05,1574.4
1616.6,1628.8,1604.2,1616.8,5.2672e+05,1574.4
1913,1940,1909.8,1917,2.589e+05,1917
1912,1922,1876,1881,5.383e+05,1881
1881,1892,1872,1872,4.311e+05,1872
1872,1875,1851,1860,3.741e+05,1860
1861,1866,1831,1831,4.625e+05,1831
1616.6,1628.8,1604.2,1616.8,5.2672e+05,1574.4
1616.6,1628.8,1604.2,1616.8,5.2672e+05,1574.4
1835,1853,1804,1805,5.676e+05,1805
1811,1851,1811,1845,5.879e+05,1845
1844,1855,1837,1847,5.264e+05,1847
1866,1876,1851,1853,7.489e+05,1853
1848,1851,1833,1841,7.98e+05,1841
1616.6,1628.8,1604.2,1616.8,5.2672e+05,1574.4
1616.6,1628.8,1604.2,1616.8,5.2672e+05,1574.4
1841,1863,1825,1825,3.857e+05,1825
1834,1842.2,1822,1827,3.637e+05,1827
1835,1865.2,1835,1862,2.785e+05,1862
1868,1872,1856,1870,54600,1870
1616.6,1628.8,1604.2,1616.8,5.2672e+05,1574.4
1616.6,1628.8,1604.2,1616.8,5.2672e+05,1574.4
1616.6,1628.8,1604.2,1616.8,5.2672e+05,1574.4
1616.6,1628.8,1604.2,1616.8,5.2672e+05,1574.4
1879,1900,1873,1900,3.39e+05,1900
1896,1904,1885,1896,3.081e+05,1896
1902,1902,1877,1885,1.118e+05,1885
1616.6,1628.8,1604.2,1616.8,5.2672e+05,1574.4
1616.6,1628.8,1604.2,1616.8,5.2672e+05,1574.4
1616.6,1628.8,1604.2,1616.8,5.2672e+05,1574.4
1874,1895.5,1833,1841,6.269e+05,1841
1857,1894,1857,1841,4.523e+05,1841
1883,1883,1844,1857,5.013e+05,1857
1831,1838,1804,1823,5.451e+05,1823
1837,1856,1829,1832,6.869e+05,1832
1616.6,1628.8,1604.2,1616.8,5.2672e+05,1574.4
1616.6,1628.8,1604.2,1616.8,5.2672e+05,1574.4
1827,1847,1825,1830,4.766e+05,1830
1829,1855,1818,1848,4.803e+05,1848
1840,1851,1826,1838,6.443e+05,1838
1818,1828,1777,1812,7.328e+05,1812
1808,1817,1765,1779,7.071e+05,1779
1616.6,1628.8,1604.2,1616.8,5.2672e+05,1574.4
1616.6,1628.8,1604.2,1616.8,5.2672e+05,1574.4
1778,1795,1758.4,1760,3.948e+05,1760
1787,1787,1766,1772,5.91e+05,1772
1744,1754,1722,1735,7.806e+05,1735
1741,1760,1729,1760,6.97e+05,1760
1787,1806,1776,1800,4.724e+05,1800
1616.6,1628.8,1604.2,1616.8,5.2672e+05,1574.4
1616.6,1628.8,1604.2,1616.8,5.2672e+05,1574.4
1810,1816,1792,1803,3.598e+05,1803
1778,1804,1765,1800,4.936e+05,1800
1802,1819,1795,1819,4.854e+05,1819
1807,1818,1789,1803,4.352e+05,1803
1798,1868,1794.2,1868,9.806e+05,1868
1616.6,1628.8,1604.2,1616.8,5.2672e+05,1574.4
1616.6,1628.8,1604.2,1616.8,5.2672e+05,1574.4
1875,1883,1853,1868,5.451e+05,1868
1865,1877,1855,1865,5.937e+05,1865
1857,1871,1834,1855,7.054e+05,1855
1879,1879,1831.2,1856,5.585e+05,1856
1859,1871,1820,1840,5.869e+05,1840
1616.6,1628.8,1604.2,1616.8,5.2672e+05,1574.4
1616.6,1628.8,1604.2,1616.8,5.2672e+05,1574.4
1852,1852,1772,1777,6.476e+05,1777
1780,1794,1763,1781,6.995e+05,1781
1797,1804,1774.6,1798,6.621e+05,1798
1786,1786,1752,1763,4.286e+05,1763
1777,1795,1767,1790,8.703e+05,1790
1616.6,1628.8,1604.2,1616.8,5.2672e+05,1574.4
1616.6,1628.8,1604.2,1616.8,5.2672e+05,1574.4
1810,1847,1810,1835,5.387e+05,1835
1842,1856,1826,1852,3.521e+05,1852
1853,1903,1853,1903,5.084e+05,1903
