448.55,450.15,444.25,445,1.4538e+07,371.49
444.1,450.8,443.6,446.35,4.2251e+07,372.62
448.5,450.79,442.43,447.75,3.514e+07,373.78
445.6,448.3,438.3,443,2.5418e+07,369.82
443.1,445.91,441.45,444.05,5.3206e+07,370.69
442.47,446.37,437.63,442.02,2.8626e+07,395.64
442.47,446.37,437.63,442.02,2.8626e+07,395.64
453,455.9,448.8,451.15,6.8742e+07,376.62
442.9,449.5,441.6,444.1,2.5336e+07,370.74
444.95,448.04,442.55,446.95,1.6049e+07,373.12
447.9,448.47,443.55,445.7,2.6238e+07,372.07
443.2,449,441.55,446.35,1.732e+07,372.62
442.47,446.37,437.63,442.02,2.8626e+07,395.64
442.47,446.37,437.63,442.02,2.8626e+07,395.64
446.45,450.01,443.22,443.9,1.8531e+07,370.57
443.9,447.94,441.65,447,2.4932e+07,373.16
447.05,451.3,445.15,449.5,3.1003e+07,375.25
450,452.13,448.4,449.6,2.1459e+07,375.33
448.95,452.91,448.2,450.7,2.642e+07,376.25
442.47,446.37,437.63,442.02,2.8626e+07,395.64
442.47,446.37,437.63,442.02,2.8626e+07,395.64
449.9,454.75,449.46,452.55,2.3333e+07,377.79
452.3,455.4,451.7,452.1,1.4903e+07,377.42
452.6,452.6,445.1,449.3,2.1888e+07,375.08
449,451.98,446.3,451.05,2.1116e+07,376.54
451.4,452.45,444.8,449.65,5.0099e+07,375.37
442.47,446.37,437.63,442.02,2.8626e+07,395.64
442.47,446.37,437.63,442.02,2.8626e+07,395.64
446.15,450.73,442.1,448.5,2.4323e+07,374.41
446.6,452.63,446.3,449.7,1.6347e+07,375.41
452.15,453.19,446.8,448,2.3661e+07,373.99
448.5,451,444.2,449.4,2.117e+07,375.16
461,463.3,456.15,457.7,6.2938e+07,382.09
442.47,446.37,437.63,442.02,2.8626e+07,395.64
442.47,446.37,437.63,442.02,2.8626e+07,395.64
460.05,461.85,457.74,459.95,2.447e+07,383.97
460.5,463.3,458.25,462.95,2.0953e+07,386.47
463.15,464.75,458.15,463.45,2.0734e+07,386.89
463,468.3,458.35,459.9,3.2871e+07,383.93
459.9,459.9,459.9,459.9,0,383.93
442.47,446.37,437.63,442.02,2.8626e+07,395.64
442.47,446.37,437.63,442.02,2.8626e+07,395.64
459.9,459.9,459.9,459.9,0,383.93
460.6,464.95,459.65,462.5,4.6348e+07,386.1
463.7,465.28,461.45,461.9,2.5132e+07,385.6
462,462,451.15,452,3.7082e+07,377.33
451.8,454.25,407.95,447.1,1.7202e+07,373.24
442.47,446.37,437.63,442.02,2.8626e+07,395.64
442.47,446.37,437.63,442.02,2.8626e+07,395.64
449.15,451.45,444.75,448.05,2.7684e+07,374.03
450.1,451.99,447.89,450.75,1.9528e+07,376.29
452.65,455.45,449.8,452,2.3167e+07,377.33
451.5,453.4,449.25,451.7,1.6517e+07,377.08
450.3,452.45,445.85,448,1.4331e+07,373.99
442.47,446.37,437.63,442.02,2.8626e+07,395.64
442.47,446.37,437.63,442.02,2.8626e+07,395.64
448.4,452.3,441.5,446.5,2.6149e+07,372.74
445.95,449.64,443.55,445.6,1.9078e+07,371.99
447.3,447.3,438.8,440.7,2.1226e+07,367.9
440.1,443.5,437.25,441.8,2.0922e+07,368.82
448.55,449,444.25,446.7,3.5621e+07,372.91
442.47,446.37,437.63,442.02,2.8626e+07,395.64
442.47,446.37,437.63,442.02,2.8626e+07,395.64
449.35,450.1,444.55,446.65,2.245e+07,372.87
447.5,451.65,445,451.65,2.0631e+07,377.04
452.85,459.25,451.8,458.15,2.5478e+07,382.47
455.6,463.07,454.85,458.7,2.3367e+07,382.93
455.95,457.56,450.1,454.1,2.0984e+07,379.08
442.47,446.37,437.63,442.02,2.8626e+07,395.64
442.47,446.37,437.63,442.02,2.8626e+07,395.64
453.9,456.95,451.4,456.75,1.963e+07,381.3
475,475,465,466.4,5.2676e+07,389.35
468.9,473.47,463.3,465.35,2.0644e+07,388.48
465.75,469.5,464.1,466.25,2.1565e+07,389.23
467.45,473.4,465.85,471.3,1.9237e+07,393.44
442.47,446.37,437.63,442.02,2.8626e+07,395.64
442.47,446.37,437.63,442.02,2.8626e+07,395.64
471.3,471.3,471.3,471.3,0,393.44
473.1,473.9,467,473.65,2.2085e+07,395.4
468.85,471.8,464.35,467.05,1.9058e+07,394.76
466.05,468.5,463.05,465.5,1.696e+07,393.45
466.1,470.75,464.6,465.7,1.855e+07,393.62
442.47,446.37,437.63,442.02,2.8626e+07,395.64
442.47,446.37,437.63,442.02,2.8626e+07,395.64
466.2,467.5,464.32,465.55,1.9255e+07,393.49
467.7,469.97,465,468.55,2.0249e+07,396.03
469.95,470,466.85,467.6,2.6383e+07,395.22
468.1,470,464.5,465.8,2.6275e+07,393.7
465.7,470.15,462.7,469.95,2.3201e+07,397.21
442.47,446.37,437.63,442.02,2.8626e+07,395.64
442.47,446.37,437.63,442.02,2.8626e+07,395.64
470.4,473.16,468.2,472.55,1.8012e+07,399.41
472.55,477.65,470.34,477.65,1.9523e+07,403.72
479.95,485.43,478.2,483.3,3.8875e+07,408.49
475,480.6,473.9,477.5,3.8449e+07,403.59
480.4,481.55,475.27,476.4,2.8305e+07,402.66
442.47,446.37,437.63,442.02,2.8626e+07,395.64
442.47,446.37,437.63,442.02,2.8626e+07,395.64
476.4,476.4,476.4,476.4,0,402.66
479.15,484.7,477.45,482.65,2.5762e+07,407.94
482.5,482.5,477.45,477.5,2.5601e+07,403.59
477.75,481.8,476.2,478.3,2.1122e+07,404.27
476.5,476.78,473.09,473.45,4.6983e+07,400.17
442.47,446.37,437.63,442.02,2.8626e+07,395.64
442.47,446.37,437.63,442.02,2.8626e+07,395.64
470.9,472.2,460.95,469,2.4635e+07,396.41
471.45,472.94,468.45,469.5,1.8577e+07,396.83
467.55,472,462.45,464.1,2.0149e+07,392.26
465,467.95,458,458,1.9349e+07,387.11
459.2,463.07,456.85,461,3.0329e+07,389.64
442.47,446.37,437.63,442.02,2.8626e+07,395.64
442.47,446.37,437.63,442.02,2.8626e+07,395.64
459.6,463.25,458.15,461.85,1.9287e+07,390.36
461.8,462.65,455.75,460.3,2.1494e+07,389.05
459.85,462.45,453.65,454.75,1.6098e+07,384.36
450.05,455.5,449.85,453.45,2.4429e+07,383.26
455.5,457.9,451.8,453.8,2.2663e+07,383.56
442.47,446.37,437.63,442.02,2.8626e+07,395.64
442.47,446.37,437.63,442.02,2.8626e+07,395.64
455.95,460.3,452.15,458.2,2.3797e+07,387.28
458.65,461.5,456.7,460.4,1.9307e+07,389.14
461.85,462.8,454.6,455,1.9841e+07,384.57
453.7,455,447.7,449.2,2.795e+07,379.67
448.5,451.43,445.15,445.85,5.6108e+07,376.84
442.47,446.37,437.63,442.02,2.8626e+07,395.64
442.47,446.37,437.63,442.02,2.8626e+07,395.64
447,456.32,443.35,444.95,3.2001e+07,376.08
448.5,452.45,445.64,448.55,3.554e+07,379.12
448.85,454.35,446.05,452,1.4343e+07,382.04
453.15,457.65,450.35,456.6,2.3264e+07,385.93
456,458.3,451.8,455.25,2.3433e+07,384.79
442.47,446.37,437.63,442.02,2.8626e+07,395.64
442.47,446.37,437.63,442.02,2.8626e+07,395.64
459.5,460.04,455,457.95,1.7603e+07,387.07
458.1,458.1,452.4,455.65,1.5923e+07,385.12
452.25,453.15,446.35,448.1,1.8427e+07,378.74
451.25,457.9,449.7,454.75,2.0784e+07,384.36
457.1,457.65,453.25,454,2.4418e+07,383.73
442.47,446.37,437.63,442.02,2.8626e+07,395.64
442.47,446.37,437.63,442.02,2.8626e+07,395.64
458.25,462.45,457.8,460.45,1.3555e+07,389.18
462.45,465.75,460.98,464.8,1.6195e+07,392.86
465.25,469.88,462.93,469.45,1.6233e+07,396.79
471.9,473.35,464.3,464.75,2.1559e+07,392.81
465.35,467.35,462.45,464.15,1.3607e+07,392.31
442.47,446.37,437.63,442.02,2.8626e+07,395.64
442.47,446.37,437.63,442.02,2.8626e+07,395.64
464.2,469.73,463.3,465.85,1.4985e+07,393.74
466.9,469.25,464.7,465.2,1.7247e+07,393.19
466.25,467.6,463.25,466.5,1.5835e+07,394.29
465.5,471.85,464.87,470.4,1.501e+07,397.59
468.95,470.85,465,469.8,2.1461e+07,397.08
442.47,446.37,437.63,442.02,2.8626e+07,395.64
442.47,446.37,437.63,442.02,2.8626e+07,395.64
469.8,486.75,467.5,468.45,1.2411e+07,395.94
471,474.61,469.66,470.75,1.7187e+07,397.88
472,477.53,470.13,473.9,1.5071e+07,400.55
473.3,474.5,468.6,473.55,1.0738e+07,400.25
474.9,476.45,469.59,471,1.049e+07,398.1
442.47,446.37,437.63,442.02,2.8626e+07,395.64
442.47,446.37,437.63,442.02,2.8626e+07,395.64
470.15,473.7,466.45,467.4,1.3419e+07,395.05
460,460.58,443.35,451.45,4.3964e+07,381.57
454.75,459.3,452.3,454.55,3.2185e+07,384.19
457.95,459,451.85,458.5,2.0268e+07,387.53
459.45,460.53,454.75,455.4,1.3259e+07,384.91
442.47,446.37,437.63,442.02,2.8626e+07,395.64
442.47,446.37,437.63,442.02,2.8626e+07,395.64
457.25,459.69,451.25,455.75,1.1292e+07,385.21
454.5,456.9,451.6,454.35,3.5483e+07,384.02
448,454.2,443.55,443.55,1.9418e+07,379.71
445.1,455.66,440.2,441.8,1.8326e+07,378.21
443.1,446.28,441.5,443.25,1.7082e+07,379.45
442.47,446.37,437.63,442.02,2.8626e+07,395.64
442.47,446.37,437.63,442.02,2.8626e+07,395.64
444.5,446.54,442.55,442.9,1.3443e+07,379.15
443.9,446.93,434.52,446.25,1.648e+07,382.02
446.3,448.95,443.45,446.25,2.716e+07,382.02
444,444.98,440,441.2,2.2492e+07,377.7
440.9,442.13,439.5,441.7,2.0088e+07,378.13
442.47,446.37,437.63,442.02,2.8626e+07,395.64
442.47,446.37,437.63,442.02,2.8626e+07,395.64
441.95,442.25,438.25,439.5,1.1928e+07,376.25
437.05,437.7,434.6,437.2,1.8065e+07,374.28
436.5,436.9,430.3,432.55,1.7718e+07,370.3
432,438.9,432,437,1.5043e+07,374.1
437.1,443.89,434.25,442.95,1.8569e+07,379.2
442.47,446.37,437.63,442.02,2.8626e+07,395.64
442.47,446.37,437.63,442.02,2.8626e+07,395.64
442.95,442.95,442.95,442.95,0,379.2
441.5,448.23,439.65,447.1,3.0354e+07,382.75
447,453.6,445.22,452.65,2.9972e+07,387.5
454.05,454.15,448.25,450.9,1.7874e+07,386
449.05,451.26,444.6,446.2,2.9732e+07,381.98
442.47,446.37,437.63,442.02,2.8626e+07,395.64
442.47,446.37,437.63,442.02,2.8626e+07,395.64
446.5,447.05,443.7,445.55,1.524e+07,381.42
445.65,446.8,440.65,441.85,1.9464e+07,378.26
442.75,443.65,439.25,443.15,1.0242e+07,379.37
442,445.75,438.7,445.75,1.3415e+07,381.6
444.8,446.85,442.25,445.55,1.2245e+07,381.42
442.47,446.37,437.63,442.02,2.8626e+07,395.64
442.47,446.37,437.63,442.02,2.8626e+07,395.64
445.6,446.2,442,444.1,1.0366e+07,380.18
447,448,442.86,443.75,1.2798e+07,379.88
445,453.87,443.59,445.8,2.0099e+07,381.64
447.1,448.33,444.55,444.7,1.6669e+07,380.7
441.3,442.69,440.45,442.5,1.8623e+07,378.81
442.47,446.37,437.63,442.02,2.8626e+07,395.64
442.47,446.37,437.63,442.02,2.8626e+07,395.64
444.9,448.06,441.7,443.25,1.6644e+07,379.45
442.7,442.7,439.87,440,2.5235e+07,376.67
438.85,441.45,436.2,438.3,1.8866e+07,375.22
440.7,442.08,438.1,440.1,2.1844e+07,376.76
438.6,448.5,438.15,442.05,6.1781e+07,378.43
442.47,446.37,437.63,442.02,2.8626e+07,395.64
442.47,446.37,437.63,442.02,2.8626e+07,395.64
442.5,443.95,438.75,440.2,1.4884e+07,376.84
439,443.29,438.95,442.3,1.5394e+07,378.64
441.3,442.4,438.3,441.5,1.5007e+07,377.96
441.1,444.92,440.15,444.35,1.4412e+07,380.4
445,445.75,275.44,441.1,1.845e+07,377.61
442.47,446.37,437.63,442.02,2.8626e+07,395.64
442.47,446.37,437.63,442.02,2.8626e+07,395.64
438,458.28,430.85,433.1,3.1548e+07,370.77
434.1,435.4,430.04,432.45,1.5547e+07,370.21
430.7,434.63,426.55,432.3,1.8129e+07,370.08
439,441.16,435.15,437.15,3.4068e+07,374.23
437.2,440.8,435.1,438.25,1.2925e+07,375.18
442.47,446.37,437.63,442.02,2.8626e+07,395.64
442.47,446.37,437.63,442.02,2.8626e+07,395.64
437.25,439.15,433.95,438.6,1.5222e+07,375.47
437.4,438.25,432.6,433.7,1.8275e+07,371.28
434,437.64,431.28,433.45,1.6501e+07,371.07
435.1,437.37,432.9,437.3,1.9187e+07,374.36
438.5,440,435.7,439.65,1.2752e+07,376.37
442.47,446.37,437.63,442.02,2.8626e+07,395.64
442.47,446.37,437.63,442.02,2.8626e+07,395.64
438.85,443.89,437.59,443.4,1.5528e+07,379.58
445,447.89,442.65,444.65,1.7686e+07,380.65
444.55,447.75,444.45,445.75,3.2737e+07,381.6
443.9,444.9,440.15,443.9,1.946e+07,380.01
445.3,447.48,443.45,447.45,2.4021e+07,383.05
442.47,446.37,437.63,442.02,2.8626e+07,395.64
442.47,446.37,437.63,442.02,2.8626e+07,395.64
448.9,450.87,446.33,449.55,1.3109e+07,384.85
449.85,450.21,447.3,448,2.0814e+07,383.52
447.85,450.48,445.85,449.25,1.4719e+07,384.59
452.7,453.38,448.8,450.15,1.7643e+07,385.36
449.5,454.55,449.5,451.15,1.8693e+07,386.22
442.47,446.37,437.63,442.02,2.8626e+07,395.64
442.47,446.37,437.63,442.02,2.8626e+07,395.64
450.8,452.1,448.1,452.1,1.8621e+07,387.03
467,478.65,455,477.5,6.5063e+07,408.77
478,491.27,477.45,482,3.9045e+07,412.63
482.35,487.45,480.16,482.7,3.886e+07,413.23
484.75,487.7,483.5,484.75,1.9292e+07,414.98
442.47,446.37,437.63,442.02,2.8626e+07,395.64
442.47,446.37,437.63,442.02,2.8626e+07,395.64
487.7,490.45,485.8,489.2,2.0516e+07,418.79
490,490,485.15,488.05,2.1069e+07,417.81
483,487.2,482.02,484.45,2.6393e+07,419.71
484.6,489.45,479.25,480.45,2.0609e+07,416.25
477.8,478.8,474.1,477.65,2.0366e+07,413.82
442.47,446.37,437.63,442.02,2.8626e+07,395.64
442.47,446.37,437.63,442.02,2.8626e+07,395.64
479.55,482.56,477.78,481.15,1.3951e+07,416.86
479.85,484.25,479.05,483.9,5.4363e+07,419.24
480.35,483.19,479.1,481.25,3.1469e+07,416.94
483.95,484.4,480.5,483.3,2.3266e+07,418.72
483.5,488.6,481.25,488.1,2.7339e+07,422.88
442.47,446.37,437.63,442.02,2.8626e+07,395.64
442.47,446.37,437.63,442.02,2.8626e+07,395.64
486.75,490.48,486.13,488.55,2.3195e+07,423.27
487.8,487.95,484.35,486.75,2.1046e+07,421.71
486,489.55,484.9,487.95,1.4526e+07,422.75
487.8,490.2,485.13,489.35,1.5251e+07,423.96
489.75,494.2,487.95,493.45,2.0244e+07,427.51
442.47,446.37,437.63,442.02,2.8626e+07,395.64
442.47,446.37,437.63,442.02,2.8626e+07,395.64
493,493,489.04,490.1,2.1263e+07,424.61
490,490.75,486.15,487,2.6249e+07,421.92
485.8,488.01,481.6,482.05,2.72e+07,417.63
482.05,483.21,481,481.5,9.489e+06,417.16
481.2,483.75,481,482,1.8942e+07,417.59
442.47,446.37,437.63,442.02,2.8626e+07,395.64
442.47,446.37,437.63,442.02,2.8626e+07,395.64
481.3,483,475.29,475.3,2.0756e+07,411.79
477.05,478.35,471.71,473.6,1.5616e+07,410.31
473.65,479.73,469.95,476.5,2.3016e+07,412.83
475.65,477.75,474.03,475.15,1.5064e+07,411.66
477.85,480.55,475,477.45,1.8134e+07,413.65
442.47,446.37,437.63,442.02,2.8626e+07,395.64
442.47,446.37,437.63,442.02,2.8626e+07,395.64
479.3,483.35,476.25,476.8,1.6628e+07,413.09
475.75,477.65,473.15,473.15,1.9554e+07,409.92
473.45,477.9,471.9,477.2,1.9308e+07,413.43
477.7,478.2,469.85,470.75,1.8161e+07,407.84
468.2,470.41,465.45,465.7,1.8753e+07,403.47
442.47,446.37,437.63,442.02,2.8626e+07,395.64
442.47,446.37,437.63,442.02,2.8626e+07,395.64
467.1,473.65,466.03,473.2,2.3331e+07,409.97
470.1,470.96,465,465,4.0823e+07,402.86
467.4,471.52,464.15,464.9,2.8053e+07,402.78
471,472.69,468.25,472.55,3.5716e+07,409.4
475,477.6,472.03,477.6,6.4749e+07,413.78
442.47,446.37,437.63,442.02,2.8626e+07,395.64
442.47,446.37,437.63,442.02,2.8626e+07,395.64
479,484.9,477.45,484.85,1.5944e+07,420.06
487.85,490.97,485.12,486.2,4.9257e+06,421.23
486.2,486.2,486.2,486.2,0,421.23
486.2,486.2,486.2,486.2,0,421.23
485.65,490.65,482.3,488.7,1.0627e+07,423.4
442.47,446.37,437.63,442.02,2.8626e+07,395.64
442.47,446.37,437.63,442.02,2.8626e+07,395.64
489.1,490.85,484.5,485.75,1.0395e+07,420.84
489.1,491.26,488.05,488.05,5.9456e+06,422.83
488.05,488.05,488.05,488.05,0,422.83
490.95,490.95,484.65,488.85,1.7485e+07,423.53
488.85,493.4,486.2,487.9,1.8105e+07,422.7
442.47,446.37,437.63,442.02,2.8626e+07,395.64
442.47,446.37,437.63,442.02,2.8626e+07,395.64
488.35,491.6,485.1,488.95,1.8271e+07,423.61
488.05,495.11,484.1,494,2.3079e+07,427.99
494.5,494.72,491.25,492.85,1.547e+07,426.99
495.1,499.9,494.1,495.3,2.462e+07,429.11
489,499.35,487,497,3.7148e+07,430.59
442.47,446.37,437.63,442.02,2.8626e+07,395.64
442.47,446.37,437.63,442.02,2.8626e+07,395.64
496.3,497.65,490.54,495.8,2.192e+07,429.55
490.95,492.81,487,491.05,2.2855e+07,425.43
493.4,494.9,491.05,492.85,2.763e+07,426.99
490.9,491.35,487.4,489.45,2.5223e+07,424.05
482,492,473.7,491.05,4.4814e+07,425.43
442.47,446.37,437.63,442.02,2.8626e+07,395.64
442.47,446.37,437.63,442.02,2.8626e+07,395.64
490.4,494.7,487.3,494.3,1.4172e+07,428.25
494.15,495.3,490.7,491.3,1.9202e+07,425.65
491.3,495.4,490.7,493.6,2.2672e+07,427.64
491.8,494.3,487.74,488.15,2.7973e+07,422.92
489.7,493.05,485.45,486.65,3.3118e+07,421.62
442.47,446.37,437.63,442.02,2.8626e+07,395.64
442.47,446.37,437.63,442.02,2.8626e+07,395.64
485.1,487.1,474.45,475.8,3.2013e+07,412.22
477.6,480.65,474.65,476.9,2.1128e+07,413.17
479.75,480.45,472.55,476.9,2.3157e+07,413.17
477.9,482.6,476.65,477.9,2.1379e+07,414.04
478,480.1,470.15,478,2.235e+07,414.13
442.47,446.37,437.63,442.02,2.8626e+07,395.64
442.47,446.37,437.63,442.02,2.8626e+07,395.64
475.9,479.06,472.75,473.6,2.0847e+07,410.31
472.5,476.35,463.8,473.8,3.7356e+07,410.49
473.55,476.1,468.85,470.05,2.3359e+07,407.24
472.2,484,469.68,482.15,3.2477e+07,417.72
483.75,486.05,476.75,481.7,3.3843e+07,417.33
442.47,446.37,437.63,442.02,2.8626e+07,395.64
442.47,446.37,437.63,442.02,2.8626e+07,395.64
483.95,488.17,478.74,482.05,1.6494e+07,417.63
484.4,491.75,484.35,491.75,2.6183e+07,426.04
487.35,493.2,486,487.05,2.5416e+07,426.92
487.15,490,482.2,485.2,1.9056e+07,425.3
484.5,487.65,482.4,486.4,1.643e+07,426.35
442.47,446.37,437.63,442.02,2.8626e+07,395.64
442.47,446.37,437.63,442.02,2.8626e+07,395.64
486.4,492.35,483.95,487.7,2.0056e+07,427.49
488.4,495.85,488.04,495.1,3.2133e+07,433.98
495.6,499.55,492.35,495,2.8185e+07,433.89
493.8,500,493.72,499.55,3.7333e+07,437.88
500.8,505.2,499.45,501.7,3.949e+07,439.76
442.47,446.37,437.63,442.02,2.8626e+07,395.64
442.47,446.37,437.63,442.02,2.8626e+07,395.64
498.4,505.95,498.4,505.9,3.2337e+07,443.44
506,509.95,503.5,508,5.3548e+07,445.28
507,510,504.7,506.8,2.1231e+07,444.23
504.9,508.4,500.8,503.3,2.2887e+07,441.16
504.8,506.1,501.1,504.4,3.7274e+07,442.13
442.47,446.37,437.63,442.02,2.8626e+07,395.64
442.47,446.37,437.63,442.02,2.8626e+07,395.64
499.7,500,491.8,492.9,3.8156e+07,432.05
492.85,495.45,481,491.5,3.3572e+07,430.82
491,491,485.2,486,2.7283e+07,426
488.15,489.7,485.1,486.9,1.8091e+07,426.79
487.85,488.3,480.05,480.05,3.1978e+07,420.79
442.47,446.37,437.63,442.02,2.8626e+07,395.64
442.47,446.37,437.63,442.02,2.8626e+07,395.64
480,487.15,479.25,484,3.3761e+07,424.25
484.15,487.85,483.2,484,2.7942e+07,424.25
483.1,485.8,482.15,482.6,2.4078e+07,423.02
484.1,484.3,477.85,478.5,2.0069e+07,419.43
478.8,486.07,476.3,477.25,2.6241e+07,418.33
442.47,446.37,437.63,442.02,2.8626e+07,395.64
442.47,446.37,437.63,442.02,2.8626e+07,395.64
479.2,479.96,475.07,476.85,2.8049e+07,417.98
476.05,480.5,475.05,477,3.195e+07,418.11
477.15,479.05,473.5,476.95,2.1131e+07,418.07
477,477,467.6,468.25,5.6122e+07,410.44
468.5,474,462.64,468.75,9.5673e+07,410.88
442.47,446.37,437.63,442.02,2.8626e+07,395.64
442.47,446.37,437.63,442.02,2.8626e+07,395.64
470.45,473.4,468.15,468.5,3.0042e+07,410.66
470.15,476.35,466,473.95,3.423e+07,415.44
473.25,479.75,472,476.2,2.062e+07,417.41
474.1,477.15,471.5,476.35,2.1691e+07,417.54
477.9,497.69,476.95,484.15,2.4941e+07,424.38
442.47,446.37,437.63,442.02,2.8626e+07,395.64
442.47,446.37,437.63,442.02,2.8626e+07,395.64
485.35,486.6,478.8,480,3.2543e+07,420.74
480.7,484.95,480.5,484.3,1.5141e+07,424.51
484.15,488.15,482,485.4,1.7402e+07,425.47
484.85,488.8,482.8,485.15,1.51e+07,425.26
486.6,495.68,483.4,490.05,1.7303e+07,429.55
442.47,446.37,437.63,442.02,2.8626e+07,395.64
442.47,446.37,437.63,442.02,2.8626e+07,395.64
486,489.46,482.8,484.85,2.7091e+07,424.99
482.9,485.15,476.9,477.2,2.5438e+07,418.29
478.2,483.15,477.87,482.9,1.6199e+07,423.28
484.55,486.29,481,484,1.4131e+07,424.25
480.9,482.65,475.1,475.45,2.0172e+07,416.75
442.47,446.37,437.63,442.02,2.8626e+07,395.64
442.47,446.37,437.63,442.02,2.8626e+07,395.64
471.55,474.55,467.1,474.55,5.8617e+07,415.96
474.85,478.15,472.8,473.5,4.0337e+07,415.04
476.5,479.9,476,478.5,1.4978e+07,419.43
480.2,483,477.5,482.05,1.617e+07,422.54
482.05,482.05,482.05,482.05,0,422.54
442.47,446.37,437.63,442.02,2.8626e+07,395.64
442.47,446.37,437.63,442.02,2.8626e+07,395.64
482.05,482.05,482.05,482.05,0,422.54
483.25,488.2,482.29,486.6,2.935e+07,426.53
486.7,487.25,482.35,485.85,2.3685e+07,425.87
487.5,489.65,486,489.35,3.2969e+07,428.94
490,496,489.18,493.5,3.2281e+07,432.57
442.47,446.37,437.63,442.02,2.8626e+07,395.64
442.47,446.37,437.63,442.02,2.8626e+07,395.64
490.85,492.25,483.95,488.35,3.3475e+07,428.06
491,502.65,491,502.6,4.6834e+07,440.55
496.75,506.1,495.5,499.2,3.2946e+07,437.57
503.9,505.5,496.1,498.05,1.1872e+07,436.56
498.65,503.8,497.75,501.7,2.5918e+07,439.76
442.47,446.37,437.63,442.02,2.8626e+07,395.64
442.47,446.37,437.63,442.02,2.8626e+07,395.64
501.7,501.7,501.7,501.7,0,439.76
503.9,504.59,499.65,501,2.0306e+07,439.15
495.75,504.2,494,501.4,2.7717e+07,444.65
501.6,506.78,499.75,501.3,2.3749e+07,444.56
501.6,502.77,499,500.9,1.3421e+07,444.21
442.47,446.37,437.63,442.02,2.8626e+07,395.64
442.47,446.37,437.63,442.02,2.8626e+07,395.64
501.3,504.43,498.9,501.3,1.5642e+07,444.56
502,502,497.35,500.2,1.6502e+07,443.59
500.3,504.2,499.2,503.5,1.8438e+07,446.51
504.4,505.3,500.04,503,2.3201e+07,446.07
504.9,508.1,502.98,507.1,2.8256e+07,449.71
442.47,446.37,437.63,442.02,2.8626e+07,395.64
442.47,446.37,437.63,442.02,2.8626e+07,395.64
508.4,510.26,505.83,509.1,2.0882e+07,451.48
504.8,506.9,501,506.3,2.1047e+07,449
505.1,509.3,505.1,509.3,2.8273e+07,451.66
511.1,511.1,501,508.2,1.9289e+07,450.68
507.6,507.92,504.7,506.97,1.2188e+07,449.59
442.47,446.37,437.63,442.02,2.8626e+07,395.64
442.47,446.37,437.63,442.02,2.8626e+07,395.64
506.97,506.97,506.97,506.97,0,449.59
508.9,508.9,503.5,504.2,1.8388e+07,447.14
503.7,507.95,502.6,506.1,1.7777e+07,448.82
505.8,509.4,504.7,505.6,1.2035e+07,448.38
503.9,506.6,501,503,3.4703e+07,446.07
442.47,446.37,437.63,442.02,2.8626e+07,395.64
442.47,446.37,437.63,442.02,2.8626e+07,395.64
504.5,506.5,503.3,504.9,1.8275e+07,447.76
503.5,505.3,501.5,503.2,1.2548e+07,446.25
502.4,502.6,496.6,497.85,1.9707e+07,441.51
498.75,502.1,494.3,499.7,1.6409e+07,443.14
499.4,505,498.15,505,1.4918e+07,447.85
442.47,446.37,437.63,442.02,2.8626e+07,395.64
442.47,446.37,437.63,442.02,2.8626e+07,395.64
504.1,506.4,502.8,505.6,8.3168e+06,448.38
504.4,507.2,502.63,507.2,2.7923e+07,449.8
508.9,509.2,503.54,506,1.2554e+07,448.73
505.2,509,503.8,508.3,1.511e+07,450.77
509.1,513.96,505.2,507.5,4.1582e+07,450.06
442.47,446.37,437.63,442.02,2.8626e+07,395.64
442.47,446.37,437.63,442.02,2.8626e+07,395.64
507.5,510.5,505.6,505.6,2.1881e+07,448.38
507.4,508,503.7,506.1,1.444e+07,448.82
508,514.55,504.9,514.4,3.145e+07,456.18
515.9,519.04,515.25,515.7,2.1077e+07,457.33
515.7,520.6,513.8,518.6,3.6497e+07,459.91
442.47,446.37,437.63,442.02,2.8626e+07,395.64
442.47,446.37,437.63,442.02,2.8626e+07,395.64
517.4,521.3,515,520,1.5358e+07,461.15
521,526.8,520.61,523.9,2.2225e+07,464.61
519.1,520.5,515.94,516.9,2e+07,458.4
516.8,518,511.7,515.5,1.4491e+07,457.16
516,519.8,514.6,514.6,1.2083e+07,456.36
442.47,446.37,437.63,442.02,2.8626e+07,395.64
442.47,446.37,437.63,442.02,2.8626e+07,395.64
516.3,519.3,513.12,514.9,1.8425e+07,456.63
516.5,518.5,513.7,515.3,1.3195e+07,456.98
515.8,520,514.6,519.8,1.4398e+07,460.97
520.7,521.65,515.6,516.9,1.4036e+07,458.4
516.5,521.35,516.1,519.2,6.617e+06,460.44
442.47,446.37,437.63,442.02,2.8626e+07,395.64
442.47,446.37,437.63,442.02,2.8626e+07,395.64
519,519.4,512.13,513.7,1.4471e+07,455.56
514.3,514.8,509.9,510.7,2.0285e+07,452.9
509.6,509.9,503.5,508,1.5635e+07,450.51
507.9,508.9,502.5,503.7,1.3941e+07,446.69
504.9,505.86,501.93,503.8,1.1849e+07,446.78
442.47,446.37,437.63,442.02,2.8626e+07,395.64
442.47,446.37,437.63,442.02,2.8626e+07,395.64
503.4,507.15,501.2,503.4,1.3806e+07,446.43
502.4,505.7,499.85,500.3,1.4329e+07,443.68
501.5,507.7,500.8,506.6,1.4849e+07,449.26
504.9,525.8,495.9,496.8,3.4407e+07,440.57
495.75,497.31,492.44,493.7,2.3743e+07,437.82
442.47,446.37,437.63,442.02,2.8626e+07,395.64
442.47,446.37,437.63,442.02,2.8626e+07,395.64
492.45,496.15,491.85,492.05,2.6333e+07,436.36
495.25,499,494,498.5,1.9392e+07,442.08
496.9,501.7,495.05,500.8,2.0261e+07,444.12
500,504,498.7,503.8,1.3305e+07,446.78
501.9,503,498.35,499.1,2.131e+07,442.61
442.47,446.37,437.63,442.02,2.8626e+07,395.64
442.47,446.37,437.63,442.02,2.8626e+07,395.64
499.45,499.45,494,496.85,1.8728e+07,440.62
499.55,501.3,483.28,484.25,3.6876e+07,429.44
482,486.33,479.5,481.75,3.3202e+07,427.23
485,487.9,482.75,484,3.7728e+07,429.22
483.9,485.95,476.65,482.95,2.6501e+07,428.29
442.47,446.37,437.63,442.02,2.8626e+07,395.64
442.47,446.37,437.63,442.02,2.8626e+07,395.64
482.5,487.4,480.15,484.55,2.1748e+07,429.71
487.75,490.15,482.3,482.3,1.9568e+07,427.71
475,478.1,473.05,473.7,3.8585e+07,425.34
474,476.65,468.45,469.1,2.8961e+07,421.21
466.35,468.8,463.68,464.05,2.8089e+07,416.68
442.47,446.37,437.63,442.02,2.8626e+07,395.64
442.47,446.37,437.63,442.02,2.8626e+07,395.64
469.85,472.7,467.36,469,2.5234e+07,421.12
470.45,471.9,466.7,468.9,1.8309e+07,421.03
469.65,472.3,466.89,470.25,2.664e+07,422.25
470.75,474.74,469.05,472,1.8014e+07,423.82
473.5,475.5,469.35,470.95,2.4317e+07,422.87
442.47,446.37,437.63,442.02,2.8626e+07,395.64
442.47,446.37,437.63,442.02,2.8626e+07,395.64
472.85,476.89,472.85,474,1.8664e+07,425.61
477.25,481.6,475.65,481.6,2.2852e+07,432.44
483.95,485.5,475.03,481,1.8555e+07,431.9
483.1,485.05,481.5,483.85,1.3855e+07,434.46
483.4,485.2,480,485.1,1.4781e+07,435.58
442.47,446.37,437.63,442.02,2.8626e+07,395.64
442.47,446.37,437.63,442.02,2.8626e+07,395.64
485.1,485.1,485.1,485.1,0,435.58
487.75,487.75,482.75,485.75,2.0629e+07,436.16
485.25,486.93,483.6,485.4,1.4194e+07,435.85
483.1,485.2,480.8,482.35,2.1661e+07,433.11
481.9,483.95,477.45,481.65,2.7675e+07,432.48
442.47,446.37,437.63,442.02,2.8626e+07,395.64
442.47,446.37,437.63,442.02,2.8626e+07,395.64
481.95,483,480,482.7,1.5754e+07,433.43
484.5,486.14,475.8,477.3,3.122e+07,428.58
478.05,485.6,476.5,483.75,3.7637e+07,434.37
484.7,488.8,453.8,455,8.9162e+07,408.55
457,467.25,450.3,466.8,6.7697e+07,419.15
442.47,446.37,437.63,442.02,2.8626e+07,395.64
442.47,446.37,437.63,442.02,2.8626e+07,395.64
468.25,468.97,458.25,468.7,3.2296e+07,420.85
467.8,482,462.7,466.85,3.1744e+07,419.19
467.45,473.95,466.9,471.6,3.6037e+07,423.46
476.35,478.37,462.06,472.2,3.3554e+07,424
472.6,494.9,458.67,470.15,2.9882e+07,422.16
442.47,446.37,437.63,442.02,2.8626e+07,395.64
442.47,446.37,437.63,442.02,2.8626e+07,395.64
467,468.3,462.5,468.3,2.0629e+07,420.5
469.1,473,465.6,472.35,2.2334e+07,424.13
472.6,478.33,469.8,471.05,2.2949e+07,422.96
470.75,475.9,469.95,471.3,2.4536e+07,423.19
475.1,478.4,473.3,473.3,4.902e+07,424.98
442.47,446.37,437.63,442.02,2.8626e+07,395.64
442.47,446.37,437.63,442.02,2.8626e+07,395.64
473.05,475.21,468.55,469.95,1.8767e+07,421.98
470,471.3,464.85,466.05,2.3291e+07,418.47
466.05,468,455.15,464.95,2.7418e+07,417.49
462.85,463.75,450.15,451.8,5.4817e+07,405.68
450.8,453.71,440.72,451.7,3.9204e+07,405.59
442.47,446.37,437.63,442.02,2.8626e+07,395.64
442.47,446.37,437.63,442.02,2.8626e+07,395.64
454.2,456.65,444.03,456.35,2.6906e+07,409.76
457,458.51,450.55,453.45,3.0957e+07,407.16
454.85,455.45,449.55,452.75,2.3032e+07,406.53
452.4,452.9,439.85,440.1,3.2611e+07,395.17
446.95,447.7,441.7,445,2.3157e+07,399.57
442.47,446.37,437.63,442.02,2.8626e+07,395.64
442.47,446.37,437.63,442.02,2.8626e+07,395.64
445.45,448.45,442.35,446.1,2.2079e+07,400.56
444.95,445.5,440.45,441.75,2.4376e+07,396.65
442.4,444.2,438.63,440.15,2.5776e+07,395.22
442.7,445.17,434.6,435.15,2.391e+07,390.73
433.9,434.5,428.05,428.15,3.4687e+07,384.44
442.47,446.37,437.63,442.02,2.8626e+07,395.64
442.47,446.37,437.63,442.02,2.8626e+07,395.64
427.9,434.45,425.55,431.95,3.1123e+07,387.86
429,430.07,423.25,426.65,4.2724e+07,383.1
427.1,428.95,416.7,416.7,3.3743e+07,374.16
419.8,423.3,405.35,420,5.3984e+07,377.13
422.6,431.54,419.5,428.5,4.7853e+07,384.76
442.47,446.37,437.63,442.02,2.8626e+07,395.64
442.47,446.37,437.63,442.02,2.8626e+07,395.64
428.8,430.05,419.65,421.9,2.5041e+07,378.83
420.4,434.14,419.65,433.65,2.8861e+07,389.38
433.55,436.15,431.15,434.25,3.1238e+07,389.92
431.45,440.64,426.7,438.95,3.2501e+07,394.14
435.8,437.3,431.9,432.85,2.204e+07,388.66
442.47,446.37,437.63,442.02,2.8626e+07,395.64
442.47,446.37,437.63,442.02,2.8626e+07,395.64
438.25,439.6,428.15,430.25,1.8065e+07,386.33
436,438.75,429.6,437,2.3179e+07,392.39
438.15,448.02,434.9,445.3,3.1663e+07,399.84
447.3,447.98,436.15,444,3.0746e+07,398.68
449.9,452.36,444.35,449,4.0267e+07,403.17
442.47,446.37,437.63,442.02,2.8626e+07,395.64
442.47,446.37,437.63,442.02,2.8626e+07,395.64
447.65,449.95,442.35,443.7,2.5458e+07,398.41
440,440.2,429.8,430.4,5.7e+07,386.46
432.25,441.1,428.26,440.15,2.9968e+07,395.22
434.1,441.6,433.45,435.9,2.936e+07,397.16
437.4,443.9,435.17,441.3,3.0466e+07,402.08
442.47,446.37,437.63,442.02,2.8626e+07,395.64
442.47,446.37,437.63,442.02,2.8626e+07,395.64
438.9,442.65,436.9,439.6,2.6363e+07,400.53
439.6,439.6,432.8,433.75,2.3621e+07,395.2
434.55,437.1,430.95,433.9,2.3669e+07,395.33
435.15,436.35,428.2,429.95,3.3406e+07,391.74
428.95,434.55,418.75,431.8,2.6617e+07,393.42
442.47,446.37,437.63,442.02,2.8626e+07,395.64
442.47,446.37,437.63,442.02,2.8626e+07,395.64
431.05,434.2,429.3,432.45,1.9093e+07,394.01
434,439.88,433.8,437.6,2.4154e+07,398.7
438,440.15,433.5,440.15,2.8972e+07,401.03
441.1,443.07,436.85,441.35,2.2572e+07,402.12
443.3,450.8,442.76,448.2,3.0718e+07,408.36
442.47,446.37,437.63,442.02,2.8626e+07,395.64
442.47,446.37,437.63,442.02,2.8626e+07,395.64
450,452.45,445.25,447.2,2.1824e+07,407.45
445.7,445.7,440.3,442.5,2.774e+07,403.17
441.4,442.56,436.25,437.9,2.047e+07,398.98
437.15,437.4,424.6,426.2,3.3365e+07,388.32
422.95,422.95,408.8,420.2,6.106e+07,382.85
442.47,446.37,437.63,442.02,2.8626e+07,395.64
442.47,446.37,437.63,442.02,2.8626e+07,395.64
414,421.1,408.85,414.5,4.0014e+07,377.66
419.7,437.45,419.7,433.85,4.7305e+07,395.29
437.75,439.8,429.75,436.85,3.372e+07,398.02
437.45,438.53,424.7,426.9,3.4525e+07,388.96
428.75,429.94,422.5,424.5,3.1672e+07,386.77
442.47,446.37,437.63,442.02,2.8626e+07,395.64
442.47,446.37,437.63,442.02,2.8626e+07,395.64
423.35,425,415.62,417.3,2.9845e+07,380.21
414,414.4,405.1,405.95,4.8289e+07,369.87
408,408.65,398.15,399.6,4.2768e+07,364.08
400.4,407.25,398.05,398.8,5.031e+07,363.35
396.1,399.55,385.61,385.65,5.183e+07,351.37
442.47,446.37,437.63,442.02,2.8626e+07,395.64
442.47,446.37,437.63,442.02,2.8626e+07,395.64
384.9,392.81,373,373.25,5.5316e+07,340.07
372.2,383.95,364.4,383.95,7.6074e+07,349.82
380.3,397.7,377.75,397.55,6.1511e+07,362.21
405,407.05,396.95,402.55,6.4514e+07,366.77
407.6,416.9,402,413,8.0946e+07,376.29
442.47,446.37,437.63,442.02,2.8626e+07,395.64
442.47,446.37,437.63,442.02,2.8626e+07,395.64
420,427.09,410.55,413.65,3.8437e+07,376.88
415.45,417.95,413.4,415.85,2.6307e+07,378.89
419.35,422.4,415.05,416.85,5.9987e+06,379.8
416.85,416.85,416.85,416.85,0,379.8
416.85,416.85,416.85,416.85,0,379.8
442.47,446.37,437.63,442.02,2.8626e+07,395.64
442.47,446.37,437.63,442.02,2.8626e+07,395.64
418.9,419.95,414.25,418,1.3924e+07,380.85
414.5,415.82,408,409.3,2.3e+07,372.92
409.95,411.9,406.25,411,8.1948e+06,374.47
411,411,411,411,0,374.47
413.95,415.65,404.15,410.45,1.9207e+07,373.97
442.47,446.37,437.63,442.02,2.8626e+07,395.64
442.47,446.37,437.63,442.02,2.8626e+07,395.64
408,409.54,387.8,389.7,4.8914e+07,355.06
391,399.2,382.7,391.05,3.9404e+07,356.29
393.05,400,386.2,393.75,4.216e+07,358.75
400.3,406.15,395.75,405,3.748e+07,369
404.9,408,395.8,398.65,3.3008e+07,363.22
442.47,446.37,437.63,442.02,2.8626e+07,395.64
442.47,446.37,437.63,442.02,2.8626e+07,395.64
399.2,400,390.55,396.55,3.2327e+07,361.3
392.4,398.18,384.81,396.3,3.2208e+07,361.08
391.1,391.8,379.3,382.15,4.7315e+07,348.18
391.6,396.3,376.7,392.6,5.5518e+07,357.7
392.25,414.86,385.38,413.35,6.1106e+07,376.61
442.47,446.37,437.63,442.02,2.8626e+07,395.64
442.47,446.37,437.63,442.02,2.8626e+07,395.64
413.7,414.8,407.25,408.9,2.7653e+07,372.56
410.5,418.4,408.25,412.2,3.512e+07,375.56
413.8,426,404.1,426,4.6821e+07,388.14
431.55,435.95,425.25,428.4,4.1172e+07,390.32
432.7,434,423,432.4,3.213e+07,393.97
442.47,446.37,437.63,442.02,2.8626e+07,395.64
442.47,446.37,437.63,442.02,2.8626e+07,395.64
428,439.4,417.52,439,4.0095e+07,399.98
439,445.68,430.35,440.6,4.1563e+07,401.44
443.05,443.05,428.69,432.95,3.9869e+07,394.47
424.6,426.2,418.05,424.85,4.2822e+07,387.09
425.85,431.05,420.05,424.45,4.8714e+07,386.72
442.47,446.37,437.63,442.02,2.8626e+07,395.64
442.47,446.37,437.63,442.02,2.8626e+07,395.64
430.45,437.7,426.35,437.7,4.8136e+07,398.8
459.45,463.1,428.85,449.85,7.2459e+07,409.87
450,450.7,437.6,445.35,4.1632e+07,405.77
441.25,452.5,434.85,450.1,3.4601e+07,410.09
451.25,454.9,446.75,450.6,3.3548e+07,410.55
442.47,446.37,437.63,442.02,2.8626e+07,395.64
442.47,446.37,437.63,442.02,2.8626e+07,395.64
449.35,458.75,447.15,457.1,3.4914e+07,416.47
455.8,456.85,442.7,446.35,4.2715e+07,406.68
448,448.75,440.4,445.8,2.6417e+07,406.18
439.3,448.85,439.16,444.3,5.0451e+07,410.96
444.75,456.33,444,454.2,3.9397e+07,420.12
442.47,446.37,437.63,442.02,2.8626e+07,395.64
442.47,446.37,437.63,442.02,2.8626e+07,395.64
454.2,457.35,449.9,451.9,2.2032e+07,417.99
449,458.15,447.5,452,3.1877e+07,418.08
456.2,456.75,447.45,451.3,2.9386e+07,417.43
448.1,448.1,440.2,445.7,3.0865e+07,412.25
446,449.25,442.15,446.7,3.1763e+07,413.18
442.47,446.37,437.63,442.02,2.8626e+07,395.64
442.47,446.37,437.63,442.02,2.8626e+07,395.64
450,450,440.85,444.6,2.4772e+07,411.24
444.9,448.5,442.25,448.35,2.6725e+07,414.7
447.35,462.98,445.55,449.4,1.8738e+07,415.68
449.2,452.7,446,448,2.4948e+07,414.38
447.1,449.8,445.4,448.05,3.0313e+07,414.43
442.47,446.37,437.63,442.02,2.8626e+07,395.64
442.47,446.37,437.63,442.02,2.8626e+07,395.64
447.7,449.5,442.8,446.65,2.6288e+07,413.13
448.15,450.75,446.25,448.6,3.1709e+07,414.94
453,453.25,446.69,451.05,3.8273e+07,417.2
452.25,454.3,445.13,452.6,2.6615e+07,418.63
451,499.25,441.96,447,3.2461e+07,413.46
442.47,446.37,437.63,442.02,2.8626e+07,395.64
442.47,446.37,437.63,442.02,2.8626e+07,395.64
445.15,448.35,432.25,445.7,2.6525e+07,412.25
444.9,445.5,428.1,428.1,3.673e+07,395.97
430.85,433.86,423.3,425.15,2.9377e+07,393.25
426.45,434.21,424.75,425.85,3.2319e+07,393.89
426.2,427.6,415.99,418.25,2.9671e+07,386.86
442.47,446.37,437.63,442.02,2.8626e+07,395.64
442.47,446.37,437.63,442.02,2.8626e+07,395.64
421.6,421.95,413.75,417.6,3.032e+07,386.26
419.4,426.5,404.05,425.9,4.1976e+07,393.94
425.15,436.1,423.4,436.1,4.0014e+07,403.37
438,441.9,434.4,440.9,3.7206e+07,407.81
442,451,436.95,451,1.0773e+08,417.15
442.47,446.37,437.63,442.02,2.8626e+07,395.64
442.47,446.37,437.63,442.02,2.8626e+07,395.64
449.05,450.4,431.78,447.9,2.8839e+07,414.29
447.15,449.9,444.15,444.15,3.1648e+07,410.82
442.5,449.8,440.07,448.35,2.5052e+07,414.7
449,458.95,444.3,446.1,5.9179e+07,412.62
445.65,447.45,438.25,443.6,3.1457e+07,410.31
442.47,446.37,437.63,442.02,2.8626e+07,395.64
442.47,446.37,437.63,442.02,2.8626e+07,395.64
446.35,448.1,443.12,446.1,2.8631e+07,412.62
447.45,448.1,418.74,436.7,3.7358e+07,403.93
437.8,445.15,437.25,442.1,2.5009e+07,408.92
443.7,445.02,438,442.85,2.0899e+07,409.62
442.85,442.85,442.85,442.85,0,409.62
442.47,446.37,437.63,442.02,2.8626e+07,395.64
442.47,446.37,437.63,442.02,2.8626e+07,395.64
442.85,442.85,442.85,442.85,0,409.62
450,457.3,446.25,454.85,3.7525e+07,420.72
468.3,476.35,456.7,457.3,8.5533e+07,422.98
457.9,463.7,450.35,463.7,4.3841e+07,428.9
465.95,473.1,462.49,472.25,3.2901e+07,436.81
442.47,446.37,437.63,442.02,2.8626e+07,395.64
442.47,446.37,437.63,442.02,2.8626e+07,395.64
470.2,472.45,465.1,471,2.5584e+07,435.65
468,472.35,466.8,470.95,3.0899e+07,435.61
470.5,479.17,469.5,475.8,4.1545e+07,440.09
479.1,479.6,470.85,473.45,3.6986e+07,437.92
474.4,480,473.5,479.35,4.9267e+07,443.38
442.47,446.37,437.63,442.02,2.8626e+07,395.64
442.47,446.37,437.63,442.02,2.8626e+07,395.64
479.75,484.55,479.12,483.4,3.0145e+07,447.12
482.45,487.4,479.67,480,4.3279e+07,443.98
480.45,484.2,475,479.75,2.9214e+07,443.75
481.35,485.35,480.25,484.15,2.6141e+07,447.82
484.15,487.5,477.1,478.4,3.6574e+07,442.5
442.47,446.37,437.63,442.02,2.8626e+07,395.64
442.47,446.37,437.63,442.02,2.8626e+07,395.64
477.35,478.9,471.2,476.9,3.2689e+07,441.11
480,485.85,471.05,476.1,6.4846e+07,440.37
473.45,475.95,465.2,468.15,4.0355e+07,433.02
470.1,472.85,466.1,470.1,3.8342e+07,434.82
469.5,469.95,466.35,468.6,1.8681e+07,433.44
442.47,446.37,437.63,442.02,2.8626e+07,395.64
442.47,446.37,437.63,442.02,2.8626e+07,395.64
468.6,468.6,468.6,468.6,0,433.44
475.7,481.85,471.06,474.95,2.7802e+07,439.31
473.6,476.35,469,473.3,3.4457e+07,437.78
466.45,467.35,454.4,457.1,4.2675e+07,428.71
461.45,464.25,458.1,461.3,3.3876e+07,432.65
442.47,446.37,437.63,442.02,2.8626e+07,395.64
442.47,446.37,437.63,442.02,2.8626e+07,395.64
460.55,466.9,457.35,457.7,2.6391e+07,429.27
454.15,458.65,451.2,456.05,4.0564e+07,427.73
456,461.4,453.8,456,2.7419e+07,427.68
454.35,466.34,451.1,456.8,1.9548e+07,428.43
456.2,467.31,449.98,452.4,2.6022e+07,424.3
442.47,446.37,437.63,442.02,2.8626e+07,395.64
442.47,446.37,437.63,442.02,2.8626e+07,395.64
450.65,456.4,449.2,452.3,2.664e+07,424.21
454.5,457.6,448.09,452.35,2.8684e+07,424.26
451.2,456.6,445.55,452.1,2.6462e+07,424.02
450.9,458.6,450.6,458,2.8952e+07,429.56
458.9,461.65,456.75,457.75,2.2676e+07,429.32
442.47,446.37,437.63,442.02,2.8626e+07,395.64
442.47,446.37,437.63,442.02,2.8626e+07,395.64
457.75,457.75,457.75,457.75,0,429.32
457.75,458.5,449.25,451.7,2.874e+07,423.65
452,457.15,450.4,454.4,2.3282e+07,426.18
453.05,454.95,449.4,453.3,1.9784e+07,425.15
453,456.9,449.64,450.75,3.4072e+07,422.76
442.47,446.37,437.63,442.02,2.8626e+07,395.64
442.47,446.37,437.63,442.02,2.8626e+07,395.64
452.25,454.3,446.6,447.4,2.5069e+07,419.61
450,456.02,442.25,449.95,2.7661e+07,422.01
450,453.55,447.2,449.55,2.7033e+07,421.63
447.65,447.65,439.85,440.15,2.6388e+07,412.82
438.5,446,435.4,443.35,2.8789e+07,415.82
442.47,446.37,437.63,442.02,2.8626e+07,395.64
442.47,446.37,437.63,442.02,2.8626e+07,395.64
444.2,445.97,437.7,441.9,1.9899e+07,414.46
443.5,444,438.15,441.35,1.9249e+07,413.94
440,444.01,439.75,443.55,2.9431e+07,416
443.65,449.2,442.54,446.8,2.6769e+07,419.05
443.75,445.9,436.4,437.6,2.8391e+07,410.42
442.47,446.37,437.63,442.02,2.8626e+07,395.64
442.47,446.37,437.63,442.02,2.8626e+07,395.64
436,439.05,430.94,435.05,2.1334e+07,408.03
435.5,446.64,429.3,432.4,3.6441e+07,405.55
433.5,440.35,432,435,2.5693e+07,407.99
435.1,435.1,430.68,434.45,2.2907e+07,407.47
432.6,436.55,429.65,431.35,4.1744e+07,404.56
442.47,446.37,437.63,442.02,2.8626e+07,395.64
442.47,446.37,437.63,442.02,2.8626e+07,395.64
436.05,439.65,434.55,439.4,2.1652e+07,412.11
439.6,440.75,436.2,438.95,1.7454e+07,411.69
438.85,444.65,436.55,442.1,2.1193e+07,414.64
443.25,447.5,440.15,442.3,2.2126e+07,414.83
442.4,443.05,437.05,437.55,2.029e+07,410.38
442.47,446.37,437.63,442.02,2.8626e+07,395.64
442.47,446.37,437.63,442.02,2.8626e+07,395.64
428.8,434.05,427.15,427.55,2.7762e+07,401
427.6,427.6,420.15,420.15,3.2718e+07,394.06
425,425.8,417.99,419.15,3.0738e+07,393.12
420.7,441.45,419.35,437.4,6.6374e+07,410.24
439,445.05,432.55,434.4,3.4957e+07,407.42
442.47,446.37,437.63,442.02,2.8626e+07,395.64
442.47,446.37,437.63,442.02,2.8626e+07,395.64
429.65,434.65,428.3,429.5,2.7123e+07,402.83
427.75,429.85,416.8,418.55,4.17e+07,392.56
420.05,426.25,419.2,423.2,2.7718e+07,396.92
426.15,428.95,421.9,426.05,2.9587e+07,399.59
431.2,432.15,423.25,427,2.9506e+07,400.48
442.47,446.37,437.63,442.02,2.8626e+07,395.64
442.47,446.37,437.63,442.02,2.8626e+07,395.64
433.25,433.25,425,428.8,2.103e+07,402.17
427.35,430.95,424.15,429.15,2.7453e+07,402.5
429.35,432.47,425.85,427.1,2.3381e+07,400.57
428,428,421.1,422,2.7707e+07,395.79
422.35,422.43,415.45,416.95,2.4825e+07,391.06
442.47,446.37,437.63,442.02,2.8626e+07,395.64
442.47,446.37,437.63,442.02,2.8626e+07,395.64
418,420.65,415.55,416.6,1.8523e+07,390.73
417.1,417.15,412.35,414,2.7275e+07,388.29
412.8,413.35,406.59,406.6,2.8927e+07,381.35
405.4,407.05,400.1,401,3.7226e+07,376.1
401.7,402.6,394.1,394.7,3.3652e+07,370.19
442.47,446.37,437.63,442.02,2.8626e+07,395.64
442.47,446.37,437.63,442.02,2.8626e+07,395.64
393.6,396.4,384.15,387.3,3.4842e+07,363.25
385,396.79,383,392.65,4.469e+07,368.26
396.05,399.1,391.65,398.6,4.866e+07,373.85
399,405.85,397.6,401,3.5396e+07,376.1
402.9,402.9,392.4,395.45,3.5455e+07,370.89
442.47,446.37,437.63,442.02,2.8626e+07,395.64
442.47,446.37,437.63,442.02,2.8626e+07,395.64
392.7,395.4,387.2,391.45,3.8979e+07,367.14
389.95,392.7,385.75,390.4,4.6566e+07,366.15
390,397.35,388.95,395.05,2.9018e+07,370.52
386,393,380.15,383.2,3.6164e+07,365.46
384.4,391.01,383.8,385.6,3.8213e+07,367.75
442.47,446.37,437.63,442.02,2.8626e+07,395.64
442.47,446.37,437.63,442.02,2.8626e+07,395.64
386.4,387.7,379.5,385.5,6.5916e+07,367.65
385.55,390.1,380.46,380.5,3.1212e+07,362.88
378,384.8,376.2,383.6,4.6453e+07,365.84
389.3,391.75,382.25,383.15,3.1285e+07,365.41
380.2,382.45,377.1,379.25,2.9733e+07,361.69
442.47,446.37,437.63,442.02,2.8626e+07,395.64
442.47,446.37,437.63,442.02,2.8626e+07,395.64
380,381,374.15,378.15,2.2658e+07,360.64
378.3,379.8,373.05,373.75,2.1498e+07,356.45
373.5,373.5,366.4,367.5,3.0154e+07,350.49
365.1,374.85,362.55,369.6,3.8486e+07,352.49
363.8,369.18,357.2,357.2,3.5801e+07,340.66
442.47,446.37,437.63,442.02,2.8626e+07,395.64
442.47,446.37,437.63,442.02,2.8626e+07,395.64
345.15,362.85,326.25,331.05,7.2815e+07,315.72
335.7,338.8,332.65,335.35,8.9785e+07,319.82
330.95,339.9,327.45,331.2,6.694e+07,315.87
337.7,354.14,333.7,351.2,5.3787e+07,334.94
355,360.8,348.85,360.5,4.7119e+07,343.81
442.47,446.37,437.63,442.02,2.8626e+07,395.64
442.47,446.37,437.63,442.02,2.8626e+07,395.64
360.5,360.5,360.5,360.5,0,343.81
358.45,363.75,347.3,349.4,5.5287e+07,333.23
349,353,341.99,345.3,4.6152e+07,329.31
351,358.75,252.55,355.85,4.0384e+07,339.38
350,350.8,334.89,337.9,4.8709e+07,322.26
442.47,446.37,437.63,442.02,2.8626e+07,395.64
442.47,446.37,437.63,442.02,2.8626e+07,395.64
339.8,345.7,335.54,336,2.0931e+07,320.44
339.1,346.6,338.1,340.2,4.5804e+07,324.45
345.3,347.55,341.95,342.5,2.9532e+07,326.64
339.8,342.05,333.05,335.3,4.4684e+07,319.78
337.15,339.45,333.05,333.5,2.7505e+07,318.06
442.47,446.37,437.63,442.02,2.8626e+07,395.64
442.47,446.37,437.63,442.02,2.8626e+07,395.64
335.9,339.5,329.75,332,2.6567e+07,316.63
333.65,339.95,328.45,338.7,5.5441e+07,323.02
339.6,347.15,337.25,345.85,3.3785e+07,329.84
345.4,346.78,342.9,345.7,4.8619e+07,329.7
343.85,347.36,329.55,333.45,7.5437e+07,318.01
442.47,446.37,437.63,442.02,2.8626e+07,395.64
442.47,446.37,437.63,442.02,2.8626e+07,395.64
331,336.4,330.1,333.55,2.8372e+07,318.11
334.65,334.65,321.85,325.2,4.4326e+07,310.14
326.5,334.11,325.9,329.45,2.9369e+07,314.2
327.3,327.35,321.7,322.9,3.279e+07,307.95
329.15,334.8,328.27,333.3,3.2227e+07,317.87
442.47,446.37,437.63,442.02,2.8626e+07,395.64
442.47,446.37,437.63,442.02,2.8626e+07,395.64
333.6,335.2,322.98,323.05,2.346e+07,308.09
319.9,330,319.9,326.2,3.138e+07,311.1
329.95,334,328,334,3.6273e+07,318.54
339.05,349.85,339.05,342.25,4.6504e+07,326.41
342.7,353,341.8,351.45,4.3169e+07,335.18
442.47,446.37,437.63,442.02,2.8626e+07,395.64
442.47,446.37,437.63,442.02,2.8626e+07,395.64
359.85,369.15,356.05,368,4.4443e+07,350.96
370.6,379,362.3,378.1,3.9379e+07,360.6
377.5,393.85,376.9,387,6.7363e+07,369.08
384.75,389.7,380.4,388.95,3.3195e+07,370.94
393,397.3,390.35,391.6,3.4632e+07,373.47
442.47,446.37,437.63,442.02,2.8626e+07,395.64
442.47,446.37,437.63,442.02,2.8626e+07,395.64
390.75,393.3,383.55,384.8,2.5522e+07,366.99
383.1,384.9,376.25,382.75,2.9373e+07,365.03
379.3,383.55,375.3,377.65,2.6911e+07,360.17
381.45,386.35,379.6,379.65,2.9204e+07,362.07
383,389.85,382.1,384,2.45e+07,366.22
442.47,446.37,437.63,442.02,2.8626e+07,395.64
442.47,446.37,437.63,442.02,2.8626e+07,395.64
383.65,387,375.55,377.25,1.9029e+07,359.79
376.8,378.2,370.95,376.55,2.3317e+07,359.12
378.65,385.4,375.2,380.95,3.307e+07,363.31
381,390.45,380.55,388.55,3.7359e+07,370.56
391.9,395.05,385.9,388.1,2.6356e+07,370.13
442.47,446.37,437.63,442.02,2.8626e+07,395.64
442.47,446.37,437.63,442.02,2.8626e+07,395.64
386.75,389.25,382.5,384.4,2.2655e+07,366.6
390,392.87,376.75,380,4.446e+07,362.41
382.65,393.15,377.45,391,3.891e+07,372.9
390.85,392.9,382.2,391.7,7.1057e+07,373.57
393.05,393.95,383.6,386.4,3.1704e+07,368.51
442.47,446.37,437.63,442.02,2.8626e+07,395.64
442.47,446.37,437.63,442.02,2.8626e+07,395.64
386.4,389.2,380.85,388.25,2.0452e+07,370.28
389.7,403.25,386.55,403.25,4.609e+07,384.58
402.9,411.5,401.7,402.05,4.5564e+07,383.44
393.1,395.9,387.25,390.45,3.0484e+07,378.62
389.2,395.05,384.8,386.5,3.1363e+07,374.79
442.47,446.37,437.63,442.02,2.8626e+07,395.64
442.47,446.37,437.63,442.02,2.8626e+07,395.64
386.2,392.3,382.6,382.6,2.4678e+07,371.01
385.15,386.85,381.05,382.5,2.5365e+07,370.91
383.8,384.68,376.95,377.9,2.3116e+07,366.45
376.4,379.15,367.1,367.25,3.2428e+07,356.13
365.95,369.8,360.35,364.5,2.735e+07,353.46
442.47,446.37,437.63,442.02,2.8626e+07,395.64
442.47,446.37,437.63,442.02,2.8626e+07,395.64
362.35,373.1,362.35,368.65,2.8734e+07,357.48
377.95,380.2,374.5,378.55,3.2866e+07,367.08
375,384.9,373.11,382.5,3.3871e+07,370.91
384.1,389.95,381.95,385.15,3.0064e+07,373.48
384.7,385.65,379.65,381.3,3.2153e+07,369.75
442.47,446.37,437.63,442.02,2.8626e+07,395.64
442.47,446.37,437.63,442.02,2.8626e+07,395.64
375,385.85,372.7,380.75,2.9628e+07,369.22
380.7,387,377.8,385.9,3.3095e+07,374.21
386.7,389.35,382.15,386.1,3.3264e+07,374.4
386.1,390.9,385.3,389.6,2.0478e+07,377.8
387.45,388.35,385.1,386.55,1.9858e+07,374.84
442.47,446.37,437.63,442.02,2.8626e+07,395.64
442.47,446.37,437.63,442.02,2.8626e+07,395.64
384.8,389,383.2,385.25,4.0099e+07,373.58
386.35,387.48,382.25,384.55,2.0885e+07,372.9
382.75,386.2,380.35,382,3.2004e+07,370.43
380.6,382.3,368.37,368.55,3.9157e+07,357.38
369.1,375.25,356.8,359.7,3.7018e+07,348.8
442.47,446.37,437.63,442.02,2.8626e+07,395.64
442.47,446.37,437.63,442.02,2.8626e+07,395.64
356.25,358.2,346.6,347.6,3.2312e+07,337.07
344.8,352.75,340,347.8,3.9929e+07,337.26
348.75,356.85,343.9,350.45,3.5093e+07,339.83
351.8,354.7,348.55,350.95,2.9934e+07,340.32
349.5,351.25,337.1,338,3.2323e+07,327.76
442.47,446.37,437.63,442.02,2.8626e+07,395.64
442.47,446.37,437.63,442.02,2.8626e+07,395.64
338.45,340,328.8,329.3,3.9295e+07,319.32
330.5,340.25,330.5,337.7,4.0856e+07,327.47
340,346.65,339.4,340.2,3.4985e+07,329.89
345.2,345.8,339.7,340.35,3.0542e+07,330.04
338.05,345.3,336.35,339.3,4.4715e+07,329.02
442.47,446.37,437.63,442.02,2.8626e+07,395.64
442.47,446.37,437.63,442.02,2.8626e+07,395.64
339.5,345,335.2,335.2,2.7116e+07,325.05
342,345.3,338.4,344.95,2.4472e+07,334.5
348.1,360.85,347.95,360.4,3.4897e+07,349.48
363.9,366.3,362.95,365.95,7.1618e+06,354.86
365.95,365.95,365.95,365.95,0,354.86
442.47,446.37,437.63,442.02,2.8626e+07,395.64
442.47,446.37,437.63,442.02,2.8626e+07,395.64
365.95,365.95,365.95,365.95,0,354.86
357.15,362.85,356.85,360.75,2.525e+07,349.82
358,358,353.9,355.15,1.7521e+07,344.39
355,356.35,352.61,354,6.9425e+06,343.28
442.47,446.37,437.63,442.02,2.8626e+07,395.64
442.47,446.37,437.63,442.02,2.8626e+07,395.64
442.47,446.37,437.63,442.02,2.8626e+07,395.64
351.25,353.45,343.8,347.55,3.0115e+07,337.02
349,352.5,343.5,348.15,2.3383e+07,337.6
350.4,352.02,339.1,343.45,2.8973e+07,333.05
337,339.4,324.6,337.7,5.901e+07,327.47
339.7,339.71,328.7,328.7,3.8891e+07,318.74
442.47,446.37,437.63,442.02,2.8626e+07,395.64
442.47,446.37,437.63,442.02,2.8626e+07,395.64
329.05,336,327.35,328.05,3.6482e+07,318.11
328,336.9,322.4,323.1,4.6003e+07,313.31
327.1,342.1,325,335.85,5.5594e+07,325.68
332.2,353.1,330.35,347.7,6.1223e+07,337.17
349.3,349.65,335.55,338.15,5.3838e+07,327.91
442.47,446.37,437.63,442.02,2.8626e+07,395.64
442.47,446.37,437.63,442.02,2.8626e+07,395.64
336.65,347.35,333.1,340.5,4.17e+07,330.19
346.3,351.45,339.65,342.45,5.0644e+07,332.08
333.7,336.2,325.1,328.15,6.3283e+07,318.21
328.6,344.1,326.05,342.25,5.3448e+07,331.88
350.85,357.8,347.45,352.7,4.8161e+07,342.01
442.47,446.37,437.63,442.02,2.8626e+07,395.64
442.47,446.37,437.63,442.02,2.8626e+07,395.64
352.8,353.43,343.05,350.15,4.7282e+07,339.54
342.2,357.8,338,356.5,4.2093e+07,345.7
356,362.9,349.95,362.9,4.1413e+07,351.91
362.5,378.8,360.85,368.45,6.2409e+07,357.29
376.05,377.8,366.9,376.1,5.6502e+07,364.71
442.47,446.37,437.63,442.02,2.8626e+07,395.64
442.47,446.37,437.63,442.02,2.8626e+07,395.64
379.45,381.8,359.7,366.95,5.487e+07,355.83
348.1,349.8,330.1,335.1,8.3736e+07,324.95
332.35,337.1,324.55,332.35,5.485e+07,322.28
341,354.4,338.2,350.85,5.9333e+07,340.22
350,356.55,345.4,350.65,3.4045e+07,340.03
442.47,446.37,437.63,442.02,2.8626e+07,395.64
442.47,446.37,437.63,442.02,2.8626e+07,395.64
352.9,353.4,337.85,343.9,3.6702e+07,333.48
344.5,347.7,334.45,334.45,4.4363e+07,324.32
335.2,337.7,326.37,330.1,4.008e+07,320.1
319.7,321.09,309.1,310.25,4.8992e+07,310.25
317,332.83,316.11,332.5,5.6261e+07,332.5
442.47,446.37,437.63,442.02,2.8626e+07,395.64
442.47,446.37,437.63,442.02,2.8626e+07,395.64
339.6,339.85,331.75,332.8,3.65e+07,332.8
341.25,348.25,334.28,337.4,5.4103e+07,337.4
336.05,350.95,335.15,349.85,5.3917e+07,349.85
