1352,1359,1339.4,1355,6.272e+05,1264.6
1350,1392,1346,1380,8.313e+05,1287.9
1378,1407,1378,1400,8.723e+05,1306.6
1392,1393.4,1363,1368,7.988e+05,1276.7
1378,1411,1375,1382,9.874e+05,1289.8
1496.5,1510.1,1480.5,1495.5,1.4336e+06,1443.4
1496.5,1510.1,1480.5,1495.5,1.4336e+06,1443.4
1389,1400.2,1370.2,1379,8.609e+05,1287
1350,1366,1339,1355,1.1558e+06,1264.6
1358,1362,1340,1360,7.172e+05,1269.2
1363,1382,1358,1376,1.0233e+06,1284.2
1376,1416,1375.2,1411,1.2471e+06,1316.8
1496.5,1510.1,1480.5,1495.5,1.4336e+06,1443.4
1496.5,1510.1,1480.5,1495.5,1.4336e+06,1443.4
1405,1405,1387,1394,1.1118e+06,1301
1400,1417,1395,1410,9.371e+05,1315.9
1415,1425,1399.8,1409,8.262e+05,1315
1410,1415,1399,1404,8.382e+05,1310.3
1411,1424,1402,1417,9.616e+05,1322.4
1496.5,1510.1,1480.5,1495.5,1.4336e+06,1443.4
1496.5,1510.1,1480.5,1495.5,1.4336e+06,1443.4
1417,1434.2,1414.9,1433,8.849e+05,1337.4
1421,1434,1408,1433,1.1423e+06,1337.4
1429,1437,1425,1432,1.0025e+06,1336.4
1437,1473,1436.3,1455,1.2908e+06,1357.9
1456,1457,1432,1450,2.1536e+06,1353.2
1496.5,1510.1,1480.5,1495.5,1.4336e+06,1443.4
1496.5,1510.1,1480.5,1495.5,1.4336e+06,1443.4
1425,1440,1400.5,1439,1.4261e+06,1343
1436,1443,1410,1422,2.6155e+06,1327.1
1435,1435,1420,1425,9.962e+05,1329.9
1423,1425,1385,1387,1.0531e+06,1294.4
1376,1377,1314.8,1330,3.097e+06,1241.2
1496.5,1510.1,1480.5,1495.5,1.4336e+06,1443.4
1496.5,1510.1,1480.5,1495.5,1.4336e+06,1443.4
1341,1350,1317,1317,1.8882e+06,1229.1
1319,1347,1316,1338,1.4355e+06,1248.7
1345,1362,1316,1341,1.4019e+06,1251.5
1339,1349,1320,1329,1.7557e+06,1240.3
1329,1329,1329,1329,0,1240.3
1496.5,1510.1,1480.5,1495.5,1.4336e+06,1443.4
1496.5,1510.1,1480.5,1495.5,1.4336e+06,1443.4
1329,1329,1329,1329,0,1240.3
1326,1346,1320,1325,1.3898e+06,1236.6
1325,1333,1280,1282,1.5961e+06,1196.4
1283,1289.6,1273,1278,1.639e+06,1192.7
1279,1283,1238,1247,2.363e+06,1163.8
1496.5,1510.1,1480.5,1495.5,1.4336e+06,1443.4
1496.5,1510.1,1480.5,1495.5,1.4336e+06,1443.4
1253,1268,1246,1256,1.0579e+06,1172.2
1260,1274,1257.1,1268,1.0257e+06,1183.4
1276,1283,1268,1280,1.6997e+06,1194.6
1279,1319,1279,1318,1.0343e+06,1230
1311,1323,1286,1294,1.181e+06,1207.6
1496.5,1510.1,1480.5,1495.5,1.4336e+06,1443.4
1496.5,1510.1,1480.5,1495.5,1.4336e+06,1443.4
1294,1295,1261,1284,9.429e+05,1198.3
1269,1280,1238,1266,1.7374e+06,1181.5
1310,1363,1285,1289,3.9968e+06,1203
1288,1303,1279,1281,1.3758e+06,1195.5
1297,1305,1282,1299,1.1297e+06,1212.3
1496.5,1510.1,1480.5,1495.5,1.4336e+06,1443.4
1496.5,1510.1,1480.5,1495.5,1.4336e+06,1443.4
1304,1321,1273,1279,8.281e+05,1193.6
1278,1330.5,1278,1326,1.1626e+06,1237.5
1329,1354.1,1329,1345,1.1399e+06,1255.2
1346,1355,1336,1351,9.405e+05,1260.8
1348,1350,1337,1350,8.171e+05,1259.9
1496.5,1510.1,1480.5,1495.5,1.4336e+06,1443.4
1496.5,1510.1,1480.5,1495.5,1.4336e+06,1443.4
1351,1356,1331,1344,1.039e+06,1254.3
1345,1353,1328,1336,1.1686e+06,1246.8
1342,1342,1312,1314,5.781e+05,1226.3
1312,1322,1296,1319,1.3501e+06,1231
1324,1381,1322.9,1378,1.9743e+06,1286
1496.5,1510.1,1480.5,1495.5,1.4336e+06,1443.4
1496.5,1510.1,1480.5,1495.5,1.4336e+06,1443.4
1378,1378,1378,1378,0,1286
1375,1394,1342,1352,1.9277e+06,1261.8
1355,1366,1344,1349,7.259e+05,1259
1344,1389,1344,1377,9.598e+05,1285.1
1378,1411,1374,1407,1.3429e+06,1313.1
1496.5,1510.1,1480.5,1495.5,1.4336e+06,1443.4
1496.5,1510.1,1480.5,1495.5,1.4336e+06,1443.4
1404,1414,1399,1408,8.561e+05,1314
1406,1413,1383,1394,9.41e+05,1301
1393,1423,1392,1423,1.1505e+06,1328
1425,1450,1422,1450,1.4154e+06,1353.2
1449,1465,1444,1456,1.0085e+06,1358.8
1496.5,1510.1,1480.5,1495.5,1.4336e+06,1443.4
1496.5,1510.1,1480.5,1495.5,1.4336e+06,1443.4
1457,1468,1444.7,1463,2.6483e+06,1365.4
1495,1558,1454,1541,3.2013e+06,1438.1
1533,1542,1489,1532,1.7334e+06,1429.7
1495,1535,1460,1522,1.8928e+06,1420.4
1523,1526,1480,1518,1.6128e+06,1416.7
1496.5,1510.1,1480.5,1495.5,1.4336e+06,1443.4
1496.5,1510.1,1480.5,1495.5,1.4336e+06,1443.4
1518,1518,1518,1518,0,1416.7
1530,1551,1527,1534,1.196e+06,1431.6
1525,1525,1500,1504,1.0463e+06,1403.6
1498,1502,1476,1482,2.0914e+06,1383.1
1474,1481,1443,1453,1.7678e+06,1356
1496.5,1510.1,1480.5,1495.5,1.4336e+06,1443.4
1496.5,1510.1,1480.5,1495.5,1.4336e+06,1443.4
1444,1457,1427,1429,1.0738e+06,1333.6
1437,1450,1424,1435,1.1797e+06,1339.2
1427,1443,1393,1394,1.4992e+06,1301
1393,1412,1391,1403,1.4805e+06,1309.4
1403,1436,1391,1429,2.3186e+06,1333.6
1496.5,1510.1,1480.5,1495.5,1.4336e+06,1443.4
1496.5,1510.1,1480.5,1495.5,1.4336e+06,1443.4
1429,1440,1416,1427,8.783e+05,1331.8
1426,1426,1348,1358,2.0882e+06,1267.4
1354,1379.9,1349,1357,1.7025e+06,1266.4
1340,1352,1327,1350,1.0622e+06,1259.9
1363,1378,1352,1370,1.1405e+06,1278.6
1496.5,1510.1,1480.5,1495.5,1.4336e+06,1443.4
1496.5,1510.1,1480.5,1495.5,1.4336e+06,1443.4
1374,1404,1372,1399,1.3991e+06,1305.6
1395,1404,1384,1396,1.2108e+06,1302.8
1394,1403,1379,1401,2.3426e+06,1307.5
1377,1377,1336,1337,1.4625e+06,1247.8
1339,1344,1287.4,1290,2.8241e+06,1203.9
1496.5,1510.1,1480.5,1495.5,1.4336e+06,1443.4
1496.5,1510.1,1480.5,1495.5,1.4336e+06,1443.4
1285,1298,1267,1280,1.2584e+06,1194.6
1287,1316,1278,1309,1.0985e+06,1221.6
1314,1332,1307,1324,1.0411e+06,1235.6
1326,1345,1318,1335,9.587e+05,1245.9
1332,1359,1328,1351,1.7116e+06,1260.8
1496.5,1510.1,1480.5,1495.5,1.4336e+06,1443.4
1496.5,1510.1,1480.5,1495.5,1.4336e+06,1443.4
1368,1379,1357,1365,1.2233e+06,1273.9
1415,1423,1393,1405,2.3038e+06,1311.2
1366,1374,1320,1370,1.5859e+06,1300.2
1377,1426,1369,1421,1.3394e+06,1348.6
1429,1435,1397,1404,1.0257e+06,1332.4
1496.5,1510.1,1480.5,1495.5,1.4336e+06,1443.4
1496.5,1510.1,1480.5,1495.5,1.4336e+06,1443.4
1415,1437,1409,1426,9.016e+05,1353.3
1445,1449,1427,1440,1.5507e+06,1366.6
1525,1556,1483,1509,3.322e+06,1432.1
1525,1557,1493,1524,1.4991e+06,1446.3
1531,1538.4,1511,1514,1.0169e+06,1436.8
1496.5,1510.1,1480.5,1495.5,1.4336e+06,1443.4
1496.5,1510.1,1480.5,1495.5,1.4336e+06,1443.4
1520,1538,1514,1537,6.989e+05,1458.6
1536,1536,1496,1498,1.079e+06,1421.6
1496,1506,1474,1500,9.132e+05,1423.5
1493,1536,1489.3,1532,7.419e+05,1453.9
1528,1535,1507,1534,1.2353e+06,1455.8
1496.5,1510.1,1480.5,1495.5,1.4336e+06,1443.4
1496.5,1510.1,1480.5,1495.5,1.4336e+06,1443.4
1536,1540,1496,1504,8.593e+05,1427.3
1510,1518,1480,1480,9.204e+05,1404.5
1487,1511,1484,1505,6.537e+05,1428.3
1504,1507,1482,1504,1.1126e+06,1427.3
1516,1528,1507,1515,1.4886e+06,1437.8
1496.5,1510.1,1480.5,1495.5,1.4336e+06,1443.4
1496.5,1510.1,1480.5,1495.5,1.4336e+06,1443.4
1523,1541,1510.5,1513,9.096e+05,1435.9
1523,1542,1521,1531,9.374e+05,1452.9
1533,1544,1518,1530,9.562e+05,1452
1538,1566,1525,1563,1.3193e+06,1483.3
1565,1565,1545.5,1553,7.671e+05,1473.8
1496.5,1510.1,1480.5,1495.5,1.4336e+06,1443.4
1496.5,1510.1,1480.5,1495.5,1.4336e+06,1443.4
1557,1565,1545,1555,5.195e+05,1475.7
1550,1566,1548,1561,6.818e+05,1481.4
1559,1564,1541,1550,1.066e+06,1471
1550,1563,1543,1563,1.4161e+06,1483.3
1570,1570,1541,1547,1.1015e+06,1468.1
1496.5,1510.1,1480.5,1495.5,1.4336e+06,1443.4
1496.5,1510.1,1480.5,1495.5,1.4336e+06,1443.4
1549,1556,1543.5,1556,6.824e+05,1476.7
1564,1574,1552.5,1574,7.642e+05,1493.8
1576,1597,1570,1593,1.1288e+06,1511.8
1582,1597,1575,1593,1.5746e+06,1511.8
1590,1599,1573,1588,1.2147e+06,1507
1496.5,1510.1,1480.5,1495.5,1.4336e+06,1443.4
1496.5,1510.1,1480.5,1495.5,1.4336e+06,1443.4
1588,1596,1581,1590,6.575e+05,1508.9
1580,1592,1571,1589,9.636e+05,1508
1591,1599,1586,1586,7.857e+05,1505.1
1585,1601,1571,1574,9.578e+05,1493.8
1571,1589,1564,1584,6.556e+05,1503.2
1496.5,1510.1,1480.5,1495.5,1.4336e+06,1443.4
1496.5,1510.1,1480.5,1495.5,1.4336e+06,1443.4
1584,1584,1584,1584,0,1503.2
1579,1591,1545,1545,1.1304e+06,1466.2
1543,1543,1518,1531,9.111e+05,1452.9
1535,1540,1526,1530,9.103e+05,1452
1535,1554,1531,1534,1.0571e+06,1455.8
1496.5,1510.1,1480.5,1495.5,1.4336e+06,1443.4
1496.5,1510.1,1480.5,1495.5,1.4336e+06,1443.4
1553,1587,1550,1578,7.432e+05,1497.5
1579,1585,1546,1560,1.0857e+06,1480.5
1557,1564,1531.5,1538,1.2986e+06,1459.6
1545,1576,1543,1570,8.499e+05,1490
1563,1600,1556,1600,1.2783e+06,1518.4
1496.5,1510.1,1480.5,1495.5,1.4336e+06,1443.4
1496.5,1510.1,1480.5,1495.5,1.4336e+06,1443.4
1610,1644,1601,1635,1.2318e+06,1551.6
1650,1687,1648,1667,1.0921e+06,1582
1672,1674,1621,1640,1.2374e+06,1556.4
1643,1644,1611,1623,9.503e+05,1540.3
1623,1633.7,1601,1609,1.5294e+06,1527
1496.5,1510.1,1480.5,1495.5,1.4336e+06,1443.4
1496.5,1510.1,1480.5,1495.5,1.4336e+06,1443.4
1624,1629,1582,1602,2.1251e+06,1520.3
1605,1630,1599,1606,1.471e+06,1524.1
1605,1611,1588,1605,9.566e+05,1523.2
1619,1642,1619,1636,9.181e+05,1552.6
1634,1641,1619,1619,1.0612e+06,1536.5
1496.5,1510.1,1480.5,1495.5,1.4336e+06,1443.4
1496.5,1510.1,1480.5,1495.5,1.4336e+06,1443.4
1623,1638,1622.5,1631,7.697e+05,1547.8
1632,1640,1627,1632,6.681e+05,1548.8
1630,1635,1620,1622,7.495e+05,1539.3
1621,1635,1607,1617,4.904e+05,1534.6
1620,1628,1613,1623,6.881e+05,1540.3
1496.5,1510.1,1480.5,1495.5,1.4336e+06,1443.4
1496.5,1510.1,1480.5,1495.5,1.4336e+06,1443.4
1610,1634,1604,1634,7.693e+05,1550.7
1634,1660,1622,1657,9.714e+05,1572.5
1655,1655,1624,1639,9.972e+05,1555.4
1636,1642,1619,1632,5.971e+05,1548.8
1628,1634,1615,1628,4.958e+05,1545
1496.5,1510.1,1480.5,1495.5,1.4336e+06,1443.4
1496.5,1510.1,1480.5,1495.5,1.4336e+06,1443.4
1606,1609,1583,1608,8.375e+05,1526
1604,1611,1579,1583,9.399e+05,1502.3
1578,1578,1537,1550,1.3068e+06,1471
1554,1593,1548,1585,9.135e+05,1504.2
1595,1605,1585,1605,6.84e+05,1523.2
1496.5,1510.1,1480.5,1495.5,1.4336e+06,1443.4
1496.5,1510.1,1480.5,1495.5,1.4336e+06,1443.4
1602,1605,1578,1585,8.032e+05,1504.2
1490,1542,1464,1464,5.3301e+06,1389.4
1439,1474,1424,1464,4.3741e+06,1389.4
1486,1521.4,1476,1503,1.8951e+06,1426.4
1508,1533,1505,1527,1.3612e+06,1449.1
1496.5,1510.1,1480.5,1495.5,1.4336e+06,1443.4
1496.5,1510.1,1480.5,1495.5,1.4336e+06,1443.4
1530,1557,1528.3,1550,1.4451e+06,1471
1553,1563,1543,1556,1.0005e+06,1476.7
1556,1565,1543,1553,7.001e+05,1473.8
1555,1557,1532,1547,6.433e+05,1468.1
1540,1552,1510,1532,9.077e+05,1453.9
1496.5,1510.1,1480.5,1495.5,1.4336e+06,1443.4
1496.5,1510.1,1480.5,1495.5,1.4336e+06,1443.4
1537,1537.8,1523,1525,7.658e+05,1447.2
1518,1537,1518,1520,1.2539e+06,1442.5
1519,1530,1519,1526,7.921e+05,1448.2
1524,1540,1523,1535,1.3867e+06,1456.7
1540,1540,1527,1528,6.666e+05,1450.1
1496.5,1510.1,1480.5,1495.5,1.4336e+06,1443.4
1496.5,1510.1,1480.5,1495.5,1.4336e+06,1443.4
1537,1541,1523,1525,4.922e+05,1447.2
1533,1533,1492,1500,1.1324e+06,1423.5
1508,1515,1495,1498,1.0941e+06,1421.6
1500,1516,1492,1494,8.053e+05,1417.8
1488,1504,1482,1502,8.392e+05,1425.4
1496.5,1510.1,1480.5,1495.5,1.4336e+06,1443.4
1496.5,1510.1,1480.5,1495.5,1.4336e+06,1443.4
1505,1522,1505,1512,1.0203e+06,1434.9
1515,1516,1488,1488,1.3121e+06,1412.1
1498,1508,1462,1462,2.2069e+06,1387.5
1491,1513,1470.5,1489,1.9895e+06,1413.1
1494,1495,1459.8,1477,1.5073e+06,1401.7
1496.5,1510.1,1480.5,1495.5,1.4336e+06,1443.4
1496.5,1510.1,1480.5,1495.5,1.4336e+06,1443.4
1477,1500.5,1469,1495,2.0432e+06,1418.8
1489,1490,1477,1483,1.1945e+06,1407.4
1479,1485,1471,1477,8.654e+05,1401.7
1471,1486,1466,1481,1.2513e+06,1405.5
1485,1488,1475,1477,6.358e+05,1401.7
1496.5,1510.1,1480.5,1495.5,1.4336e+06,1443.4
1496.5,1510.1,1480.5,1495.5,1.4336e+06,1443.4
1487,1501,1472,1498,6.906e+05,1421.6
1498,1519,1489,1489,1.2762e+06,1413.1
1488,1527,1487,1527,9.993e+05,1449.1
1526,1542,1518,1537,7.212e+05,1458.6
1533,1544,1526,1527,8.374e+05,1449.1
1496.5,1510.1,1480.5,1495.5,1.4336e+06,1443.4
1496.5,1510.1,1480.5,1495.5,1.4336e+06,1443.4
1524,1531.5,1519,1525,7.698e+05,1447.2
1520,1526.3,1477,1480,9.215e+05,1404.5
1480,1492,1460,1477,1.1667e+06,1401.7
1470,1504,1470,1501,1.4875e+06,1424.5
1503,1503,1474,1482,1.4935e+06,1406.4
1496.5,1510.1,1480.5,1495.5,1.4336e+06,1443.4
1496.5,1510.1,1480.5,1495.5,1.4336e+06,1443.4
1482,1497,1472,1496,9.261e+05,1419.7
1490,1504,1484,1485,9.936e+05,1409.3
1482,1502,1481,1486,9.663e+05,1410.2
1485,1487,1444,1449,1.5557e+06,1375.1
1439,1446,1398,1446,2.8485e+06,1372.3
1496.5,1510.1,1480.5,1495.5,1.4336e+06,1443.4
1496.5,1510.1,1480.5,1495.5,1.4336e+06,1443.4
1444,1470,1434,1470,1.1852e+06,1395.1
1464,1465,1443,1452,1.2255e+06,1378
1455,1458,1426,1429,1.1465e+06,1356.1
1440,1455,1440,1450,1.099e+06,1376.1
1454,1471,1438,1465,1.4036e+06,1390.3
1496.5,1510.1,1480.5,1495.5,1.4336e+06,1443.4
1496.5,1510.1,1480.5,1495.5,1.4336e+06,1443.4
1461,1466,1454,1459,5.769e+05,1393
1460,1473,1460,1466,95000,1399.7
1466,1466,1466,1466,0,1399.7
1466,1466,1466,1466,0,1399.7
1497,1500,1479,1496,5.865e+05,1428.3
1496.5,1510.1,1480.5,1495.5,1.4336e+06,1443.4
1496.5,1510.1,1480.5,1495.5,1.4336e+06,1443.4
1498,1513,1496.2,1505,1.0029e+06,1436.9
1508,1520.1,1508,1516,2.596e+05,1447.4
1516,1516,1516,1516,0,1447.4
1515,1522,1499,1502,1.2088e+06,1434
1500,1515,1500,1513,7.546e+05,1444.5
1496.5,1510.1,1480.5,1495.5,1.4336e+06,1443.4
1496.5,1510.1,1480.5,1495.5,1.4336e+06,1443.4
1512,1515,1504,1505,8.103e+05,1436.9
1503,1505.8,1471,1480,1.4097e+06,1413
1481,1485,1446,1450,1.4703e+06,1384.4
1457,1467,1412,1421,1.565e+06,1356.7
1426,1473.7,1424,1473,1.378e+06,1406.3
1496.5,1510.1,1480.5,1495.5,1.4336e+06,1443.4
1496.5,1510.1,1480.5,1495.5,1.4336e+06,1443.4
1477,1479,1457,1461,8.73e+05,1394.9
1457,1473,1439,1469,1.5118e+06,1402.5
1550,1574,1529.6,1537,3.2446e+06,1467.5
1546,1546,1495,1500,1.253e+06,1432.1
1507,1517,1499,1515,1.6729e+06,1446.4
1496.5,1510.1,1480.5,1495.5,1.4336e+06,1443.4
1496.5,1510.1,1480.5,1495.5,1.4336e+06,1443.4
1499,1517,1498,1500,7.21e+05,1432.1
1505,1522,1498,1514,1.1268e+06,1445.5
1518,1531,1504,1508,8.441e+05,1439.8
1501,1512,1472,1480,1.1263e+06,1413
1480,1490,1465,1477,1.9939e+06,1410.2
1496.5,1510.1,1480.5,1495.5,1.4336e+06,1443.4
1496.5,1510.1,1480.5,1495.5,1.4336e+06,1443.4
1474,1476,1438,1439,1.3294e+06,1373.9
1448,1481,1439,1473,1.2442e+06,1406.3
1482,1491,1443,1452,1.3596e+06,1386.3
1452,1456,1407,1411,1.7234e+06,1347.2
1444,1448,1400,1448,2.1352e+06,1382.5
1496.5,1510.1,1480.5,1495.5,1.4336e+06,1443.4
1496.5,1510.1,1480.5,1495.5,1.4336e+06,1443.4
1446,1454,1405,1407,1.1187e+06,1343.3
1393,1443,1389,1435,1.6547e+06,1370.1
1441,1447,1424,1442,1.473e+06,1376.8
1448,1486,1442,1484,1.3993e+06,1416.8
1491,1493,1473,1474,9.195e+05,1407.3
1496.5,1510.1,1480.5,1495.5,1.4336e+06,1443.4
1496.5,1510.1,1480.5,1495.5,1.4336e+06,1443.4
1480,1498,1475,1494,8.182e+05,1426.4
1501,1517,1497,1516,1.054e+06,1447.4
1516,1524,1499,1505,9.753e+05,1436.9
1509,1513,1491,1510,3.2749e+06,1441.7
1510,1511,1496,1500,8.735e+05,1432.1
1496.5,1510.1,1480.5,1495.5,1.4336e+06,1443.4
1496.5,1510.1,1480.5,1495.5,1.4336e+06,1443.4
1495,1522,1495,1522,5.707e+05,1453.1
1525,1544,1501,1507,1.9583e+06,1438.8
1500,1512,1491,1509,6.702e+05,1440.7
1502,1526,1495,1526,7.134e+05,1457
1537,1538,1517,1526,1.394e+06,1457
1496.5,1510.1,1480.5,1495.5,1.4336e+06,1443.4
1496.5,1510.1,1480.5,1495.5,1.4336e+06,1443.4
1521,1541,1518,1541,9.843e+05,1471.3
1544,1551,1525,1539,1.6656e+06,1469.4
1540,1544,1531,1532,9.952e+05,1462.7
1528,1538.9,1516,1522,8.251e+05,1453.1
1536,1549,1516,1541,1.1775e+06,1471.3
1496.5,1510.1,1480.5,1495.5,1.4336e+06,1443.4
1496.5,1510.1,1480.5,1495.5,1.4336e+06,1443.4
1521,1527,1510,1511,1.1577e+06,1442.6
1525,1550,1525,1544,8.607e+05,1474.1
1538,1543,1516,1528,9.174e+05,1458.9
1529,1532,1515,1526,6.023e+05,1457
1528,1529,1479,1494,1.3763e+06,1426.4
1496.5,1510.1,1480.5,1495.5,1.4336e+06,1443.4
1496.5,1510.1,1480.5,1495.5,1.4336e+06,1443.4
1489,1503,1466,1470,1.1405e+06,1403.5
1467,1485,1456.7,1475,8.319e+05,1408.3
1469,1479,1444,1453,7.533e+05,1387.3
1462,1462,1427,1428,9.969e+05,1363.4
1419,1428,1388,1424,1.6312e+06,1359.6
1496.5,1510.1,1480.5,1495.5,1.4336e+06,1443.4
1496.5,1510.1,1480.5,1495.5,1.4336e+06,1443.4
1429,1451,1420,1446,1.2415e+06,1380.6
1447,1447,1427,1442,1.2151e+06,1376.8
1444,1446,1423,1430,1.1256e+06,1365.3
1424,1427.8,1387,1420,1.4398e+06,1355.7
1403,1403,1382,1390,2.2179e+06,1327.1
1496.5,1510.1,1480.5,1495.5,1.4336e+06,1443.4
1496.5,1510.1,1480.5,1495.5,1.4336e+06,1443.4
1393,1397,1368,1377,1.6017e+06,1314.7
1382,1395,1376,1378,1.0553e+06,1315.6
1385,1427,1374,1425,1.939e+06,1360.5
1420,1425,1400,1405,1.3399e+06,1341.4
1411,1418.5,1396,1409,1.3192e+06,1345.2
1496.5,1510.1,1480.5,1495.5,1.4336e+06,1443.4
1496.5,1510.1,1480.5,1495.5,1.4336e+06,1443.4
1408,1420,1393,1395,1.3327e+06,1331.9
1389,1401,1382,1388,1.2708e+06,1325.2
1391,1393,1381.7,1390,1.6398e+06,1327.1
1392,1447,1383,1432,2.0909e+06,1367.2
1434,1452.3,1402.4,1434,1.9724e+06,1369.1
1496.5,1510.1,1480.5,1495.5,1.4336e+06,1443.4
1496.5,1510.1,1480.5,1495.5,1.4336e+06,1443.4
1413,1415,1400,1406,1.161e+06,1342.4
1404,1406.9,1348,1374,2.7838e+06,1311.8
1377,1429,1373,1417,1.3534e+06,1352.9
1426,1438,1404,1407,1.5734e+06,1343.3
1393,1416,1388,1413,1.3418e+06,1349.1
1496.5,1510.1,1480.5,1495.5,1.4336e+06,1443.4
1496.5,1510.1,1480.5,1495.5,1.4336e+06,1443.4
1404,1433,1402,1431,1.8058e+06,1366.2
1438,1458,1421,1422,2.2928e+06,1357.7
1434,1474,1422,1466,2.4169e+06,1399.7
1460,1460,1432,1440,2.2919e+06,1374.8
1440,1440,1440,1440,0,1374.8
1496.5,1510.1,1480.5,1495.5,1.4336e+06,1443.4
1496.5,1510.1,1480.5,1495.5,1.4336e+06,1443.4
1440,1440,1440,1440,0,1374.8
1439,1456,1437,1444,9.791e+05,1378.7
1446,1449,1424,1429,1.4657e+06,1364.3
1431,1455,1423,1454,1.5017e+06,1388.2
1454,1473,1435,1466,1.4644e+06,1399.7
1496.5,1510.1,1480.5,1495.5,1.4336e+06,1443.4
1496.5,1510.1,1480.5,1495.5,1.4336e+06,1443.4
1469,1479,1460,1463,8.068e+05,1396.8
1470,1476,1455,1464,8.422e+05,1397.8
1458,1486,1450,1485,1.1775e+06,1417.8
1485,1498,1462,1495,4.359e+05,1427.4
1494,1497,1484,1492,1.1565e+06,1424.5
1496.5,1510.1,1480.5,1495.5,1.4336e+06,1443.4
1496.5,1510.1,1480.5,1495.5,1.4336e+06,1443.4
1492,1492,1492,1492,0,1424.5
1488,1498,1475,1488,9.903e+05,1420.7
1485,1492,1479,1484,6.906e+05,1416.8
1489,1524,1484,1523,1.0162e+06,1454.1
1517,1520,1506.7,1517,8.492e+05,1448.4
1496.5,1510.1,1480.5,1495.5,1.4336e+06,1443.4
1496.5,1510.1,1480.5,1495.5,1.4336e+06,1443.4
1517,1530,1506,1526,5.1744e+06,1457
1530,1533,1517,1525,1.0024e+06,1456
1526,1530,1515,1520,6.821e+05,1451.2
1519,1536,1517,1526,1.0799e+06,1457
1528,1533,1520,1532,9.513e+05,1462.7
1496.5,1510.1,1480.5,1495.5,1.4336e+06,1443.4
1496.5,1510.1,1480.5,1495.5,1.4336e+06,1443.4
1537,1542,1525,1530,9.848e+05,1460.8
1533,1538,1510,1515,1.2322e+06,1446.4
1509,1542,1499,1518,1.6159e+06,1449.3
1516,1531,1504,1529,1.1236e+06,1459.8
1530,1530,1496,1503,9.483e+05,1435
1496.5,1510.1,1480.5,1495.5,1.4336e+06,1443.4
1496.5,1510.1,1480.5,1495.5,1.4336e+06,1443.4
1503,1503,1503,1503,0,1435
1507,1534.5,1507,1529,8.029e+05,1459.8
1529,1529,1508,1521,7.638e+05,1452.2
1523,1538,1522,1534,5.018e+05,1464.6
1529,1539,1525,1533,7.745e+05,1463.6
1496.5,1510.1,1480.5,1495.5,1.4336e+06,1443.4
1496.5,1510.1,1480.5,1495.5,1.4336e+06,1443.4
1538,1544,1532,1540,7.385e+05,1470.3
1540,1543,1530,1532,8.878e+05,1462.7
1535,1539,1522,1534,7.937e+05,1464.6
1531,1538,1492,1495,1.3581e+06,1427.4
1491,1495,1472,1479,1.7146e+06,1412.1
1496.5,1510.1,1480.5,1495.5,1.4336e+06,1443.4
1496.5,1510.1,1480.5,1495.5,1.4336e+06,1443.4
1480,1488,1474,1484,1.6423e+06,1416.8
1485,1485,1458,1470,1.6385e+06,1403.5
1472,1476,1456,1469,9.624e+05,1402.5
1470,1473,1460,1468,8.024e+05,1401.6
1463,1466.1,1440,1457,1.1829e+06,1391.1
1496.5,1510.1,1480.5,1495.5,1.4336e+06,1443.4
1496.5,1510.1,1480.5,1495.5,1.4336e+06,1443.4
1458,1460,1445,1449,9.102e+05,1383.4
1447,1462,1444,1444,8.654e+05,1378.7
1448,1460,1442.7,1446,8.085e+05,1380.6
1455,1465,1451,1451,7.568e+05,1385.3
1452,1466,1446,1455,1.1551e+06,1389.2
1496.5,1510.1,1480.5,1495.5,1.4336e+06,1443.4
1496.5,1510.1,1480.5,1495.5,1.4336e+06,1443.4
1460,1462,1442,1459,9.206e+05,1393
1461,1465,1451,1456,6.765e+05,1390.1
1454,1469,1444,1465,1.1073e+06,1398.7
1465,1471,1452,1459,8.983e+05,1393
1464,1478,1455,1474,7.763e+05,1407.3
1496.5,1510.1,1480.5,1495.5,1.4336e+06,1443.4
1496.5,1510.1,1480.5,1495.5,1.4336e+06,1443.4
1482,1493,1479,1483,9.054e+05,1415.9
1483,1486,1455.5,1479,1.0091e+06,1412.1
1466,1476.2,1450,1460,9.942e+05,1416.2
1463,1474,1453,1473,1.0032e+06,1428.8
1474,1493.2,1456,1458,4.765e+05,1414.2
1496.5,1510.1,1480.5,1495.5,1.4336e+06,1443.4
1496.5,1510.1,1480.5,1495.5,1.4336e+06,1443.4
1460,1460,1427,1429,8.969e+05,1386.1
1435,1436.8,1418,1422,8.836e+05,1379.3
1422,1428,1407,1419,9.075e+05,1376.4
1500,1500,1437,1464,7.6838e+06,1420
1465,1481,1445,1452,1.8762e+06,1408.4
1496.5,1510.1,1480.5,1495.5,1.4336e+06,1443.4
1496.5,1510.1,1480.5,1495.5,1.4336e+06,1443.4
1455,1456,1428,1438,1.3815e+06,1394.8
1433,1434,1410,1412,1.1829e+06,1369.6
1417,1430,1396,1427,1.1653e+06,1384.1
1426,1441,1413,1435,9.931e+05,1391.9
1440,1454,1418,1453,1.1846e+06,1409.4
1496.5,1510.1,1480.5,1495.5,1.4336e+06,1443.4
1496.5,1510.1,1480.5,1495.5,1.4336e+06,1443.4
1456,1456,1433,1444,4.64e+05,1400.6
1451,1451,1430,1444,8.834e+05,1400.6
1439,1449.8,1435.2,1446,6.905e+05,1402.6
1448,1448,1430,1443,9.025e+05,1399.7
1421,1424,1404,1420,1.1279e+06,1377.4
1496.5,1510.1,1480.5,1495.5,1.4336e+06,1443.4
1496.5,1510.1,1480.5,1495.5,1.4336e+06,1443.4
1421,1427,1417,1421,8.181e+05,1378.3
1420,1436,1420,1425,1.0783e+06,1382.2
1423,1425.8,1414,1416,1.0026e+06,1373.5
1411,1421,1411,1414,2.1186e+06,1371.5
1415,1419,1402,1411,1.4431e+06,1368.6
1496.5,1510.1,1480.5,1495.5,1.4336e+06,1443.4
1496.5,1510.1,1480.5,1495.5,1.4336e+06,1443.4
1414,1416.3,1403,1410,1.0634e+06,1367.7
1410,1423,1405,1419,8e+05,1376.4
1415,1422,1405,1420,1.0808e+06,1377.4
1415,1423,1408,1410,8.955e+05,1367.7
1408,1435,1402,1434,1.4614e+06,1390.9
1496.5,1510.1,1480.5,1495.5,1.4336e+06,1443.4
1496.5,1510.1,1480.5,1495.5,1.4336e+06,1443.4
1442,1458,1440.5,1451,9.591e+05,1407.4
1446,1456,1446,1453,8.154e+05,1409.4
1460,1466,1452,1457,8.536e+05,1413.2
1449,1452,1440,1448,1.0492e+06,1404.5
1454,1473,1452,1459,1.3015e+06,1415.2
1496.5,1510.1,1480.5,1495.5,1.4336e+06,1443.4
1496.5,1510.1,1480.5,1495.5,1.4336e+06,1443.4
1466,1483,1463,1471,6.827e+05,1426.8
1474,1481,1459,1470,1.1177e+06,1425.8
1473,1474,1444,1449,1.2197e+06,1405.5
1453,1462,1439,1442,1.0452e+06,1398.7
1448,1451,1427,1429,1.6385e+06,1386.1
1496.5,1510.1,1480.5,1495.5,1.4336e+06,1443.4
1496.5,1510.1,1480.5,1495.5,1.4336e+06,1443.4
1429,1429,1429,1429,0,1386.1
1442,1444,1426,1430,2.2735e+06,1387.1
1431,1437,1423,1434,1.9321e+06,1390.9
1433,1439,1424.1,1427,1.2022e+06,1384.1
1429,1433,1413,1421,1.8599e+06,1378.3
1496.5,1510.1,1480.5,1495.5,1.4336e+06,1443.4
1496.5,1510.1,1480.5,1495.5,1.4336e+06,1443.4
1417,1442,1417,1434,8.238e+05,1390.9
1437,1457,1437,1455,1.6679e+06,1411.3
1455,1484,1453,1474,1.5254e+06,1429.7
1470,1483,1461,1481,1.4451e+06,1436.5
1480,1501.2,1480,1492,2.2993e+06,1447.2
1496.5,1510.1,1480.5,1495.5,1.4336e+06,1443.4
1496.5,1510.1,1480.5,1495.5,1.4336e+06,1443.4
1493,1521.3,1491,1515,2.4236e+06,1469.5
1511,1524,1507,1519,1.6615e+06,1473.4
1517,1517,1490,1512,1.5558e+06,1466.6
1515,1523,1503,1519,1.1337e+06,1473.4
1521,1538,1515,1537,1.4994e+06,1490.8
1496.5,1510.1,1480.5,1495.5,1.4336e+06,1443.4
1496.5,1510.1,1480.5,1495.5,1.4336e+06,1443.4
1536,1541,1524,1539,9.666e+05,1492.8
1538,1538,1518,1523,1.3308e+06,1477.3
1523,1533,1508,1532,1.5409e+06,1486
1530,1540,1515,1521,1.3351e+06,1475.3
1538,1538,1506,1508,2.5335e+06,1462.7
1496.5,1510.1,1480.5,1495.5,1.4336e+06,1443.4
1496.5,1510.1,1480.5,1495.5,1.4336e+06,1443.4
1506,1516,1498,1511,1.2647e+06,1465.6
1514,1515,1484,1499,1.424e+06,1454
1495,1505,1485,1503,2.2683e+06,1457.9
1520,1531,1504,1510,1.7554e+06,1464.6
1514,1520,1508,1518,1.1887e+06,1472.4
1496.5,1510.1,1480.5,1495.5,1.4336e+06,1443.4
1496.5,1510.1,1480.5,1495.5,1.4336e+06,1443.4
1511,1518,1507,1513,1.4905e+06,1467.6
1514,1526,1502,1511,1.8811e+06,1465.6
1511,1523,1473,1476,2.0256e+06,1431.7
1482,1482,1429,1435,2.5613e+06,1391.9
1439,1465,1433,1464,1.618e+06,1420
1496.5,1510.1,1480.5,1495.5,1.4336e+06,1443.4
1496.5,1510.1,1480.5,1495.5,1.4336e+06,1443.4
1464,1478,1462.2,1472,1.167e+06,1427.8
1469,1471,1451,1460,1.5328e+06,1416.2
1457,1468,1434,1466,2.0612e+06,1422
1478,1509,1478,1492,2.5742e+06,1447.2
1486,1488,1461,1477,1.7223e+06,1432.6
1496.5,1510.1,1480.5,1495.5,1.4336e+06,1443.4
1496.5,1510.1,1480.5,1495.5,1.4336e+06,1443.4
1466,1482,1459,1479,2.0452e+06,1434.6
1435,1440,1388,1425,4.0039e+06,1382.2
1425,1461,1413,1428,2.4921e+06,1385.1
1434,1448,1405,1422,2.8426e+06,1379.3
1420,1433,1411,1433,1.8581e+06,1390
1496.5,1510.1,1480.5,1495.5,1.4336e+06,1443.4
1496.5,1510.1,1480.5,1495.5,1.4336e+06,1443.4
1432,1449,1423,1431,1.2764e+06,1388
1428,1463.1,1423,1461,1.4423e+06,1417.1
1464,1486,1460,1485,1.6983e+06,1440.4
1481,1499,1470,1495,1.3513e+06,1450.1
1499,1500,1484,1495,1.1011e+06,1450.1
1496.5,1510.1,1480.5,1495.5,1.4336e+06,1443.4
1496.5,1510.1,1480.5,1495.5,1.4336e+06,1443.4
1506,1509,1482,1499,1.2619e+06,1454
1500,1508,1473,1492,1.3226e+06,1447.2
1495,1507,1487,1500,1.225e+06,1454.9
1508,1508,1486,1502,1.2357e+06,1456.9
1515,1540,1510,1531,1.7636e+06,1485
1496.5,1510.1,1480.5,1495.5,1.4336e+06,1443.4
1496.5,1510.1,1480.5,1495.5,1.4336e+06,1443.4
1528,1528,1507,1509,1.1182e+06,1463.7
1502,1504,1475,1477,1.3847e+06,1432.6
1481,1510,1481,1508,1.5512e+06,1462.7
1500,1520,1500,1517,1.3135e+06,1471.4
1517,1528,1511,1519,1.1113e+06,1473.4
1496.5,1510.1,1480.5,1495.5,1.4336e+06,1443.4
1496.5,1510.1,1480.5,1495.5,1.4336e+06,1443.4
1520,1520,1507,1520,1.3631e+06,1474.3
1520,1532.3,1518,1528,1.1542e+06,1482.1
1510,1532,1490,1505,1.9943e+06,1459.8
1509,1533,1508.7,1532,1.2149e+06,1486
1535,1562,1535,1558,1.5651e+06,1511.2
1496.5,1510.1,1480.5,1495.5,1.4336e+06,1443.4
1496.5,1510.1,1480.5,1495.5,1.4336e+06,1443.4
1543,1555.7,1541,1550,9.634e+05,1503.4
1557,1599,1551,1586,1.7912e+06,1538.4
1591,1592,1579,1592,9.866e+05,1544.2
1589,1595,1585,1594,7.957e+05,1546.1
1600,1623,1597,1622,1.2658e+06,1573.3
1496.5,1510.1,1480.5,1495.5,1.4336e+06,1443.4
1496.5,1510.1,1480.5,1495.5,1.4336e+06,1443.4
1620,1623,1609,1618,5.856e+05,1569.4
1617,1618,1602,1618,1.1738e+06,1569.4
1614,1632,1610,1623,1.0835e+06,1574.3
1627,1628,1614,1628,7.131e+05,1579.1
1629,1653,1618,1650,1.2514e+06,1600.4
1496.5,1510.1,1480.5,1495.5,1.4336e+06,1443.4
1496.5,1510.1,1480.5,1495.5,1.4336e+06,1443.4
1642,1647.5,1627,1633,8.124e+05,1584
1634,1637,1616.4,1626,1.2504e+06,1577.2
1619,1646,1610,1633,8.91e+05,1584
1639,1674,1635,1665,1.696e+06,1615
1672,1687,1669,1678,1.1013e+06,1627.6
1496.5,1510.1,1480.5,1495.5,1.4336e+06,1443.4
1496.5,1510.1,1480.5,1495.5,1.4336e+06,1443.4
1673,1685,1664,1680,6.353e+05,1629.5
1675,1680,1666,1669,1.4682e+06,1618.9
1667,1668,1642,1645,1.5319e+06,1595.6
1646,1646,1608,1621,1.2579e+06,1572.3
1611,1611,1581,1583,8.87e+05,1535.5
1496.5,1510.1,1480.5,1495.5,1.4336e+06,1443.4
1496.5,1510.1,1480.5,1495.5,1.4336e+06,1443.4
1576,1631,1572,1594,1.8702e+06,1546.1
1596,1606,1557,1590,1.3956e+06,1542.2
1583,1592,1569,1583,1.2269e+06,1535.5
1594,1633,1578,1633,1.5539e+06,1584
1639,1650,1613,1621,2.4648e+06,1572.3
1496.5,1510.1,1480.5,1495.5,1.4336e+06,1443.4
1496.5,1510.1,1480.5,1495.5,1.4336e+06,1443.4
1628,1645,1623,1640,4.659e+05,1590.7
1644,1648,1632,1646,7.08e+05,1596.6
1662,1666,1642,1655,4.5665e+06,1605.3
1655,1655,1655,1655,0,1605.3
1655,1655,1655,1655,0,1605.3
1496.5,1510.1,1480.5,1495.5,1.4336e+06,1443.4
1496.5,1510.1,1480.5,1495.5,1.4336e+06,1443.4
1641,1653,1628,1653,6.111e+05,1612.8
1646,1650,1632,1645,5.729e+05,1605
1621,1648,1621,1636,1.23e+05,1596.2
1636,1636,1636,1636,0,1596.2
1650,1651.6,1620,1624,1.0217e+06,1584.5
1496.5,1510.1,1480.5,1495.5,1.4336e+06,1443.4
1496.5,1510.1,1480.5,1495.5,1.4336e+06,1443.4
1615,1639,1603,1607,1.0504e+06,1567.9
1614,1616,1585,1602,1.295e+06,1563
1611,1636,1611,1626,1.2088e+06,1586.5
1638,1657,1626,1651,1.0159e+06,1610.9
1654,1663,1637,1647,6.988e+05,1607
1496.5,1510.1,1480.5,1495.5,1.4336e+06,1443.4
1496.5,1510.1,1480.5,1495.5,1.4336e+06,1443.4
1657,1675,1642,1663,8.476e+05,1622.6
1658,1679,1654,1664,1.1176e+06,1623.5
1680,1686,1630,1642,2.4094e+06,1602.1
1674,1685,1613,1684,2.5744e+06,1643.1
1676,1677,1647,1658,1.2701e+06,1617.7
1496.5,1510.1,1480.5,1495.5,1.4336e+06,1443.4
1496.5,1510.1,1480.5,1495.5,1.4336e+06,1443.4
1657,1675,1646,1670,1.06e+06,1629.4
1678,1707,1667,1703,1.2956e+06,1661.6
1706,1743,1704.1,1743,1.414e+06,1700.6
1743,1762,1733,1743,1.4361e+06,1700.6
1741,1775.7,1739,1775,1.1432e+06,1731.8
1496.5,1510.1,1480.5,1495.5,1.4336e+06,1443.4
1496.5,1510.1,1480.5,1495.5,1.4336e+06,1443.4
1769,1790,1749,1774,1.3134e+06,1730.9
1772,1789,1751,1764,1.5704e+06,1721.1
1774,1788,1758,1788,1.0357e+06,1744.5
1770,1787,1749,1765,1.8835e+06,1722.1
1772,1778,1727.5,1729,1.6919e+06,1687
1496.5,1510.1,1480.5,1495.5,1.4336e+06,1443.4
1496.5,1510.1,1480.5,1495.5,1.4336e+06,1443.4
1738,1757,1731,1743,1.3955e+06,1700.6
1742,1775,1729,1771,1.3259e+06,1727.9
1774,1804,1761,1796,1.6852e+06,1752.3
1785,1795,1774,1784,1.3653e+06,1740.6
1780,1806,1779,1797,1.0174e+06,1753.3
1496.5,1510.1,1480.5,1495.5,1.4336e+06,1443.4
1496.5,1510.1,1480.5,1495.5,1.4336e+06,1443.4
1797,1797,1761,1775,7.099e+05,1731.8
1774,1816,1774,1812,1.0126e+06,1767.9
1803,1824,1791,1821,8.98e+05,1776.7
1827,1888,1827,1887,2.6793e+06,1841.1
1891,1897,1847,1861,1.8704e+06,1815.7
1496.5,1510.1,1480.5,1495.5,1.4336e+06,1443.4
1496.5,1510.1,1480.5,1495.5,1.4336e+06,1443.4
1864,1865,1843,1851,5.888e+05,1806
1841,1866,1841,1861,1.1913e+06,1815.7
1874,1892,1871,1883,1.1287e+06,1837.2
1887,1913,1882,1902,9.122e+05,1855.8
1901,1910,1889,1908,1.0738e+06,1861.6
1496.5,1510.1,1480.5,1495.5,1.4336e+06,1443.4
1496.5,1510.1,1480.5,1495.5,1.4336e+06,1443.4
1915,1926,1910,1921,6.116e+05,1874.3
1927,1929,1896,1903,1.0668e+06,1856.7
1902,1918.3,1902,1910,6.825e+05,1863.6
1903,1911,1889,1891,1.485e+06,1845
1885,1896,1859,1872,1.9028e+06,1826.5
1496.5,1510.1,1480.5,1495.5,1.4336e+06,1443.4
1496.5,1510.1,1480.5,1495.5,1.4336e+06,1443.4
1867,1899,1867,1892,9.118e+05,1846
1899,1904,1843,1847,1.0173e+06,1802.1
1846,1868,1817,1865,9.403e+05,1819.7
1865,1886,1865,1875,1.2865e+06,1829.4
1871,1889,1871,1887,9.283e+05,1841.1
1496.5,1510.1,1480.5,1495.5,1.4336e+06,1443.4
1496.5,1510.1,1480.5,1495.5,1.4336e+06,1443.4
1879,1886,1846,1857,7.63e+05,1811.8
1849,1878,1816,1816,1.3102e+06,1771.8
1823,1872,1821.8,1850,1.1485e+06,1805
1857,1876,1841,1845,8.561e+05,1800.1
1855,1855.4,1827,1844,9.746e+05,1799.2
1496.5,1510.1,1480.5,1495.5,1.4336e+06,1443.4
1496.5,1510.1,1480.5,1495.5,1.4336e+06,1443.4
1850,1900,1844.9,1890,1.0665e+06,1844
1886,1892.8,1866,1870,1.0033e+06,1824.5
1868,1870,1843,1860,1.3457e+06,1814.8
1860,1886,1858,1870,1.0575e+06,1824.5
1872,1883,1868,1876,1.5268e+06,1830.4
1496.5,1510.1,1480.5,1495.5,1.4336e+06,1443.4
1496.5,1510.1,1480.5,1495.5,1.4336e+06,1443.4
1861,1864,1816.8,1828,1.1065e+06,1783.6
1834,1865,1829,1852,9.166e+05,1807
1850,1864,1823,1824,9.864e+05,1779.6
1808,1808,1766,1787,1.7732e+06,1743.5
1791,1801,1767,1767,1.2963e+06,1724
1496.5,1510.1,1480.5,1495.5,1.4336e+06,1443.4
1496.5,1510.1,1480.5,1495.5,1.4336e+06,1443.4
1787,1805,1756,1772,1.381e+06,1728.9
1736,1763,1729,1733,1.9354e+06,1690.9
1729,1766,1719,1731,1.2416e+06,1688.9
1727,1739,1708,1715,1.5243e+06,1673.3
1715,1715,1715,1715,0,1673.3
1496.5,1510.1,1480.5,1495.5,1.4336e+06,1443.4
1496.5,1510.1,1480.5,1495.5,1.4336e+06,1443.4
1715,1715,1715,1715,0,1673.3
1723,1733,1710,1714,2.0949e+06,1672.3
1718,1749,1706,1743,2.0807e+06,1700.6
1774,1825,1771,1792,3.0993e+06,1748.4
1795,1815,1775,1806,2.3133e+06,1762.1
1496.5,1510.1,1480.5,1495.5,1.4336e+06,1443.4
1496.5,1510.1,1480.5,1495.5,1.4336e+06,1443.4
1805,1805,1759,1778,1.7622e+06,1734.8
1775,1799,1764,1784,1.3264e+06,1740.6
1815,1837,1772,1829,3.5041e+06,1784.5
1839,1848,1807,1810,1.8287e+06,1766
1808,1830,1786,1794,1.325e+06,1750.4
1496.5,1510.1,1480.5,1495.5,1.4336e+06,1443.4
1496.5,1510.1,1480.5,1495.5,1.4336e+06,1443.4
1801,1818,1792,1804,9.427e+05,1760.1
1813,1836,1797,1821,1.1093e+06,1776.7
1811,1819,1778,1796,1.151e+06,1752.3
1796,1808,1786.1,1800,1.0359e+06,1756.2
1810,1818,1783,1796,1.1135e+06,1752.3
1496.5,1510.1,1480.5,1495.5,1.4336e+06,1443.4
1496.5,1510.1,1480.5,1495.5,1.4336e+06,1443.4
1805,1814,1784,1802,1.0174e+06,1758.2
1797,1807,1700,1765,1.3488e+06,1722.1
1777,1796,1749.5,1754,1.1411e+06,1711.4
1762,1765,1732,1744,1.5993e+06,1701.6
1750,1751,1716,1724,9.381e+05,1682.1
1496.5,1510.1,1480.5,1495.5,1.4336e+06,1443.4
1496.5,1510.1,1480.5,1495.5,1.4336e+06,1443.4
1724,1724,1724,1724,0,1682.1
1765,1777,1733,1734,1.8476e+06,1691.8
1726,1749,1712.6,1718,1.1866e+06,1676.2
1711,1744,1685,1738,1.473e+06,1695.7
1773,1786,1755,1780,1.4907e+06,1736.7
1496.5,1510.1,1480.5,1495.5,1.4336e+06,1443.4
1496.5,1510.1,1480.5,1495.5,1.4336e+06,1443.4
1775,1786,1771,1776,9.1e+05,1732.8
1769,1774,1751,1756,1.3794e+06,1713.3
1759,1783,1755,1757,1.1047e+06,1714.3
1757,1774,1746,1760,2.7792e+06,1717.2
1768,1785,1758.3,1773,8.674e+05,1729.9
1496.5,1510.1,1480.5,1495.5,1.4336e+06,1443.4
1496.5,1510.1,1480.5,1495.5,1.4336e+06,1443.4
1765,1784,1756,1776,1.362e+06,1732.8
1776,1822,1776,1808,3.3056e+06,1764
1741,1749,1694,1717,4.0974e+06,1675.3
1708,1714,1683,1700,2.0013e+06,1658.7
1703,1723,1694,1709,1.2694e+06,1667.4
1496.5,1510.1,1480.5,1495.5,1.4336e+06,1443.4
1496.5,1510.1,1480.5,1495.5,1.4336e+06,1443.4
1709,1709,1709,1709,0,1667.4
1709,1722.2,1701.6,1705,1.8752e+06,1663.5
1704,1732,1701,1726,2.0255e+06,1684
1722,1729,1708.5,1716,1.3742e+06,1674.3
1715,1722,1690,1695,1.6933e+06,1653.8
1496.5,1510.1,1480.5,1495.5,1.4336e+06,1443.4
1496.5,1510.1,1480.5,1495.5,1.4336e+06,1443.4
1697,1713,1691,1693,1.0737e+06,1651.8
1709,1710,1674.3,1699,1.2055e+06,1657.7
1698,1716,1695,1696,1.3728e+06,1654.8
1700,1701,1677,1680,1.7224e+06,1639.2
1676,1676,1651,1662,1.2927e+06,1621.6
1496.5,1510.1,1480.5,1495.5,1.4336e+06,1443.4
1496.5,1510.1,1480.5,1495.5,1.4336e+06,1443.4
1667,1671,1652,1656,1.3092e+06,1615.7
1659,1659,1634,1636,9.675e+05,1596.2
1636,1673,1623,1667,1.45e+06,1626.5
1666,1691,1662,1677,1.2235e+06,1636.2
1669,1694.6,1654,1660,1.3743e+06,1619.6
1496.5,1510.1,1480.5,1495.5,1.4336e+06,1443.4
1496.5,1510.1,1480.5,1495.5,1.4336e+06,1443.4
1651,1663,1643,1648,2.0842e+06,1607.9
1646,1651,1632,1649,1.3834e+06,1608.9
1654,1660,1631,1632,1.1257e+06,1592.3
1627,1634,1599,1622,1.5937e+06,1582.6
1621,1655.8,1621,1646,1.7513e+06,1606
1496.5,1510.1,1480.5,1495.5,1.4336e+06,1443.4
1496.5,1510.1,1480.5,1495.5,1.4336e+06,1443.4
1665,1671,1654,1664,1.3722e+06,1623.5
1673,1675,1663,1667,1.3391e+06,1626.5
1667,1683,1662,1677,1.4502e+06,1636.2
1672,1675,1650,1654,1.3889e+06,1613.8
1646,1650,1627,1629,1.2124e+06,1589.4
1496.5,1510.1,1480.5,1495.5,1.4336e+06,1443.4
1496.5,1510.1,1480.5,1495.5,1.4336e+06,1443.4
1588,1606,1582,1587,1.695e+06,1548.4
1590,1591,1568,1571,1.4019e+06,1532.8
1580,1601,1571,1591,1.0094e+06,1552.3
1566,1567,1551,1559,9.772e+05,1545.9
1551,1566,1548,1554,9.644e+05,1540.9
1496.5,1510.1,1480.5,1495.5,1.4336e+06,1443.4
1496.5,1510.1,1480.5,1495.5,1.4336e+06,1443.4
1538,1550,1534,1535,1.3737e+06,1522.1
1541,1544,1506,1506,1.4492e+06,1493.3
1513,1545,1506,1538,2.2096e+06,1525
1543,1572,1541,1563,1.3264e+06,1549.8
1585,1598,1573,1592,1.3851e+06,1578.6
1496.5,1510.1,1480.5,1495.5,1.4336e+06,1443.4
1496.5,1510.1,1480.5,1495.5,1.4336e+06,1443.4
1608,1618,1602,1613,1.3509e+06,1599.4
1616,1621,1601,1620,1.1235e+06,1606.4
1619,1629,1560,1578,3.4728e+06,1564.7
1583,1588,1556,1583,1.8339e+06,1569.7
1586,1599,1579,1595,1.3879e+06,1581.6
1496.5,1510.1,1480.5,1495.5,1.4336e+06,1443.4
1496.5,1510.1,1480.5,1495.5,1.4336e+06,1443.4
1594,1608,1594,1601,8.971e+05,1587.5
1602,1606,1580,1585,1.0261e+06,1571.7
1579,1586,1554,1559,1.2002e+06,1545.9
1567,1573,1555,1559,1.8608e+06,1545.9
1559,1567,1538,1540,6.808e+05,1527
1496.5,1510.1,1480.5,1495.5,1.4336e+06,1443.4
1496.5,1510.1,1480.5,1495.5,1.4336e+06,1443.4
1533,1542.1,1515,1516,8.734e+05,1503.2
1528,1557,1525,1551,1.421e+06,1537.9
1564,1574,1550,1560,1.2628e+06,1546.9
1563,1569,1550,1564,1.0551e+06,1550.8
1572,1613,1564,1609,2.4827e+06,1595.4
1496.5,1510.1,1480.5,1495.5,1.4336e+06,1443.4
1496.5,1510.1,1480.5,1495.5,1.4336e+06,1443.4
1605,1612,1598,1601,1.6987e+06,1587.5
1600,1601,1581,1595,9.38e+05,1581.6
1594,1622,1592,1613,1.4054e+06,1599.4
1609,1617,1600,1608,8.096e+05,1594.5
1612,1617,1602,1608,5.849e+05,1594.5
1496.5,1510.1,1480.5,1495.5,1.4336e+06,1443.4
1496.5,1510.1,1480.5,1495.5,1.4336e+06,1443.4
1612,1615.2,1594,1607,1.1471e+06,1593.5
1595,1605,1535,1536,1.7699e+06,1523.1
1508,1508,1468,1482,2.671e+06,1469.5
1499,1525,1476,1484,1.9961e+06,1471.5
1486,1500,1478,1490,9.875e+05,1477.5
1496.5,1510.1,1480.5,1495.5,1.4336e+06,1443.4
1496.5,1510.1,1480.5,1495.5,1.4336e+06,1443.4
1501,1504,1480,1492,1.0384e+06,1479.4
1486,1491,1473,1476,1.0348e+06,1463.6
1470,1471,1440,1441,1.1268e+06,1428.9
1430,1448,1417,1417,2.1471e+06,1405.1
1395,1425,1390,1403,2.5844e+06,1391.2
1496.5,1510.1,1480.5,1495.5,1.4336e+06,1443.4
1496.5,1510.1,1480.5,1495.5,1.4336e+06,1443.4
1362,1375.4,1312,1341,4.7777e+06,1329.7
1354,1400,1347,1392,3.1845e+06,1380.3
1377,1377,1342,1347,4.2363e+06,1335.7
1373,1404,1367,1402,2.6211e+06,1390.2
1402,1411,1384.8,1411,2.2539e+06,1399.1
1496.5,1510.1,1480.5,1495.5,1.4336e+06,1443.4
1496.5,1510.1,1480.5,1495.5,1.4336e+06,1443.4
1411,1411,1411,1411,0,1399.1
1387,1391,1337,1341,2.8044e+06,1329.7
1342,1354,1323,1351,2.7072e+06,1339.6
1364,1398,1364,1393,2.1931e+06,1381.3
1378,1379,1339,1343,2.091e+06,1331.7
1496.5,1510.1,1480.5,1495.5,1.4336e+06,1443.4
1496.5,1510.1,1480.5,1495.5,1.4336e+06,1443.4
1353,1369.2,1351,1360,1.1132e+06,1348.5
1366,1396,1366,1380,1.6705e+06,1368.4
1411,1419,1394,1398,1.4931e+06,1386.2
1387,1398,1380,1388,1.2581e+06,1376.3
1388,1391,1373.2,1376,1.1272e+06,1364.4
1496.5,1510.1,1480.5,1495.5,1.4336e+06,1443.4
1496.5,1510.1,1480.5,1495.5,1.4336e+06,1443.4
1378,1398,1372,1374,1.2344e+06,1362.4
1377,1409,1363,1405,1.5688e+06,1393.2
1412,1464,1394,1415,4.227e+06,1403.1
1418,1419.3,1384.8,1394,2.4723e+06,1382.3
1393,1393,1365,1378,1.8549e+06,1366.4
1496.5,1510.1,1480.5,1495.5,1.4336e+06,1443.4
1496.5,1510.1,1480.5,1495.5,1.4336e+06,1443.4
1372,1383,1351,1361,2.1469e+06,1349.5
1365,1365,1328,1331,1.9493e+06,1319.8
1329,1347,1320,1343,1.3756e+06,1331.7
1345,1345,1332,1333,2.2739e+06,1321.8
1357,1379,1349,1375,1.4761e+06,1363.4
1496.5,1510.1,1480.5,1495.5,1.4336e+06,1443.4
1496.5,1510.1,1480.5,1495.5,1.4336e+06,1443.4
1369,1373,1332,1335,1.0969e+06,1323.8
1317,1329,1309,1316,1.7311e+06,1304.9
1341,1369,1338,1368,1.5427e+06,1356.5
1378,1382.3,1338,1351,1.7492e+06,1339.6
1362,1380,1343,1360,1.3635e+06,1348.5
1496.5,1510.1,1480.5,1495.5,1.4336e+06,1443.4
1496.5,1510.1,1480.5,1495.5,1.4336e+06,1443.4
1382,1407,1378,1406,1.0657e+06,1394.2
1412,1442,1406,1435,1.3936e+06,1422.9
1439,1465,1428,1455,1.3781e+06,1442.7
1459,1497,1446,1492,2.5042e+06,1479.4
1500,1512,1491,1504,1.6792e+06,1491.3
1496.5,1510.1,1480.5,1495.5,1.4336e+06,1443.4
1496.5,1510.1,1480.5,1495.5,1.4336e+06,1443.4
1507,1508,1475,1475,1.9946e+06,1462.6
1466,1469,1427,1430,2.3255e+06,1418
1419,1443.5,1399,1419,1.9707e+06,1407
1255,1311,1236,1302,7.6714e+06,1291
1311,1311,1264,1277,3.705e+06,1266.2
1496.5,1510.1,1480.5,1495.5,1.4336e+06,1443.4
1496.5,1510.1,1480.5,1495.5,1.4336e+06,1443.4
1281,1288,1254,1263,1.7649e+06,1252.4
1267,1272,1249,1270,1.8473e+06,1259.3
1270,1275,1262,1267,1.2095e+06,1256.3
1271,1307,1264,1299,1.3714e+06,1288.1
1314,1356,1309,1351,2.8311e+06,1339.6
1496.5,1510.1,1480.5,1495.5,1.4336e+06,1443.4
1496.5,1510.1,1480.5,1495.5,1.4336e+06,1443.4
1344,1345,1321,1324,9.061e+05,1312.8
1325,1326,1306,1306,1.1054e+06,1295
1307,1331.5,1305,1327,9.477e+05,1315.8
1329,1331.6,1306,1326,1.262e+06,1314.8
1330,1331.3,1305,1328,2.6824e+06,1316.8
1496.5,1510.1,1480.5,1495.5,1.4336e+06,1443.4
1496.5,1510.1,1480.5,1495.5,1.4336e+06,1443.4
1319,1340,1319,1335,1.0711e+06,1323.8
1338,1347,1331,1344,1.5597e+06,1332.7
1356,1384,1348.3,1375,1.5455e+06,1363.4
1380,1394,1364,1385,2.8099e+06,1373.3
1376,1377,1342,1375,2.4434e+06,1363.4
1496.5,1510.1,1480.5,1495.5,1.4336e+06,1443.4
1496.5,1510.1,1480.5,1495.5,1.4336e+06,1443.4
1379,1390,1368,1374,2.3259e+06,1362.4
1386,1388,1317,1319,2.4227e+06,1307.9
1318,1335,1314,1335,2.2201e+06,1323.8
1341,1368,1311,1313,2.3266e+06,1301.9
1312,1312.7,1263.5,1268,2.2465e+06,1257.3
1496.5,1510.1,1480.5,1495.5,1.4336e+06,1443.4
1496.5,1510.1,1480.5,1495.5,1.4336e+06,1443.4
1269,1273.6,1239,1253,2.2324e+06,1242.4
1270,1282,1264,1276,1.5073e+06,1265.3
1268,1285,1262,1282,1.1381e+06,1271.2
1293,1293,1263,1279,1.3627e+06,1268.2
1285,1286,1276,1281,2.0092e+06,1270.2
1496.5,1510.1,1480.5,1495.5,1.4336e+06,1443.4
1496.5,1510.1,1480.5,1495.5,1.4336e+06,1443.4
1272,1275.6,1255,1258,1.1051e+06,1247.4
1244,1247,1189,1195,3.0437e+06,1184.9
1203,1214,1203,1211,2.5077e+06,1200.8
1216,1246,1215,1242,3.9042e+06,1231.5
1239,1257,1230,1245,1.6568e+06,1234.5
1496.5,1510.1,1480.5,1495.5,1.4336e+06,1443.4
1496.5,1510.1,1480.5,1495.5,1.4336e+06,1443.4
1243,1255,1237.2,1245,1.6078e+06,1234.5
1249,1267,1247,1247,1.4554e+06,1236.5
1247,1250,1222,1237,1.4728e+06,1226.6
1234,1239,1198,1199,3.1254e+06,1188.9
1194,1212,1191,1202,2.2233e+06,1191.9
1496.5,1510.1,1480.5,1495.5,1.4336e+06,1443.4
1496.5,1510.1,1480.5,1495.5,1.4336e+06,1443.4
1204,1222.4,1199,1216,1.4779e+06,1205.8
1216,1216,1197,1199,1.8567e+06,1188.9
1197,1198.7,1172,1181,2.0973e+06,1171.1
1174,1191.3,1171,1174,1.8562e+06,1164.1
1169,1173,1133,1140,1.9617e+06,1130.4
1496.5,1510.1,1480.5,1495.5,1.4336e+06,1443.4
1496.5,1510.1,1480.5,1495.5,1.4336e+06,1443.4
1142,1152,1119,1119,1.6677e+06,1109.6
1131,1163,1126,1157,1.3229e+06,1147.3
1156,1188.5,1145,1183,2.2527e+06,1173
1206,1212.9,1191,1201,2.1082e+06,1190.9
1197,1197,1186,1188,2.6667e+06,1178
1496.5,1510.1,1480.5,1495.5,1.4336e+06,1443.4
1496.5,1510.1,1480.5,1495.5,1.4336e+06,1443.4
1191,1213,1187,1192,1.2842e+06,1182
1202,1206,1182,1197,1.5844e+06,1186.9
1200,1214.5,1193,1211,1.6169e+06,1200.8
1216,1217,1204,1209,3.655e+05,1209
1496.5,1510.1,1480.5,1495.5,1.4336e+06,1443.4
1496.5,1510.1,1480.5,1495.5,1.4336e+06,1443.4
1496.5,1510.1,1480.5,1495.5,1.4336e+06,1443.4
1496.5,1510.1,1480.5,1495.5,1.4336e+06,1443.4
1217,1225,1196,1225,9.967e+05,1225
1223,1223,1197,1210,1.0885e+06,1210
1203,1210,1194,1195,4.195e+05,1195
1496.5,1510.1,1480.5,1495.5,1.4336e+06,1443.4
1496.5,1510.1,1480.5,1495.5,1.4336e+06,1443.4
1496.5,1510.1,1480.5,1495.5,1.4336e+06,1443.4
1189,1189,1136,1140,2.4306e+06,1140
1149,1151,1113,1140,2.1323e+06,1140
1115,1115,1077,1098,2.5413e+06,1098
1063,1078,1047,1078,3.5746e+06,1078
1084,1109,1077,1095,2.8283e+06,1095
1496.5,1510.1,1480.5,1495.5,1.4336e+06,1443.4
1496.5,1510.1,1480.5,1495.5,1.4336e+06,1443.4
1095,1108,1083,1084,2.2616e+06,1084
1092,1123.1,1090,1103,2.634e+06,1103
1115,1127,1102,1112,2.1391e+06,1112
1165,1173,1100,1121,5.3223e+06,1121
1117,1141.3,1098,1120,2.5867e+06,1120
1496.5,1510.1,1480.5,1495.5,1.4336e+06,1443.4
1496.5,1510.1,1480.5,1495.5,1.4336e+06,1443.4
1115,1127.6,1112,1121,2.0253e+06,1121
1150,1160,1133,1139,2.432e+06,1139
1119,1156.1,1087,1120,2.794e+06,1120
1119,1154.7,1112,1153,2.7577e+06,1153
1176,1213,1169,1181,3.5864e+06,1181
1496.5,1510.1,1480.5,1495.5,1.4336e+06,1443.4
1496.5,1510.1,1480.5,1495.5,1.4336e+06,1443.4
1186,1186,1163,1178,3.0307e+06,1178
1163,1220,1155,1211,4.3305e+06,1211
1214,1220,1183,1190,2.6048e+06,1190
1181,1190,1160,1160,2.7666e+06,1160
1179,1195,1168,1195,2.6312e+06,1195
1496.5,1510.1,1480.5,1495.5,1.4336e+06,1443.4
1496.5,1510.1,1480.5,1495.5,1.4336e+06,1443.4
1195,1202,1173,1189,1.8245e+06,1189
1188,1190,1150,1168,1.6641e+06,1168
1177,1197,1158,1165,2.6679e+06,1165
1186,1191,1165,1185,2.6784e+06,1185
1189,1225,1182,1218,4.591e+06,1218
1496.5,1510.1,1480.5,1495.5,1.4336e+06,1443.4
1496.5,1510.1,1480.5,1495.5,1.4336e+06,1443.4
1225,1241,1194,1200,2.4997e+06,1200
1198,1217,1172,1172,3.2675e+06,1172
1189,1199,1158,1163,2.9244e+06,1163
1156,1156,1109,1109,3.5005e+06,1109
1122,1186,1117.8,1174,3.3493e+06,1174
1496.5,1510.1,1480.5,1495.5,1.4336e+06,1443.4
1496.5,1510.1,1480.5,1495.5,1.4336e+06,1443.4
1201,1220,1194,1209,1.4316e+06,1209
1215,1223,1199,1212,2.6397e+06,1212
1212,1293.8,1212,1289,2.6892e+06,1289
