275.2,276.3,273.43,274.2,8.695e+06,250.8
273.4,278.6,272.62,276.9,1.3426e+07,253.27
277,282.84,276.42,281,1.1916e+07,257.02
280,280,273.1,274,1.1672e+07,250.62
274.3,279.6,274.3,277.1,9.7037e+06,253.45
392.78,396.8,389.1,392.64,1.4629e+07,376.27
392.78,396.8,389.1,392.64,1.4629e+07,376.27
278,278.78,270.6,271.7,1.4694e+07,248.51
266.8,272.9,265.3,266.5,3.1741e+07,243.76
268,270.7,267.5,270,1.3951e+07,246.96
271.3,271.63,266.8,267.7,2.0244e+07,244.85
267.1,269.5,264.8,268.5,1.1485e+07,245.59
392.78,396.8,389.1,392.64,1.4629e+07,376.27
392.78,396.8,389.1,392.64,1.4629e+07,376.27
267,268.7,264.8,265.4,1.3741e+07,242.75
266.2,268.9,265.7,268.5,1.3756e+07,245.59
268.9,269.54,265.9,266.4,1.4126e+07,243.67
266.1,267,263.4,264,1.6578e+07,241.47
265.4,269.07,264.8,267,1.6934e+07,244.22
392.78,396.8,389.1,392.64,1.4629e+07,376.27
392.78,396.8,389.1,392.64,1.4629e+07,376.27
267,271.8,266.1,270.5,1.322e+07,247.42
270.5,271.13,269.5,269.5,1.1119e+07,246.5
269,269,264.1,265.8,1.2951e+07,243.12
265.7,278.06,265.48,277.4,2.6571e+07,253.73
277,277.8,272.2,272.3,2.7083e+07,249.06
392.78,396.8,389.1,392.64,1.4629e+07,376.27
392.78,396.8,389.1,392.64,1.4629e+07,376.27
266.9,272,266.42,270.8,1.1534e+07,247.69
270.3,273.6,268.8,269.9,9.7789e+06,246.87
271.1,274.56,270.98,272.7,1.1602e+07,249.43
271.8,271.8,265.2,266.3,1.3726e+07,243.57
266.3,277.7,266.3,276.7,1.7473e+07,253.09
392.78,396.8,389.1,392.64,1.4629e+07,376.27
392.78,396.8,389.1,392.64,1.4629e+07,376.27
279.4,281.4,277.8,280.8,1.7171e+07,256.84
281.3,281.5,276.26,277.6,1.447e+07,253.91
279.5,279.5,270.8,274.5,1.4779e+07,251.07
275,280.8,274.6,278,1.2637e+07,254.28
278,278,278,278,0,254.28
392.78,396.8,389.1,392.64,1.4629e+07,376.27
392.78,396.8,389.1,392.64,1.4629e+07,376.27
278,278,278,278,0,254.28
277.4,283.2,276.4,281.7,1.2976e+07,257.66
280.7,281.7,277.9,278.5,1.2959e+07,254.73
278.3,279.34,272.56,273.6,1.0936e+07,250.25
270,270.57,261.4,265.8,1.4803e+07,243.12
392.78,396.8,389.1,392.64,1.4629e+07,376.27
392.78,396.8,389.1,392.64,1.4629e+07,376.27
267,268.4,264.7,265.7,9.8283e+06,243.03
266.7,268.83,266.25,268.1,1.011e+07,245.22
268.5,278,268.4,277,1.4115e+07,253.36
277.1,280.5,276.17,279.5,1.0537e+07,255.65
278.7,279.2,276.3,278.2,7.9135e+06,254.46
392.78,396.8,389.1,392.64,1.4629e+07,376.27
392.78,396.8,389.1,392.64,1.4629e+07,376.27
276.5,277.99,274,277.6,1.1323e+07,253.91
275.7,277.7,272.8,274.4,9.7699e+06,250.98
276.8,277.8,273.9,274.8,1.1391e+07,251.35
276.3,277.1,273.1,276,1.3135e+07,252.45
278,279,274.9,277.6,1.2105e+07,253.91
392.78,396.8,389.1,392.64,1.4629e+07,376.27
392.78,396.8,389.1,392.64,1.4629e+07,376.27
278.3,280,275.9,276.6,8.4536e+06,253
275.4,284.5,275.3,283.7,1.344e+07,259.49
283.1,284.9,282,284.3,1.0351e+07,260.04
284.9,290.7,282.7,288.7,1.3571e+07,264.06
287.4,287.9,284.3,285.8,9.1578e+06,261.41
392.78,396.8,389.1,392.64,1.4629e+07,376.27
392.78,396.8,389.1,392.64,1.4629e+07,376.27
286.1,287.6,280.1,280.9,2.1328e+07,256.93
280.7,283.34,276.12,276.2,2.0002e+07,252.63
275.8,286.63,275.8,285.7,1.5328e+07,261.32
280.3,283.2,278.8,279.1,1.3112e+07,255.28
278.9,279.3,274.3,275,1.4362e+07,251.53
392.78,396.8,389.1,392.64,1.4629e+07,376.27
392.78,396.8,389.1,392.64,1.4629e+07,376.27
275,275,275,275,0,251.53
282.5,283.4,275.1,281.9,1.623e+07,257.84
282.9,284.5,281.4,282.3,1.5575e+07,258.21
280.7,282.1,272.3,275.7,2.4659e+07,252.17
296,312.2,295,309.5,5.9774e+07,283.09
392.78,396.8,389.1,392.64,1.4629e+07,376.27
392.78,396.8,389.1,392.64,1.4629e+07,376.27
309.6,310.8,303.54,305.8,2.0877e+07,279.7
306.2,311.5,304.9,311.5,1.2555e+07,284.92
311.4,312.91,309.3,312.6,1.4355e+07,285.92
314.5,322.13,313.1,316.3,1.8409e+07,289.31
315.4,316.5,312.91,314,1.3826e+07,287.2
392.78,396.8,389.1,392.64,1.4629e+07,376.27
392.78,396.8,389.1,392.64,1.4629e+07,376.27
315.6,322.93,314.13,322.2,9.0302e+06,294.7
322.2,323.5,319.7,322.3,1.1667e+07,294.8
321.9,324,320.3,321.5,1.4635e+07,294.06
315.2,319.1,312.6,314.1,1.2762e+07,287.3
308.2,313.1,304.2,307.7,1.7018e+07,281.44
392.78,396.8,389.1,392.64,1.4629e+07,376.27
392.78,396.8,389.1,392.64,1.4629e+07,376.27
307.7,307.7,307.7,307.7,0,281.44
309,314.1,309,312.6,1.3234e+07,285.92
310.9,311.1,304.8,305.4,1.118e+07,279.34
304.1,304.55,300.8,303.4,1.0118e+07,277.51
302.3,307.8,300.48,302.1,2.0591e+07,276.32
392.78,396.8,389.1,392.64,1.4629e+07,376.27
392.78,396.8,389.1,392.64,1.4629e+07,376.27
300,300.6,293,294.3,1.8477e+07,269.19
297.6,301.74,295.43,296.4,4.249e+07,271.11
294.9,298.7,293.83,294.1,1.2165e+07,269
295.6,304.7,295.6,301.7,1.6071e+07,275.95
304.7,315.2,304,312.8,2.4929e+07,286.11
392.78,396.8,389.1,392.64,1.4629e+07,376.27
392.78,396.8,389.1,392.64,1.4629e+07,376.27
311.2,315.11,306.9,308,1.3466e+07,281.72
306.5,309.03,300.9,305,1.0934e+07,278.97
305.5,313.8,305,309.3,1.2809e+07,282.9
305.3,309.3,304.3,307.7,1.5226e+07,281.44
310.2,312.5,306.4,312.4,1.4701e+07,285.74
392.78,396.8,389.1,392.64,1.4629e+07,376.27
392.78,396.8,389.1,392.64,1.4629e+07,376.27
313.1,315.1,310.8,312,1.1765e+07,285.37
311.3,322.9,310.15,319.3,1.2989e+07,292.05
319,321.82,306.5,313.7,3.1107e+07,286.93
309.9,312,302.5,304.4,1.7999e+07,278.42
307.1,314.1,305.2,307.4,3.0642e+07,281.17
392.78,396.8,389.1,392.64,1.4629e+07,376.27
392.78,396.8,389.1,392.64,1.4629e+07,376.27
306.6,308.5,299,300.2,1.9267e+07,274.58
303.9,307,300.2,304.9,1.2286e+07,278.88
305.4,309,304.4,305.4,1.1365e+07,279.34
305.5,311.57,305,309,1.3364e+07,282.63
310.4,311.9,308.2,309.2,1.7077e+07,282.81
392.78,396.8,389.1,392.64,1.4629e+07,376.27
392.78,396.8,389.1,392.64,1.4629e+07,376.27
313.2,317.7,311.1,317.5,1.3065e+07,290.4
315,317.54,312.9,316.2,9.587e+06,289.22
314.1,317.9,312.8,317.8,1.4071e+07,290.68
320,330.5,319,329.1,1.4114e+07,301.01
330.4,333.2,327.1,329.3,1.8601e+07,301.2
392.78,396.8,389.1,392.64,1.4629e+07,376.27
392.78,396.8,389.1,392.64,1.4629e+07,376.27
331.6,335.57,329.9,335.2,1.1388e+07,306.6
336.6,336.6,330.8,334,1.0797e+07,305.5
334.2,336.26,330.4,335.7,1.0732e+07,307.05
338,340.9,333.3,337.4,1.1736e+07,308.61
339.8,341.2,337.7,339.2,1.2161e+07,310.25
392.78,396.8,389.1,392.64,1.4629e+07,376.27
392.78,396.8,389.1,392.64,1.4629e+07,376.27
341.7,347.1,341.5,344,1.2148e+07,314.64
344,345,337.1,338.4,1.2106e+07,309.52
338.5,339.91,333.6,334,1.6505e+07,305.5
333,335.2,331.4,332.1,2.7241e+07,303.76
331.9,338.46,331.6,338.1,1.9354e+07,309.25
392.78,396.8,389.1,392.64,1.4629e+07,376.27
392.78,396.8,389.1,392.64,1.4629e+07,376.27
338,344.3,336.8,343.2,1.0722e+07,313.91
345.7,348.7,339.9,339.9,2.1768e+07,310.89
338.9,344.6,337.2,342,1.0242e+07,312.81
343.6,345.25,331.1,334.4,1.5835e+07,305.86
336.3,338.2,334.7,336.8,8.4343e+06,308.06
392.78,396.8,389.1,392.64,1.4629e+07,376.27
392.78,396.8,389.1,392.64,1.4629e+07,376.27
338.4,340.69,336.2,336.6,8.8662e+06,307.88
338.9,344.1,338.89,342.1,8.7217e+06,312.91
341.1,344,339.6,340.7,1.0349e+07,311.63
342.4,346.4,340.4,342.7,1.3458e+07,313.45
345,345.6,338.6,339.6,1.069e+07,310.62
392.78,396.8,389.1,392.64,1.4629e+07,376.27
392.78,396.8,389.1,392.64,1.4629e+07,376.27
340.1,342.7,336.5,338.9,1.1815e+07,309.98
338.9,340.77,334.39,338.6,1.5319e+07,309.7
331,338.8,328.3,328.5,1.1432e+07,307.01
329.3,333.8,325.02,326.5,1.0678e+07,305.15
328.2,333.2,325.67,330.5,8.9724e+06,308.88
392.78,396.8,389.1,392.64,1.4629e+07,376.27
392.78,396.8,389.1,392.64,1.4629e+07,376.27
330,330,325.5,329,8.6645e+06,307.48
329,332.9,328.3,331.3,8.9227e+06,309.63
330.7,627.27,326,326.2,3.2598e+07,304.87
326.1,331.7,324.4,325.6,1.4726e+07,304.31
324.9,327.7,323.6,325.8,1.1489e+07,304.49
392.78,396.8,389.1,392.64,1.4629e+07,376.27
392.78,396.8,389.1,392.64,1.4629e+07,376.27
325.9,327.3,321.7,322.2,7.1177e+06,301.13
320,329.3,320,328.2,1.2152e+07,306.73
328.3,331.8,326.8,327.4,1.6266e+07,305.99
327,331,327,330.5,8.9943e+06,308.88
330.2,334.2,329.3,332.3,6.5314e+06,310.57
392.78,396.8,389.1,392.64,1.4629e+07,376.27
392.78,396.8,389.1,392.64,1.4629e+07,376.27
332.3,332.3,332.3,332.3,0,310.57
330.7,332.44,325.2,326.2,1.1528e+07,304.87
324.1,325.5,321.8,323,1.1193e+07,301.88
324.3,331.8,324,330.8,1.2311e+07,309.16
331.5,333.2,325.3,325.3,1.4895e+07,304.02
392.78,396.8,389.1,392.64,1.4629e+07,376.27
392.78,396.8,389.1,392.64,1.4629e+07,376.27
330.2,340.26,329.8,338.2,1.4539e+07,316.08
339.8,346.6,337.1,337.9,1.5721e+07,315.8
339.7,341.5,334.2,340.4,8.2387e+06,318.14
340.2,343.92,339,342.5,8.3782e+06,320.1
341.2,350,340.1,342.9,1.1796e+07,320.47
392.78,396.8,389.1,392.64,1.4629e+07,376.27
392.78,396.8,389.1,392.64,1.4629e+07,376.27
342.5,343.4,340.79,343,6.5522e+06,320.57
345.1,349,344.5,348.9,8.9634e+06,326.08
350,350,345.51,346.5,7.9235e+06,323.84
347.3,349.7,345.2,348.2,6.5015e+06,325.43
347.6,350.68,345.4,345.4,8.3656e+06,322.81
392.78,396.8,389.1,392.64,1.4629e+07,376.27
392.78,396.8,389.1,392.64,1.4629e+07,376.27
348.8,349,344.2,346.7,1.0224e+07,324.02
346,348.6,344.3,344.4,9.451e+06,321.88
344.4,346.1,340.8,342.8,1.0687e+07,320.38
345,347.3,340.7,341.3,8.1181e+06,318.98
339.5,345.2,339.3,342.5,1.5214e+07,320.1
392.78,396.8,389.1,392.64,1.4629e+07,376.27
392.78,396.8,389.1,392.64,1.4629e+07,376.27
344.5,347.8,340.8,342.6,7.3403e+06,320.19
343,344.1,341,342.5,8.1348e+06,320.1
343,344.2,340.1,342.5,7.7566e+06,320.1
342.9,343.6,341.1,343.1,7.2026e+06,320.66
343,347.6,343,346.4,1.0781e+07,323.74
392.78,396.8,389.1,392.64,1.4629e+07,376.27
392.78,396.8,389.1,392.64,1.4629e+07,376.27
342.5,345.5,341.7,342.4,1.44e+07,320.01
342.9,348.3,342.75,347.5,1.1594e+07,324.77
345.9,347.9,344.2,347,8.7207e+06,324.31
347,349.4,346.5,347.7,2.077e+07,324.96
347.2,351.9,345.6,350.9,8.4957e+06,327.95
392.78,396.8,389.1,392.64,1.4629e+07,376.27
392.78,396.8,389.1,392.64,1.4629e+07,376.27
349.1,349.81,345,347,7.6466e+06,324.31
346.4,347.4,340.2,340.6,1.4337e+07,318.32
340,344.6,339.1,342.7,1.1376e+07,320.29
343.7,348.8,341.4,348.3,8.2556e+06,325.52
349.5,349.7,347,348.1,6.3443e+06,325.33
392.78,396.8,389.1,392.64,1.4629e+07,376.27
392.78,396.8,389.1,392.64,1.4629e+07,376.27
346.9,355.1,346.7,353.5,9.0289e+06,330.38
355.8,358.2,351.3,354.4,1.1965e+07,331.22
357.8,361.14,354.6,359,1.1381e+07,335.52
357,364.4,356.2,364.1,1.1242e+07,340.29
366,366.6,362.33,365.1,1.5401e+07,341.22
392.78,396.8,389.1,392.64,1.4629e+07,376.27
392.78,396.8,389.1,392.64,1.4629e+07,376.27
366,367.6,364.2,367.4,7.5225e+06,343.37
366.5,369.1,364.23,367.2,7.9268e+06,343.18
360,363.6,360,362.5,1.5296e+07,338.79
362.8,364.6,360.2,362.7,1.1691e+07,338.98
361.9,363,358.1,359.1,1.8248e+07,335.61
392.78,396.8,389.1,392.64,1.4629e+07,376.27
392.78,396.8,389.1,392.64,1.4629e+07,376.27
361.3,363.9,360,361.7,9.6341e+06,338.04
360.6,369.44,360.6,369.4,1.1455e+07,345.24
370.3,372.67,367.9,369.5,1.0152e+07,345.33
370.6,382.1,364.1,377,2.6633e+07,352.34
379.7,381.6,376.6,378.6,1.0738e+07,353.84
392.78,396.8,389.1,392.64,1.4629e+07,376.27
392.78,396.8,389.1,392.64,1.4629e+07,376.27
388,388,375.7,377.2,9.5404e+06,352.53
379.4,379.9,372.05,376.3,1.1024e+07,351.69
377.8,379.1,373.6,374.5,1.1627e+07,350.01
374.3,375.9,369.7,371.1,1.18e+07,346.83
369,373.3,367.7,372.1,8.3496e+06,347.76
392.78,396.8,389.1,392.64,1.4629e+07,376.27
392.78,396.8,389.1,392.64,1.4629e+07,376.27
369.2,375.6,362.7,374.1,2.8497e+07,349.63
375.7,377.77,373.4,377.1,1.3457e+07,352.44
377,378.8,373.1,374.9,1.2776e+07,350.38
377,380.1,375.6,379,1.1679e+07,354.21
379.1,383.02,375.9,379.8,1.3272e+07,354.96
392.78,396.8,389.1,392.64,1.4629e+07,376.27
392.78,396.8,389.1,392.64,1.4629e+07,376.27
378.8,382.4,375.21,382,1.0473e+07,357.02
381,381.69,378,379.8,7.8986e+06,354.96
378.4,379.5,371.7,376.1,1.4163e+07,351.5
375.9,381,374.19,379.6,8.9836e+06,354.77
380.1,380.5,375.8,376.1,1.0118e+07,351.5
392.78,396.8,389.1,392.64,1.4629e+07,376.27
392.78,396.8,389.1,392.64,1.4629e+07,376.27
375.9,378.1,373.62,374.5,1.0976e+07,350.01
373.9,374.7,370.71,372.2,1.5402e+07,347.86
372,375.4,370.3,373.9,1.2643e+07,349.44
374.2,376.9,373.3,374,7.3992e+06,349.54
373.1,376.93,372.5,372.7,8.6667e+06,348.32
392.78,396.8,389.1,392.64,1.4629e+07,376.27
392.78,396.8,389.1,392.64,1.4629e+07,376.27
373.1,373.41,367.1,367.2,1.0426e+07,343.18
366,367.53,364.2,366.9,1.2353e+07,342.9
366.5,368.5,364.6,367.2,9.354e+06,343.18
367.2,367.3,362.9,364.6,1.2533e+07,340.75
366.8,372.2,364.9,370.6,1.3736e+07,346.36
392.78,396.8,389.1,392.64,1.4629e+07,376.27
392.78,396.8,389.1,392.64,1.4629e+07,376.27
371.4,372.9,367.9,371.2,8.9427e+06,346.92
369.2,372.3,365.7,368.6,9.374e+06,344.49
368.1,373.9,367.8,372.6,1.1267e+07,348.23
371.9,372,366.4,368.7,8.8147e+06,344.59
368.7,369.5,366.2,366.9,1.0269e+07,342.9
392.78,396.8,389.1,392.64,1.4629e+07,376.27
392.78,396.8,389.1,392.64,1.4629e+07,376.27
367,372.9,365.31,372,1.1281e+07,347.67
370.5,374.8,370.1,374.1,9.6396e+06,349.63
376,378.6,373.2,373.2,1.0788e+07,348.79
376.3,378.46,374.5,375.1,9.6053e+06,350.57
375.5,378.6,371.6,376.8,1.9701e+07,352.16
392.78,396.8,389.1,392.64,1.4629e+07,376.27
392.78,396.8,389.1,392.64,1.4629e+07,376.27
374.8,378.8,373,376.5,6.0606e+06,355.44
376.8,382.8,375.7,378.4,1.9357e+06,357.23
378.4,378.4,378.4,378.4,0,357.23
378.4,378.4,378.4,378.4,0,357.23
380.3,382.6,377.3,380.6,5.0308e+06,359.31
392.78,396.8,389.1,392.64,1.4629e+07,376.27
392.78,396.8,389.1,392.64,1.4629e+07,376.27
380.2,382.29,375.1,377.3,6.3319e+06,356.19
377.4,383.2,377.3,379.4,2.2909e+06,358.18
379.4,379.4,379.4,379.4,0,358.18
380.2,383.3,376.9,380.1,1.1554e+07,358.84
380.6,383.5,377.8,381.8,6.0447e+06,360.44
392.78,396.8,389.1,392.64,1.4629e+07,376.27
392.78,396.8,389.1,392.64,1.4629e+07,376.27
381,386.3,379.36,385.3,7.6332e+06,363.75
385.2,387.5,383.2,384,1.1362e+07,362.52
383.3,384.34,378.8,379.1,1.0686e+07,357.89
379,387,378.5,384,1.0318e+07,362.52
384.6,385.5,382.1,383.3,2.0308e+07,361.86
392.78,396.8,389.1,392.64,1.4629e+07,376.27
392.78,396.8,389.1,392.64,1.4629e+07,376.27
383.7,388.5,383.2,384.7,7.029e+06,363.18
379,387.7,378,384.8,1.3521e+07,363.27
384.9,387.4,383.9,386,1.2415e+07,364.41
385.3,386.72,380.1,380.8,1.0395e+07,359.5
380.8,385.32,380.8,383.4,2.0975e+07,361.95
392.78,396.8,389.1,392.64,1.4629e+07,376.27
392.78,396.8,389.1,392.64,1.4629e+07,376.27
383.4,383.8,378.7,379.5,7.7804e+06,358.27
379.5,383.03,379.1,381.5,1.1245e+07,360.16
382,384.7,382,384.1,1.0095e+07,362.61
384.1,385.8,382.4,383.4,1.2831e+07,361.95
385.1,385.9,378.25,380.2,1.3663e+07,358.93
392.78,396.8,389.1,392.64,1.4629e+07,376.27
392.78,396.8,389.1,392.64,1.4629e+07,376.27
380,382.4,374.6,376.6,1.7302e+07,355.53
378.1,381.4,377,377.2,1.9077e+07,356.1
379,380.06,368.3,369.9,1.8553e+07,349.21
369.2,372.2,367.8,370.9,1.4372e+07,350.15
384.9,386.3,375,383.3,2.8895e+07,361.86
392.78,396.8,389.1,392.64,1.4629e+07,376.27
392.78,396.8,389.1,392.64,1.4629e+07,376.27
382.3,398.6,382.14,384.8,2.1802e+07,363.27
383.3,386.2,379.7,384.6,2.3958e+07,363.09
385.7,387.1,382.7,384.5,1.7796e+07,362.99
386,390.6,385.5,388.8,1.8042e+07,367.05
390.8,392.9,389,392,1.2812e+07,370.07
392.78,396.8,389.1,392.64,1.4629e+07,376.27
392.78,396.8,389.1,392.64,1.4629e+07,376.27
393.1,393.29,390.2,392,7.9821e+06,370.07
392.6,395.8,392.44,395.5,1.6896e+07,373.38
396.2,397.7,392.93,396.2,1.1863e+07,374.04
396.7,397.2,391.7,397.2,1.5454e+07,374.98
396,398.2,395.9,396.5,1.2609e+07,374.32
392.78,396.8,389.1,392.64,1.4629e+07,376.27
392.78,396.8,389.1,392.64,1.4629e+07,376.27
396.5,405.1,396.3,404.3,1.7286e+07,381.68
404.8,419,402.7,418.1,5.4894e+07,394.71
417.5,418,409.2,413,2.0704e+07,389.9
410.4,415.9,407.7,415.3,1.7081e+07,392.07
417.9,421.2,412.2,413.3,2.3078e+07,390.18
392.78,396.8,389.1,392.64,1.4629e+07,376.27
392.78,396.8,389.1,392.64,1.4629e+07,376.27
412.6,415.2,411.2,413.9,2.051e+07,390.75
415.2,416.3,412.6,415.1,2.5903e+07,391.88
415.1,415.9,409.7,411.9,1.1084e+07,388.86
411.8,412.05,405.7,411.3,1.3348e+07,388.29
411.9,413.5,408.9,409.8,1.7329e+07,386.88
392.78,396.8,389.1,392.64,1.4629e+07,376.27
392.78,396.8,389.1,392.64,1.4629e+07,376.27
407.4,411.2,402.3,402.3,2.0207e+07,379.8
404.7,408.3,404.7,406.4,1.7699e+07,383.67
406.4,408.9,401.5,402.6,1.9643e+07,380.08
404,405.4,400.6,403.9,1.2719e+07,381.31
406.9,410.3,401.3,401.3,1.6823e+07,378.85
392.78,396.8,389.1,392.64,1.4629e+07,376.27
392.78,396.8,389.1,392.64,1.4629e+07,376.27
401.2,403,396.1,397.1,1.4586e+07,374.89
397.5,402.4,396.1,400.5,1.8291e+07,378.1
399.7,404.4,397.1,402.3,1.7224e+07,379.8
404,404,397.4,397.9,1.7876e+07,375.64
395.9,396.32,383.8,389,2.4102e+07,367.24
392.78,396.8,389.1,392.64,1.4629e+07,376.27
392.78,396.8,389.1,392.64,1.4629e+07,376.27
389.1,394.3,388.6,394.1,1.297e+07,372.06
393.4,393.82,390.1,393.3,1.2918e+07,371.3
393.1,397.3,391.1,396,1.5213e+07,373.85
393.6,394.77,389.2,391.5,1.5157e+07,369.6
391.9,392.52,385.56,387.1,3.2326e+07,365.45
392.78,396.8,389.1,392.64,1.4629e+07,376.27
392.78,396.8,389.1,392.64,1.4629e+07,376.27
387.4,389.82,381.3,383.1,1.6149e+07,361.67
383.2,391,382.3,384,1.2838e+07,362.52
384,385.5,376.11,378.3,2.2002e+07,357.14
376.8,383.4,375.2,379.9,1.7176e+07,358.65
381.5,382.8,373,374.1,1.766e+07,353.17
392.78,396.8,389.1,392.64,1.4629e+07,376.27
392.78,396.8,389.1,392.64,1.4629e+07,376.27
376,382.5,375.3,379.5,2.2799e+07,358.27
382.2,382.98,378.4,379.9,1.3322e+07,358.65
380.8,385.6,380.75,383.3,1.3447e+07,361.86
383.5,384.6,381.2,381.6,1.2972e+07,360.25
382.8,384.4,380.3,381.3,1.3913e+07,359.97
392.78,396.8,389.1,392.64,1.4629e+07,376.27
392.78,396.8,389.1,392.64,1.4629e+07,376.27
378.7,381.3,374.2,375,1.1129e+07,354.02
374.5,375.1,358.7,361.9,3.2874e+07,341.66
357.9,367.5,355.21,363.5,1.9788e+07,343.17
367.5,370.49,358.6,359.9,2.212e+07,339.77
357.5,362.2,354.61,358,1.7209e+07,337.97
392.78,396.8,389.1,392.64,1.4629e+07,376.27
392.78,396.8,389.1,392.64,1.4629e+07,376.27
356.2,357.63,350.3,356.2,3.0982e+07,336.27
354.7,362.2,350.8,358,1.7186e+07,337.97
361,363.2,358.9,362,1.1349e+07,341.75
362,369.7,362,369.5,1.905e+07,348.83
369.5,369.5,369.5,369.5,0,348.83
392.78,396.8,389.1,392.64,1.4629e+07,376.27
392.78,396.8,389.1,392.64,1.4629e+07,376.27
369.5,369.5,369.5,369.5,0,348.83
370,373,368.89,371.3,1.3055e+07,350.53
372.3,374.4,369.8,372,1.1995e+07,351.19
373.6,375.1,367.6,372.1,1.0486e+07,351.29
371,374.7,369.2,372.7,8.6253e+06,351.85
392.78,396.8,389.1,392.64,1.4629e+07,376.27
392.78,396.8,389.1,392.64,1.4629e+07,376.27
373,374.68,370.3,371.2,1.4071e+07,350.44
372.2,374.4,370.4,374,1.0173e+07,353.08
372.5,372.7,366,368.5,1.3657e+07,347.89
370,451,368.9,377.1,1.5168e+07,356.01
378.7,382.3,375.9,377.5,1.4012e+07,356.38
392.78,396.8,389.1,392.64,1.4629e+07,376.27
392.78,396.8,389.1,392.64,1.4629e+07,376.27
377.5,377.5,377.5,377.5,0,356.38
378.5,381.4,375.7,378,9.6599e+06,356.86
378.9,380.6,374,376.8,1.2866e+07,355.72
389.5,393.5,385.5,387.6,1.9593e+07,365.92
389,390,381.7,382.5,1.5447e+07,361.1
392.78,396.8,389.1,392.64,1.4629e+07,376.27
392.78,396.8,389.1,392.64,1.4629e+07,376.27
382.6,384.2,373.46,374.3,2.3276e+07,353.36
375.8,376.25,371.9,374.9,1.8014e+07,353.93
375,376.26,372,373.6,1.3144e+07,352.7
375,375.1,361.8,362.8,2.0088e+07,342.51
361.8,368.06,361.3,366.4,1.9729e+07,345.9
392.78,396.8,389.1,392.64,1.4629e+07,376.27
392.78,396.8,389.1,392.64,1.4629e+07,376.27
366.4,372.3,364.7,371.1,1.4095e+07,350.34
372.5,380.8,371.9,379.3,1.7113e+07,358.08
379.8,382.9,376.6,382.1,1.4528e+07,360.73
383.2,383.8,380.3,383,1.2972e+07,361.57
384.2,388,382,385.55,1.2322e+07,363.98
392.78,396.8,389.1,392.64,1.4629e+07,376.27
392.78,396.8,389.1,392.64,1.4629e+07,376.27
385.55,385.55,385.55,385.55,0,363.98
390.8,395.1,388.6,392,1.3223e+07,370.07
393.9,398.76,392.96,398.4,1.6677e+07,376.11
398.3,399.33,396.11,397,7.8097e+06,374.79
396.2,399.5,395.61,397,1.1862e+07,374.79
392.78,396.8,389.1,392.64,1.4629e+07,376.27
392.78,396.8,389.1,392.64,1.4629e+07,376.27
398.5,401.9,397.6,399.6,1.0583e+07,377.25
399.7,400.84,393.1,397.8,9.827e+06,375.55
396.6,398.7,394.4,397.7,9.1225e+06,375.45
397.7,405.2,395.7,398.4,1.0066e+07,376.11
398.5,405.9,398.5,405.2,8.8362e+06,382.53
392.78,396.8,389.1,392.64,1.4629e+07,376.27
392.78,396.8,389.1,392.64,1.4629e+07,376.27
404.7,408.3,403.1,406.1,6.8135e+06,383.38
405.2,408.3,391.7,396.5,2.3017e+07,374.32
396.8,400,392.9,393.9,1.1158e+07,371.87
395.4,398.5,393.32,397.3,9.5429e+06,375.08
396,397.6,393.6,394.3,1.3785e+07,372.24
392.78,396.8,389.1,392.64,1.4629e+07,376.27
392.78,396.8,389.1,392.64,1.4629e+07,376.27
388,389.9,383.03,384.9,2.3203e+07,363.37
382,383.9,376.3,382.7,2.2511e+07,361.29
385,386.4,383.8,385,1.2741e+07,363.46
389.5,395,389.5,392.5,2.3665e+07,370.54
391.7,392.27,387.8,387.8,4.1411e+07,366.11
392.78,396.8,389.1,392.64,1.4629e+07,376.27
392.78,396.8,389.1,392.64,1.4629e+07,376.27
388,389.2,382.6,384.9,6.2897e+06,363.37
386,386,379.9,383.5,9.937e+06,362.05
383,383.9,378.7,381.2,1.1697e+07,359.88
383.3,386.9,382.8,386,1.2548e+07,364.41
388,393.36,386.6,389,1.6273e+07,367.24
392.78,396.8,389.1,392.64,1.4629e+07,376.27
392.78,396.8,389.1,392.64,1.4629e+07,376.27
389.4,390,384.4,384.9,1.0895e+07,363.37
386,394.59,384.5,392.3,1.1624e+07,370.36
391,393.5,388.1,390.8,1.2372e+07,368.94
391,393.8,388.5,388.9,7.9962e+06,367.14
389.5,393.4,387.98,388,7.6733e+06,366.3
392.78,396.8,389.1,392.64,1.4629e+07,376.27
392.78,396.8,389.1,392.64,1.4629e+07,376.27
388.1,391.9,385.5,386.5,7.3624e+06,364.88
386.6,387,379.6,379.8,9.1731e+06,358.55
379.7,381.1,374.73,380.6,8.4621e+06,359.31
380.5,385.4,379.89,381.5,1.3937e+07,360.16
381.5,387.36,381.2,384.5,8.9728e+06,362.99
392.78,396.8,389.1,392.64,1.4629e+07,376.27
392.78,396.8,389.1,392.64,1.4629e+07,376.27
386.8,387.7,384.5,386.1,7.8109e+06,364.5
384.7,389.6,383.75,386.3,7.2171e+06,364.69
387.4,391.9,386.6,387.1,1.1624e+07,365.45
386.1,386.2,380.3,382.8,1.1833e+07,361.39
379.6,383.8,377.3,383.5,1.1019e+07,362.05
392.78,396.8,389.1,392.64,1.4629e+07,376.27
392.78,396.8,389.1,392.64,1.4629e+07,376.27
384.8,385.7,380.3,382.4,8.5412e+06,361.01
384.3,390.1,382.4,389.1,1.466e+07,367.33
389,391.8,388.6,389.2,6.4069e+06,367.43
390,390,385.2,387.9,7.8398e+06,366.2
387,389.6,382,383,1.0098e+07,361.57
392.78,396.8,389.1,392.64,1.4629e+07,376.27
392.78,396.8,389.1,392.64,1.4629e+07,376.27
382.9,384.4,379.7,383,8.1137e+06,361.57
384.8,388.3,381.42,387,6.861e+06,365.35
387.5,392.2,385.6,387.9,2.0013e+07,366.2
390.6,397.2,387.7,388.5,2.3394e+07,366.77
389.3,389.3,378.7,381.8,1.4534e+07,360.44
392.78,396.8,389.1,392.64,1.4629e+07,376.27
392.78,396.8,389.1,392.64,1.4629e+07,376.27
382.9,383.2,377.6,377.6,1.2842e+07,356.48
378.8,378.9,375.8,378.4,1.4409e+07,357.23
377,381.3,375.7,378.7,1.18e+07,357.52
378.2,380.1,376.6,379.1,7.9638e+06,357.89
376,376.8,370.7,371.4,1.3008e+07,350.62
392.78,396.8,389.1,392.64,1.4629e+07,376.27
392.78,396.8,389.1,392.64,1.4629e+07,376.27
373.4,375.8,370.71,374.4,7.7211e+06,353.46
373.9,375.61,364.69,374.7,9.3311e+06,353.74
369,377.5,366.7,368.6,1.1642e+07,355.09
367.8,374.5,365.9,367.9,8.1666e+06,354.41
369.8,380.5,369,371.3,1.5281e+07,357.69
392.78,396.8,389.1,392.64,1.4629e+07,376.27
392.78,396.8,389.1,392.64,1.4629e+07,376.27
373.2,376,372.1,372.1,1.1695e+07,358.46
373.5,377.1,373.21,376,8.609e+06,362.22
375.3,377.2,374.7,375.6,9.5271e+06,361.83
376,380,375.13,379.6,9.3711e+06,365.69
380.3,383.1,377.3,379.9,1.042e+07,365.97
392.78,396.8,389.1,392.64,1.4629e+07,376.27
392.78,396.8,389.1,392.64,1.4629e+07,376.27
379.9,379.9,379.9,379.9,0,365.97
382.3,384.3,380.3,382.3,1.0909e+07,368.29
381.8,382.9,380.5,382.8,1.0406e+07,368.77
382.2,388.7,382.1,388,1.5015e+07,373.78
389,389,385.7,387,1.5252e+07,372.81
392.78,396.8,389.1,392.64,1.4629e+07,376.27
392.78,396.8,389.1,392.64,1.4629e+07,376.27
387.2,388.3,384.5,385.6,8.6537e+06,371.46
385.6,386.5,381.2,385.3,2.7241e+07,371.18
384.8,389.6,384.8,387.4,1.0295e+07,373.2
387.1,391.4,386.62,390,1.3909e+07,375.7
390.4,391.2,385.8,388.5,9.9602e+06,374.26
392.78,396.8,389.1,392.64,1.4629e+07,376.27
392.78,396.8,389.1,392.64,1.4629e+07,376.27
384.7,387.7,383.5,387.3,2.1417e+07,373.1
385.5,388.4,385.5,387.4,1.5592e+07,373.2
388.6,390.9,384.4,390.1,1.4228e+07,375.8
392.1,392.1,386,387.8,1.3996e+07,373.58
388.8,390.72,388,389.4,1.0245e+07,375.13
392.78,396.8,389.1,392.64,1.4629e+07,376.27
392.78,396.8,389.1,392.64,1.4629e+07,376.27
387.9,389.1,386.3,387.3,9.492e+06,373.1
387,387,382.43,386.6,1.0107e+07,372.43
388.6,389.7,386.1,388.4,1.3361e+07,374.16
388.5,396,386.6,395.5,1.9732e+07,381
402,404.6,397.2,397.8,6.7333e+07,383.22
392.78,396.8,389.1,392.64,1.4629e+07,376.27
392.78,396.8,389.1,392.64,1.4629e+07,376.27
398.4,399.8,390.2,391.7,1.4104e+07,377.34
392.8,393.4,386.1,387.6,1.1391e+07,373.39
388,388.6,384.6,388.4,1.2644e+07,374.16
388.5,390.4,382.43,383.2,1.2401e+07,369.15
383.3,385.8,379.95,383.6,7.9647e+06,369.54
392.78,396.8,389.1,392.64,1.4629e+07,376.27
392.78,396.8,389.1,392.64,1.4629e+07,376.27
384,385.2,381.2,382,1.0676e+07,368
383.3,384,378.5,379.6,1.4437e+07,365.69
379.4,381.25,377.63,379.5,1.1433e+07,365.59
379.7,380.2,373.8,373.8,1.2499e+07,360.1
374.7,377.7,372.87,376.8,1.0155e+07,362.99
392.78,396.8,389.1,392.64,1.4629e+07,376.27
392.78,396.8,389.1,392.64,1.4629e+07,376.27
376.3,379.85,374.7,376,1.0634e+07,362.22
375.2,375.4,370.5,370.9,9.8945e+06,357.3
370,374.2,368.54,372.4,1.2228e+07,358.75
377.1,377.1,367.47,369,1.4681e+07,355.47
365.4,373.4,365.4,369.5,1.9228e+07,355.95
392.78,396.8,389.1,392.64,1.4629e+07,376.27
392.78,396.8,389.1,392.64,1.4629e+07,376.27
367,368.8,365.48,368.4,1.1674e+07,354.9
366.5,371.1,365.7,369.5,1.3085e+07,355.95
371.1,371.1,359.2,360.1,1.5316e+07,346.9
360.5,365,351.9,361.5,2.8909e+07,348.25
362.6,365.9,360.5,362.7,1.9486e+07,349.4
392.78,396.8,389.1,392.64,1.4629e+07,376.27
392.78,396.8,389.1,392.64,1.4629e+07,376.27
362,363.98,359.65,363.2,1.539e+07,349.89
361.8,370.5,360.4,369.8,2.0678e+07,356.24
370,373.4,368.2,373.1,1.258e+07,359.42
372.6,377.35,369.6,376.6,1.3546e+07,362.8
372.5,372.5,363.6,370,2.6316e+07,356.44
392.78,396.8,389.1,392.64,1.4629e+07,376.27
392.78,396.8,389.1,392.64,1.4629e+07,376.27
373.7,374,367.1,369.3,9.8717e+06,355.76
370.7,376.6,370.7,375.4,1.1014e+07,361.64
377.7,379.4,374.4,375.5,1.1035e+07,361.74
379,379.3,361.3,367.9,2.739e+07,354.41
370,370.3,362.4,367.5,2.2351e+07,354.03
392.78,396.8,389.1,392.64,1.4629e+07,376.27
392.78,396.8,389.1,392.64,1.4629e+07,376.27
367.9,369.8,365.9,367.3,1.5358e+07,353.84
366,369.3,361.4,362.2,3.0706e+07,348.92
366,371.3,363.1,371.3,2.4042e+07,357.69
370.1,374.8,367.73,371.4,1.527e+07,357.79
373.2,378.5,372.7,373.5,1.6481e+07,359.81
392.78,396.8,389.1,392.64,1.4629e+07,376.27
392.78,396.8,389.1,392.64,1.4629e+07,376.27
373,375.8,370.35,375.1,1.2307e+07,361.35
375.1,375.1,367.3,368.9,2.3683e+07,355.38
368.8,369.6,365.1,367.1,1.2272e+07,353.64
369,370.4,365.3,368.9,1.6214e+07,355.38
369,374.2,367.5,374.2,1.8397e+07,360.48
392.78,396.8,389.1,392.64,1.4629e+07,376.27
392.78,396.8,389.1,392.64,1.4629e+07,376.27
372.6,377,370.9,375.8,1.5965e+07,362.02
377.1,381.5,376.07,381.2,1.3881e+07,367.23
381,382.63,379.12,381,1.3297e+07,367.03
380.3,381.7,372.18,375.6,1.4659e+07,361.83
376.8,380.51,376.26,380,1.6582e+07,366.07
392.78,396.8,389.1,392.64,1.4629e+07,376.27
392.78,396.8,389.1,392.64,1.4629e+07,376.27
383,395.6,379.7,394.1,3.6921e+07,379.65
395.1,401.7,394.25,395.8,4.3721e+07,381.29
396.1,408.23,395.9,404.4,2.5922e+07,389.58
404.5,406,401.5,405.3,1.2415e+07,390.44
407,413.6,403.4,410.2,3.3904e+07,395.16
392.78,396.8,389.1,392.64,1.4629e+07,376.27
392.78,396.8,389.1,392.64,1.4629e+07,376.27
410,416.1,409.2,411.8,1.8242e+07,396.7
410.4,417.9,410.4,417.9,1.9803e+07,402.58
418.5,418.8,407.86,408.3,1.6851e+07,393.33
408.3,412.7,406,411.5,2.4862e+07,396.42
415.2,420.25,413.6,420,1.7708e+07,404.6
392.78,396.8,389.1,392.64,1.4629e+07,376.27
392.78,396.8,389.1,392.64,1.4629e+07,376.27
419.3,419.8,415.52,416.5,9.4343e+06,401.23
416.5,416.5,408.5,408.5,1.4304e+07,393.53
410.6,412.8,408,410.1,1.4924e+07,395.07
410.5,415.67,409.8,411.1,2.6093e+07,396.03
408.1,410.5,396.6,397.4,1.8822e+07,382.83
392.78,396.8,389.1,392.64,1.4629e+07,376.27
392.78,396.8,389.1,392.64,1.4629e+07,376.27
393.3,408.25,391.4,398,2.4402e+07,383.41
397.6,406.7,394,405.4,2.8095e+07,390.54
402.4,405.1,398.45,401.8,1.5549e+07,387.07
406.2,407.8,395,400.8,2.6381e+07,386.11
404.9,407.6,400.1,404.8,3.0579e+07,389.96
392.78,396.8,389.1,392.64,1.4629e+07,376.27
392.78,396.8,389.1,392.64,1.4629e+07,376.27
406.7,412.2,406.5,411,1.9875e+07,395.93
412.6,414.1,408.1,414.1,8.1958e+06,398.92
414,416.7,412.6,416.7,2.9964e+06,401.43
416.7,416.7,416.7,416.7,0,401.43
416.7,416.7,416.7,416.7,0,401.43
392.78,396.8,389.1,392.64,1.4629e+07,376.27
392.78,396.8,389.1,392.64,1.4629e+07,376.27
413.2,413.9,404.9,405.5,8.3613e+06,394.33
403.6,410,399.93,402.4,7.9667e+06,391.31
404.1,405.5,400.05,401.5,2.4356e+06,390.44
401.5,401.5,401.5,401.5,0,390.44
403.6,404.3,398.4,401,6.2285e+06,389.95
392.78,396.8,389.1,392.64,1.4629e+07,376.27
392.78,396.8,389.1,392.64,1.4629e+07,376.27
399.5,402.34,391.9,392.4,1.4928e+07,381.59
391.7,393.8,385.6,385.9,1.4359e+07,375.27
388.8,396.65,386.6,393.4,1.7642e+07,382.56
396,401.4,392.33,399.3,1.9784e+07,388.3
399.4,400.3,390.5,392.5,1.1161e+07,381.69
392.78,396.8,389.1,392.64,1.4629e+07,376.27
392.78,396.8,389.1,392.64,1.4629e+07,376.27
393.3,399.55,393.25,397.9,7.9153e+06,386.94
396.9,400.9,394.99,399.8,1.0875e+07,388.78
398,407.2,394.9,401.4,2.1418e+07,390.34
403,405.9,391.5,400.2,2.1364e+07,389.17
401.8,410.2,399.83,409.1,2.1348e+07,397.83
392.78,396.8,389.1,392.64,1.4629e+07,376.27
392.78,396.8,389.1,392.64,1.4629e+07,376.27
408.5,417.3,408.5,411.8,1.1817e+07,400.45
411.9,416.3,411.2,414.4,1.324e+07,402.98
415.5,424.9,415.5,421.3,2.6433e+07,409.69
422.4,423.8,406.61,421.2,1.3509e+07,409.59
423.6,432.3,423.2,431.1,2.1755e+07,419.22
392.78,396.8,389.1,392.64,1.4629e+07,376.27
392.78,396.8,389.1,392.64,1.4629e+07,376.27
428.9,435.9,422.78,426,1.3413e+07,414.26
427.1,428,420.8,422.1,1.1482e+07,410.47
424.8,426.99,419.85,426.9,9.9176e+06,415.14
425,430.3,421.2,429.1,1.4788e+07,417.28
432.5,432.6,415.35,417.9,2.2745e+07,406.38
392.78,396.8,389.1,392.64,1.4629e+07,376.27
392.78,396.8,389.1,392.64,1.4629e+07,376.27
419,423.9,409.4,413.1,1.3835e+07,401.72
413.8,422.9,412.49,421.2,1.2479e+07,409.59
421.9,425.11,418.4,423,1.3734e+07,411.34
430,446.2,426.64,442,3.5641e+07,429.82
439,444.9,435.76,443,1.7739e+07,430.79
392.78,396.8,389.1,392.64,1.4629e+07,376.27
392.78,396.8,389.1,392.64,1.4629e+07,376.27
439.9,441.8,433.6,436.6,2.1391e+07,424.57
436.1,443.8,434.3,443.8,1.5696e+07,431.57
455,460.9,455,460,3.5075e+07,447.32
458.7,465.15,449.2,450,4.4223e+07,437.6
443.3,443.4,437.6,439.1,3.3827e+07,427
392.78,396.8,389.1,392.64,1.4629e+07,376.27
392.78,396.8,389.1,392.64,1.4629e+07,376.27
438.6,441.2,434.98,438,1.6008e+07,425.93
438,443,436.8,442,1.3334e+07,429.82
442.2,443.6,434.4,435.4,1.5865e+07,423.4
435,439,433.47,436.9,2.1566e+07,424.86
439,442,437,441.2,1.9563e+07,429.04
392.78,396.8,389.1,392.64,1.4629e+07,376.27
392.78,396.8,389.1,392.64,1.4629e+07,376.27
443.5,445,440.5,442.8,1.2974e+07,430.6
442,447.2,441,447,1.678e+07,434.68
446.2,447.24,442.2,443.8,1.7087e+07,431.57
442.8,451.7,440.1,451.6,2.0149e+07,439.16
452.1,456.6,443.25,455.7,2.1338e+07,443.14
392.78,396.8,389.1,392.64,1.4629e+07,376.27
392.78,396.8,389.1,392.64,1.4629e+07,376.27
457,457.6,443.25,456.1,1.7383e+07,443.53
456.8,459.8,452.7,452.7,1.4572e+07,440.23
454.8,459,453.3,459,9.9126e+06,446.35
457,464.14,457,461.6,2.1152e+07,448.88
461.5,464.8,458.8,459.2,1.206e+07,446.55
392.78,396.8,389.1,392.64,1.4629e+07,376.27
392.78,396.8,389.1,392.64,1.4629e+07,376.27
455.9,458.2,452.63,454,1.3428e+07,441.49
453.2,456.6,443,443,1.3766e+07,430.79
444,448.4,443.6,446.5,1.4979e+07,434.2
442,449.6,438.7,448.8,2.6376e+07,436.43
449.5,453.8,448.6,451.8,1.3594e+07,439.35
392.78,396.8,389.1,392.64,1.4629e+07,376.27
392.78,396.8,389.1,392.64,1.4629e+07,376.27
453.8,455.5,448.5,451.6,1.2907e+07,439.16
453.6,455,446.4,453.4,1.9169e+07,440.91
455.3,458.6,451.1,458.6,1.489e+07,445.96
460.8,464.3,454.5,463.2,1.6338e+07,450.44
465,466.4,461.5,465.4,5.5624e+07,452.58
392.78,396.8,389.1,392.64,1.4629e+07,376.27
392.78,396.8,389.1,392.64,1.4629e+07,376.27
467.45,468.8,449.07,465.4,1.7726e+07,452.58
465,468.9,463.55,465.5,1.8727e+07,452.67
466.7,471.45,465.3,470.55,1.771e+07,457.58
467.3,469,457.48,462.35,2.7994e+07,449.61
463.5,465.2,454,454,2.2637e+07,441.49
392.78,396.8,389.1,392.64,1.4629e+07,376.27
392.78,396.8,389.1,392.64,1.4629e+07,376.27
459.2,460.4,448.25,448.25,2.2636e+07,435.9
448.1,448.9,437.05,438,2.6605e+07,425.93
438,443.3,436.4,441.4,2.0944e+07,429.24
442.95,446,439.65,442.9,1.5848e+07,430.7
442.9,442.9,442.9,442.9,0,430.7
392.78,396.8,389.1,392.64,1.4629e+07,376.27
392.78,396.8,389.1,392.64,1.4629e+07,376.27
442.9,442.9,442.9,442.9,0,430.7
445,447.65,442.65,447.6,1.7032e+07,435.27
448.7,448.7,443.5,444.3,1.8101e+07,432.06
447.5,455.15,446.05,453.7,1.5503e+07,441.2
455.05,456.55,449.43,454.65,1.392e+07,442.12
392.78,396.8,389.1,392.64,1.4629e+07,376.27
392.78,396.8,389.1,392.64,1.4629e+07,376.27
454.55,457.35,451.85,456,1.0699e+07,443.44
453.75,459.95,453.75,456,1.1838e+07,443.44
455.7,458.45,452.74,455.1,1.3424e+07,442.56
459.15,459.3,441.46,452,2.0141e+07,439.55
454.6,456.6,448.05,450,1.5482e+07,437.6
392.78,396.8,389.1,392.64,1.4629e+07,376.27
392.78,396.8,389.1,392.64,1.4629e+07,376.27
452.2,456.35,450.95,453,1.0198e+07,440.52
455.6,461.95,454.65,456.85,1.8834e+07,444.26
459,466,457.03,460.55,1.9754e+07,447.86
461,465.95,457.03,463.9,1.477e+07,451.12
467.25,470.5,465.7,467.6,1.5463e+07,454.71
392.78,396.8,389.1,392.64,1.4629e+07,376.27
392.78,396.8,389.1,392.64,1.4629e+07,376.27
467.75,468.85,460.89,464.35,1.2584e+07,451.56
463.7,465.45,460.3,465.45,1.4565e+07,452.62
467.05,472,457.4,457.5,1.9027e+07,444.89
460,461.25,453.1,455.75,1.8968e+07,443.19
452.95,461.35,449.1,459.8,1.1628e+07,447.13
392.78,396.8,389.1,392.64,1.4629e+07,376.27
392.78,396.8,389.1,392.64,1.4629e+07,376.27
459.8,459.8,459.8,459.8,0,447.13
467.7,467.7,449.2,449.2,1.4121e+07,436.82
448,457.3,448,454.3,2.0935e+07,441.78
458.9,461.31,447.5,453.1,2.3585e+07,440.62
468.8,472.85,462,469.65,2.5452e+07,456.71
392.78,396.8,389.1,392.64,1.4629e+07,376.27
392.78,396.8,389.1,392.64,1.4629e+07,376.27
469.05,471.2,466.45,470,1.9096e+07,457.05
468,468.85,461.15,464.7,2.0125e+07,451.89
467,469.61,464.3,467.95,1.1447e+07,455.06
467.3,468.56,464.25,465,1.708e+07,452.19
465,466.25,460.27,463,1.4364e+07,450.24
392.78,396.8,389.1,392.64,1.4629e+07,376.27
392.78,396.8,389.1,392.64,1.4629e+07,376.27
463.5,467.5,459.65,461.35,1.3562e+07,448.64
462,467.05,460.26,466.45,1.1449e+07,453.6
466,466,457.6,462.15,1.6156e+07,449.42
461.4,464.7,458.15,459.15,1.2702e+07,446.5
456.5,457.3,451.05,451.05,1.9348e+07,438.62
392.78,396.8,389.1,392.64,1.4629e+07,376.27
392.78,396.8,389.1,392.64,1.4629e+07,376.27
451.05,451.05,451.05,451.05,0,438.62
452.7,459.6,449.55,452.05,1.5942e+07,439.59
452.2,460.45,451.73,459,1.4346e+07,446.35
455,457.75,448.5,449.75,1.6997e+07,437.36
448.1,452.65,445.1,446.7,2.6202e+07,434.39
392.78,396.8,389.1,392.64,1.4629e+07,376.27
392.78,396.8,389.1,392.64,1.4629e+07,376.27
447.4,450.85,442.1,443.55,1.9033e+07,431.33
445.8,446.35,436.3,443.55,1.6829e+07,431.33
443.8,450.15,441.5,447.45,1.6414e+07,435.12
446.25,447.95,440.75,442.5,1.7091e+07,430.31
441.85,447.45,437.75,439.4,1.6559e+07,427.29
392.78,396.8,389.1,392.64,1.4629e+07,376.27
392.78,396.8,389.1,392.64,1.4629e+07,376.27
446,447.8,438.8,438.8,1.7576e+07,426.71
439.8,445,437.7,440.7,2.0365e+07,428.56
441,448.55,439,447.1,2.0452e+07,434.78
445.4,451.02,445,446.85,1.5847e+07,434.54
448,454.6,446.49,453.5,2.0635e+07,441
392.78,396.8,389.1,392.64,1.4629e+07,376.27
392.78,396.8,389.1,392.64,1.4629e+07,376.27
450.85,455.05,449.45,452.55,2.6744e+07,440.08
451.45,451.65,442.25,445.25,2.4171e+07,432.98
446.5,452.4,444.8,450.8,1.99e+07,438.38
449.9,452.05,448.25,451.1,2.3907e+07,438.67
451.25,456.7,450.1,454.25,1.9871e+07,441.73
392.78,396.8,389.1,392.64,1.4629e+07,376.27
392.78,396.8,389.1,392.64,1.4629e+07,376.27
460,465.2,457.66,465,2.1393e+07,452.19
467.35,470.5,463.75,468.1,1.5311e+07,455.2
467.05,468.75,463.4,463.4,1.5376e+07,450.63
461.8,466.4,460.4,461.2,1.4777e+07,448.49
460.2,465.45,459.15,464.15,1.2479e+07,451.36
392.78,396.8,389.1,392.64,1.4629e+07,376.27
392.78,396.8,389.1,392.64,1.4629e+07,376.27
451,464.4,447.9,459.7,1.8809e+07,447.03
457.75,459.3,450.2,450.2,2.0467e+07,437.8
453.25,458.2,452.4,456.25,1.3029e+07,443.68
455.8,456.85,452.95,456.25,1.117e+07,443.68
454.85,456.9,453.15,453.8,8.0416e+06,441.3
392.78,396.8,389.1,392.64,1.4629e+07,376.27
392.78,396.8,389.1,392.64,1.4629e+07,376.27
446.75,451.95,443.2,446.8,1.2975e+07,434.49
448.75,448.75,438.3,438.3,1.0687e+07,426.22
440,448.75,438,440.3,1.3387e+07,428.17
439.8,466,437.85,450.4,1.2855e+07,437.99
457,457,451.15,455.15,1.0833e+07,442.61
392.78,396.8,389.1,392.64,1.4629e+07,376.27
392.78,396.8,389.1,392.64,1.4629e+07,376.27
462,462.6,457.62,460.15,1.1277e+07,447.47
461.55,463.1,457.85,463.1,9.8296e+06,450.34
464.05,470.05,461.65,469.45,1.5725e+07,456.51
470.95,473.07,464.9,472.3,1.3798e+07,459.29
473.2,477.9,471.2,477.9,1.667e+07,464.73
392.78,396.8,389.1,392.64,1.4629e+07,376.27
392.78,396.8,389.1,392.64,1.4629e+07,376.27
476.85,480.17,475.25,479.15,9.0185e+06,465.95
478.7,481.75,475,476.5,9.5277e+06,463.37
472.2,474.4,468.05,469.5,1.4213e+07,456.56
471.65,475,461,463.8,1.6225e+07,451.02
463,467.5,461.95,462.3,9.1651e+06,449.56
392.78,396.8,389.1,392.64,1.4629e+07,376.27
392.78,396.8,389.1,392.64,1.4629e+07,376.27
463.5,471.95,461.45,461.8,1.8392e+07,449.07
464.15,465.7,463,465.6,1.3961e+07,452.77
466.5,473.8,466.2,473.5,3.37e+07,460.45
456.85,470,456.85,467.95,2.4642e+07,455.06
467.8,470.25,462.15,464.45,1.7978e+07,451.65
392.78,396.8,389.1,392.64,1.4629e+07,376.27
392.78,396.8,389.1,392.64,1.4629e+07,376.27
464.5,472.1,464.45,469.2,1.1258e+07,456.27
470.3,471.2,465.7,469.5,1.1802e+07,456.56
469.75,470.15,465.5,467.55,1.4234e+07,454.67
466,472,463.95,470.3,1.6827e+07,457.34
470,471.1,464.9,465.3,9.7604e+06,452.48
392.78,396.8,389.1,392.64,1.4629e+07,376.27
392.78,396.8,389.1,392.64,1.4629e+07,376.27
471,471.65,463.2,471.6,1.2501e+07,458.61
470.6,470.75,464.05,465.4,1.4052e+07,452.58
461,466.95,457.9,461.4,1.8095e+07,448.69
454.55,462.8,453.15,454.35,1.2918e+07,450.12
455.65,465.25,452.11,456.2,1.1686e+07,451.95
392.78,396.8,389.1,392.64,1.4629e+07,376.27
392.78,396.8,389.1,392.64,1.4629e+07,376.27
458.5,458.5,451.95,455.45,7.9327e+06,451.21
455.4,457.7,453.15,454.45,8.5205e+06,450.22
452.95,453.5,446.95,447.15,1.2076e+07,442.99
444.15,447.6,442.75,446.1,1.1658e+07,441.95
440.6,446.45,435.7,435.7,1.5697e+07,431.65
392.78,396.8,389.1,392.64,1.4629e+07,376.27
392.78,396.8,389.1,392.64,1.4629e+07,376.27
426.35,433.7,407.05,414.2,3.3239e+07,410.35
419.1,432.63,416.55,431.55,3.1781e+07,427.54
428.3,435.55,422.85,427.15,2.2489e+07,423.18
435.7,439.15,432.15,433.65,1.8903e+07,429.62
432.85,437.35,430.85,437.35,1.5534e+07,433.28
392.78,396.8,389.1,392.64,1.4629e+07,376.27
392.78,396.8,389.1,392.64,1.4629e+07,376.27
437.35,437.35,437.35,437.35,0,433.28
432.4,433.7,419.75,421.15,1.6014e+07,417.23
423,430.79,416.35,426.95,1.6759e+07,422.98
429.35,433.9,429.2,432,1.1966e+07,427.98
427.6,427.95,421.65,422.45,8.7334e+06,418.52
392.78,396.8,389.1,392.64,1.4629e+07,376.27
392.78,396.8,389.1,392.64,1.4629e+07,376.27
426.1,428.55,424.3,425.85,1.5764e+07,421.89
427.6,436.8,425.99,432.05,1.9178e+07,428.03
438.2,441.4,435.6,436.85,1.0151e+07,432.79
434.85,437.9,431.05,432.1,9.6746e+06,428.08
428.7,430.85,414.9,422.65,1.5399e+07,418.72
392.78,396.8,389.1,392.64,1.4629e+07,376.27
392.78,396.8,389.1,392.64,1.4629e+07,376.27
424,428.86,421.85,423.5,1.1608e+07,419.56
424.35,425.1,418.55,421.55,1.2862e+07,417.63
422.7,430,422.7,426.4,1.9213e+07,422.43
426.45,428,419,419,1.4369e+07,415.1
418.7,422.2,406.35,415,2.4273e+07,411.14
392.78,396.8,389.1,392.64,1.4629e+07,376.27
392.78,396.8,389.1,392.64,1.4629e+07,376.27
413.35,416.75,409.6,413.5,1.9134e+07,409.65
414.5,416.35,404,404,1.4599e+07,400.24
405.45,414.55,404.06,412.15,1.3442e+07,408.32
412.1,415,406.45,408.05,1.5477e+07,404.25
413,423.3,412.6,420.5,1.3217e+07,416.59
392.78,396.8,389.1,392.64,1.4629e+07,376.27
392.78,396.8,389.1,392.64,1.4629e+07,376.27
419.2,421.15,415.65,416.45,1.3693e+07,412.57
412.7,416.5,409.7,413.25,1.453e+07,409.4
420.1,423.3,418.3,419.6,2.3097e+07,415.7
425,430.35,418.25,420.25,1.8545e+07,416.34
423.1,426.75,412.35,420.55,1.629e+07,416.64
392.78,396.8,389.1,392.64,1.4629e+07,376.27
392.78,396.8,389.1,392.64,1.4629e+07,376.27
427,432.85,425.25,430.3,1.3999e+07,426.3
432.15,435.1,425.4,432.6,1.113e+07,428.57
435.4,436.1,427.35,428.25,1.3969e+07,424.26
427.5,432.6,420.98,432.35,1.4214e+07,428.33
435.3,436.65,432.65,434,1.2557e+07,429.96
392.78,396.8,389.1,392.64,1.4629e+07,376.27
392.78,396.8,389.1,392.64,1.4629e+07,376.27
437.05,437.23,432.4,435.35,1.1653e+07,431.3
433.9,436,427.05,431.75,1.1944e+07,427.73
429.5,429.9,417.2,417.2,1.7568e+07,413.32
419.65,426.85,419.65,426.55,1.1155e+07,422.58
429.2,430.65,427.05,430.1,8.9857e+06,426.1
392.78,396.8,389.1,392.64,1.4629e+07,376.27
392.78,396.8,389.1,392.64,1.4629e+07,376.27
429.3,432.45,425.55,428.15,5.5677e+06,424.17
429.3,437.23,429.11,437.2,1.3769e+07,433.13
438.75,439.6,433.4,434.5,9.5897e+06,430.46
434.35,444.4,434.35,443.6,1.3276e+07,439.47
446,458.3,444.1,450.2,1.4658e+07,446.01
392.78,396.8,389.1,392.64,1.4629e+07,376.27
392.78,396.8,389.1,392.64,1.4629e+07,376.27
448.45,453.85,446.59,451.85,1.0096e+07,447.65
451.8,454,450.55,452,1.4685e+07,447.79
461,473.61,461,468.65,2.2224e+07,464.29
476.1,476.1,464,469.6,2.1033e+07,465.23
470.6,473.04,463.45,465,1.5739e+07,460.67
392.78,396.8,389.1,392.64,1.4629e+07,376.27
392.78,396.8,389.1,392.64,1.4629e+07,376.27
462.6,465.6,460,463.6,1.1133e+07,459.29
463.5,466.25,460.4,461.8,8.716e+06,457.5
462.85,469.3,462.85,465.55,1.4037e+07,461.22
467.6,470.57,462.85,466.4,1.1435e+07,462.06
467.25,469.35,462.65,465.55,7.5727e+06,461.22
392.78,396.8,389.1,392.64,1.4629e+07,376.27
392.78,396.8,389.1,392.64,1.4629e+07,376.27
464.7,466.55,460.02,460.5,9.6526e+06,456.21
462.05,469.15,461.3,465.5,1.3701e+07,461.17
466.4,476.9,464.25,475.45,1.6869e+07,471.03
475.8,487.8,472,481.65,2.5355e+07,477.17
478.65,481.65,473.02,475.15,1.422e+07,470.73
392.78,396.8,389.1,392.64,1.4629e+07,376.27
392.78,396.8,389.1,392.64,1.4629e+07,376.27
470.95,479.6,469.2,479.5,1.305e+07,475.04
484.9,493,483.55,492.9,1.8802e+07,488.31
491.55,491.55,484.8,487.25,1.4941e+07,482.72
490.6,491.8,487,491.1,1.4729e+07,486.53
493.4,495,490,491.2,1.4796e+07,486.63
392.78,396.8,389.1,392.64,1.4629e+07,376.27
392.78,396.8,389.1,392.64,1.4629e+07,376.27
488.45,491.95,485,490.7,1.0621e+07,486.13
489.15,490.7,482.8,485.2,1.3489e+07,480.69
486.35,490.95,484.4,489.35,1.0123e+07,484.8
490.45,497.85,488.73,497.5,8.0611e+06,492.87
497.2,500.3,495.35,499.8,8.2083e+06,495.15
392.78,396.8,389.1,392.64,1.4629e+07,376.27
392.78,396.8,389.1,392.64,1.4629e+07,376.27
499.5,502.6,496,496.45,1.7377e+07,491.83
498.3,501.6,488.3,492.25,1.8213e+07,487.67
494.1,498.25,489.7,492.05,1.4466e+07,487.47
491.6,496.65,479.1,479.1,1.4274e+07,474.64
477.95,480.35,473.65,479.35,1.2306e+07,474.89
392.78,396.8,389.1,392.64,1.4629e+07,376.27
392.78,396.8,389.1,392.64,1.4629e+07,376.27
481.55,487,479.8,480.5,8.5533e+06,476.03
481.1,481.4,469.9,472.7,1.0458e+07,468.3
474.9,477.55,467.2,467.2,1.2097e+07,462.85
465.2,471.27,464.23,469.15,1.955e+07,464.79
468.75,470.2,460.55,460.55,1.0828e+07,456.26
392.78,396.8,389.1,392.64,1.4629e+07,376.27
392.78,396.8,389.1,392.64,1.4629e+07,376.27
462.4,466.7,456.2,456.85,1.3582e+07,452.6
458.75,471,458.75,469.5,1.661e+07,465.13
468,473.8,463.9,468.2,1.5599e+07,463.84
476.05,476.9,470.55,470.7,1.3848e+07,466.32
469.45,469.45,458.3,458.3,2.5448e+07,454.04
392.78,396.8,389.1,392.64,1.4629e+07,376.27
392.78,396.8,389.1,392.64,1.4629e+07,376.27
458.2,461.25,455.05,455.05,1.1066e+07,450.82
458.25,462.25,454.85,459.5,1.1109e+07,455.23
464.5,473.9,462.75,472.9,9.6066e+06,468.5
465.85,471.15,464.1,467.05,1.6225e+06,467.05
392.78,396.8,389.1,392.64,1.4629e+07,376.27
392.78,396.8,389.1,392.64,1.4629e+07,376.27
392.78,396.8,389.1,392.64,1.4629e+07,376.27
392.78,396.8,389.1,392.64,1.4629e+07,376.27
479.45,481.55,467.95,472.15,8.5516e+06,472.15
471.5,472.95,467.5,470.5,6.1401e+06,470.5
468.65,473.85,468,471.7,3.4722e+06,471.7
392.78,396.8,389.1,392.64,1.4629e+07,376.27
392.78,396.8,389.1,392.64,1.4629e+07,376.27
392.78,396.8,389.1,392.64,1.4629e+07,376.27
467.25,468,457.43,459.9,1.1238e+07,459.9
463.15,466.9,459.65,459.9,6.5833e+06,459.9
463.8,467.35,459.57,467.35,1.2225e+07,467.35
460,465.25,454.8,462.25,1.6099e+07,462.25
464.25,471.95,461.6,465.65,1.2134e+07,465.65
392.78,396.8,389.1,392.64,1.4629e+07,376.27
392.78,396.8,389.1,392.64,1.4629e+07,376.27
465.65,467.63,463,463,1.3736e+07,463
463.15,479,460,473.4,1.3549e+07,473.4
477.8,479.45,473.95,476.15,1.0122e+07,476.15
470,470,459.95,467,1.352e+07,467
469.05,475.71,458.8,463.3,1.8301e+07,463.3
392.78,396.8,389.1,392.64,1.4629e+07,376.27
392.78,396.8,389.1,392.64,1.4629e+07,376.27
461.35,466.15,458.4,459.4,1.0233e+07,459.4
466.75,469.06,462,467.75,1.3476e+07,467.75
460.15,461,449.35,452,1.6032e+07,452
453.95,465.95,449.92,465.65,2.1609e+07,465.65
474.65,487.9,471.4,487.25,2.1549e+07,487.25
392.78,396.8,389.1,392.64,1.4629e+07,376.27
392.78,396.8,389.1,392.64,1.4629e+07,376.27
488.2,488.2,467,471,2.1798e+07,471
460,470.75,456.07,468.3,2.0641e+07,468.3
469.5,478.3,458.29,478.3,1.5021e+07,478.3
475.7,478.65,463.2,466.2,1.2228e+07,466.2
470.7,484.85,470.7,484.85,2.2492e+07,484.85
392.78,396.8,389.1,392.64,1.4629e+07,376.27
392.78,396.8,389.1,392.64,1.4629e+07,376.27
497,501.1,488.71,494.2,2.789e+07,494.2
495,502.3,489.05,496,2.3466e+07,496
493.75,495.5,480.75,486,1.937e+07,486
491.75,494.8,483.1,485.5,1.6411e+07,485.5
487.25,490.4,475.6,475.9,1.6491e+07,475.9
392.78,396.8,389.1,392.64,1.4629e+07,376.27
392.78,396.8,389.1,392.64,1.4629e+07,376.27
475,476.55,453.4,454.8,2.3853e+07,454.8
456.7,467.05,452.55,459.95,2.1876e+07,459.95
463.6,467.8,455.5,464.45,1.3876e+07,464.45
461.3,462.35,448.6,450.45,1.4211e+07,450.45
448.55,451.65,442.3,448.25,2.5003e+07,448.25
392.78,396.8,389.1,392.64,1.4629e+07,376.27
392.78,396.8,389.1,392.64,1.4629e+07,376.27
456.7,460.15,452.35,455.45,1.3264e+07,455.45
456.8,461.05,452.9,456,1.3305e+07,456
455.7,462.55,453.75,461.5,1.5466e+07,461.5
