1750,1750,1685,1750,4.796e+05,1621.7
1775,1829,1550,1690,1.7552e+06,1566.1
1724,1724,1602,1630,3.772e+05,1510.5
1557,1632,1557,1615,1.2965e+06,1496.6
1630,1630,1600,1610,3.418e+05,1492
1474.3,1492.8,1456.3,1474.9,4.376e+05,1424.4
1474.3,1492.8,1456.3,1474.9,4.376e+05,1424.4
1610,1610,1610,1610,0,1492
1626,1664,1601,1635,3.124e+05,1515.2
1696,1725,1636.3,1718,6.879e+05,1592.1
1717,1770,1705,1740,2.469e+05,1612.5
1740,1775,1734,1751,4.318e+05,1622.7
1474.3,1492.8,1456.3,1474.9,4.376e+05,1424.4
1474.3,1492.8,1456.3,1474.9,4.376e+05,1424.4
1705,1761,1700,1736,1.765e+05,1608.8
1721,1748,1706,1740,2.827e+05,1612.5
1800,1800,1711,1770,5.038e+05,1640.3
1780,1875,1733,1875,3.327e+05,1737.6
1800,1801,1750,1775,7.5149e+06,1644.9
1474.3,1492.8,1456.3,1474.9,4.376e+05,1424.4
1474.3,1492.8,1456.3,1474.9,4.376e+05,1424.4
1781,1849,1781,1824,1.318e+05,1690.3
1829,1829,1788,1799,1.169e+05,1667.1
1840,1840,1762,1797,2.812e+05,1665.3
1751,1810,1736,1772,1.706e+05,1642.1
1810,1810,1764,1791,1.728e+05,1659.7
1474.3,1492.8,1456.3,1474.9,4.376e+05,1424.4
1474.3,1492.8,1456.3,1474.9,4.376e+05,1424.4
1791,1791,1791,1791,0,1659.7
1751,1810,1751,1810,2.115e+05,1677.3
1756,1800,1756,1772,87400,1642.1
1758,1800,1756,1768,79200,1638.4
1735,1848.5,1735,1848,1.2247e+06,1712.5
1474.3,1492.8,1456.3,1474.9,4.376e+05,1424.4
1474.3,1492.8,1456.3,1474.9,4.376e+05,1424.4
1788,1801,1752,1795,3.936e+05,1663.4
1794,1802,1736,1747,2.155e+05,1619
1730,1793,1730,1753,1.417e+05,1624.5
1744,1774,1738,1740,89100,1612.5
1735,1750,1700,1725,1.157e+05,1598.6
1474.3,1492.8,1456.3,1474.9,4.376e+05,1424.4
1474.3,1492.8,1456.3,1474.9,4.376e+05,1424.4
1763,1775,1670,1710,1.938e+05,1584.7
1710,1710,1610,1625,2.078e+05,1505.9
1602,1641,1541,1630,1.896e+05,1510.5
1612,1612,1487,1529,3.746e+05,1416.9
1531,1610,1531,1590,2.273e+05,1473.5
1474.3,1492.8,1456.3,1474.9,4.376e+05,1424.4
1474.3,1492.8,1456.3,1474.9,4.376e+05,1424.4
1575,1639,1555,1615,1.717e+05,1496.6
1593,1689,1575,1638,1.676e+05,1517.9
1618,1671,1592,1626,1.525e+05,1506.8
1605,1615,1538,1575,2.213e+05,1459.6
1599,1599,1500,1500,3.353e+05,1390.1
1474.3,1492.8,1456.3,1474.9,4.376e+05,1424.4
1474.3,1492.8,1456.3,1474.9,4.376e+05,1424.4
1515,1516,1401,1490,1.274e+05,1380.8
1549,1549,1467,1514,1.264e+05,1403
1490,1534,1444,1465,1.594e+05,1388.8
1450,1509,1448,1481,2.863e+05,1404
1482,1564,1482,1539,3.361e+05,1459
1474.3,1492.8,1456.3,1474.9,4.376e+05,1424.4
1474.3,1492.8,1456.3,1474.9,4.376e+05,1424.4
1542,1600,1541,1582,94200,1499.7
1578,1632,1574,1624,1.495e+05,1539.5
1640,1640,1585,1605,1.507e+05,1521.5
1630,1668,1616,1650,1.007e+05,1564.2
1670,1702,1640,1662,1.682e+05,1575.6
1474.3,1492.8,1456.3,1474.9,4.376e+05,1424.4
1474.3,1492.8,1456.3,1474.9,4.376e+05,1424.4
1674,1728,1648,1694,1.692e+05,1605.9
1740,1740,1678,1702,73000,1613.5
1712,1712,1644,1679,2.311e+05,1591.7
1698,1713,1678,1700,2.059e+05,1611.6
1719,1719,1641,1679,1.511e+05,1591.7
1474.3,1492.8,1456.3,1474.9,4.376e+05,1424.4
1474.3,1492.8,1456.3,1474.9,4.376e+05,1424.4
1660,1703,1660,1675,1.706e+05,1587.9
1670,1696,1620,1630,1.628e+05,1545.2
1613,1690,1613,1673,1.002e+05,1586
1648,1669,1614,1640,1.371e+05,1554.7
1657,1657,1594,1616,92400,1532
1474.3,1492.8,1456.3,1474.9,4.376e+05,1424.4
1474.3,1492.8,1456.3,1474.9,4.376e+05,1424.4
1600,1625,1600,1615,90900,1531
1610,1635,1591,1624,54700,1539.5
1601,1651,1601,1627,85500,1542.4
1600,1662,1600,1654,1.081e+05,1568
1626,1680.9,1626,1645,1.042e+05,1559.4
1474.3,1492.8,1456.3,1474.9,4.376e+05,1424.4
1474.3,1492.8,1456.3,1474.9,4.376e+05,1424.4
1633,1700,1611,1681,1.39e+05,1593.6
1691,1714,1656,1690,1.121e+05,1602.1
1690,1738,1690,1712,2.401e+05,1623
1720,1811,1715,1800,2.664e+05,1706.4
1750,1822,1750,1800,1.641e+05,1706.4
1474.3,1492.8,1456.3,1474.9,4.376e+05,1424.4
1474.3,1492.8,1456.3,1474.9,4.376e+05,1424.4
1825,1868,1786,1820,2.201e+05,1725.3
1820,1820,1789,1820,3.003e+05,1725.3
1810,1843,1801,1836,2.028e+05,1740.5
1820,1921,1802,1900,1.915e+05,1801.2
1894,1947,1855,1910,2.849e+05,1810.7
1474.3,1492.8,1456.3,1474.9,4.376e+05,1424.4
1474.3,1492.8,1456.3,1474.9,4.376e+05,1424.4
1900,1900,1855,1870,3.534e+05,1772.7
1870,1890,1834,1844,2.676e+05,1748.1
1825,1892,1807,1843,3.74e+05,1747.2
1825,1829,1768,1774,2.189e+05,1681.7
1787,1791,1725,1773,3.57e+05,1680.8
1474.3,1492.8,1456.3,1474.9,4.376e+05,1424.4
1474.3,1492.8,1456.3,1474.9,4.376e+05,1424.4
1760,1786,1730,1747,3.024e+05,1656.1
1750,1793,1675,1769,1.0079e+06,1677
1765,1792,1750,1771,2.217e+05,1678.9
1754,1807,1754,1774,3.227e+05,1681.7
1801,1845,1779,1809,3.462e+05,1714.9
1474.3,1492.8,1456.3,1474.9,4.376e+05,1424.4
1474.3,1492.8,1456.3,1474.9,4.376e+05,1424.4
1809,1809,1809,1809,0,1714.9
1789,1790,1740,1750,3.306e+05,1659
1761,1763,1725,1740,2.481e+05,1649.5
1734,1777,1718,1754,3.59e+05,1662.8
1766,1789.1,1741,1782,8.805e+05,1689.3
1474.3,1492.8,1456.3,1474.9,4.376e+05,1424.4
1474.3,1492.8,1456.3,1474.9,4.376e+05,1424.4
1755,1826,1755,1803,2.653e+05,1709.2
1849,1849,1781,1800,1.712e+05,1706.4
1795,1865,1790,1857,4.75e+05,1760.4
1842,1865,1838,1856,1.673e+05,1759.5
1847,1874,1831,1874,2.616e+05,1776.5
1474.3,1492.8,1456.3,1474.9,4.376e+05,1424.4
1474.3,1492.8,1456.3,1474.9,4.376e+05,1424.4
1872,1904,1872,1885,3.448e+05,1787
1875,1914,1874,1892,3.574e+05,1793.6
1895,1914,1890,1913,3.436e+05,1813.5
1915,1932,1847,1932,6.968e+05,1831.5
1912,1944,1912,1938,3.734e+05,1837.2
1474.3,1492.8,1456.3,1474.9,4.376e+05,1424.4
1474.3,1492.8,1456.3,1474.9,4.376e+05,1424.4
1945,1979,1939,1958,3.565e+05,1856.2
1960,1974,1944,1965,5.573e+05,1862.8
1952,1970,1945,1970,7.358e+05,1867.5
1970,1973,1920,1921,9.269e+05,1821.1
1885,1900,1827,1870,1.5879e+07,1772.7
1474.3,1492.8,1456.3,1474.9,4.376e+05,1424.4
1474.3,1492.8,1456.3,1474.9,4.376e+05,1424.4
1843,1854,1811,1825,8.669e+05,1730.1
1824,1873,1820,1864,4.068e+05,1767.1
1856,1859,1830,1843,1.694e+05,1747.2
1840,1848,1822,1844,2.897e+05,1748.1
1840,1854,1824.5,1854,3.422e+05,1757.6
1474.3,1492.8,1456.3,1474.9,4.376e+05,1424.4
1474.3,1492.8,1456.3,1474.9,4.376e+05,1424.4
1830,1861,1830,1850,4.375e+05,1753.8
1847,1852,1806,1825,3.942e+05,1730.1
1818,1823,1765,1771,5.786e+05,1678.9
1762,1776,1756,1758,2.121e+05,1666.6
1751,1763,1747,1763,2.24e+05,1671.3
1474.3,1492.8,1456.3,1474.9,4.376e+05,1424.4
1474.3,1492.8,1456.3,1474.9,4.376e+05,1424.4
1751,1763,1740,1747,1.534e+05,1656.1
1740,1749,1724,1727,1.876e+05,1637.2
1720,1730,1707,1722,2.127e+05,1632.4
1722,1754,1722,1735,2.7e+05,1644.8
1738,1740,1715,1728,1.844e+05,1638.1
1474.3,1492.8,1456.3,1474.9,4.376e+05,1424.4
1474.3,1492.8,1456.3,1474.9,4.376e+05,1424.4
1717,1755,1717,1729,4.671e+05,1639.1
1749,1760,1706,1730,4.773e+05,1640
1750,1755,1725,1753,3.52e+05,1661.8
1742,1764,1739,1749,2.286e+05,1658
1765,1776,1728,1761,4.711e+05,1669.4
1474.3,1492.8,1456.3,1474.9,4.376e+05,1424.4
1474.3,1492.8,1456.3,1474.9,4.376e+05,1424.4
1749,1783,1747,1764,2.25e+05,1672.3
1761,1784,1715,1768,2.502e+05,1676.1
1764,1788,1745,1787,2.607e+05,1694.1
1782,1826,1770,1815,1.912e+05,1720.6
1813,1830,1813,1813,2.378e+05,1718.7
1474.3,1492.8,1456.3,1474.9,4.376e+05,1424.4
1474.3,1492.8,1456.3,1474.9,4.376e+05,1424.4
1823,1840,1815,1823,3.044e+05,1728.2
1807,1815,1783,1798,2.988e+05,1704.5
1785,1816.5,1784,1792,1.458e+05,1698.8
1812,1822,1793,1802,3.675e+05,1708.3
1807,1807,1782,1786,1.617e+05,1693.1
1474.3,1492.8,1456.3,1474.9,4.376e+05,1424.4
1474.3,1492.8,1456.3,1474.9,4.376e+05,1424.4
1789,1800,1767,1768,1.493e+05,1676.1
1771,1773,1711,1762,4.06e+05,1670.4
1764,1781.5,1750,1756,2.624e+05,1664.7
1750,1818,1715,1800,3.702e+05,1706.4
1782,1807,1772.8,1792,3.925e+05,1698.8
1474.3,1492.8,1456.3,1474.9,4.376e+05,1424.4
1474.3,1492.8,1456.3,1474.9,4.376e+05,1424.4
1802,1802,1759,1767,3.384e+05,1675.1
1770,1770,1728,1755,4.04e+05,1663.7
1754,1757.2,1728,1742,3.488e+05,1651.4
1746,1760,1744,1760,2.485e+05,1668.5
1755,1781,1735,1760,2.547e+05,1668.5
1474.3,1492.8,1456.3,1474.9,4.376e+05,1424.4
1474.3,1492.8,1456.3,1474.9,4.376e+05,1424.4
1730,1788,1730,1782,1.646e+05,1689.3
1778,1787,1757,1784,2.224e+05,1691.2
1778,1790,1758,1784,1.992e+05,1691.2
1776,1784,1765,1778,1.85e+05,1685.5
1786,1799,1766,1787,2.72e+05,1694.1
1474.3,1492.8,1456.3,1474.9,4.376e+05,1424.4
1474.3,1492.8,1456.3,1474.9,4.376e+05,1424.4
1766,1805,1766,1795,2.485e+05,1701.6
1790,1796,1738,1738,1.0229e+06,1647.6
1738,1753,1723,1743,3.171e+05,1652.3
1738,1742,1721,1722,1.675e+05,1632.4
1728,1730,1714,1717,1.96e+05,1627.7
1474.3,1492.8,1456.3,1474.9,4.376e+05,1424.4
1474.3,1492.8,1456.3,1474.9,4.376e+05,1424.4
1726,1729,1696,1721,2.153e+05,1631.5
1723,1743,1704,1704,4.153e+05,1615.4
1701,1709,1681,1690,1.688e+05,1602.1
1682,1706,1672,1677,1.991e+05,1589.8
1670,1709,1670,1695,2.052e+05,1606.8
1474.3,1492.8,1456.3,1474.9,4.376e+05,1424.4
1474.3,1492.8,1456.3,1474.9,4.376e+05,1424.4
1699,1703,1671,1689,1.887e+05,1601.2
1685,1706,1677,1699,2.676e+05,1610.6
1694,1705,1681,1687,1.912e+05,1599.3
1687,1687,1630,1634,3.834e+05,1549
1624,1647,1603,1610,3.166e+05,1526.3
1474.3,1492.8,1456.3,1474.9,4.376e+05,1424.4
1474.3,1492.8,1456.3,1474.9,4.376e+05,1424.4
1601,1661,1601,1645,2.443e+05,1559.4
1639,1647,1621,1632,2.713e+05,1547.1
1625,1660,1624,1658,2.386e+05,1571.8
1667,1698,1667,1679,4.199e+05,1591.7
1693,1731,1664,1728,7.286e+05,1638.1
1474.3,1492.8,1456.3,1474.9,4.376e+05,1424.4
1474.3,1492.8,1456.3,1474.9,4.376e+05,1424.4
1725,1732,1703,1730,3.78e+05,1640
1648,1744,1648,1736,73300,1645.7
1736,1736,1736,1736,0,1645.7
1736,1736,1736,1736,0,1645.7
1747,1762,1731,1753,2.332e+05,1661.8
1474.3,1492.8,1456.3,1474.9,4.376e+05,1424.4
1474.3,1492.8,1456.3,1474.9,4.376e+05,1424.4
1747,1769,1740,1747,2.083e+05,1656.1
1748,1765,1720,1762,98400,1670.4
1762,1762,1762,1762,0,1670.4
1753,1780,1748,1761,1.598e+05,1669.4
1752,1771,1723,1725,2.876e+05,1635.3
1474.3,1492.8,1456.3,1474.9,4.376e+05,1424.4
1474.3,1492.8,1456.3,1474.9,4.376e+05,1424.4
1722,1763,1721,1754,2.346e+05,1662.8
1759,1800,1750,1800,3.01e+05,1706.4
1792,1813,1780,1780,4.852e+05,1687.4
1783,1804,1764,1769,1.492e+05,1677
1785,1808,1779,1796,2.9e+05,1702.6
1474.3,1492.8,1456.3,1474.9,4.376e+05,1424.4
1474.3,1492.8,1456.3,1474.9,4.376e+05,1424.4
1802,1810,1784,1798,1.655e+05,1704.5
1786,1793,1764,1777,2.398e+05,1684.6
1781,1797.1,1739,1747,2.443e+05,1656.1
1757,1759,1720,1720,1.821e+05,1630.5
1721,1739,1708,1709,4.364e+05,1620.1
1474.3,1492.8,1456.3,1474.9,4.376e+05,1424.4
1474.3,1492.8,1456.3,1474.9,4.376e+05,1424.4
1713,1733,1706,1730,3.083e+05,1640
1718,1771,1718,1768,5.921e+05,1676.1
1765,1786,1763,1775,2.634e+05,1682.7
1772,1780,1734,1752,2.501e+05,1660.9
1744,1757,1690,1696,2.994e+05,1607.8
1474.3,1492.8,1456.3,1474.9,4.376e+05,1424.4
1474.3,1492.8,1456.3,1474.9,4.376e+05,1424.4
1702,1774,1639,1671,4.11e+05,1584.1
1666,1683,1655,1683,2.373e+05,1595.5
1678,1695,1615,1652,2.783e+05,1566.1
1639,1679,1614,1667,2.796e+05,1580.3
1658,1667,1576,1613,5.919e+05,1529.1
1474.3,1492.8,1456.3,1474.9,4.376e+05,1424.4
1474.3,1492.8,1456.3,1474.9,4.376e+05,1424.4
1604,1624,1583,1585,4.421e+05,1502.6
1586,1594,1570,1582,3.351e+05,1499.7
1585,1617,1568,1599,3.255e+05,1515.8
1600,1615,1585,1611,3.805e+05,1527.2
1612,1617,1594,1605,3.23e+05,1521.5
1474.3,1492.8,1456.3,1474.9,4.376e+05,1424.4
1474.3,1492.8,1456.3,1474.9,4.376e+05,1424.4
1614,1614,1593,1601,3.7e+05,1517.7
1584,1593.8,1566,1578,6.629e+05,1495.9
1594,1599,1582,1592,2.835e+05,1509.2
1600,1603,1575,1589,1.941e+05,1506.4
1589,1596,1536,1553,4.481e+05,1472.2
1474.3,1492.8,1456.3,1474.9,4.376e+05,1424.4
1474.3,1492.8,1456.3,1474.9,4.376e+05,1424.4
1520,1587,1520,1584,3.111e+05,1501.6
1591,1591,1572,1585,2.829e+05,1502.6
1592,1602,1580,1593,2.611e+05,1510.2
1590,1601,1586,1595,1.748e+05,1512.1
1600,1600,1550,1550,4.156e+05,1469.4
1474.3,1492.8,1456.3,1474.9,4.376e+05,1424.4
1474.3,1492.8,1456.3,1474.9,4.376e+05,1424.4
1545,1572.9,1507,1516,3.154e+05,1437.2
1521,1532,1506,1524,6.812e+05,1444.7
1520,1530,1512,1524,1.999e+05,1444.7
1517,1541,1498,1499,2.563e+05,1421
1503,1515,1479,1485,3.193e+05,1407.8
1474.3,1492.8,1456.3,1474.9,4.376e+05,1424.4
1474.3,1492.8,1456.3,1474.9,4.376e+05,1424.4
1452,1470,1428,1442,2.524e+05,1367
1458,1522,1458,1519,3.682e+05,1440
1512,1526,1488,1510,1.853e+05,1431.5
1511,1539,1501,1512,3.246e+05,1433.4
1524,1533,1480,1480,2.008e+05,1403
1474.3,1492.8,1456.3,1474.9,4.376e+05,1424.4
1474.3,1492.8,1456.3,1474.9,4.376e+05,1424.4
1474,1504,1469,1471,1.855e+05,1394.5
1466,1494,1440,1491,3.796e+05,1413.5
1480,1509,1465,1471,2.817e+05,1394.5
1478,1504,1466,1469,2.679e+05,1392.6
1466,1478,1426,1433,2.695e+05,1358.5
1474.3,1492.8,1456.3,1474.9,4.376e+05,1424.4
1474.3,1492.8,1456.3,1474.9,4.376e+05,1424.4
1434,1488,1434,1485,3.404e+05,1407.8
1475,1525,1471,1516,4.007e+05,1437.2
1514,1528,1512,1518,6.087e+05,1439.1
1508,1519,1488,1488,3.209e+05,1410.6
1489,1500,1455,1476,9.558e+05,1399.2
1474.3,1492.8,1456.3,1474.9,4.376e+05,1424.4
1474.3,1492.8,1456.3,1474.9,4.376e+05,1424.4
1469,1484,1455,1477,4.041e+05,1400.2
1478,1500,1478,1485,3.212e+05,1407.8
1492,1500,1486,1495,5.475e+05,1417.3
1488,1500,1480,1500,2.439e+05,1422
1502,1515,1498,1505,3.335e+05,1426.7
1474.3,1492.8,1456.3,1474.9,4.376e+05,1424.4
1474.3,1492.8,1456.3,1474.9,4.376e+05,1424.4
1507,1513,1488,1494,3.293e+05,1416.3
1495,1502,1483,1500,2.269e+05,1422
1498,1508,1494,1495,5.794e+05,1417.3
1491,1498,1474,1484,3.993e+05,1406.8
1486,1500,1484,1496,6.098e+05,1418.2
1474.3,1492.8,1456.3,1474.9,4.376e+05,1424.4
1474.3,1492.8,1456.3,1474.9,4.376e+05,1424.4
1487,1503,1487,1499,3.188e+05,1421
1493,1500,1483,1497,2.744e+05,1419.1
1500,1516,1497,1499,4.199e+05,1421
1500,1505,1490,1497,2.634e+05,1419.1
1485,1495,1481,1492,2.751e+05,1414.4
1474.3,1492.8,1456.3,1474.9,4.376e+05,1424.4
1474.3,1492.8,1456.3,1474.9,4.376e+05,1424.4
1487,1504,1481,1502,3.893e+05,1423.9
1501,1504.8,1494,1495,7.681e+05,1417.3
1500,1505,1492,1500,4.3e+05,1422
1500,1520,1489,1519,3.139e+05,1440
1519,1519,1519,1519,0,1440
1474.3,1492.8,1456.3,1474.9,4.376e+05,1424.4
1474.3,1492.8,1456.3,1474.9,4.376e+05,1424.4
1519,1519,1519,1519,0,1440
1521,1530,1514,1518,3.939e+05,1439.1
1519,1523,1452,1466,3.992e+05,1389.8
1473,1478,1448,1472,2.716e+05,1395.4
1469,1499,1464,1481,3.156e+05,1404
1474.3,1492.8,1456.3,1474.9,4.376e+05,1424.4
1474.3,1492.8,1456.3,1474.9,4.376e+05,1424.4
1489,1501,1484,1494,2.25e+05,1416.3
1500,1509,1487,1501,2.926e+05,1422.9
1494,1500,1488,1498,3.95e+05,1420.1
1490,1502,1486,1497,80500,1419.1
1492,1498,1476,1480,2.073e+05,1403
1474.3,1492.8,1456.3,1474.9,4.376e+05,1424.4
1474.3,1492.8,1456.3,1474.9,4.376e+05,1424.4
1480,1480,1480,1480,0,1403
1481,1488,1430,1445,2.724e+05,1369.8
1449,1472,1436,1467,3.428e+05,1390.7
1475,1480,1447,1460,2.298e+05,1384.1
1462,1462,1434,1450,1.782e+05,1374.6
1474.3,1492.8,1456.3,1474.9,4.376e+05,1424.4
1474.3,1492.8,1456.3,1474.9,4.376e+05,1424.4
1451,1454.7,1419,1434,2.549e+05,1359.4
1440,1440,1409.6,1433,3.262e+05,1358.5
1433,1441,1426,1436,1.411e+05,1361.3
1432,1455,1418,1447,5.12e+05,1371.7
1447,1455,1368,1381,6.038e+05,1309.2
1474.3,1492.8,1456.3,1474.9,4.376e+05,1424.4
1474.3,1492.8,1456.3,1474.9,4.376e+05,1424.4
1395,1399,1343,1346,3.698e+05,1276
1351,1382,1339,1375,3.677e+05,1303.5
1375,1390,1372,1382,2.497e+05,1310.1
1381,1396,1368,1379,2.791e+05,1307.3
1380,1383,1361,1369,2.506e+05,1297.8
1474.3,1492.8,1456.3,1474.9,4.376e+05,1424.4
1474.3,1492.8,1456.3,1474.9,4.376e+05,1424.4
1369,1369,1369,1369,0,1297.8
1375,1390,1363,1373,2.159e+05,1301.6
1372,1376,1355,1368,2.945e+05,1296.8
1372,1373,1343,1365,2.778e+05,1294
1360,1400,1360,1372,4.509e+05,1300.6
1474.3,1492.8,1456.3,1474.9,4.376e+05,1424.4
1474.3,1492.8,1456.3,1474.9,4.376e+05,1424.4
1378,1432,1369,1418,3.718e+05,1344.3
1416,1425,1379,1380,3.15e+05,1308.2
1378,1402,1363,1367,3.067e+05,1295.9
1369,1381,1359,1364,3.559e+05,1293.1
1365,1400,1361,1380,2.769e+05,1308.2
1474.3,1492.8,1456.3,1474.9,4.376e+05,1424.4
1474.3,1492.8,1456.3,1474.9,4.376e+05,1424.4
1387,1396,1362,1386,2.856e+05,1313.9
1376,1400,1366,1389,3.142e+05,1316.8
1393,1409,1375,1406,3.991e+05,1332.9
1409,1409,1393,1400,2.731e+05,1327.2
1398,1410,1395,1409,3.64e+05,1335.7
1474.3,1492.8,1456.3,1474.9,4.376e+05,1424.4
1474.3,1492.8,1456.3,1474.9,4.376e+05,1424.4
1411,1411,1379,1384,3.915e+05,1312
1382,1391,1363,1383,3.348e+05,1311.1
1380,1387,1363,1369,1.685e+05,1297.8
1376,1401,1376,1383,3.599e+05,1311.1
1387,1401,1382,1391,3.542e+05,1318.7
1474.3,1492.8,1456.3,1474.9,4.376e+05,1424.4
1474.3,1492.8,1456.3,1474.9,4.376e+05,1424.4
1387,1387,1358,1368,2.221e+05,1296.8
1370,1376,1348.2,1368,2.815e+05,1296.8
1366,1368,1326,1332,3.532e+05,1262.7
1337,1361,1328,1352,2.504e+05,1281.7
1355,1362,1344,1352,2.129e+05,1281.7
1474.3,1492.8,1456.3,1474.9,4.376e+05,1424.4
1474.3,1492.8,1456.3,1474.9,4.376e+05,1424.4
1355,1366,1342,1342,2.185e+05,1272.2
1347,1357,1334,1338,4.019e+05,1268.4
1339,1378,1334,1353,2.544e+05,1282.6
1353,1360,1333,1336,2.308e+05,1266.5
1338,1340,1310,1326,2.907e+05,1257
1474.3,1492.8,1456.3,1474.9,4.376e+05,1424.4
1474.3,1492.8,1456.3,1474.9,4.376e+05,1424.4
1330,1330,1309.9,1319,2.466e+05,1250.4
1322,1344,1316,1330,3.056e+05,1260.8
1301,1318,1291,1312,4.149e+05,1277.8
1317,1324,1298,1312,6.573e+05,1277.8
1338,1355,1338,1351,7.683e+05,1315.8
1474.3,1492.8,1456.3,1474.9,4.376e+05,1424.4
1474.3,1492.8,1456.3,1474.9,4.376e+05,1424.4
1349,1380.6,1347,1371,3.414e+05,1335.2
1373,1395,1372,1391,3.84e+05,1354.7
1388,1402,1380,1399,4.43e+05,1362.5
1394,1401.9,1386,1394,3.151e+05,1357.6
1391,1404,1379,1401,4.319e+05,1364.5
1474.3,1492.8,1456.3,1474.9,4.376e+05,1424.4
1474.3,1492.8,1456.3,1474.9,4.376e+05,1424.4
1401,1406,1374,1378,2.995e+05,1342.1
1383,1406,1379,1393,2.413e+05,1356.7
1388,1398,1378,1388,3.328e+05,1351.8
1389,1403,1379,1381,2.616e+05,1345
1375,1404,1375,1381,2.117e+05,1345
1474.3,1492.8,1456.3,1474.9,4.376e+05,1424.4
1474.3,1492.8,1456.3,1474.9,4.376e+05,1424.4
1383,1394,1379,1382,2.246e+05,1346
1388,1418,1382,1414,2.296e+05,1377.1
1413,1413,1387,1391,2.114e+05,1354.7
1384,1393,1374,1391,3.3e+05,1354.7
1386,1397,1355,1368,3.541e+05,1332.3
1474.3,1492.8,1456.3,1474.9,4.376e+05,1424.4
1474.3,1492.8,1456.3,1474.9,4.376e+05,1424.4
1368,1374,1360,1366,1.956e+05,1330.4
1367,1382,1362,1374,2.481e+05,1338.2
1371,1403,1363,1375,3.959e+05,1339.1
1362,1387,1295,1302,8.441e+05,1268
1306,1314,1284,1289,5.622e+05,1255.4
1474.3,1492.8,1456.3,1474.9,4.376e+05,1424.4
1474.3,1492.8,1456.3,1474.9,4.376e+05,1424.4
1294,1319,1285,1287,4.51e+05,1253.4
1284,1298,1281,1288,4.213e+05,1254.4
1280,1332,1277,1328,4.001e+05,1293.4
1326,1347,1324,1327,3.359e+05,1292.4
1326,1349,1323,1327,2.754e+05,1292.4
1474.3,1492.8,1456.3,1474.9,4.376e+05,1424.4
1474.3,1492.8,1456.3,1474.9,4.376e+05,1424.4
1329,1345,1326,1340,3.082e+05,1305
1341,1360,1341,1353,2.253e+05,1317.7
1349,1368,1349,1365,3.544e+05,1329.4
1363,1378,1361,1372,2.017e+05,1336.2
1372,1395,1364,1376,3.178e+05,1340.1
1474.3,1492.8,1456.3,1474.9,4.376e+05,1424.4
1474.3,1492.8,1456.3,1474.9,4.376e+05,1424.4
1376,1376,1376,1376,0,1340.1
1380,1405,1377,1396,2.435e+05,1359.6
1390,1403,1383,1399,2.356e+05,1362.5
1396,1401,1384,1401,7.544e+05,1364.5
1403,1416,1401,1414,3.51e+05,1377.1
1474.3,1492.8,1456.3,1474.9,4.376e+05,1424.4
1474.3,1492.8,1456.3,1474.9,4.376e+05,1424.4
1386,1404,1376,1404,1.791e+05,1367.4
1403,1410,1395,1404,2.379e+05,1367.4
1406,1453,1406,1431,6.37e+05,1393.7
1431,1470,1424,1469,3.479e+05,1430.7
1458,1458,1404,1416,4.473e+05,1379.1
1474.3,1492.8,1456.3,1474.9,4.376e+05,1424.4
1474.3,1492.8,1456.3,1474.9,4.376e+05,1424.4
1410,1430,1402,1429,3.389e+05,1391.7
1425,1427,1395,1395,3.483e+05,1358.6
1390,1404,1378,1401,2.057e+05,1364.5
1404,1404,1369,1380,5.73e+05,1344
1385,1387,1372,1373,2.6e+05,1337.2
1474.3,1492.8,1456.3,1474.9,4.376e+05,1424.4
1474.3,1492.8,1456.3,1474.9,4.376e+05,1424.4
1371,1374,1354,1368,3.199e+05,1332.3
1362,1362,1350,1356,4.027e+05,1320.6
1351,1362,1347,1350,3.628e+05,1314.8
1346,1359,1346,1353,1.4877e+06,1317.7
1363,1375,1356,1367,8.581e+05,1331.3
1474.3,1492.8,1456.3,1474.9,4.376e+05,1424.4
1474.3,1492.8,1456.3,1474.9,4.376e+05,1424.4
1363,1375,1357,1373,4.577e+05,1337.2
1374,1374,1338,1339,4.678e+05,1304.1
1337,1342,1328,1340,2.0751e+06,1305
1340,1350.5,1327,1328,3.711e+05,1293.4
1327,1328,1307,1325,3.181e+05,1290.4
1474.3,1492.8,1456.3,1474.9,4.376e+05,1424.4
1474.3,1492.8,1456.3,1474.9,4.376e+05,1424.4
1323,1344,1318.8,1342,3.118e+05,1307
1335,1342,1323,1333,4.909e+05,1298.2
1340,1342,1318,1327,3.148e+05,1292.4
1322,1343,1320,1323,4.339e+05,1288.5
1325,1333,1316,1323,3.728e+05,1288.5
1474.3,1492.8,1456.3,1474.9,4.376e+05,1424.4
1474.3,1492.8,1456.3,1474.9,4.376e+05,1424.4
1322,1332,1315,1327,4.633e+05,1292.4
1327,1337,1319,1330,3.322e+05,1295.3
1320,1336,1314,1328,4.36e+05,1293.4
1335,1344,1317,1319,4.255e+05,1284.6
1312,1326,1301,1308,3.821e+05,1273.9
1474.3,1492.8,1456.3,1474.9,4.376e+05,1424.4
1474.3,1492.8,1456.3,1474.9,4.376e+05,1424.4
1300,1303,1282,1300,5.418e+05,1266.1
1292,1326,1284,1322,6.384e+05,1287.5
1322,1323,1267,1267,7.769e+05,1234
1275,1283,1249.6,1272,1.2801e+06,1238.8
1266,1293,1263,1291,5.47e+05,1257.3
1474.3,1492.8,1456.3,1474.9,4.376e+05,1424.4
1474.3,1492.8,1456.3,1474.9,4.376e+05,1424.4
1286,1298,1273,1279,8.455e+05,1245.6
1275,1314,1269,1313,4.651e+05,1278.8
1309,1331,1300,1329,5.3e+05,1294.3
1321,1333,1304,1331,2.578e+05,1296.3
1326,1329,1314,1320,2.0213e+06,1285.6
1474.3,1492.8,1456.3,1474.9,4.376e+05,1424.4
1474.3,1492.8,1456.3,1474.9,4.376e+05,1424.4
1333,1333,1316,1326,3.288e+05,1291.4
1333,1359,1331,1336,3.837e+05,1301.2
1343,1364,1343,1345,4.404e+05,1309.9
1345,1350,1331,1349,2.83e+05,1313.8
1360,1373,1348,1359,5.632e+05,1323.6
1474.3,1492.8,1456.3,1474.9,4.376e+05,1424.4
1474.3,1492.8,1456.3,1474.9,4.376e+05,1424.4
1358,1370,1352,1359,3.594e+05,1323.6
1355,1368,1344,1344,4.382e+05,1308.9
1348,1388,1348,1379,6.666e+05,1343
1360,1399,1328,1393,6.527e+05,1356.7
1397,1405,1358,1360,4.877e+05,1324.5
1474.3,1492.8,1456.3,1474.9,4.376e+05,1424.4
1474.3,1492.8,1456.3,1474.9,4.376e+05,1424.4
1365,1374,1344,1365,3.181e+05,1329.4
1361,1369,1355,1367,1.897e+05,1331.3
1364,1379,1362,1367,3.097e+05,1331.3
1364,1382,1364,1376,5.28e+05,1340.1
1375,1378,1362,1374,2.662e+05,1338.2
1474.3,1492.8,1456.3,1474.9,4.376e+05,1424.4
1474.3,1492.8,1456.3,1474.9,4.376e+05,1424.4
1368,1382,1362,1375,2.83e+05,1339.1
1384,1397,1379,1389,2.848e+05,1352.8
1389,1416,1385,1398,4.439e+05,1361.5
1396,1430,1390.4,1423,5.67e+05,1385.9
1430,1471,1420,1456,6.558e+05,1418
1474.3,1492.8,1456.3,1474.9,4.376e+05,1424.4
1474.3,1492.8,1456.3,1474.9,4.376e+05,1424.4
1460,1461,1435,1439,3.084e+05,1401.5
1440,1461,1439,1446,5.143e+05,1408.3
1442,1449,1426,1428,5.522e+05,1390.8
1433,1453,1430.3,1447,3.054e+05,1409.3
1447,1458,1447,1452,5.756e+05,1414.1
1474.3,1492.8,1456.3,1474.9,4.376e+05,1424.4
1474.3,1492.8,1456.3,1474.9,4.376e+05,1424.4
1445,1456,1412,1413,5.386e+05,1376.1
1413,1449,1413,1427,7.496e+05,1389.8
1420,1421,1400,1401,5.199e+05,1364.5
1409,1416,1390,1409,8.916e+05,1372.2
1417,1443,1417,1431,3.121e+05,1393.7
1474.3,1492.8,1456.3,1474.9,4.376e+05,1424.4
1474.3,1492.8,1456.3,1474.9,4.376e+05,1424.4
1432,1435,1403,1403,3.08e+05,1366.4
1401,1407,1300,1329,7.74e+05,1294.3
1329,1346,1329,1333,7.342e+05,1298.2
1326,1339,1295,1328,6.539e+05,1293.4
1321,1321,1252,1256,7.475e+05,1223.2
1474.3,1492.8,1456.3,1474.9,4.376e+05,1424.4
1474.3,1492.8,1456.3,1474.9,4.376e+05,1424.4
1250,1270,1227,1232,6.982e+05,1199.9
1231,1235,1175,1221,1.5403e+06,1189.2
1206,1251.2,1201,1242,7.929e+05,1209.6
1254,1258,1190,1222,9.976e+05,1190.1
1224,1243,1200,1234,1.0164e+06,1201.8
1474.3,1492.8,1456.3,1474.9,4.376e+05,1424.4
1474.3,1492.8,1456.3,1474.9,4.376e+05,1424.4
1236,1254,1225,1245,5.025e+05,1212.5
1250,1268,1245.6,1256,3.469e+05,1223.2
1268,1274,1242,1246,83600,1213.5
1246,1246,1246,1246,0,1213.5
1246,1246,1246,1246,0,1213.5
1474.3,1492.8,1456.3,1474.9,4.376e+05,1424.4
1474.3,1492.8,1456.3,1474.9,4.376e+05,1424.4
1249,1258,1220,1236,3.769e+05,1203.8
1225,1236,1203,1214,4.146e+05,1182.3
1214,1237,1214,1228,59300,1196
1228,1228,1228,1228,0,1196
1231,1235,1185.6,1188,4.858e+05,1157
1474.3,1492.8,1456.3,1474.9,4.376e+05,1424.4
1474.3,1492.8,1456.3,1474.9,4.376e+05,1424.4
1182,1195,1134,1150,5.72e+05,1120
1144,1167,1134,1144,6.075e+05,1114.2
1145,1147,1132,1135,5.185e+05,1105.4
1145,1158,1138,1156,7.343e+05,1125.8
1153,1161,1122,1128,4.203e+05,1098.6
1474.3,1492.8,1456.3,1474.9,4.376e+05,1424.4
1474.3,1492.8,1456.3,1474.9,4.376e+05,1424.4
1132,1135,1114,1125,5.093e+05,1095.7
1120,1163,1120,1138,5.299e+05,1108.3
1120,1120,1069,1069,8.737e+05,1041.1
1074,1103,1052,1081,9.162e+05,1052.8
1075,1083,1059,1077,5.402e+05,1048.9
1474.3,1492.8,1456.3,1474.9,4.376e+05,1424.4
1474.3,1492.8,1456.3,1474.9,4.376e+05,1424.4
1080,1134,1080,1122,5.132e+05,1092.7
1099,1104,1051,1057,9.942e+05,1029.4
1054,1081,1051,1081,5.979e+05,1052.8
1082,1104,1077,1094,6.183e+05,1065.5
1095,1120,1095,1112,7.75e+05,1083
1474.3,1492.8,1456.3,1474.9,4.376e+05,1424.4
1474.3,1492.8,1456.3,1474.9,4.376e+05,1424.4
1112,1117,1070,1076,1.06e+06,1047.9
1078,1087,1064,1074,5.349e+05,1046
1079,1090,1061,1072,4.539e+05,1044
1065,1096,1062,1089,7.139e+05,1060.6
1085,1097,1063,1071,8.471e+05,1043.1
1474.3,1492.8,1456.3,1474.9,4.376e+05,1424.4
1474.3,1492.8,1456.3,1474.9,4.376e+05,1424.4
1073,1094,1062,1072,5.944e+05,1044
1080,1124,1077.5,1101,1.0847e+06,1072.3
1096,1108,1090,1100,7.19e+05,1071.3
1092,1108,1065,1098,9.072e+05,1069.4
1090,1111,1085,1102,6.252e+05,1073.3
1474.3,1492.8,1456.3,1474.9,4.376e+05,1424.4
1474.3,1492.8,1456.3,1474.9,4.376e+05,1424.4
1101,1104.6,1069,1079,8.426e+05,1050.8
1075,1112,1075,1102,7.243e+05,1073.3
1099,1105,1086,1091,4.912e+05,1062.5
1080,1204,1080,1159,1.7356e+06,1128.8
1158,1187,1155,1164,8.311e+05,1133.6
1474.3,1492.8,1456.3,1474.9,4.376e+05,1424.4
1474.3,1492.8,1456.3,1474.9,4.376e+05,1424.4
1158,1199,1150,1192,5.23e+05,1160.9
1189,1191,1156,1179,1.0896e+06,1148.2
1150,1190,1121,1143,1.1296e+06,1113.2
1129,1146,1111,1125,8.769e+05,1095.7
1118,1149,1107,1132,7.641e+05,1102.5
1474.3,1492.8,1456.3,1474.9,4.376e+05,1424.4
1474.3,1492.8,1456.3,1474.9,4.376e+05,1424.4
1142,1142,1109,1127,5.612e+05,1097.6
1129,1147,1115.6,1126,7.708e+05,1096.6
1125,1142,1125,1131,6.125e+05,1101.5
1129,1157,1129,1150,5.266e+05,1120
1154,1171,1150,1162,8.762e+05,1131.7
1474.3,1492.8,1456.3,1474.9,4.376e+05,1424.4
1474.3,1492.8,1456.3,1474.9,4.376e+05,1424.4
1165,1168,1146,1159,6.805e+05,1128.8
1159,1180,1159,1164,9.869e+05,1133.6
1169,1188,1154,1160,8.433e+05,1129.7
1163,1186,1159,1181,6.438e+05,1150.2
1173,1181,1153,1155,6.119e+05,1124.9
1474.3,1492.8,1456.3,1474.9,4.376e+05,1424.4
1474.3,1492.8,1456.3,1474.9,4.376e+05,1424.4
1146,1159,1143,1145,6.081e+05,1115.1
1140,1149,1115,1115,7.761e+05,1085.9
1112,1120,1086,1089,7.741e+05,1060.6
1093,1116,1093,1109,5.655e+05,1080.1
1108,1136,1104,1120,7.551e+05,1090.8
1474.3,1492.8,1456.3,1474.9,4.376e+05,1424.4
1474.3,1492.8,1456.3,1474.9,4.376e+05,1424.4
1120,1123.2,1102,1121,5.214e+05,1091.8
1126,1146,1120,1146,9.338e+05,1116.1
1140,1174,1140,1173,5.466e+05,1142.4
1181,1190,1166,1176,5.887e+05,1145.3
1176,1208,1170,1201,8.633e+05,1169.7
1474.3,1492.8,1456.3,1474.9,4.376e+05,1424.4
1474.3,1492.8,1456.3,1474.9,4.376e+05,1424.4
1196,1199,1185,1194,5.047e+05,1162.8
1195,1233,1192.5,1221,6.537e+05,1189.2
1222,1224,1203,1220,4.227e+05,1188.2
1211,1226,1203,1211,4.977e+05,1179.4
1213,1222,1190.5,1196,4.812e+05,1164.8
1474.3,1492.8,1456.3,1474.9,4.376e+05,1424.4
1474.3,1492.8,1456.3,1474.9,4.376e+05,1424.4
1211,1233,1193.8,1220,6.101e+05,1188.2
1220,1258,1213,1215,7.785e+05,1183.3
1212,1234,1208,1222,5.674e+05,1190.1
1222,1282,1222,1279,7.467e+05,1245.6
1279,1279,1279,1279,0,1245.6
1474.3,1492.8,1456.3,1474.9,4.376e+05,1424.4
1474.3,1492.8,1456.3,1474.9,4.376e+05,1424.4
1279,1279,1279,1279,0,1245.6
1277,1348,1273,1329,1.0061e+06,1294.3
1321,1334,1317,1329,6.294e+05,1294.3
1331,1368,1326,1354,6.405e+05,1318.7
1361,1366,1348,1360,3.578e+05,1324.5
1474.3,1492.8,1456.3,1474.9,4.376e+05,1424.4
1474.3,1492.8,1456.3,1474.9,4.376e+05,1424.4
1353,1365,1347,1355,3.455e+05,1319.7
1353,1370,1345,1363,6.07e+05,1327.4
1363,1381,1362,1377,3.753e+05,1341.1
1384,1386,1365,1382,5.352e+05,1346
1386,1391,1356,1358,5.056e+05,1322.6
1474.3,1492.8,1456.3,1474.9,4.376e+05,1424.4
1474.3,1492.8,1456.3,1474.9,4.376e+05,1424.4
1360,1364,1337,1345,7.219e+05,1309.9
1344,1354,1327,1347,6.086e+05,1311.9
1347,1357,1334,1341,4.275e+05,1306
1349,1368,1344,1368,4.333e+05,1332.3
1372,1379,1350,1363,4.812e+05,1327.4
1474.3,1492.8,1456.3,1474.9,4.376e+05,1424.4
1474.3,1492.8,1456.3,1474.9,4.376e+05,1424.4
1370,1395,1347,1380,4.273e+05,1344
1382,1413,1368,1388,7.554e+05,1351.8
1400,1431,1386,1391,6.45e+05,1354.7
1388,1396,1374,1379,6.738e+05,1343
1384,1393,1367,1376,2.097e+05,1340.1
1474.3,1492.8,1456.3,1474.9,4.376e+05,1424.4
1474.3,1492.8,1456.3,1474.9,4.376e+05,1424.4
1376,1376,1376,1376,0,1340.1
1386,1432,1374,1417,7.241e+05,1380
1410,1414,1376,1405,6.791e+05,1368.3
1404,1404,1362,1390,7.025e+05,1353.7
1415,1429,1404,1415,5.023e+05,1378.1
1474.3,1492.8,1456.3,1474.9,4.376e+05,1424.4
1474.3,1492.8,1456.3,1474.9,4.376e+05,1424.4
1414,1444,1407,1414,3.295e+05,1377.1
1411,1425,1375,1398,4.36e+05,1361.5
1400,1415,1390,1401,4.481e+05,1364.5
1402,1417,1393,1416,4.021e+05,1379.1
1457,1472,1388,1391,8.622e+05,1354.7
1474.3,1492.8,1456.3,1474.9,4.376e+05,1424.4
1474.3,1492.8,1456.3,1474.9,4.376e+05,1424.4
1378,1431,1342,1419,6.121e+05,1382
1419,1497,1414,1480,9.845e+05,1441.4
1473,1491,1469,1471,4.712e+05,1432.6
1468,1479,1458.7,1470,3.192e+05,1431.7
1473,1489,1462,1466,3.226e+05,1427.8
1474.3,1492.8,1456.3,1474.9,4.376e+05,1424.4
1474.3,1492.8,1456.3,1474.9,4.376e+05,1424.4
1466,1466,1466,1466,0,1427.8
1455,1473,1447,1454,3.657e+05,1416.1
1456,1474,1442,1467,3.608e+05,1428.7
1473,1486,1451,1462,3.327e+05,1423.9
1461,1465,1424,1433,7.41e+05,1395.6
1474.3,1492.8,1456.3,1474.9,4.376e+05,1424.4
1474.3,1492.8,1456.3,1474.9,4.376e+05,1424.4
1434,1446,1414,1426,4.459e+05,1388.8
1425,1434,1396,1415,5.431e+05,1378.1
1416,1428,1396,1422,8.517e+05,1384.9
1420,1428,1407,1415,5.309e+05,1378.1
1417,1417,1399,1399,5.002e+05,1362.5
1474.3,1492.8,1456.3,1474.9,4.376e+05,1424.4
1474.3,1492.8,1456.3,1474.9,4.376e+05,1424.4
1397,1408,1396,1400,3.087e+05,1363.5
1402,1413,1399,1403,5.462e+05,1366.4
1405,1432,1399,1428,4.29e+05,1390.8
1425,1441,1422,1428,2.665e+05,1390.8
1425,1426,1409,1410,2.623e+05,1373.2
1474.3,1492.8,1456.3,1474.9,4.376e+05,1424.4
1474.3,1492.8,1456.3,1474.9,4.376e+05,1424.4
1400,1409,1397,1403,3.213e+05,1366.4
1393,1414,1393,1411,3.748e+05,1374.2
1413,1421,1404,1409,3.339e+05,1372.2
1402,1413,1394,1407,4.524e+05,1370.3
1411,1412,1395,1401,8.101e+05,1364.5
1474.3,1492.8,1456.3,1474.9,4.376e+05,1424.4
1474.3,1492.8,1456.3,1474.9,4.376e+05,1424.4
1421,1446,1411,1446,8.551e+05,1408.3
1450,1459,1439,1440,5.757e+05,1402.4
1440,1450,1433,1436,4.286e+05,1398.5
1429,1443,1426,1429,3.554e+05,1391.7
1423,1455,1419,1429,2.703e+05,1391.7
1474.3,1492.8,1456.3,1474.9,4.376e+05,1424.4
1474.3,1492.8,1456.3,1474.9,4.376e+05,1424.4
1390,1397,1380,1381,8.463e+05,1345
1375,1382,1368,1368,7.099e+05,1332.3
1375,1390,1369,1380,5.281e+05,1344
1351,1368.3,1349,1360,3.213e+05,1360
1359,1359,1338,1343,1.832e+05,1343
1474.3,1492.8,1456.3,1474.9,4.376e+05,1424.4
1474.3,1492.8,1456.3,1474.9,4.376e+05,1424.4
1328,1342,1321,1327,3.959e+05,1327
1325,1337,1306,1307,5.739e+05,1307
1312,1326,1306,1316,2.363e+05,1316
1320,1347,1319,1340,2.402e+05,1340
1360,1364.3,1347,1353,2.054e+05,1353
1474.3,1492.8,1456.3,1474.9,4.376e+05,1424.4
1474.3,1492.8,1456.3,1474.9,4.376e+05,1424.4
1376,1384,1337,1345,6.322e+05,1345
1346,1346,1330,1334,4.456e+05,1334
1333,1341,1327,1336,3.241e+05,1336
1343,1346,1337,1341,2.382e+05,1341
1344,1344,1328,1333,3.025e+05,1333
1474.3,1492.8,1456.3,1474.9,4.376e+05,1424.4
1474.3,1492.8,1456.3,1474.9,4.376e+05,1424.4
1311,1334,1309,1323,2.13e+05,1323
1322,1333,1321.9,1332,2.697e+05,1332
1318,1341,1318,1337,2.992e+05,1337
1353,1353,1324,1331,2.379e+05,1331
1328,1339,1310,1312,2.203e+05,1312
1474.3,1492.8,1456.3,1474.9,4.376e+05,1424.4
1474.3,1492.8,1456.3,1474.9,4.376e+05,1424.4
1310,1317,1283,1284,2.744e+05,1284
1291,1300,1284,1298,3.181e+05,1298
1301,1311,1301,1305,2.598e+05,1305
1304,1313,1302,1307,3.274e+05,1307
1314,1339,1308,1338,3.757e+05,1338
1474.3,1492.8,1456.3,1474.9,4.376e+05,1424.4
1474.3,1492.8,1456.3,1474.9,4.376e+05,1424.4
1331,1352,1331,1344,2.946e+05,1344
1330,1331,1267,1268,6.056e+05,1268
1267,1287,1255,1287,4.9e+05,1287
1282,1304,1278,1296,3.378e+05,1296
1292,1320,1291,1314,3.17e+05,1314
1474.3,1492.8,1456.3,1474.9,4.376e+05,1424.4
1474.3,1492.8,1456.3,1474.9,4.376e+05,1424.4
1327,1327,1306,1324,2.194e+05,1324
1322,1361,1316.9,1344,4.478e+05,1344
1337,1344.1,1310,1323,5.752e+05,1323
1399,1473,1379,1420,6.278e+05,1420
1400,1420,1395,1402,4.248e+05,1402
1474.3,1492.8,1456.3,1474.9,4.376e+05,1424.4
1474.3,1492.8,1456.3,1474.9,4.376e+05,1424.4
1410,1428,1402,1409,6.71e+05,1409
1413,1425,1408,1418,8.127e+05,1418
1413,1428,1406,1411,7.013e+05,1411
1400,1412,1400,1403,3.96e+05,1403
1390,1400,1354,1354,3.474e+05,1354
1474.3,1492.8,1456.3,1474.9,4.376e+05,1424.4
1474.3,1492.8,1456.3,1474.9,4.376e+05,1424.4
1310,1314,1236,1255,9.383e+05,1255
1270,1306,1263,1299,6.879e+05,1299
1286,1321,1268.5,1291,6.221e+05,1291
1318,1334,1296,1329,4.598e+05,1329
1329,1337,1306,1337,5.137e+05,1337
1474.3,1492.8,1456.3,1474.9,4.376e+05,1424.4
1474.3,1492.8,1456.3,1474.9,4.376e+05,1424.4
1337,1337,1337,1337,0,1337
1311,1323,1274,1281,4.753e+05,1281
1284,1330,1277,1314,5.037e+05,1314
1324,1335,1317,1326,4.303e+05,1326
1310,1314,1294,1304,3.906e+05,1304
1474.3,1492.8,1456.3,1474.9,4.376e+05,1424.4
1474.3,1492.8,1456.3,1474.9,4.376e+05,1424.4
1314,1318,1282,1287,2.204e+05,1287
1292,1324,1292,1301,3.176e+05,1301
1330,1368,1321,1341,4.811e+05,1341
1320,1335,1313,1328,3.33e+05,1328
1330,1348,1306,1344,5.308e+05,1344
1474.3,1492.8,1456.3,1474.9,4.376e+05,1424.4
1474.3,1492.8,1456.3,1474.9,4.376e+05,1424.4
1348,1377,1340,1342,4.058e+05,1342
1344,1382,1330,1378,4.003e+05,1378
1383,1405,1382,1400,6.431e+05,1400
1401,1404,1386,1391,4.497e+05,1391
1394,1394,1356,1374,5.105e+05,1374
1474.3,1492.8,1456.3,1474.9,4.376e+05,1424.4
1474.3,1492.8,1456.3,1474.9,4.376e+05,1424.4
1369,1400,1369,1388,3.834e+05,1388
1394,1394,1337,1339,3.89e+05,1339
1345,1411,1341,1401,7.638e+05,1401
1395,1404,1382,1387,2.983e+05,1387
1415,1419,1401,1404,4.46e+05,1404
1474.3,1492.8,1456.3,1474.9,4.376e+05,1424.4
1474.3,1492.8,1456.3,1474.9,4.376e+05,1424.4
1405,1405,1382,1385,2.599e+05,1385
1364,1384,1362,1367,3.316e+05,1367
1392,1401,1391,1397,5.741e+05,1397
1376,1398,1367,1379,4.824e+05,1379
1387,1407,1373,1387,3.242e+05,1387
1474.3,1492.8,1456.3,1474.9,4.376e+05,1424.4
1474.3,1492.8,1456.3,1474.9,4.376e+05,1424.4
1410,1439,1397,1435,2.823e+05,1435
1444,1461,1431,1453,3.029e+05,1453
1456,1487.6,1453,1461,3.697e+05,1461
1463,1463,1443,1455,3.91e+05,1455
1466,1482,1459,1473,4.209e+05,1473
1474.3,1492.8,1456.3,1474.9,4.376e+05,1424.4
1474.3,1492.8,1456.3,1474.9,4.376e+05,1424.4
1474,1500,1469,1499,3.303e+05,1499
1500,1508,1489,1500,3.972e+05,1500
1490,1496,1471,1484,3.967e+05,1484
1491,1526,1490,1525,4.444e+05,1525
1528,1535,1504,1513,3.229e+05,1513
1474.3,1492.8,1456.3,1474.9,4.376e+05,1424.4
1474.3,1492.8,1456.3,1474.9,4.376e+05,1424.4
1518,1528,1506,1518,2.229e+05,1518
1521,1530,1510,1524,1.824e+05,1524
1522,1537,1516,1531,3.138e+05,1531
1533,1552,1520,1552,5.718e+05,1552
1566,1574,1553,1560,3.422e+05,1560
1474.3,1492.8,1456.3,1474.9,4.376e+05,1424.4
1474.3,1492.8,1456.3,1474.9,4.376e+05,1424.4
1558,1569,1553,1559,1.805e+05,1559
1554,1558,1543,1544,2.028e+05,1544
1541,1555,1530,1540,3.069e+05,1540
1538,1566,1538,1557,2.447e+05,1557
1554,1562,1533,1550,2.877e+05,1550
1474.3,1492.8,1456.3,1474.9,4.376e+05,1424.4
1474.3,1492.8,1456.3,1474.9,4.376e+05,1424.4
1535,1556.1,1535,1556,1.517e+05,1556
1562,1576,1553,1576,2.126e+05,1576
1579,1595,1575,1589,2.094e+05,1589
1595,1595,1531,1543,4.493e+05,1543
1543,1557,1526,1531,3.584e+05,1531
1474.3,1492.8,1456.3,1474.9,4.376e+05,1424.4
1474.3,1492.8,1456.3,1474.9,4.376e+05,1424.4
1534,1547,1512,1514,4.096e+05,1514
1524,1545,1513,1545,3.389e+05,1545
1553,1564,1532,1554,2.565e+05,1554
1557,1563,1533.9,1534,3.035e+05,1534
1537,1540,1510,1513,3.554e+05,1513
1474.3,1492.8,1456.3,1474.9,4.376e+05,1424.4
1474.3,1492.8,1456.3,1474.9,4.376e+05,1424.4
1501,1519,1471,1507,3.418e+05,1507
1522,1555,1516,1555,2.75e+05,1555
1548,1631.3,1548,1599,5.636e+05,1599
1607,1630,1606,1616,3.511e+05,1616
1616,1638,1604,1629,5.047e+05,1629
1474.3,1492.8,1456.3,1474.9,4.376e+05,1424.4
1474.3,1492.8,1456.3,1474.9,4.376e+05,1424.4
1614,1629,1612,1618,3.555e+05,1618
1612,1620,1595,1617,5.026e+05,1617
1623,1630,1615,1624,2.988e+05,1624
1620,1628,1619,1628,3.921e+05,1628
1616,1628,1616,1620,2.001e+05,1620
1474.3,1492.8,1456.3,1474.9,4.376e+05,1424.4
1474.3,1492.8,1456.3,1474.9,4.376e+05,1424.4
1618,1629,1595,1611,4.845e+05,1611
1615,1619,1597,1613,2.928e+05,1613
1621,1621,1606,1606,3.72e+05,1606
1599,1611,1555,1555,5.059e+05,1555
1550,1558,1544,1547,3.739e+05,1547
1474.3,1492.8,1456.3,1474.9,4.376e+05,1424.4
1474.3,1492.8,1456.3,1474.9,4.376e+05,1424.4
1557,1571,1550,1550,3.934e+05,1550
1560,1560,1502,1509,5.028e+05,1509
1517,1517,1436,1488,7.056e+05,1488
1477,1484,1462,1470,5.819e+05,1470
1476,1479,1438,1438,4.406e+05,1438
1474.3,1492.8,1456.3,1474.9,4.376e+05,1424.4
1474.3,1492.8,1456.3,1474.9,4.376e+05,1424.4
1442,1451,1414,1414,5.63e+05,1414
1427,1491,1427,1490,9.046e+05,1490
1486,1494,1478,1487,5.567e+05,1487
1514,1517,1485,1506,6.913e+05,1506
1496,1505,1490,1500,6.977e+05,1500
1474.3,1492.8,1456.3,1474.9,4.376e+05,1424.4
1474.3,1492.8,1456.3,1474.9,4.376e+05,1424.4
1492,1508,1441,1453,6.878e+05,1453
1458,1467,1435.5,1460,3.779e+05,1460
1472,1489,1467,1487,2.282e+05,1487
1490,1490,1474,1475,30100,1475
1474.3,1492.8,1456.3,1474.9,4.376e+05,1424.4
1474.3,1492.8,1456.3,1474.9,4.376e+05,1424.4
1474.3,1492.8,1456.3,1474.9,4.376e+05,1424.4
1474.3,1492.8,1456.3,1474.9,4.376e+05,1424.4
1477,1497,1455,1484,3.442e+05,1484
1475,1496,1467,1473,2.976e+05,1473
1464,1478.7,1448,1448,59000,1448
1474.3,1492.8,1456.3,1474.9,4.376e+05,1424.4
1474.3,1492.8,1456.3,1474.9,4.376e+05,1424.4
1474.3,1492.8,1456.3,1474.9,4.376e+05,1424.4
1440,1440,1411,1427,4.509e+05,1427
1433,1438,1412,1427,1.972e+05,1427
1418,1429,1413,1429,3.527e+05,1429
1398,1431,1392,1410,5.717e+05,1410
1409,1420,1400,1401,4.756e+05,1401
1474.3,1492.8,1456.3,1474.9,4.376e+05,1424.4
1474.3,1492.8,1456.3,1474.9,4.376e+05,1424.4
1409,1413,1389,1407,6.721e+05,1407
1412,1420,1399,1415,3.262e+05,1415
1423,1431,1410,1414,2.754e+05,1414
1397,1399,1378,1384,3.892e+05,1384
1381,1393,1358,1366,4.584e+05,1366
1474.3,1492.8,1456.3,1474.9,4.376e+05,1424.4
1474.3,1492.8,1456.3,1474.9,4.376e+05,1424.4
1366,1384,1353,1371,4.019e+05,1371
1397,1408,1387,1390,3.091e+05,1390
1365,1368,1337.6,1347,4.09e+05,1347
1354,1377,1348,1366,4.572e+05,1366
1382,1383,1357,1371,3.584e+05,1371
1474.3,1492.8,1456.3,1474.9,4.376e+05,1424.4
1474.3,1492.8,1456.3,1474.9,4.376e+05,1424.4
1375,1399,1370,1379,3.655e+05,1379
1369,1391,1362,1387,2.393e+05,1387
1382,1409,1382,1409,3.588e+05,1409
1399,1420,1387,1397,3.514e+05,1397
1416,1429,1406,1429,4.621e+05,1429
1474.3,1492.8,1456.3,1474.9,4.376e+05,1424.4
1474.3,1492.8,1456.3,1474.9,4.376e+05,1424.4
1431,1459,1426,1441,4.091e+05,1441
1442,1448,1426,1440,3.177e+05,1440
1435,1445,1398,1400,5.03e+05,1400
1390,1390,1305,1322,7.719e+05,1322
1328,1345,1311,1313,3.918e+05,1313
1474.3,1492.8,1456.3,1474.9,4.376e+05,1424.4
1474.3,1492.8,1456.3,1474.9,4.376e+05,1424.4
1320,1320,1265,1265,3.973e+05,1265
1274,1285,1250,1277,4.726e+05,1277
1276,1305,1274,1305,5.174e+05,1305
1300,1300,1273,1281,3.829e+05,1281
1284,1303,1271,1303,4.065e+05,1303
1474.3,1492.8,1456.3,1474.9,4.376e+05,1424.4
1474.3,1492.8,1456.3,1474.9,4.376e+05,1424.4
1323,1337,1316,1336,3.053e+05,1336
1340,1348,1328,1344,2.657e+05,1344
1341,1386,1341,1386,3.119e+05,1386
1474.3,1492.8,1456.3,1474.9,4.376e+05,1424.4
1474.3,1492.8,1456.3,1474.9,4.376e+05,1424.4
1474.3,1492.8,1456.3,1474.9,4.376e+05,1424.4
1474.3,1492.8,1456.3,1474.9,4.376e+05,1424.4
1474.3,1492.8,1456.3,1474.9,4.376e+05,1424.4
1474.3,1492.8,1456.3,1474.9,4.376e+05,1424.4
1474.3,1492.8,1456.3,1474.9,4.376e+05,1424.4
1474.3,1492.8,1456.3,1474.9,4.376e+05,1424.4
1474.3,1492.8,1456.3,1474.9,4.376e+05,1424.4
1474.3,1492.8,1456.3,1474.9,4.376e+05,1424.4
1474.3,1492.8,1456.3,1474.9,4.376e+05,1424.4
1474.3,1492.8,1456.3,1474.9,4.376e+05,1424.4
1474.3,1492.8,1456.3,1474.9,4.376e+05,1424.4
1474.3,1492.8,1456.3,1474.9,4.376e+05,1424.4
1474.3,1492.8,1456.3,1474.9,4.376e+05,1424.4
1474.3,1492.8,1456.3,1474.9,4.376e+05,1424.4
1474.3,1492.8,1456.3,1474.9,4.376e+05,1424.4
1474.3,1492.8,1456.3,1474.9,4.376e+05,1424.4
1474.3,1492.8,1456.3,1474.9,4.376e+05,1424.4
1474.3,1492.8,1456.3,1474.9,4.376e+05,1424.4
1474.3,1492.8,1456.3,1474.9,4.376e+05,1424.4
1474.3,1492.8,1456.3,1474.9,4.376e+05,1424.4
1474.3,1492.8,1456.3,1474.9,4.376e+05,1424.4
1474.3,1492.8,1456.3,1474.9,4.376e+05,1424.4
1474.3,1492.8,1456.3,1474.9,4.376e+05,1424.4
1474.3,1492.8,1456.3,1474.9,4.376e+05,1424.4
1474.3,1492.8,1456.3,1474.9,4.376e+05,1424.4
1474.3,1492.8,1456.3,1474.9,4.376e+05,1424.4
1474.3,1492.8,1456.3,1474.9,4.376e+05,1424.4
1474.3,1492.8,1456.3,1474.9,4.376e+05,1424.4
1474.3,1492.8,1456.3,1474.9,4.376e+05,1424.4
1474.3,1492.8,1456.3,1474.9,4.376e+05,1424.4
1474.3,1492.8,1456.3,1474.9,4.376e+05,1424.4
1474.3,1492.8,1456.3,1474.9,4.376e+05,1424.4
1474.3,1492.8,1456.3,1474.9,4.376e+05,1424.4
1474.3,1492.8,1456.3,1474.9,4.376e+05,1424.4
1474.3,1492.8,1456.3,1474.9,4.376e+05,1424.4
1474.3,1492.8,1456.3,1474.9,4.376e+05,1424.4
1474.3,1492.8,1456.3,1474.9,4.376e+05,1424.4
1474.3,1492.8,1456.3,1474.9,4.376e+05,1424.4
1474.3,1492.8,1456.3,1474.9,4.376e+05,1424.4
1474.3,1492.8,1456.3,1474.9,4.376e+05,1424.4
1474.3,1492.8,1456.3,1474.9,4.376e+05,1424.4
1474.3,1492.8,1456.3,1474.9,4.376e+05,1424.4
1474.3,1492.8,1456.3,1474.9,4.376e+05,1424.4
1474.3,1492.8,1456.3,1474.9,4.376e+05,1424.4
1474.3,1492.8,1456.3,1474.9,4.376e+05,1424.4
1474.3,1492.8,1456.3,1474.9,4.376e+05,1424.4
1474.3,1492.8,1456.3,1474.9,4.376e+05,1424.4
1474.3,1492.8,1456.3,1474.9,4.376e+05,1424.4
1474.3,1492.8,1456.3,1474.9,4.376e+05,1424.4
1474.3,1492.8,1456.3,1474.9,4.376e+05,1424.4
1474.3,1492.8,1456.3,1474.9,4.376e+05,1424.4
1474.3,1492.8,1456.3,1474.9,4.376e+05,1424.4
1474.3,1492.8,1456.3,1474.9,4.376e+05,1424.4
1474.3,1492.8,1456.3,1474.9,4.376e+05,1424.4
1474.3,1492.8,1456.3,1474.9,4.376e+05,1424.4
1474.3,1492.8,1456.3,1474.9,4.376e+05,1424.4
1474.3,1492.8,1456.3,1474.9,4.376e+05,1424.4
1474.3,1492.8,1456.3,1474.9,4.376e+05,1424.4
1474.3,1492.8,1456.3,1474.9,4.376e+05,1424.4
1474.3,1492.8,1456.3,1474.9,4.376e+05,1424.4
1474.3,1492.8,1456.3,1474.9,4.376e+05,1424.4
1474.3,1492.8,1456.3,1474.9,4.376e+05,1424.4
1474.3,1492.8,1456.3,1474.9,4.376e+05,1424.4
1474.3,1492.8,1456.3,1474.9,4.376e+05,1424.4
1474.3,1492.8,1456.3,1474.9,4.376e+05,1424.4
1474.3,1492.8,1456.3,1474.9,4.376e+05,1424.4
1474.3,1492.8,1456.3,1474.9,4.376e+05,1424.4
1474.3,1492.8,1456.3,1474.9,4.376e+05,1424.4
