2499,2504,2434,2462,1.0187e+06,2251.4
2456,2492,2446,2485,1.2033e+06,2272.4
2470,2492.3,2456,2480,1.0159e+06,2283.2
2459,2462,2362,2406,9.865e+05,2215
2420,2434,2398.5,2408,1.0726e+06,2216.9
2720.3,2747.5,2691.9,2720.2,7.8587e+05,2616
2720.3,2747.5,2691.9,2720.2,7.8587e+05,2616
2415,2429,2397,2420,1.8026e+06,2227.9
2382,2405,2365,2399,8.547e+05,2208.6
2412,2456,2412,2447,1.4463e+06,2252.8
2455,2485,2443,2478,8.615e+05,2281.3
2479,2518,2464,2507,8.271e+05,2308
2720.3,2747.5,2691.9,2720.2,7.8587e+05,2616
2720.3,2747.5,2691.9,2720.2,7.8587e+05,2616
2500,2520,2485,2515,5.498e+05,2315.4
2522,2537.4,2507,2531,5.639e+05,2330.1
2537,2548,2521,2532,5.264e+05,2331
2528,2564.5,2508,2521,6.476e+05,2320.9
2530,2537.5,2504,2529,5.672e+05,2328.3
2720.3,2747.5,2691.9,2720.2,7.8587e+05,2616
2720.3,2747.5,2691.9,2720.2,7.8587e+05,2616
2517,2521,2483,2502,6.65e+05,2303.4
2513,2519,2486,2491,3.174e+05,2293.3
2487,2487,2441,2485,5.896e+05,2287.8
2491,2501.5,2419,2430,1.3124e+06,2237.1
2449,2455,2280,2379,4.3366e+06,2190.2
2720.3,2747.5,2691.9,2720.2,7.8587e+05,2616
2720.3,2747.5,2691.9,2720.2,7.8587e+05,2616
2325,2345,2283,2323,1.6316e+06,2138.6
2314,2314,2255,2265,1.139e+06,2085.2
2277,2294,2270,2280,8.937e+05,2099
2277,2284,2236,2273,1.2142e+06,2092.6
2266,2296,2246,2279,1.0331e+06,2098.1
2720.3,2747.5,2691.9,2720.2,7.8587e+05,2616
2720.3,2747.5,2691.9,2720.2,7.8587e+05,2616
2307,2307,2254,2254,9.086e+05,2075.1
2252,2264,2236,2250,7.484e+05,2071.4
2280,2280,2239,2263,1.3181e+06,2083.4
2264,2314,2254,2304,1.2753e+06,2121.1
2304,2304,2304,2304,0,2121.1
2720.3,2747.5,2691.9,2720.2,7.8587e+05,2616
2720.3,2747.5,2691.9,2720.2,7.8587e+05,2616
2304,2304,2304,2304,0,2121.1
2298,2306,2286,2301,5.407e+05,2118.4
2306,2308,2266,2268,1.0349e+06,2088
2270,2270,2198.8,2201,1.2428e+06,2026.3
2204,2224,2165,2217,1.1475e+06,2041
2720.3,2747.5,2691.9,2720.2,7.8587e+05,2616
2720.3,2747.5,2691.9,2720.2,7.8587e+05,2616
2224,2237,2204,2233,6.642e+05,2055.8
2246,2252,2226,2238,5.162e+05,2060.4
2243,2279,2237,2272,5.673e+05,2091.7
2270,2276,2248,2267,5.176e+05,2087.1
2264,2266,2231,2248,5.318e+05,2069.6
2720.3,2747.5,2691.9,2720.2,7.8587e+05,2616
2720.3,2747.5,2691.9,2720.2,7.8587e+05,2616
2246,2263,2221.7,2259,4.743e+05,2079.7
2243,2282,2220,2252,8.441e+05,2073.3
2260,2292,2235,2270,1.2263e+06,2089.8
2278,2342,2266,2300,1.4417e+06,2117.4
2294,2306,2271,2294,1.2055e+06,2111.9
2720.3,2747.5,2691.9,2720.2,7.8587e+05,2616
2720.3,2747.5,2691.9,2720.2,7.8587e+05,2616
2300,2322,2257,2261,6.319e+05,2081.5
2263,2300,2263,2298,1.7843e+06,2115.6
2304,2320,2296,2301,7.361e+05,2118.4
2290,2368,2281,2361,1.6657e+06,2173.6
2349,2371,2323,2336,8.347e+05,2150.6
2720.3,2747.5,2691.9,2720.2,7.8587e+05,2616
2720.3,2747.5,2691.9,2720.2,7.8587e+05,2616
2342,2354,2322,2353,5.351e+05,2166.2
2357,2364,2312,2320,6.83e+05,2135.9
2321,2354,2288,2304,5.855e+05,2121.1
2301,2334,2301,2329,6.768e+05,2144.1
2334,2375,2327,2368,6.91e+05,2180.1
2720.3,2747.5,2691.9,2720.2,7.8587e+05,2616
2720.3,2747.5,2691.9,2720.2,7.8587e+05,2616
2368,2368,2368,2368,0,2180.1
2357,2393,2353,2390,7.252e+05,2200.3
2389,2405,2388,2395,4.472e+05,2204.9
2395,2403.2,2378,2388,4.34e+05,2198.5
2385,2420,2382,2397,4.336e+05,2206.8
2720.3,2747.5,2691.9,2720.2,7.8587e+05,2616
2720.3,2747.5,2691.9,2720.2,7.8587e+05,2616
2392,2399,2338,2364,5.551e+05,2176.4
2365,2389,2351,2382,7.994e+05,2192.9
2382,2410.8,2382,2389,5.587e+05,2199.4
2390,2410,2385,2401,4.677e+05,2210.4
2393,2409,2383,2391,6.769e+05,2201.2
2720.3,2747.5,2691.9,2720.2,7.8587e+05,2616
2720.3,2747.5,2691.9,2720.2,7.8587e+05,2616
2391,2413,2391,2410,5.005e+05,2218.7
2050,2319,2017,2267,5.6909e+06,2087.1
2289,2289,2203,2253,1.9127e+06,2091
2243,2247,2205,2233,1.5455e+06,2072.4
2240,2267.6,2226,2237,7.237e+05,2076.1
2720.3,2747.5,2691.9,2720.2,7.8587e+05,2616
2720.3,2747.5,2691.9,2720.2,7.8587e+05,2616
2237,2237,2237,2237,0,2076.1
2251,2270,2226,2254,1.1322e+06,2091.9
2229,2244,2209,2236,9.077e+05,2075.2
2229,2255,2214,2253,9.101e+05,2091
2247,2265,2216,2245,9.424e+05,2083.6
2720.3,2747.5,2691.9,2720.2,7.8587e+05,2616
2720.3,2747.5,2691.9,2720.2,7.8587e+05,2616
2235,2238,2160,2163,1.0412e+06,2007.4
2162,2187.5,2136,2157,7.338e+05,2001.9
2156,2173,2140,2148,7.619e+05,1993.5
2145,2156,2124,2135,8.823e+05,1981.5
2132,2153,2118,2147,8.573e+05,1992.6
2720.3,2747.5,2691.9,2720.2,7.8587e+05,2616
2720.3,2747.5,2691.9,2720.2,7.8587e+05,2616
2150,2167.5,2138,2147,4.439e+05,1992.6
2139,2141,2108,2125,6.755e+05,1972.2
2125,2167,2125,2160,1.2675e+06,2004.7
2146,2199,2130,2195,6.557e+05,2037.1
2209,2241.6,2207,2231,7.657e+05,2070.6
2720.3,2747.5,2691.9,2720.2,7.8587e+05,2616
2720.3,2747.5,2691.9,2720.2,7.8587e+05,2616
2233,2240,2215,2229,5.208e+05,2068.7
2224,2248,2215,2244,5.131e+05,2082.6
2243,2253,2226,2230,4.996e+05,2069.6
2217,2238,2207,2217,1.3463e+06,2057.6
2221,2236,2207,2210,1.1588e+06,2051.1
2720.3,2747.5,2691.9,2720.2,7.8587e+05,2616
2720.3,2747.5,2691.9,2720.2,7.8587e+05,2616
2199,2223,2168,2175,8.698e+05,2018.6
2198,2349,2173,2291,2.3989e+06,2126.2
2290,2326,2277,2319,1.3377e+06,2152.2
2318,2330,2250,2311,1.1674e+06,2144.8
2307,2315,2274,2290,8.498e+05,2125.3
2720.3,2747.5,2691.9,2720.2,7.8587e+05,2616
2720.3,2747.5,2691.9,2720.2,7.8587e+05,2616
2309,2333,2302,2328,4.546e+05,2160.6
2326,2356,2321,2345,3.709e+05,2176.4
2329,2345,2318,2343,6.201e+05,2174.5
2359,2407,2356,2390,3.834e+05,2218.1
2399,2434,2388,2402,4.59e+05,2229.3
2720.3,2747.5,2691.9,2720.2,7.8587e+05,2616
2720.3,2747.5,2691.9,2720.2,7.8587e+05,2616
2415,2435,2407,2414,4.431e+05,2240.4
2432,2451,2422,2443,3.615e+05,2267.3
2433,2448,2423,2440,2.62e+05,2264.5
2459,2467,2430,2452,5.267e+05,2275.7
2459,2470,2442,2457,2.992e+05,2280.3
2720.3,2747.5,2691.9,2720.2,7.8587e+05,2616
2720.3,2747.5,2691.9,2720.2,7.8587e+05,2616
2467,2481,2459.3,2476,3.721e+05,2297.9
2484,2484,2419,2473,7.119e+05,2295.2
2480,2500,2452.4,2465,5.427e+05,2287.7
2463,2522,2453.4,2520,4.947e+05,2338.8
2513,2550.1,2488,2505,9.591e+05,2324.9
2720.3,2747.5,2691.9,2720.2,7.8587e+05,2616
2720.3,2747.5,2691.9,2720.2,7.8587e+05,2616
2499,2513,2483,2491,3.613e+05,2311.9
2491,2512.6,2487,2488,4.722e+05,2309.1
2482,2522,2482,2509,4.841e+05,2328.6
2499,2553,2490,2521,6.489e+05,2339.7
2520,2534,2511,2524,6.545e+05,2342.5
2720.3,2747.5,2691.9,2720.2,7.8587e+05,2616
2720.3,2747.5,2691.9,2720.2,7.8587e+05,2616
2524,2542,2517,2533,3.932e+05,2350.8
2533,2538,2519,2528,5.807e+05,2346.2
2515,2559,2515,2543,4.406e+05,2360.1
2557,2584,2550,2584,5.526e+05,2398.2
2586,2593,2565,2568,4.454e+05,2383.3
2720.3,2747.5,2691.9,2720.2,7.8587e+05,2616
2720.3,2747.5,2691.9,2720.2,7.8587e+05,2616
2576,2612,2568,2573,6.275e+05,2388
2561,2584.8,2534,2552,5.8e+05,2368.5
2548,2564,2504,2505,4.669e+05,2324.9
2515,2524,2486,2492,3.835e+05,2312.8
2491,2492,2453,2459,6.244e+05,2282.2
2720.3,2747.5,2691.9,2720.2,7.8587e+05,2616
2720.3,2747.5,2691.9,2720.2,7.8587e+05,2616
2461,2471,2434,2452,5.249e+05,2275.7
2455,2481,2439,2472,3.54e+05,2294.2
2472,2491,2458.6,2478,3.927e+05,2299.8
2471,2502,2444,2461,7.636e+05,2284
2459,2459,2435,2456,4.635e+05,2279.4
2720.3,2747.5,2691.9,2720.2,7.8587e+05,2616
2720.3,2747.5,2691.9,2720.2,7.8587e+05,2616
2456,2459,2415,2423,6.2e+05,2248.8
2406,2430,2390,2414,6.096e+05,2240.4
2404,2434,2398,2427,5.459e+05,2278.7
2428,2484,2428,2474,4.833e+05,2322.8
2490,2522,2490,2511,5.686e+05,2357.6
2720.3,2747.5,2691.9,2720.2,7.8587e+05,2616
2720.3,2747.5,2691.9,2720.2,7.8587e+05,2616
2511,2511,2511,2511,0,2357.6
2517,2535,2475,2483,1.0548e+06,2331.3
2470,2476,2428,2431,1.1e+06,2282.4
2427,2441,2418,2430,5.524e+05,2281.5
2433,2435,2403,2412,4.285e+05,2264.6
2720.3,2747.5,2691.9,2720.2,7.8587e+05,2616
2720.3,2747.5,2691.9,2720.2,7.8587e+05,2616
2416,2439,2416,2423,2.824e+05,2274.9
2419,2428,2368,2385,1.3204e+06,2239.3
2380,2395,2299,2334,2.0876e+06,2191.4
2347,2358,2310,2340,1.1212e+06,2197
2341,2360,2336,2352,7.647e+05,2208.3
2720.3,2747.5,2691.9,2720.2,7.8587e+05,2616
2720.3,2747.5,2691.9,2720.2,7.8587e+05,2616
2352,2356,2335,2350,4.156e+05,2206.4
2365,2454,2364,2450,8.936e+05,2300.3
2438,2438,2393,2423,6.803e+05,2274.9
2439,2463,2427,2430,4.65e+05,2281.5
2434,2440,2410,2428,4.395e+05,2279.6
2720.3,2747.5,2691.9,2720.2,7.8587e+05,2616
2720.3,2747.5,2691.9,2720.2,7.8587e+05,2616
2459,2486,2439.3,2449,3.939e+05,2299.3
2447,2464,2435,2445,4.171e+05,2295.6
2445,2451,2384,2401,5.341e+05,2254.3
2418,2430,2400,2420,5.821e+05,2272.1
2420,2433,2396,2398,6.609e+05,2251.5
2720.3,2747.5,2691.9,2720.2,7.8587e+05,2616
2720.3,2747.5,2691.9,2720.2,7.8587e+05,2616
2397,2403,2384,2392,4.724e+05,2245.8
2392,2421,2219,2258,3.0512e+06,2120
2190,2190,2088,2106,3.0436e+06,1977.3
2095,2101.1,2077,2100,6.806e+05,1971.7
2100,2115,2090,2113,8.147e+05,1983.9
2720.3,2747.5,2691.9,2720.2,7.8587e+05,2616
2720.3,2747.5,2691.9,2720.2,7.8587e+05,2616
2097,2104,2081,2094,6.303e+05,1966
2086,2100,2064,2069,5.443e+05,1942.6
2067,2072,2043,2044,7.231e+05,1919.1
2039,2054,2031,2052,8.3e+05,1926.6
2050,2068,2037,2057,5.785e+05,1931.3
2720.3,2747.5,2691.9,2720.2,7.8587e+05,2616
2720.3,2747.5,2691.9,2720.2,7.8587e+05,2616
2052,2059.6,2036,2057,3.297e+05,1931.3
2055,2059.8,2034,2047,4.735e+05,1921.9
2044,2044,2022,2030,5.993e+05,1905.9
2034,2049.5,2027,2040,4.96e+05,1915.3
2047,2064.6,2040,2058,4.607e+05,1932.2
2720.3,2747.5,2691.9,2720.2,7.8587e+05,2616
2720.3,2747.5,2691.9,2720.2,7.8587e+05,2616
2063,2072,2053,2055,4.168e+05,1929.4
2069,2070,2045,2067,5.547e+05,1940.7
2060,2068,2033,2060,5.124e+05,1934.1
2052,2068,2048,2068,3.561e+05,1941.6
2076,2100,2073,2092,6.916e+05,1964.2
2720.3,2747.5,2691.9,2720.2,7.8587e+05,2616
2720.3,2747.5,2691.9,2720.2,7.8587e+05,2616
2101,2101,2083,2095,4.533e+05,1967
2102,2143,2102,2141,6.209e+05,2010.2
2149,2164.1,2137,2162,5.388e+05,2029.9
2162,2199,2145,2195,9.456e+05,2060.9
2191,2214,2189,2207,5.804e+05,2072.1
2720.3,2747.5,2691.9,2720.2,7.8587e+05,2616
2720.3,2747.5,2691.9,2720.2,7.8587e+05,2616
2210,2224,2204.5,2218,4.149e+05,2082.5
2224,2243,2210,2233,4.161e+05,2096.5
2237,2242,2217,2224,4.019e+05,2088.1
2220,2230,2202,2224,5.892e+05,2088.1
2223,2243,2212,2232,3.321e+05,2095.6
2720.3,2747.5,2691.9,2720.2,7.8587e+05,2616
2720.3,2747.5,2691.9,2720.2,7.8587e+05,2616
2242,2258,2242,2249,3.014e+05,2111.6
2257,2260,2230,2255,3.478e+05,2117.2
2272,2296,2264,2286,3.622e+05,2146.3
2305,2316,2288,2289,5.589e+05,2149.1
2272,2315,2251,2314,6.576e+05,2172.6
2720.3,2747.5,2691.9,2720.2,7.8587e+05,2616
2720.3,2747.5,2691.9,2720.2,7.8587e+05,2616
2319,2342,2301,2301,4.634e+05,2160.4
2313,2319,2285,2288,5.311e+05,2148.2
2290,2298,2241,2268,5.596e+05,2129.4
2291,2298,2270,2286,3.172e+05,2146.3
2293,2297,2264,2272,4.69e+05,2133.2
2720.3,2747.5,2691.9,2720.2,7.8587e+05,2616
2720.3,2747.5,2691.9,2720.2,7.8587e+05,2616
2273,2288,2251,2251,6.162e+05,2113.4
2245,2256,2221,2239,5.441e+05,2102.2
2224,2239,2213,2238,6.968e+05,2115.7
2232,2244.6,2221,2231,6.04e+05,2109
2227,2250,2215.6,2228,7.03e+05,2106.2
2720.3,2747.5,2691.9,2720.2,7.8587e+05,2616
2720.3,2747.5,2691.9,2720.2,7.8587e+05,2616
2240,2279,2239,2272,6.392e+05,2147.8
2270,2275.9,2221,2239,9.396e+05,2116.6
2227,2242,2215,2230,4.933e+05,2108.1
2227,2245,2227,2236,2.909e+05,2113.8
2232,2254,2221,2233,5.807e+05,2110.9
2720.3,2747.5,2691.9,2720.2,7.8587e+05,2616
2720.3,2747.5,2691.9,2720.2,7.8587e+05,2616
2226,2232,2204,2210,4.552e+05,2089.2
2205,2214,2190,2199,4.156e+05,2078.8
2197,2209,2162,2171,5.923e+05,2052.3
2160,2164,2116,2139,8.456e+05,2022.1
2137,2161,2131,2142,6.513e+05,2024.9
2720.3,2747.5,2691.9,2720.2,7.8587e+05,2616
2720.3,2747.5,2691.9,2720.2,7.8587e+05,2616
2147,2159,2126,2149,5.647e+05,2031.5
2147,2161,2137,2148,5.826e+05,2030.6
2142,2155,2139,2144,5.316e+05,2026.8
2133,2154,2111,2146,8.3e+05,2028.7
2141,2168,2135,2164,6.618e+05,2045.7
2720.3,2747.5,2691.9,2720.2,7.8587e+05,2616
2720.3,2747.5,2691.9,2720.2,7.8587e+05,2616
2173,2193,2163,2190,1.0352e+06,2070.3
2193,2222,2176,2210,6.273e+05,2089.2
2216,2217,2189,2192,4.734e+05,2072.2
2211,2346,2160,2312,3.0382e+06,2185.6
2364,2464,2344,2389,2.7079e+06,2258.4
2720.3,2747.5,2691.9,2720.2,7.8587e+05,2616
2720.3,2747.5,2691.9,2720.2,7.8587e+05,2616
2417,2465,2417,2464,1.3765e+06,2329.3
2463,2483,2446,2455,1.73e+05,2320.8
2455,2455,2455,2455,0,2320.8
2455,2455,2455,2455,0,2320.8
2463,2502,2463,2497,5.654e+05,2360.5
2720.3,2747.5,2691.9,2720.2,7.8587e+05,2616
2720.3,2747.5,2691.9,2720.2,7.8587e+05,2616
2500,2506,2473,2473,4.834e+05,2337.8
2490,2526,2484,2501,2.497e+05,2364.3
2501,2501,2501,2501,0,2364.3
2502,2506,2451,2469,7.656e+05,2334
2474,2499,2452.3,2480,4.215e+05,2344.4
2720.3,2747.5,2691.9,2720.2,7.8587e+05,2616
2720.3,2747.5,2691.9,2720.2,7.8587e+05,2616
2477,2490,2443.9,2482,7.791e+05,2346.3
2476,2507,2468,2503,8.129e+05,2366.2
2502,2509,2464,2471,7.851e+05,2335.9
2463,2498,2463,2471,4.748e+05,2335.9
2494,2552,2490,2552,1.1112e+06,2412.5
2720.3,2747.5,2691.9,2720.2,7.8587e+05,2616
2720.3,2747.5,2691.9,2720.2,7.8587e+05,2616
2555,2606,2555,2599,7.766e+05,2456.9
2579,2598.8,2560,2585,6.1e+05,2443.7
2590,2613,2580,2600,5.581e+05,2457.9
2602,2603.6,2575,2597,6.033e+05,2455
2593,2615,2575,2581,6.533e+05,2439.9
2720.3,2747.5,2691.9,2720.2,7.8587e+05,2616
2720.3,2747.5,2691.9,2720.2,7.8587e+05,2616
2574,2593,2571,2581,4.107e+05,2439.9
2582,2611,2548,2553,9.691e+05,2413.4
2562,2598.9,2557.6,2568,6.948e+05,2427.6
2558,2563,2513,2521,7.511e+05,2383.2
2517,2531,2480,2486,5.521e+05,2350.1
2720.3,2747.5,2691.9,2720.2,7.8587e+05,2616
2720.3,2747.5,2691.9,2720.2,7.8587e+05,2616
2479,2540,2466,2478,1.4136e+06,2342.5
2488,2574.9,2483,2548,1.3238e+06,2408.7
2556,2590,2505,2523,9.927e+05,2385.1
2508,2530,2479,2520,4.672e+05,2382.2
2513,2530,2462,2501,5.322e+05,2364.3
2720.3,2747.5,2691.9,2720.2,7.8587e+05,2616
2720.3,2747.5,2691.9,2720.2,7.8587e+05,2616
2502,2552,2454,2455,8.476e+05,2320.8
2464,2496,2435,2479,5.788e+05,2343.5
2480,2528,2467,2486,7.192e+05,2350.1
2490,2543,2463,2535,6.744e+05,2396.4
2541,2581,2523,2527,7.868e+05,2388.9
2720.3,2747.5,2691.9,2720.2,7.8587e+05,2616
2720.3,2747.5,2691.9,2720.2,7.8587e+05,2616
2532,2549,2518,2537,5.296e+05,2398.3
2535,2570,2519,2549,1.0316e+06,2409.7
2549,2553,2512,2522,7.079e+05,2384.1
2519,2524.9,2487,2504,5.549e+05,2367.1
2501,2530,2496,2507,4.819e+05,2369.9
2720.3,2747.5,2691.9,2720.2,7.8587e+05,2616
2720.3,2747.5,2691.9,2720.2,7.8587e+05,2616
2505,2523,2505,2520,3.687e+05,2382.2
2522,2527,2498,2522,7.833e+05,2384.1
2461,2495,2458,2468,7.649e+05,2347
2456,2461,2432,2451,5.247e+05,2330.8
2465,2470,2420,2457,9.605e+05,2336.5
2720.3,2747.5,2691.9,2720.2,7.8587e+05,2616
2720.3,2747.5,2691.9,2720.2,7.8587e+05,2616
2452,2489,2433,2488,6.56e+05,2366
2490,2502,2472,2502,9.069e+05,2379.3
2505,2518,2492,2500,7.347e+05,2377.4
2492,2514,2476,2508,6.394e+05,2385
2506,2521,2455,2463,1.2691e+06,2342.2
2720.3,2747.5,2691.9,2720.2,7.8587e+05,2616
2720.3,2747.5,2691.9,2720.2,7.8587e+05,2616
2431,2437,2358,2382,1.5024e+06,2265.2
2404,2443,2394,2435,7.222e+05,2315.6
2431,2439,2391,2392,7.313e+05,2274.7
2397,2413,2359,2375,1.2422e+06,2258.6
2385,2400,2367,2396,1.2312e+06,2278.5
2720.3,2747.5,2691.9,2720.2,7.8587e+05,2616
2720.3,2747.5,2691.9,2720.2,7.8587e+05,2616
2395,2413,2385,2391,9.69e+05,2273.8
2393,2404,2356.8,2391,8.375e+05,2273.8
2379,2393,2362,2387,7.287e+05,2270
2390,2396,2346,2347,1.0679e+06,2231.9
2321,2371,2309,2363,9.461e+05,2247.1
2720.3,2747.5,2691.9,2720.2,7.8587e+05,2616
2720.3,2747.5,2691.9,2720.2,7.8587e+05,2616
2359,2385,2359,2381,7.357e+05,2264.3
2377,2466,2373,2433,1.0356e+06,2313.7
2434,2434,2413,2420,5.6e+05,2301.4
2403,2450,2376,2450,8.746e+05,2329.9
2453,2476,2430,2464,1.0563e+06,2343.2
2720.3,2747.5,2691.9,2720.2,7.8587e+05,2616
2720.3,2747.5,2691.9,2720.2,7.8587e+05,2616
2453,2481,2444,2456,7.242e+05,2335.6
2462,2510,2317,2343,2.8769e+06,2228.1
2358,2375,2284,2338,1.6416e+06,2223.4
2336,2338,2288,2289,8.386e+05,2176.8
2293,2314,2273,2290,8.137e+05,2177.7
2720.3,2747.5,2691.9,2720.2,7.8587e+05,2616
2720.3,2747.5,2691.9,2720.2,7.8587e+05,2616
2301,2310,2280,2284,7.408e+05,2172
2287,2324,2281,2314,7.908e+05,2200.6
2316,2326,2290,2318,8.244e+05,2204.4
2315,2356,2304,2355,9.613e+05,2239.5
2357,2399,2354,2370,8.611e+05,2253.8
2720.3,2747.5,2691.9,2720.2,7.8587e+05,2616
2720.3,2747.5,2691.9,2720.2,7.8587e+05,2616
2348,2371,2326,2350,7.213e+05,2234.8
2343,2361,2317,2336,4.253e+05,2221.5
2340,2346.8,2312,2315,3.628e+05,2201.5
2320,2340,2299,2300,6.65e+05,2187.2
2276,2287,2235,2248,7.49e+05,2137.8
2720.3,2747.5,2691.9,2720.2,7.8587e+05,2616
2720.3,2747.5,2691.9,2720.2,7.8587e+05,2616
2237,2247.4,2184,2205,1.3952e+06,2096.9
2211,2232,2188,2194,7.542e+05,2086.4
2211,2217.6,2189,2205,5.521e+05,2096.9
2204,2239,2200.9,2235,5.904e+05,2125.4
2235,2235,2235,2235,0,2125.4
2720.3,2747.5,2691.9,2720.2,7.8587e+05,2616
2720.3,2747.5,2691.9,2720.2,7.8587e+05,2616
2235,2235,2235,2235,0,2125.4
2242,2267,2234,2265,4.399e+05,2154
2261,2294,2261,2293,9.294e+05,2180.6
2291,2310.7,2272,2305,7.076e+05,2192
2304,2325.9,2284.2,2313,4.021e+05,2199.6
2720.3,2747.5,2691.9,2720.2,7.8587e+05,2616
2720.3,2747.5,2691.9,2720.2,7.8587e+05,2616
2314,2326,2285,2297,6.679e+05,2184.4
2313,2375,2312,2370,7.176e+05,2253.8
2353,2374,2341,2366,6.865e+05,2250
2363,2376,2345,2357,3.816e+05,2241.4
2357,2383,2340,2377,6.906e+05,2260.5
2720.3,2747.5,2691.9,2720.2,7.8587e+05,2616
2720.3,2747.5,2691.9,2720.2,7.8587e+05,2616
2377,2377,2377,2377,0,2260.5
2379,2421,2375,2399,1.2397e+06,2281.4
2386,2406,2384.3,2399,6.596e+05,2281.4
2394,2413,2394,2403,4.257e+05,2285.2
2400,2419,2388,2399,3.585e+05,2281.4
2720.3,2747.5,2691.9,2720.2,7.8587e+05,2616
2720.3,2747.5,2691.9,2720.2,7.8587e+05,2616
2394,2432,2378,2429,4.636e+05,2309.9
2441,2449,2414.5,2419,3.191e+05,2300.4
2420,2433,2389,2390,4.349e+05,2272.8
2395,2410,2334.8,2341,7.142e+05,2226.2
2346,2351,2292,2295,1.1158e+06,2182.5
2720.3,2747.5,2691.9,2720.2,7.8587e+05,2616
2720.3,2747.5,2691.9,2720.2,7.8587e+05,2616
2305,2325,2281,2302,8.903e+05,2189.1
2340,2420,2340,2380,8.354e+05,2263.3
2372,2404,2348,2378,8.128e+05,2275.7
2380,2408,2373,2402,3.371e+05,2298.6
2402,2407,2383,2399,5.928e+05,2295.8
2720.3,2747.5,2691.9,2720.2,7.8587e+05,2616
2720.3,2747.5,2691.9,2720.2,7.8587e+05,2616
2399,2399,2399,2399,0,2295.8
2418,2437,2410,2417,3.3e+05,2313
2422,2422,2389,2393,3.691e+05,2290
2396,2407,2385,2399,3.505e+05,2295.8
2396,2430,2388,2425,5.446e+05,2320.7
2720.3,2747.5,2691.9,2720.2,7.8587e+05,2616
2720.3,2747.5,2691.9,2720.2,7.8587e+05,2616
2434,2446,2418,2420,3.818e+05,2315.9
2417,2432,2404,2428,8.257e+05,2323.5
2415,2430,2409,2430,4.372e+05,2325.4
2430,2431,2397,2430,6.45e+05,2325.4
2441,2466,2436,2462,9.963e+05,2356.1
2720.3,2747.5,2691.9,2720.2,7.8587e+05,2616
2720.3,2747.5,2691.9,2720.2,7.8587e+05,2616
2470,2486,2455,2479,9.062e+05,2372.3
2474,2483,2435,2465,6.627e+05,2358.9
2465,2470,2440,2453,5.248e+05,2347.5
2449,2464,2404,2414,5.731e+05,2310.1
2415,2415,2340,2354,1.1273e+06,2252.7
2720.3,2747.5,2691.9,2720.2,7.8587e+05,2616
2720.3,2747.5,2691.9,2720.2,7.8587e+05,2616
2348,2357,2306,2307,1.098e+06,2207.7
2307,2325,2276.1,2292,1.2828e+06,2193.4
2304,2313,2273,2273,1.1744e+06,2175.2
2292,2293,2269,2269,1.2294e+06,2171.4
2270,2317.6,2270,2299,1.3905e+06,2200.1
2720.3,2747.5,2691.9,2720.2,7.8587e+05,2616
2720.3,2747.5,2691.9,2720.2,7.8587e+05,2616
2300,2323,2258,2313,1.0412e+06,2213.5
2321,2363,2246,2276,1.8599e+06,2178.1
2256,2260,2208,2227,1.3115e+06,2131.2
2237,2240,2209,2212,1.2092e+06,2116.8
2226,2230,2199,2224,8.255e+05,2128.3
2720.3,2747.5,2691.9,2720.2,7.8587e+05,2616
2720.3,2747.5,2691.9,2720.2,7.8587e+05,2616
2225,2245,2196,2208,6.423e+05,2113
2213,2224,2188,2200,5.896e+05,2105.3
2205,2217,2194.8,2202,7.549e+05,2107.3
2204,2222,2185,2218,7.667e+05,2122.6
2214,2240,2214,2228,3.371e+05,2132.1
2720.3,2747.5,2691.9,2720.2,7.8587e+05,2616
2720.3,2747.5,2691.9,2720.2,7.8587e+05,2616
2235,2236,2210,2213,7.762e+05,2117.8
2210,2216,2180,2181,9.125e+05,2087.2
2189,2192,2148,2154,9.189e+05,2061.3
2151,2158.8,2102,2117,1.2794e+06,2025.9
2122,2133,2102,2119,7.482e+05,2027.8
2720.3,2747.5,2691.9,2720.2,7.8587e+05,2616
2720.3,2747.5,2691.9,2720.2,7.8587e+05,2616
2122,2146,2122,2136,6.915e+05,2044.1
2132,2141,2125.9,2136,1.525e+06,2044.1
2141,2153,2133,2145,1.1695e+06,2052.7
2146,2146,2112,2120,4.247e+05,2028.8
2109,2139,2093,2139,4.142e+05,2047
2720.3,2747.5,2691.9,2720.2,7.8587e+05,2616
2720.3,2747.5,2691.9,2720.2,7.8587e+05,2616
2139,2140,2098,2098,3.97e+05,2007.7
2115,2137,2114,2132,7.231e+05,2040.3
2129,2142,2120,2133,4.365e+05,2041.2
2132,2192,2114,2183,1.3714e+06,2089.1
2183,2183.6,2140,2149,7.796e+05,2056.5
2720.3,2747.5,2691.9,2720.2,7.8587e+05,2616
2720.3,2747.5,2691.9,2720.2,7.8587e+05,2616
2151,2155.7,2108,2128,7.944e+05,2036.4
2123,2143.3,2121,2127,4.227e+05,2035.5
2131,2161.7,2127,2155,8.631e+05,2062.3
2156,2158,2134,2147,7.203e+05,2054.6
2150,2155,2106,2146,7.467e+05,2053.7
2720.3,2747.5,2691.9,2720.2,7.8587e+05,2616
2720.3,2747.5,2691.9,2720.2,7.8587e+05,2616
2150,2151,2110,2115,8.712e+05,2024
2122,2127,2089,2090,9.651e+05,2000.1
2085,2142,2085,2135,9.291e+05,2043.1
2156,2222,2152,2177,1.145e+06,2083.3
2150,2173,2130,2150,9.136e+05,2057.5
2720.3,2747.5,2691.9,2720.2,7.8587e+05,2616
2720.3,2747.5,2691.9,2720.2,7.8587e+05,2616
2161,2200,2155.1,2191,8.427e+05,2096.7
2196,2222,2185,2211,7.116e+05,2115.9
2220,2235,2212,2222,4.491e+05,2126.4
2231,2247,2214.3,2234,4.832e+05,2137.9
2240,2262,2236,2239,5.754e+05,2142.7
2720.3,2747.5,2691.9,2720.2,7.8587e+05,2616
2720.3,2747.5,2691.9,2720.2,7.8587e+05,2616
2252,2279,2252,2279,5.251e+05,2180.9
2297,2316,2276,2296,7.641e+05,2197.2
2277,2285,2260,2275,4.457e+05,2191.5
2284,2314,2272,2292,5.014e+05,2207.9
2293,2306,2276,2291,4.638e+05,2207
2720.3,2747.5,2691.9,2720.2,7.8587e+05,2616
2720.3,2747.5,2691.9,2720.2,7.8587e+05,2616
2291,2291,2291,2291,0,2207
2307,2311,2285,2300,4.529e+05,2215.6
2296,2306.6,2280.1,2283,5.618e+05,2199.2
2278,2284,2235,2235,8.22e+05,2153
2244,2246,2225,2246,6.631e+05,2163.6
2720.3,2747.5,2691.9,2720.2,7.8587e+05,2616
2720.3,2747.5,2691.9,2720.2,7.8587e+05,2616
2246,2269,2246,2260,2.628e+05,2177.1
2265,2278,2253,2266,1.0648e+06,2182.9
2270,2301,2270,2290,6.837e+05,2206
2282,2359,2282,2358,8.539e+05,2271.5
2346,2379,2345,2374,8.076e+05,2286.9
2720.3,2747.5,2691.9,2720.2,7.8587e+05,2616
2720.3,2747.5,2691.9,2720.2,7.8587e+05,2616
2363,2392,2360,2388,7.746e+05,2300.4
2393,2408,2378,2393,6.505e+05,2305.2
2380,2380,2346,2376,5.794e+05,2288.8
2384,2391,2348,2375,5.741e+05,2287.9
2375,2402,2373,2383,4.914e+05,2295.6
2720.3,2747.5,2691.9,2720.2,7.8587e+05,2616
2720.3,2747.5,2691.9,2720.2,7.8587e+05,2616
2377,2386,2360,2382,1.5781e+06,2294.6
2375,2390.3,2365,2388,6.57e+05,2300.4
2390,2405,2371,2400,3.855e+05,2312
2401,2425,2381,2425,6.801e+05,2336
2437,2487,2435,2470,1.1983e+06,2379.4
2720.3,2747.5,2691.9,2720.2,7.8587e+05,2616
2720.3,2747.5,2691.9,2720.2,7.8587e+05,2616
2458,2460,2432,2437,8.199e+05,2347.6
2437,2556,2392,2443,2.4347e+06,2353.4
2470,2479,2418,2451,1.2402e+06,2361.1
2459,2503,2455,2475,7.169e+05,2384.2
2465,2479,2439,2474,7.041e+05,2383.2
2720.3,2747.5,2691.9,2720.2,7.8587e+05,2616
2720.3,2747.5,2691.9,2720.2,7.8587e+05,2616
2479,2502,2464,2477,7.073e+05,2386.1
2480,2480,2453,2464,6.86e+05,2373.6
2464,2493,2415,2415,8.48e+05,2326.4
2415,2425,2341,2343,1.096e+06,2257
2353,2445,2353,2444,9.308e+05,2354.3
2720.3,2747.5,2691.9,2720.2,7.8587e+05,2616
2720.3,2747.5,2691.9,2720.2,7.8587e+05,2616
2439,2498,2424,2495,1.2161e+06,2403.5
2477,2478,2327,2328,1.6355e+06,2242.6
2308,2324,2267,2299,1.5331e+06,2214.7
2316,2325,2259,2268,9.326e+05,2184.8
2210,2220,2185,2207,1.2727e+06,2126
2720.3,2747.5,2691.9,2720.2,7.8587e+05,2616
2720.3,2747.5,2691.9,2720.2,7.8587e+05,2616
2181,2233,2143,2155,1.6507e+06,2075.9
2132,2221,2117,2213,1.4296e+06,2131.8
2219,2275,2137,2199,2.952e+06,2118.3
2213,2218,2117,2194,1.8154e+06,2113.5
2198,2230,2093,2214,3e+06,2132.8
2720.3,2747.5,2691.9,2720.2,7.8587e+05,2616
2720.3,2747.5,2691.9,2720.2,7.8587e+05,2616
2212,2256,2170,2246,1.2364e+06,2163.6
2231,2350,2230,2347,1.4859e+06,2260.9
2365,2370,2324,2369,9.788e+05,2282.1
2351,2374,2330,2352,9.161e+05,2265.7
2345,2354,2316,2349,7.758e+05,2262.8
2720.3,2747.5,2691.9,2720.2,7.8587e+05,2616
2720.3,2747.5,2691.9,2720.2,7.8587e+05,2616
2382,2405,2353,2363,5.548e+05,2276.3
2383,2395,2366,2381,6.68e+05,2293.7
2389,2438,2384,2423,6.568e+05,2334.1
2435,2470,2387,2467,7.99e+05,2376.5
2496,2515,2477,2488,9.065e+05,2396.7
2720.3,2747.5,2691.9,2720.2,7.8587e+05,2616
2720.3,2747.5,2691.9,2720.2,7.8587e+05,2616
2488,2516,2485,2516,7.28e+05,2423.7
2512,2522,2481,2485,7.134e+05,2393.8
2498,2523,2489,2506,5.066e+05,2414.1
2504,2535,2486,2531,6.171e+05,2438.2
2541,2551,2479,2498,1.0175e+06,2406.4
2720.3,2747.5,2691.9,2720.2,7.8587e+05,2616
2720.3,2747.5,2691.9,2720.2,7.8587e+05,2616
2508,2524,2495.1,2520,6.442e+05,2427.6
2523,2564,2517,2556,7.146e+05,2462.2
2543,2559,2527,2536,5.41e+05,2443
2549,2614,2543,2606,1.5172e+06,2510.4
2610,2617,2579,2600,9.499e+05,2504.6
2720.3,2747.5,2691.9,2720.2,7.8587e+05,2616
2720.3,2747.5,2691.9,2720.2,7.8587e+05,2616
2594,2647,2594,2632,5.734e+05,2535.4
2640,2673,2633,2664,8.65e+05,2566.3
2681,2688,2641,2650,5.168e+05,2552.8
2628,2653,2608.9,2638,5.099e+05,2556.6
2653,2659,2617,2617,1.2067e+06,2536.2
2720.3,2747.5,2691.9,2720.2,7.8587e+05,2616
2720.3,2747.5,2691.9,2720.2,7.8587e+05,2616
2631,2670,2624,2664,6.797e+05,2581.8
2664,2694,2654,2667,5.769e+05,2584.7
2679,2690,2639,2639,3.589e+05,2557.5
2650,2708,2635,2697,8.173e+05,2613.8
2708,2825,2706,2820,1.6998e+06,2733
2720.3,2747.5,2691.9,2720.2,7.8587e+05,2616
2720.3,2747.5,2691.9,2720.2,7.8587e+05,2616
2816,2843,2674,2692,1.328e+06,2608.9
2709,2773.3,2696,2729,7.392e+05,2644.8
2720,2739,2697,2718,9.945e+05,2634.1
2729,2770,2718,2730,5.825e+05,2645.7
2768,2829,2761,2805,1.2578e+06,2718.4
2720.3,2747.5,2691.9,2720.2,7.8587e+05,2616
2720.3,2747.5,2691.9,2720.2,7.8587e+05,2616
2801,2849,2779.3,2803,7.51e+05,2716.5
2793,2793,2707,2719,9.194e+05,2635.1
2761,2830,2733,2744,9e+05,2659.3
2742,2797,2730,2789,6.904e+05,2702.9
2762,2784,2715,2719,9.941e+05,2635.1
2720.3,2747.5,2691.9,2720.2,7.8587e+05,2616
2720.3,2747.5,2691.9,2720.2,7.8587e+05,2616
2731,2770,2717,2717,7.738e+05,2633.1
2729,2780,2696,2770,1.3809e+06,2684.5
2758,2815,2719,2801,1.1825e+06,2714.5
2838,2842.6,2792,2813,1.188e+06,2726.2
2829,2866,2745,2810,1.7424e+06,2723.3
2720.3,2747.5,2691.9,2720.2,7.8587e+05,2616
2720.3,2747.5,2691.9,2720.2,7.8587e+05,2616
2814,2832,2802,2823,1.1871e+06,2735.9
2831,2853,2813,2843,1.2449e+06,2755.3
2873,2885,2846.9,2859,3.797e+05,2770.8
2859,2859,2859,2859,0,2770.8
2859,2859,2859,2859,0,2770.8
2720.3,2747.5,2691.9,2720.2,7.8587e+05,2616
2720.3,2747.5,2691.9,2720.2,7.8587e+05,2616
2876,2930,2871,2930,9.917e+05,2839.6
2927,2950,2903,2912,5.18e+05,2822.1
2904,2934,2899,2919,87500,2828.9
2919,2919,2919,2919,0,2828.9
2934,2959,2909,2930,4.721e+05,2839.6
2720.3,2747.5,2691.9,2720.2,7.8587e+05,2616
2720.3,2747.5,2691.9,2720.2,7.8587e+05,2616
2925,3039,2915,2980,1.7986e+06,2888
2979,2996,2912,2964,1.1109e+06,2872.5
2984,3016,2970,3003,1.4932e+06,2910.3
3020,3057,2985,3048,1.2808e+06,2953.9
3044,3060,2998,3016,7.27e+05,2922.9
2720.3,2747.5,2691.9,2720.2,7.8587e+05,2616
2720.3,2747.5,2691.9,2720.2,7.8587e+05,2616
3046,3102,3044,3063,1.0835e+06,2968.5
3049,3094,3040,3053,7.386e+05,2958.8
3023,3069,2987,3001,8.434e+05,2908.4
3007,3022,2937,3007,9.92e+05,2914.2
2985,3016,2957,2990,1.2165e+06,2897.7
2720.3,2747.5,2691.9,2720.2,7.8587e+05,2616
2720.3,2747.5,2691.9,2720.2,7.8587e+05,2616
2989,3027,2984,3020,3.593e+05,2926.8
3028,3042,3004,3016,9.21e+05,2922.9
3012,3055,3005,3055,9.682e+05,2960.7
3059,3093,3024,3088,1.8332e+06,2992.7
3102,3153,3096,3126,6.66e+05,3029.5
2720.3,2747.5,2691.9,2720.2,7.8587e+05,2616
2720.3,2747.5,2691.9,2720.2,7.8587e+05,2616
3113,3152,3097,3110,5.019e+05,3014
3105,3126,3049,3070,7.955e+05,2975.2
3090,3114,3045,3068,7.19e+05,2973.3
3035,3085,2942,3000,1.8076e+06,2907.4
3006,3034,2990,2997,8.741e+05,2904.5
2720.3,2747.5,2691.9,2720.2,7.8587e+05,2616
2720.3,2747.5,2691.9,2720.2,7.8587e+05,2616
2998,3008,2885,2921,1.1588e+06,2830.8
2919,2941,2893,2934,9.026e+05,2843.4
2921,2930,2844,2921,9.961e+05,2830.8
2909,2955,2890,2908,5.976e+05,2818.2
2891,2907,2870,2905,4.248e+05,2815.3
2720.3,2747.5,2691.9,2720.2,7.8587e+05,2616
2720.3,2747.5,2691.9,2720.2,7.8587e+05,2616
2886,2899,2858,2882,6.249e+05,2793
2872,2921,2869,2911,1.3306e+06,2821.2
2923,2934,2906,2920,1.0251e+06,2829.9
2924,2964,2878,2963,8.32e+05,2871.5
2939,2942,2893,2900,1.0867e+06,2810.5
2720.3,2747.5,2691.9,2720.2,7.8587e+05,2616
2720.3,2747.5,2691.9,2720.2,7.8587e+05,2616
2889,2897,2852,2872,3.854e+05,2783.4
2878,2900,2837,2899,7.145e+05,2809.5
2898,2953,2898,2947,9.04e+05,2856
2930,2986,2925,2942,8.539e+05,2867
2929,2929,2867,2875,8.731e+05,2801.7
2720.3,2747.5,2691.9,2720.2,7.8587e+05,2616
2720.3,2747.5,2691.9,2720.2,7.8587e+05,2616
2895,2926,2869,2898,9.923e+05,2824.1
2912,2934,2884,2896,6.851e+05,2822.2
2901,2926,2893.6,2910,7.455e+05,2835.8
2904,2918,2883,2917,8.997e+05,2842.6
2911,2929,2895,2922,5.079e+05,2847.5
2720.3,2747.5,2691.9,2720.2,7.8587e+05,2616
2720.3,2747.5,2691.9,2720.2,7.8587e+05,2616
2928,2986,2915,2976,9.571e+05,2900.1
2990,3036,2950,2950,1.2923e+06,2874.8
2960,2989,2936,2984,8.128e+05,2907.9
3001,3056,2985,3038,9.205e+05,2960.5
3038,3072,3027,3032,6.998e+05,2954.7
2720.3,2747.5,2691.9,2720.2,7.8587e+05,2616
2720.3,2747.5,2691.9,2720.2,7.8587e+05,2616
3025,3038,3007,3035,5.079e+05,2957.6
3026,3076,3008,3012,9.967e+05,2935.2
3009,3044,2998,3030,8.649e+05,2952.7
3033,3103,3033,3097,1.2437e+06,3018
3109,3146,3101,3131,7.709e+05,3051.2
2720.3,2747.5,2691.9,2720.2,7.8587e+05,2616
2720.3,2747.5,2691.9,2720.2,7.8587e+05,2616
3139,3200,3136,3194,1.13e+06,3112.6
3190,3198,3152,3160,7.319e+05,3079.4
3147,3196,3147,3195,6.729e+05,3113.5
3174,3229,3154,3200,1.1271e+06,3118.4
3222,3236,3189,3201,1.1025e+06,3119.4
2720.3,2747.5,2691.9,2720.2,7.8587e+05,2616
2720.3,2747.5,2691.9,2720.2,7.8587e+05,2616
3189,3189,3103,3151,9.953e+05,3070.7
3126,3160,3109,3110,9.545e+05,3030.7
3106,3123,3042,3045,7.172e+05,2967.4
3015,3027,2959,3024,9.9e+05,2946.9
3017,3248,2977,3241,2.0436e+06,3158.4
2720.3,2747.5,2691.9,2720.2,7.8587e+05,2616
2720.3,2747.5,2691.9,2720.2,7.8587e+05,2616
3275,3336,3235,3274,1.2858e+06,3190.5
3277,3353,3272,3296,1.1461e+06,3212
3287,3343,3258,3258,1.0332e+06,3174.9
3261,3316,3240,3310,7.466e+05,3225.6
3310,3310,3310,3310,0,3225.6
2720.3,2747.5,2691.9,2720.2,7.8587e+05,2616
2720.3,2747.5,2691.9,2720.2,7.8587e+05,2616
3310,3310,3310,3310,0,3225.6
3241,3362,3237,3357,8.72e+05,3271.4
3333,3370,3320,3324,6.59e+05,3239.2
3345,3376,3329,3339,6.133e+05,3253.9
3324,3381,3324,3370,6.418e+05,3284.1
2720.3,2747.5,2691.9,2720.2,7.8587e+05,2616
2720.3,2747.5,2691.9,2720.2,7.8587e+05,2616
3358,3375,3332,3354,4.198e+05,3268.5
3343,3358,3281,3296,4.755e+05,3212
3296,3306,3259,3259,6.373e+05,3175.9
3267,3270,3189,3232,6.014e+05,3149.6
3228,3246,3176,3217,7.137e+05,3135
2720.3,2747.5,2691.9,2720.2,7.8587e+05,2616
2720.3,2747.5,2691.9,2720.2,7.8587e+05,2616
3226,3259,3140,3189,1.4481e+06,3107.7
3194,3234,3174,3188,1.0939e+06,3106.7
3198,3215,3148,3174,6.18e+05,3093.1
3187,3189,3144,3150,7.695e+05,3069.7
3146,3166,3123,3148,9.697e+05,3067.7
2720.3,2747.5,2691.9,2720.2,7.8587e+05,2616
2720.3,2747.5,2691.9,2720.2,7.8587e+05,2616
3159,3189,3134,3158,5.742e+05,3077.5
3144,3144,3026,3056,8.145e+05,2978.1
3054,3084,2961,2964,1.045e+06,2888.4
2967,3005.1,2940,2989,1.065e+06,2912.8
2974,3016,2933.9,3008,5.22e+05,2931.3
2720.3,2747.5,2691.9,2720.2,7.8587e+05,2616
2720.3,2747.5,2691.9,2720.2,7.8587e+05,2616
3008,3008,3008,3008,0,2931.3
3036,3036,2941,2941,9.366e+05,2866
2923,2957,2899,2903,1.1621e+06,2829
2913,3015,2890,3011,1.373e+06,2934.2
3069,3110,3017,3093,1.4192e+06,3014.1
2720.3,2747.5,2691.9,2720.2,7.8587e+05,2616
2720.3,2747.5,2691.9,2720.2,7.8587e+05,2616
3087,3125,3081,3092,1.096e+06,3013.2
3080,3083,3013,3021,7.029e+05,2944
3037,3076.4,3019,3034,6.439e+05,2956.6
3014,3079,2981,3077,8.038e+05,2998.5
3093,3164,3084,3147,1.386e+06,3066.8
2720.3,2747.5,2691.9,2720.2,7.8587e+05,2616
2720.3,2747.5,2691.9,2720.2,7.8587e+05,2616
3147,3182,3131,3171,5.438e+05,3090.1
3172,3216,3169,3214,1.0046e+06,3132.1
3215,3235,3192,3201,8.156e+05,3119.4
3185,3191.7,3128,3141,7.998e+05,3076.7
3150,3163,3128,3142,9.593e+05,3077.7
2720.3,2747.5,2691.9,2720.2,7.8587e+05,2616
2720.3,2747.5,2691.9,2720.2,7.8587e+05,2616
3142,3142,3142,3142,0,3077.7
3162,3189,3147,3181,9.12e+05,3115.9
3171,3231,3171,3224,6.974e+05,3158
3221,3250,3198,3210,5.101e+05,3144.3
3216,3226,3160,3167,6.775e+05,3102.2
2720.3,2747.5,2691.9,2720.2,7.8587e+05,2616
2720.3,2747.5,2691.9,2720.2,7.8587e+05,2616
3173,3201,3154,3166,5.483e+05,3101.2
3191,3200,3147.9,3190,7.181e+05,3124.7
3203,3246,3190,3228,9.823e+05,3161.9
3230,3244,3186,3203,6.891e+05,3137.4
3208,3230,3186,3203,8.187e+05,3137.4
2720.3,2747.5,2691.9,2720.2,7.8587e+05,2616
2720.3,2747.5,2691.9,2720.2,7.8587e+05,2616
3194,3214,3180,3186,7.138e+05,3120.8
3183,3199,3161,3164,5.696e+05,3099.2
3163,3186,3142,3169,8.576e+05,3104.1
3150,3178,3129,3171,5.785e+05,3106.1
3173,3180,3133,3146,5.828e+05,3081.6
2720.3,2747.5,2691.9,2720.2,7.8587e+05,2616
2720.3,2747.5,2691.9,2720.2,7.8587e+05,2616
3130,3132,3098.6,3108,4.943e+05,3044.4
3104,3120,3074,3108,4.075e+05,3044.4
3121,3123,3063,3082,7.097e+05,3018.9
3071,3132,3045,3124,7.907e+05,3060.1
3123,3176,3119.4,3168,9.074e+05,3103.2
2720.3,2747.5,2691.9,2720.2,7.8587e+05,2616
2720.3,2747.5,2691.9,2720.2,7.8587e+05,2616
3252,3335,3239,3288,2.2274e+06,3220.7
3313,3367,3246,3258,1.3744e+06,3191.3
3260,3364,3260,3344,1.7021e+06,3275.6
3315,3366,3310,3343,1.2341e+06,3274.6
3316,3371,3315,3352,1.0143e+06,3283.4
2720.3,2747.5,2691.9,2720.2,7.8587e+05,2616
2720.3,2747.5,2691.9,2720.2,7.8587e+05,2616
3304,3326,3266,3294,1.0494e+06,3226.6
3274,3284,3235,3249,8.535e+05,3182.5
3266,3329,3266,3313,7.909e+05,3245.2
3303,3327,3303,3316,5.31e+05,3248.1
3314,3325,3295,3310,3.162e+05,3242.3
2720.3,2747.5,2691.9,2720.2,7.8587e+05,2616
2720.3,2747.5,2691.9,2720.2,7.8587e+05,2616
3283,3325,3276,3312,5.327e+05,3244.2
3306,3324,3272.9,3290,9.498e+05,3222.7
3288,3351,3287,3336,7.49e+05,3267.7
3322,3375,3316,3360,1.7211e+06,3291.2
3399,3399,3369,3389,5.978e+05,3319.6
2720.3,2747.5,2691.9,2720.2,7.8587e+05,2616
2720.3,2747.5,2691.9,2720.2,7.8587e+05,2616
3409,3479,3408,3473,7.48e+05,3401.9
3491,3511,3460,3486,8.354e+05,3414.7
3480,3504,3464,3470,7.22e+05,3399
3475,3504,3453,3478,8.146e+05,3406.8
3478,3507.5,3478,3485,7.38e+05,3413.7
2720.3,2747.5,2691.9,2720.2,7.8587e+05,2616
2720.3,2747.5,2691.9,2720.2,7.8587e+05,2616
3483,3514,3480,3484,6.792e+05,3412.7
3497,3522,3464.9,3476,5.755e+05,3404.9
3450,3494,3450,3473,4.53e+05,3401.9
3507,3512,3465,3493,5.737e+05,3421.5
3472,3487,3401,3405,6.376e+05,3335.3
2720.3,2747.5,2691.9,2720.2,7.8587e+05,2616
2720.3,2747.5,2691.9,2720.2,7.8587e+05,2616
3388,3412,3341,3350,6.28e+05,3281.4
3375,3377,3345,3361,5.328e+05,3292.2
3381,3436,3380,3433,5.154e+05,3362.7
3430,3455,3359,3376,6.59e+05,3306.9
3388,3569,3379,3552,1.2668e+06,3479.3
2720.3,2747.5,2691.9,2720.2,7.8587e+05,2616
2720.3,2747.5,2691.9,2720.2,7.8587e+05,2616
3542,3546,3486,3492,6.059e+05,3420.5
3490,3519,3464,3489,4.059e+05,3417.6
3473,3523,3463,3521,3.331e+05,3448.9
3521,3556,3499.8,3500,4.467e+05,3428.4
3495,3528,3479.6,3485,5.83e+05,3413.7
2720.3,2747.5,2691.9,2720.2,7.8587e+05,2616
2720.3,2747.5,2691.9,2720.2,7.8587e+05,2616
3516,3576,3488,3524,7.526e+05,3451.9
3512,3526.2,3448,3480,7.991e+05,3408.8
3456,3470,3402,3426,7.772e+05,3355.9
3462,3489,3433,3484,6.468e+05,3412.7
3500,3502.1,3459,3470,4.883e+05,3399
2720.3,2747.5,2691.9,2720.2,7.8587e+05,2616
2720.3,2747.5,2691.9,2720.2,7.8587e+05,2616
3500,3519,3472.5,3509,4.235e+05,3437.2
3520,3527,3484,3497,3.645e+05,3425.4
3473,3483,3447,3450,3.196e+05,3379.4
3419,3434.2,3353,3358,7.403e+05,3308
3315,3328,3209,3209,7.823e+05,3161.2
2720.3,2747.5,2691.9,2720.2,7.8587e+05,2616
2720.3,2747.5,2691.9,2720.2,7.8587e+05,2616
3121,3194.9,2974,3092,1.4283e+06,3046
3135,3224,3102,3198,9.376e+05,3150.4
3181,3279,3158,3189,1.3074e+06,3141.5
3273,3332,3248,3318,9.631e+05,3268.6
3316,3320,3271,3320,6.678e+05,3270.6
2720.3,2747.5,2691.9,2720.2,7.8587e+05,2616
2720.3,2747.5,2691.9,2720.2,7.8587e+05,2616
3320,3320,3320,3320,0,3270.6
3268,3333,3233,3246,8.625e+05,3197.7
3252,3308,3252,3292,5.489e+05,3243
3334,3395,3334,3383,5.92e+05,3332.6
3344,3359,3315,3327,7.263e+05,3277.5
2720.3,2747.5,2691.9,2720.2,7.8587e+05,2616
2720.3,2747.5,2691.9,2720.2,7.8587e+05,2616
3366,3382,3317,3326,2.229e+05,3276.5
3333,3383,3329,3342,6.272e+05,3292.2
3413,3422,3384,3407,6.297e+05,3356.3
3391,3422,3361,3374,5.566e+05,3323.8
3387,3417,3366,3385,4.853e+05,3334.6
2720.3,2747.5,2691.9,2720.2,7.8587e+05,2616
2720.3,2747.5,2691.9,2720.2,7.8587e+05,2616
3405,3451,3380,3420,6.596e+05,3369.1
3425,3432,3393,3415,6.382e+05,3364.2
3449,3504,3436,3492,7.514e+05,3440
3501,3508,3473,3494,5.614e+05,3442
3479,3504,3422,3460,7.94e+05,3408.5
2720.3,2747.5,2691.9,2720.2,7.8587e+05,2616
2720.3,2747.5,2691.9,2720.2,7.8587e+05,2616
3475,3513,3458,3506,5.896e+05,3453.8
3523,3528,3328,3333,1.3068e+06,3283.4
3297,3485,3276,3467,8.515e+05,3415.4
3478,3500,3397,3404,7.53e+05,3353.3
3456,3503,3456,3481,5.221e+05,3429.2
2720.3,2747.5,2691.9,2720.2,7.8587e+05,2616
2720.3,2747.5,2691.9,2720.2,7.8587e+05,2616
3451,3457,3369,3371,8.1e+05,3320.8
3327,3378,3301.2,3312,5.856e+05,3262.7
3388,3440,3328.9,3423,8.164e+05,3372
3461,3484,3401,3414,7.431e+05,3363.2
3424,3497,3324,3367,8.179e+05,3316.9
2720.3,2747.5,2691.9,2720.2,7.8587e+05,2616
2720.3,2747.5,2691.9,2720.2,7.8587e+05,2616
3431,3470,3412,3440,6.111e+05,3388.8
3460,3491,3441,3443,4.514e+05,3391.7
3387,3394,3278,3285,1.4023e+06,3236.1
3291,3345,3291,3335,5.588e+05,3285.4
3345,3354,3263,3306,9.299e+05,3256.8
2720.3,2747.5,2691.9,2720.2,7.8587e+05,2616
2720.3,2747.5,2691.9,2720.2,7.8587e+05,2616
3304,3341,3266,3334,6.057e+05,3284.4
3365,3402,3326,3390,6.139e+05,3339.5
3375,3375.7,3297,3301,6.134e+05,3251.9
3306,3357,3259,3357,7.457e+05,3307
3376,3414,3351,3395,6.705e+05,3344.5
2720.3,2747.5,2691.9,2720.2,7.8587e+05,2616
2720.3,2747.5,2691.9,2720.2,7.8587e+05,2616
3395,3449,3371,3449,5.309e+05,3397.7
3464,3476,3429,3469,3.751e+05,3417.4
3468,3482,3432,3442,3.533e+05,3390.8
3450,3468,3395,3462,5.374e+05,3410.5
3480,3597,3480,3585,7.882e+05,3531.6
2720.3,2747.5,2691.9,2720.2,7.8587e+05,2616
2720.3,2747.5,2691.9,2720.2,7.8587e+05,2616
3592,3601,3558,3567,3.191e+05,3513.9
3567,3600.3,3536,3579,3.086e+05,3525.7
3598,3634,3587,3600,5.616e+05,3546.4
3600,3638,3581,3606,7.009e+05,3552.3
3632,3635,3584,3617,5.579e+05,3563.2
2720.3,2747.5,2691.9,2720.2,7.8587e+05,2616
2720.3,2747.5,2691.9,2720.2,7.8587e+05,2616
3594,3636,3583,3595,4.909e+05,3541.5
3594,3624,3488,3503,6.414e+05,3450.9
3533,3535,3487,3496,7.532e+05,3444
3519,3551,3485,3536,9.396e+05,3483.4
3549,3610,3520,3583,5.582e+05,3529.7
2720.3,2747.5,2691.9,2720.2,7.8587e+05,2616
2720.3,2747.5,2691.9,2720.2,7.8587e+05,2616
3597,3621,3518,3529,4.91e+05,3476.5
3553,3569,3516,3554,4.199e+05,3501.1
3576,3620,3567,3587,5.764e+05,3533.6
3583,3583,3510,3524,4.462e+05,3471.5
3510,3524,3459,3471,3.562e+05,3419.3
2720.3,2747.5,2691.9,2720.2,7.8587e+05,2616
2720.3,2747.5,2691.9,2720.2,7.8587e+05,2616
3400,3427,3349,3383,8.091e+05,3332.6
3425,3469,3425,3448,6.102e+05,3396.7
3449,3449,3381,3400,5.578e+05,3349.4
3404,3446,3370,3442,4.945e+05,3410.7
3462,3493,3421,3479,6.39e+05,3447.4
2720.3,2747.5,2691.9,2720.2,7.8587e+05,2616
2720.3,2747.5,2691.9,2720.2,7.8587e+05,2616
3453,3487,3437,3479,4.389e+05,3447.4
3461,3464,3369,3393,1.013e+06,3362.2
3417,3482,3413,3448,5.506e+05,3416.7
3466,3501,3455,3488,2.585e+05,3456.3
3466,3497,3443,3463,3.443e+05,3431.5
2720.3,2747.5,2691.9,2720.2,7.8587e+05,2616
2720.3,2747.5,2691.9,2720.2,7.8587e+05,2616
3463,3527,3452,3465,6.028e+05,3433.5
3472,3528,3459,3499,6.002e+05,3467.2
3521,3557,3520,3552,4.2e+05,3519.7
3554,3610,3493,3495,6.828e+05,3463.2
3435,3471,3397,3449,6.347e+05,3417.7
2720.3,2747.5,2691.9,2720.2,7.8587e+05,2616
2720.3,2747.5,2691.9,2720.2,7.8587e+05,2616
3473,3526,3459,3496,3.206e+05,3464.2
3485,3486.5,3418,3440,6.31e+05,3408.7
3441,3469,3432,3451,8.429e+05,3419.6
3436,3490,3425,3477,5.252e+05,3445.4
3476,3492,3414,3447,6.078e+05,3415.7
2720.3,2747.5,2691.9,2720.2,7.8587e+05,2616
2720.3,2747.5,2691.9,2720.2,7.8587e+05,2616
3453,3495,3435,3435,6.791e+05,3403.8
3467,3553,3458,3544,5.86e+05,3511.8
3545,3578,3539,3545,5.027e+05,3512.8
3600,3601,3549,3554,5.754e+05,3521.7
3476,3670,3450,3648,1.6323e+06,3614.8
2720.3,2747.5,2691.9,2720.2,7.8587e+05,2616
2720.3,2747.5,2691.9,2720.2,7.8587e+05,2616
3672,3741,3672,3722,8.851e+05,3688.2
3758,3801,3737,3749,4.202e+05,3714.9
3771,3800.2,3741,3792,4.35e+05,3757.5
3792,3802,3765,3800,93300,3765.5
3800,3800,3800,3800,0,3765.5
2720.3,2747.5,2691.9,2720.2,7.8587e+05,2616
2720.3,2747.5,2691.9,2720.2,7.8587e+05,2616
3800,3800,3800,3800,0,3765.5
3824,3874,3793,3874,5.492e+05,3838.8
3866,3921,3853,3891,4.34e+05,3855.6
3894,3894,3859,3866,1.292e+05,3830.9
2720.3,2747.5,2691.9,2720.2,7.8587e+05,2616
2720.3,2747.5,2691.9,2720.2,7.8587e+05,2616
2720.3,2747.5,2691.9,2720.2,7.8587e+05,2616
3906,3906,3763,3806,7.736e+05,3771.4
3836,3860,3802,3820,6.05e+05,3785.3
3799,3824,3748,3820,7.76e+05,3785.3
3751,3801,3707,3790,6.603e+05,3755.6
3789,3845,3773,3773,5.924e+05,3738.7
2720.3,2747.5,2691.9,2720.2,7.8587e+05,2616
2720.3,2747.5,2691.9,2720.2,7.8587e+05,2616
3783,3849,3748,3837,5.97e+05,3802.1
3863,3951,3836,3907,8.456e+05,3871.5
3947,3955.3,3883,3899,7.497e+05,3863.6
3818,3818,3621,3649,1.1578e+06,3615.8
3651,3720,3558.8,3607,1.4369e+06,3574.2
2720.3,2747.5,2691.9,2720.2,7.8587e+05,2616
2720.3,2747.5,2691.9,2720.2,7.8587e+05,2616
3605,3660,3590,3656,4.812e+05,3622.8
3715,3754,3680,3733,7.273e+05,3699.1
3648,3649.9,3444,3505,1.6527e+06,3473.1
3535,3638,3490,3619,1.0949e+06,3586.1
3692,3692,3609,3625,7.089e+05,3592.1
2720.3,2747.5,2691.9,2720.2,7.8587e+05,2616
2720.3,2747.5,2691.9,2720.2,7.8587e+05,2616
3629,3629,3578,3600,6.164e+05,3567.3
3553,3594,3533,3568,5.566e+05,3535.6
3584,3682,3581,3616,9.275e+05,3583.1
3563,3572,3329,3384,1.5318e+06,3353.2
3430,3480,3322,3480,1.3668e+06,3448.4
2720.3,2747.5,2691.9,2720.2,7.8587e+05,2616
2720.3,2747.5,2691.9,2720.2,7.8587e+05,2616
3499,3526,3467,3515,7.499e+05,3483.1
3514,3530,3245,3336,1.6952e+06,3305.7
3308,3308,3213,3243,1.0769e+06,3213.5
3282,3296,3211,3225,8.012e+05,3195.7
3238,3266,3114,3128,1.2774e+06,3099.6
2720.3,2747.5,2691.9,2720.2,7.8587e+05,2616
2720.3,2747.5,2691.9,2720.2,7.8587e+05,2616
3143,3149,2950,2957,1.3374e+06,2930.1
3000,3082,2917,3034,1.3989e+06,3006.4
3085,3161,3044,3118,8.618e+05,3089.7
3086,3098,2998,3044,1.1516e+06,3016.3
3091,3109,3034,3106,6.66e+05,3077.8
2720.3,2747.5,2691.9,2720.2,7.8587e+05,2616
2720.3,2747.5,2691.9,2720.2,7.8587e+05,2616
3171,3176.6,3125,3149,6.068e+05,3120.4
3164,3224,3124,3194,7.417e+05,3165
3214,3326,3208,3301,8.627e+05,3271
