348.4,350.37,347.6,349.1,6.6745e+06,301.27
348.3,353.03,348.2,351.8,6.9493e+06,303.6
352,354.2,349.7,354,6.1875e+06,305.5
352.9,352.9,348.4,349,4.9894e+06,301.19
350.2,353.83,348.2,350.1,5.7996e+06,302.14
305,307.48,302.08,304.59,1.2553e+07,283.73
305,307.48,302.08,304.59,1.2553e+07,283.73
351.2,352.1,345.5,349.2,8.3623e+06,301.36
351.3,351.3,344.2,349.1,8.2535e+06,301.27
348,349,339.5,347.8,9.4405e+06,300.15
350.9,354,347.5,352.1,1.0861e+07,303.86
353.7,355.8,350.9,355.1,7.1092e+06,306.45
305,307.48,302.08,304.59,1.2553e+07,283.73
305,307.48,302.08,304.59,1.2553e+07,283.73
365,365.8,359.38,361.4,1.0996e+07,311.89
361.7,363.76,358.4,360.5,9.5233e+06,311.11
363.6,363.6,355.5,356.5,9.4895e+06,307.66
356.4,359.63,354.9,356,9.0237e+06,307.23
352,354.06,349.7,352.1,1.7041e+07,303.86
305,307.48,302.08,304.59,1.2553e+07,283.73
305,307.48,302.08,304.59,1.2553e+07,283.73
352.2,354,351.1,352.2,1.0937e+07,303.95
351.9,354.9,350.7,353.1,9.3556e+06,304.73
356,357,352.4,355.5,1.2672e+07,306.8
357.7,358.2,354.9,355.6,1.1546e+07,306.88
356.4,356.4,351.1,352,1.7879e+07,303.78
305,307.48,302.08,304.59,1.2553e+07,283.73
305,307.48,302.08,304.59,1.2553e+07,283.73
348.8,352,340.5,350,1.1557e+07,302.05
349.8,355.43,348.32,355,1.2083e+07,306.37
354.5,355.7,350.2,352.6,1.5661e+07,304.29
352.6,354.36,350,352.5,9.5853e+06,304.21
353,359.3,351.8,357.6,1.0092e+07,308.61
305,307.48,302.08,304.59,1.2553e+07,283.73
305,307.48,302.08,304.59,1.2553e+07,283.73
359.2,363.7,356.64,362.1,9.0938e+06,312.49
363.8,366.9,360,366.8,1.338e+07,316.55
368.7,369,362.94,367,1.222e+07,316.72
368.6,373.26,366.5,367.7,9.1671e+06,317.33
367.7,367.7,367.7,367.7,0,317.33
305,307.48,302.08,304.59,1.2553e+07,283.73
305,307.48,302.08,304.59,1.2553e+07,283.73
367.7,367.7,367.7,367.7,0,317.33
369.2,375.32,368.36,373.8,7.8903e+06,322.59
374.2,377.5,373.2,375.6,7.0566e+06,324.14
378.9,379,370.5,371.5,9.1236e+06,320.61
372.1,376.5,372.09,374.1,8.2329e+06,322.85
305,307.48,302.08,304.59,1.2553e+07,283.73
305,307.48,302.08,304.59,1.2553e+07,283.73
375,375,368,369.8,1.3099e+07,319.14
370.3,374.01,369.93,373.6,7.2557e+06,322.42
375,380.42,374.07,378.1,9.4914e+06,326.3
377.6,378.7,374.1,376.4,7.8694e+06,324.83
377.7,379.76,376.07,379.4,6.0529e+06,327.42
305,307.48,302.08,304.59,1.2553e+07,283.73
305,307.48,302.08,304.59,1.2553e+07,283.73
380.5,385,379.3,381.7,7.1663e+06,329.41
381,381.9,374.9,376.3,8.8297e+06,324.75
380,385.29,377.4,383,1.0361e+07,330.53
390,390,376,380.3,9.5449e+06,328.2
380.5,382.5,375.6,382.5,8.9115e+06,330.1
305,307.48,302.08,304.59,1.2553e+07,283.73
305,307.48,302.08,304.59,1.2553e+07,283.73
383.2,388.2,380.4,385.1,9.4475e+06,332.34
387.1,394.8,386.1,393.1,1.3049e+07,339.25
382.1,389.88,374.8,376.9,1.2336e+07,336.47
376.4,385.98,373.7,375,1.2659e+07,334.77
374.5,386.38,373.3,375.6,5.849e+06,335.31
305,307.48,302.08,304.59,1.2553e+07,283.73
305,307.48,302.08,304.59,1.2553e+07,283.73
375.9,380.04,375.9,379.6,4.7663e+06,338.88
376,376,367.7,371,1.3976e+07,331.2
371.7,375.4,369.4,374.2,5.9546e+06,334.06
372.6,375.7,370.4,371.9,6.2372e+06,332.01
372.7,378.2,372.2,376.1,7.2338e+06,335.75
305,307.48,302.08,304.59,1.2553e+07,283.73
305,307.48,302.08,304.59,1.2553e+07,283.73
376.1,376.1,376.1,376.1,0,335.75
384.1,384.1,372.9,374,8.974e+06,333.88
375.7,378.3,373.67,377.5,8.9441e+06,337
377,378.86,375.2,378,4.571e+06,337.45
377.7,381.1,376.64,377.5,7.6156e+06,337
305,307.48,302.08,304.59,1.2553e+07,283.73
305,307.48,302.08,304.59,1.2553e+07,283.73
379.6,381.7,378.2,380.8,4.6969e+06,339.95
380.8,385.3,380,384.9,9.469e+06,343.61
385.2,385.9,383.13,385.9,6.4055e+06,344.5
387,387.8,385.22,386.5,6.2594e+06,345.04
386.2,389,385.2,386.9,7.0676e+06,345.4
305,307.48,302.08,304.59,1.2553e+07,283.73
305,307.48,302.08,304.59,1.2553e+07,283.73
388.2,393.1,387.68,393.1,5.0284e+06,350.93
393.3,394.9,391.02,394.9,1.023e+07,352.54
393.5,395.49,390.3,392.8,1.3323e+07,350.66
390.8,392.9,387.8,391.5,8.383e+06,349.5
391.8,392.84,387.6,389.7,7.4736e+06,347.89
305,307.48,302.08,304.59,1.2553e+07,283.73
305,307.48,302.08,304.59,1.2553e+07,283.73
389.7,389.7,389.7,389.7,0,347.89
391.7,394.4,390.9,392.7,7.7103e+06,350.57
391.6,391.6,376.49,378.6,1.247e+07,337.99
379.3,380.75,372.15,376,7.4345e+06,335.67
376.1,383.7,375.2,380,1.3228e+07,339.24
305,307.48,302.08,304.59,1.2553e+07,283.73
305,307.48,302.08,304.59,1.2553e+07,283.73
378.7,378.7,370.76,371.2,1.2689e+07,331.38
372.8,373.4,370.4,371.4,7.6223e+06,331.56
371.4,373.3,366.4,366.4,8.03e+06,327.1
368.3,368.82,362.9,362.9,9.4599e+06,323.97
363.6,364.1,358.2,362.7,1.4357e+07,323.79
305,307.48,302.08,304.59,1.2553e+07,283.73
305,307.48,302.08,304.59,1.2553e+07,283.73
360.9,368.92,358.5,367.8,9.2008e+06,328.35
366.6,367.4,363,366.4,9.1939e+06,327.1
365.9,373.8,365.1,368.1,1.1151e+07,328.61
365.3,372.2,364,371.9,8.5216e+06,332.01
373.7,374.3,371.1,372.5,8.5896e+06,332.54
305,307.48,302.08,304.59,1.2553e+07,283.73
305,307.48,302.08,304.59,1.2553e+07,283.73
373.8,376.3,371.9,371.9,6.5542e+06,332.01
372,375.13,370.2,373.7,5.75e+06,333.61
374.4,374.6,369.8,372.2,7.7525e+06,332.27
369,369,361.6,362.5,8.2821e+06,323.61
363.7,365.6,356.73,356.8,2.0364e+07,318.52
305,307.48,302.08,304.59,1.2553e+07,283.73
305,307.48,302.08,304.59,1.2553e+07,283.73
356.4,358,352.6,353.1,9.2865e+06,315.22
355.2,356,350.8,351.4,1.022e+07,313.7
352.3,356.56,351.88,354.6,1.0463e+07,316.56
355.4,362.3,353.9,359,1.4003e+07,320.49
359.1,362.7,357.5,360.2,1.3196e+07,321.56
305,307.48,302.08,304.59,1.2553e+07,283.73
305,307.48,302.08,304.59,1.2553e+07,283.73
362.1,364.3,360.06,360.1,9.5207e+06,321.47
361.3,364.77,359.1,364.5,7.8283e+06,325.4
363.6,365.3,361.2,365,8.6256e+06,325.85
367,375.33,364.67,374.5,7.2781e+06,334.33
374.6,380.2,371.5,374.8,7.8603e+06,334.59
305,307.48,302.08,304.59,1.2553e+07,283.73
305,307.48,302.08,304.59,1.2553e+07,283.73
377.5,379.4,373.5,374.9,5.9543e+06,334.68
378.4,380.7,376.75,377.8,6.611e+06,337.27
376.2,378.6,372.7,374.6,7.3954e+06,334.42
377.4,378.9,373.5,374,8.7519e+06,333.88
374.6,375.4,370.2,370.2,1.0145e+07,330.49
305,307.48,302.08,304.59,1.2553e+07,283.73
305,307.48,302.08,304.59,1.2553e+07,283.73
372.1,375.8,372.1,374.5,1.2631e+07,334.33
376.3,380.91,370,379.9,8.3523e+06,339.15
382.8,383.22,377.2,381.9,7.7265e+06,340.93
381.8,384.9,380.2,381.4,1.2659e+07,340.49
382.5,384.9,379.4,382.3,1.2729e+07,341.29
305,307.48,302.08,304.59,1.2553e+07,283.73
305,307.48,302.08,304.59,1.2553e+07,283.73
383.1,383.69,380.1,381.2,5.7539e+06,340.31
383,383.63,378.4,378.4,7.113e+06,337.81
381.1,385.9,380.36,385.7,9.2276e+06,344.32
386,388.5,379.6,381.5,6.3035e+06,340.57
382.6,384.1,379.5,380.6,3.4712e+06,339.77
305,307.48,302.08,304.59,1.2553e+07,283.73
305,307.48,302.08,304.59,1.2553e+07,283.73
382,384.9,376,377.8,6.1369e+06,337.27
378.9,389.15,378.71,385.8,7.8938e+06,344.41
387.6,396,387.38,391,1.1282e+07,349.06
392.9,395.8,389.65,394.2,8.3761e+06,351.91
395.9,396.1,389.6,390.1,5.7094e+06,348.25
305,307.48,302.08,304.59,1.2553e+07,283.73
305,307.48,302.08,304.59,1.2553e+07,283.73
391,393.8,387.9,389.3,4.3716e+06,347.54
391.1,392,388.6,391.5,6.0455e+06,349.5
391.5,398,391.5,392.4,9.3747e+06,350.31
393.9,394.8,389.3,391.9,4.5568e+06,349.86
393.7,394.36,390.3,391.4,5.0771e+06,349.41
305,307.48,302.08,304.59,1.2553e+07,283.73
305,307.48,302.08,304.59,1.2553e+07,283.73
391.8,391.95,383.8,385.2,4.7773e+06,343.88
386,391.7,385.9,390.6,5.5541e+06,348.7
391.9,395.32,390.2,391.9,5.1886e+06,349.86
392,392.3,381.88,383.7,6.3076e+06,342.54
383.8,385.2,381.2,383,8.2391e+06,341.91
305,307.48,302.08,304.59,1.2553e+07,283.73
305,307.48,302.08,304.59,1.2553e+07,283.73
383.2,386.3,382.6,385.5,5.6571e+06,344.15
385,389.18,383.6,388.7,7.1118e+06,347
389.7,391.3,385.9,386.2,1.2799e+07,344.77
388.2,391.8,386.2,387.6,5.6563e+06,346.02
388.2,392.2,387.1,390,5.2763e+06,348.16
305,307.48,302.08,304.59,1.2553e+07,283.73
305,307.48,302.08,304.59,1.2553e+07,283.73
390,390,390,390,0,348.16
398.9,399.5,385.4,388,8.4112e+06,346.38
387.9,391.7,385,391.2,7.6838e+06,349.24
391.5,392.9,387.98,392.7,7.6511e+06,350.57
392.8,392.8,383.7,385.9,1.0815e+07,344.5
305,307.48,302.08,304.59,1.2553e+07,283.73
305,307.48,302.08,304.59,1.2553e+07,283.73
387.1,389.6,385.4,388.9,4.1729e+06,347.18
395,397.8,389.9,393.1,7.7134e+06,350.93
393.9,394.3,388.6,392.3,6.846e+06,350.22
393,396.4,389.04,393.8,6.4125e+06,351.56
394.8,398.2,392.17,395.8,8.0478e+06,353.34
305,307.48,302.08,304.59,1.2553e+07,283.73
305,307.48,302.08,304.59,1.2553e+07,283.73
396.1,398,390.9,395.8,5.3081e+06,353.34
397.2,398.69,394.1,395.5,7.4792e+06,353.07
396.2,397.9,394,397.7,6.8655e+06,355.04
396.8,398.6,392.4,395.8,7.2891e+06,353.34
396.1,398,395,396.2,5.7271e+06,353.7
305,307.48,302.08,304.59,1.2553e+07,283.73
305,307.48,302.08,304.59,1.2553e+07,283.73
400.5,402.7,397.17,398.6,5.5901e+06,355.84
398.9,401.32,396.5,396.8,7.595e+06,354.23
396.9,397.8,392.4,395.6,4.2355e+06,353.16
398.9,400.3,396.7,397.6,5.7789e+06,354.95
396.1,403.31,396.1,402.2,1.1259e+07,359.06
305,307.48,302.08,304.59,1.2553e+07,283.73
305,307.48,302.08,304.59,1.2553e+07,283.73
400.4,401,394.65,397,5.7237e+06,354.41
396.5,400.8,396,396.7,7.3507e+06,354.14
390.7,392.8,374.05,375.6,2.4138e+07,339.99
368.4,373.12,363,366.9,1.8769e+07,332.12
368.2,375.82,366.99,367,1.2111e+07,332.21
305,307.48,302.08,304.59,1.2553e+07,283.73
305,307.48,302.08,304.59,1.2553e+07,283.73
363.9,370.68,363.9,369.7,1.3098e+07,334.65
369,370.44,365.5,368.1,8.556e+06,333.2
367.1,371.6,365.9,370,8.4211e+06,334.92
368.6,370.05,365.1,366.3,8.7605e+06,331.57
364.7,368.03,364.3,366,6.6747e+06,331.3
305,307.48,302.08,304.59,1.2553e+07,283.73
305,307.48,302.08,304.59,1.2553e+07,283.73
365.3,366.53,363.3,365.6,7.0205e+06,330.94
365.2,366.9,361.6,362.5,8.8619e+06,328.13
361.5,364.9,360.3,360.8,1.085e+07,326.6
363.9,368.2,360.1,362.6,1.2545e+07,328.23
362.9,364.33,360.4,363.3,7.535e+06,328.86
305,307.48,302.08,304.59,1.2553e+07,283.73
305,307.48,302.08,304.59,1.2553e+07,283.73
362.2,363.32,358.4,358.7,9.5534e+06,324.69
360.6,371.5,360.6,367.9,1.3425e+07,333.02
368,368.7,361.8,365.4,1.2663e+07,330.76
365,368.53,362.7,364.3,1.2327e+07,329.76
366.3,367.4,360.83,362.7,1.2387e+07,328.32
305,307.48,302.08,304.59,1.2553e+07,283.73
305,307.48,302.08,304.59,1.2553e+07,283.73
364.2,365.63,362.1,363,9.9714e+06,328.59
363.1,366.7,361.9,364.7,1.0921e+07,330.13
362.8,365.85,359.5,360.4,1.3519e+07,326.23
361.2,363.1,354.1,356.7,1.5874e+07,322.88
357.5,360.9,354.5,356.1,1.1369e+07,322.34
305,307.48,302.08,304.59,1.2553e+07,283.73
305,307.48,302.08,304.59,1.2553e+07,283.73
357.5,359.8,355.71,357.7,8.6258e+06,323.79
359.5,361.6,357.2,360.7,8.9772e+06,326.51
361.3,362.5,356.9,358.3,8.3712e+06,324.33
357.9,359.8,352.5,353.4,1.3972e+07,319.9
355.2,356.1,352.2,354.8,9.8494e+06,321.17
305,307.48,302.08,304.59,1.2553e+07,283.73
305,307.48,302.08,304.59,1.2553e+07,283.73
353.5,357.7,353.5,355.1,9.3398e+06,321.44
357.5,358.6,355,358,1.0494e+07,324.06
359.1,359.4,350.7,353.2,1.0409e+07,319.72
353.6,355,348.6,350.5,1.0793e+07,317.27
349,353,348.4,350,7.9882e+06,316.82
305,307.48,302.08,304.59,1.2553e+07,283.73
305,307.48,302.08,304.59,1.2553e+07,283.73
351.2,356.46,350.47,355.3,1.4997e+07,321.62
354.9,360.7,354.1,360.4,1.6316e+07,326.23
360.2,366.1,359.9,363.9,2.0214e+07,329.4
354.9,358,340.5,345.3,2.9137e+07,312.57
344.9,346.54,332.7,343.3,3.0008e+07,310.76
305,307.48,302.08,304.59,1.2553e+07,283.73
305,307.48,302.08,304.59,1.2553e+07,283.73
342.3,348.14,339.69,343.3,1.4449e+07,310.76
342.3,344.3,340.6,342,9.37e+06,309.58
340.3,340.61,334.9,337.4,1.2764e+07,305.42
337.4,343.8,335.4,343,1.0855e+07,310.48
343.9,345.4,339.93,343.6,8.519e+06,311.03
305,307.48,302.08,304.59,1.2553e+07,283.73
305,307.48,302.08,304.59,1.2553e+07,283.73
344.1,346.5,343.2,343.2,7.5361e+06,310.67
344.7,345.44,335.9,336.6,1.3395e+07,304.69
339,342.62,338.7,340.3,8.5181e+06,308.04
341.1,342.7,339.6,341.5,5.4432e+06,309.13
340.9,361.9,338.3,338.3,8.8231e+06,306.23
305,307.48,302.08,304.59,1.2553e+07,283.73
305,307.48,302.08,304.59,1.2553e+07,283.73
335.3,341.5,332.7,337.9,1.4043e+07,305.87
338.3,341.4,334.4,337,1.1531e+07,305.05
337.2,337.2,331.2,331.3,1.0995e+07,299.89
331,333.8,330.19,332.4,8.1512e+06,300.89
333.8,334.86,326.9,329.4,4.2512e+07,298.17
305,307.48,302.08,304.59,1.2553e+07,283.73
305,307.48,302.08,304.59,1.2553e+07,283.73
329.5,330.3,326.6,327.5,9.1757e+06,296.45
326.3,328.06,324.17,324.5,9.2335e+06,293.74
324.4,327.2,324.2,324.5,1.0533e+07,293.74
324.1,326.9,322.3,325.1,1.0894e+07,294.28
322.6,323.5,320.6,323.2,1.5218e+07,292.56
305,307.48,302.08,304.59,1.2553e+07,283.73
305,307.48,302.08,304.59,1.2553e+07,283.73
323.2,326.6,321.4,325.6,1.2611e+07,294.73
325.6,325.6,322.5,323.1,1.1924e+07,292.47
324.2,335.18,323.4,328.7,2.0264e+07,297.54
331.3,337.27,330.2,337.1,1.6662e+07,305.14
338,341.4,334,340.5,2.1642e+07,308.22
305,307.48,302.08,304.59,1.2553e+07,283.73
305,307.48,302.08,304.59,1.2553e+07,283.73
340.5,342.9,337.59,342.4,6.8628e+06,309.94
341.6,346.5,340.9,345.3,1.5234e+06,312.57
345.3,345.3,345.3,345.3,0,312.57
345.3,345.3,345.3,345.3,0,312.57
347.1,348.83,345.1,347.5,5.823e+06,314.56
305,307.48,302.08,304.59,1.2553e+07,283.73
305,307.48,302.08,304.59,1.2553e+07,283.73
348.9,349.8,345.2,346.7,4.2274e+06,313.83
348.4,348.4,344.4,347.7,2.589e+06,314.74
347.7,347.7,347.7,347.7,0,314.74
347,347.9,341.7,343.8,9.6041e+06,311.21
345.8,347.5,344,344.9,5.7343e+06,312.2
305,307.48,302.08,304.59,1.2553e+07,283.73
305,307.48,302.08,304.59,1.2553e+07,283.73
345.3,347.4,341.8,342.5,6.9237e+06,310.03
341.2,341.5,336.93,337.4,1.2271e+07,305.42
338.3,338.3,328.2,330.1,1.3719e+07,298.81
329.5,333.6,328.1,330.2,8.5787e+06,298.9
332.3,332.5,329.5,330.5,1.6784e+07,299.17
305,307.48,302.08,304.59,1.2553e+07,283.73
305,307.48,302.08,304.59,1.2553e+07,283.73
331.8,332.81,325.3,326.2,9.4776e+06,295.28
323.3,328.69,321.37,327,1.474e+07,296
325.4,325.4,314.76,315.5,2.0652e+07,285.59
315.2,322.7,313.8,319.7,1.5975e+07,289.39
320.4,324.3,320.4,321.4,1.2811e+07,290.93
305,307.48,302.08,304.59,1.2553e+07,283.73
305,307.48,302.08,304.59,1.2553e+07,283.73
322.4,323.92,318.4,321.7,6.925e+06,291.2
321,324.4,318.5,322.4,1.0627e+07,291.84
322.7,326.29,321.8,322.5,8.9899e+06,291.93
322.8,323.2,318.3,320.7,1.0079e+07,290.3
321.3,322.7,319.7,321.8,1.0174e+07,291.29
305,307.48,302.08,304.59,1.2553e+07,283.73
305,307.48,302.08,304.59,1.2553e+07,283.73
322.6,324.7,317,317.3,9.0335e+06,287.22
318.7,318.7,313.66,314.1,8.6349e+06,284.32
315,316.09,311.89,312.7,1.111e+07,283.06
313.3,316.6,312.1,316,1.0027e+07,286.04
316.6,317.08,308.11,311.2,1.2703e+07,281.7
305,307.48,302.08,304.59,1.2553e+07,283.73
305,307.48,302.08,304.59,1.2553e+07,283.73
312,316.9,311.6,313.8,9.3605e+06,284.05
313.1,315.1,307.7,309.3,9.9688e+06,279.98
308.8,314,307,313,1.2348e+07,283.33
315.5,315.5,312.38,313,9.2804e+06,283.33
313.9,315.36,312.7,314.2,9.621e+06,284.41
305,307.48,302.08,304.59,1.2553e+07,283.73
305,307.48,302.08,304.59,1.2553e+07,283.73
308.5,308.9,302.32,308.9,1.8597e+07,279.62
310.7,314.3,310.5,312.8,1.3569e+07,283.15
312.5,315.5,312.24,314.4,1.2063e+07,284.6
314.7,317.1,313.73,316.2,1.0183e+07,286.22
317.3,319.55,315.6,318.2,9.3321e+06,288.04
305,307.48,302.08,304.59,1.2553e+07,283.73
305,307.48,302.08,304.59,1.2553e+07,283.73
318,318.9,316.6,318.4,9.1606e+06,288.22
310,318,306.2,314.4,3.5698e+07,284.6
314.2,317.4,312.9,314,1.05e+07,284.23
313,325.5,308.36,320.6,1.9723e+07,290.21
322.2,322.9,319.2,320.8,1.4932e+07,290.39
305,307.48,302.08,304.59,1.2553e+07,283.73
305,307.48,302.08,304.59,1.2553e+07,283.73
321,321.5,316.54,319.2,1.4797e+07,288.94
319.5,322.43,317.4,320.1,1.8876e+07,289.76
320.2,320.2,317,319.7,1.3619e+07,289.39
320.5,320.9,316.4,318.1,2.4154e+07,287.94
317.6,320.4,316.2,319,1.6847e+07,288.76
305,307.48,302.08,304.59,1.2553e+07,283.73
305,307.48,302.08,304.59,1.2553e+07,283.73
315.6,317.6,312.7,313.3,1.567e+07,283.6
317.3,320.5,316.01,319.2,1.3146e+07,288.94
319.7,322.8,317.96,322.3,1.2713e+07,291.75
322.5,324.3,321.6,322.2,1.1129e+07,291.66
322.3,326.5,321.5,324.6,1.5266e+07,293.83
305,307.48,302.08,304.59,1.2553e+07,283.73
305,307.48,302.08,304.59,1.2553e+07,283.73
328.1,331.8,325.6,327.4,1.5629e+07,296.36
331,331,326.7,327,1.4503e+07,296
325.8,329.8,325.05,327.9,1.2902e+07,296.82
330.4,337.4,327.2,334.8,2.1358e+07,303.06
334.3,335.3,328.5,330.5,1.3199e+07,299.17
305,307.48,302.08,304.59,1.2553e+07,283.73
305,307.48,302.08,304.59,1.2553e+07,283.73
330.7,334.1,329.1,332.5,2.3563e+07,300.98
332.9,336,331.5,334.1,1.399e+07,302.43
334.1,336.31,329.5,331.5,1.4991e+07,300.07
330.1,331.8,323.1,331.1,1.9486e+07,299.71
331.2,337.9,330.14,337.9,3.1579e+07,305.87
305,307.48,302.08,304.59,1.2553e+07,283.73
305,307.48,302.08,304.59,1.2553e+07,283.73
335,335.54,330.1,331.5,2.0754e+07,300.07
330.9,335,329.5,332.5,1.3988e+07,300.98
331,331,322,323.1,2.3465e+07,292.47
321.3,326.6,320.8,325.2,1.7106e+07,294.37
325.7,329.4,324.57,328.6,1.1476e+07,297.45
305,307.48,302.08,304.59,1.2553e+07,283.73
305,307.48,302.08,304.59,1.2553e+07,283.73
329,331.6,325.4,329.7,1.9404e+07,298.44
329.5,331.1,327.64,328.5,1.2623e+07,297.36
328.8,329.3,325.62,328,1.0594e+07,296.91
329.6,329.6,326.6,328.5,1.4225e+07,297.36
329.5,330.6,326.8,328.5,1.604e+07,297.36
305,307.48,302.08,304.59,1.2553e+07,283.73
305,307.48,302.08,304.59,1.2553e+07,283.73
326.8,336.2,325,334.8,2.1267e+07,303.06
335.2,336.3,332.17,336,2.5247e+07,304.15
336.8,340,335.5,337.6,1.2622e+07,305.6
339,339,332.4,333.7,1.4281e+07,302.07
332.9,337.1,332.2,334.9,1.3959e+07,303.15
305,307.48,302.08,304.59,1.2553e+07,283.73
305,307.48,302.08,304.59,1.2553e+07,283.73
334.7,340.6,333.3,339.3,1.3375e+07,307.13
338.7,343.4,338,342.4,1.0695e+07,309.94
344.6,346.2,341.1,343.3,1.1085e+07,310.76
344.3,345.4,340,345,1.0433e+07,312.29
345,345,345,345,0,312.29
305,307.48,302.08,304.59,1.2553e+07,283.73
305,307.48,302.08,304.59,1.2553e+07,283.73
345,345,345,345,0,312.29
345.2,348.8,344,344.9,1.5167e+07,312.2
332.9,341.98,328.6,330.6,1.3367e+07,310.12
330.6,342.28,328,331.8,9.4984e+06,311.25
332,345.78,330.9,332.7,1.0825e+07,312.09
305,307.48,302.08,304.59,1.2553e+07,283.73
305,307.48,302.08,304.59,1.2553e+07,283.73
332,334,330.05,332.7,6.608e+06,312.09
332.6,337.1,332.6,335,8.4265e+06,314.25
333.5,334.13,328.8,330,1.3522e+07,309.56
333.3,333.6,328.97,330,4.7491e+06,309.56
329.6,332.6,327.9,328.8,7.9373e+06,308.43
305,307.48,302.08,304.59,1.2553e+07,283.73
305,307.48,302.08,304.59,1.2553e+07,283.73
328.8,328.8,328.8,328.8,0,308.43
329.4,330.22,321.8,324.2,1.3587e+07,304.12
324.6,326.91,324.4,326.8,9.347e+06,306.56
314,323.1,310,320.4,2.2284e+07,300.55
319.3,319.4,313.96,318.5,1.4495e+07,298.77
305,307.48,302.08,304.59,1.2553e+07,283.73
305,307.48,302.08,304.59,1.2553e+07,283.73
319.4,319.4,316.1,318,9.0615e+06,298.3
319.6,324.5,318.92,323.6,1.6861e+07,303.56
324.7,327.3,323.2,327.1,1.3958e+07,306.84
328,329.3,323.4,326.5,1.2447e+07,306.27
328.1,331.2,324.5,328.9,1.2161e+07,308.53
305,307.48,302.08,304.59,1.2553e+07,283.73
305,307.48,302.08,304.59,1.2553e+07,283.73
330,331.16,327.5,328.2,7.9741e+06,307.87
329,329.1,324.9,327.3,8.4932e+06,307.03
327.1,329.5,325.37,328.3,6.7133e+06,307.96
329.5,332.4,327.2,328.7,8.6126e+06,308.34
329,329,326.11,328.28,5.2073e+06,307.94
305,307.48,302.08,304.59,1.2553e+07,283.73
305,307.48,302.08,304.59,1.2553e+07,283.73
328.28,328.28,328.28,328.28,0,307.94
330.8,330.9,328.4,329,9.1865e+06,308.62
328.4,331.3,327.01,330.8,9.1521e+06,310.31
331.2,348.18,330,336.3,1.4373e+07,315.47
335.6,336.99,332.47,335.6,1.9872e+07,314.81
305,307.48,302.08,304.59,1.2553e+07,283.73
305,307.48,302.08,304.59,1.2553e+07,283.73
335.6,338.5,333.9,336.8,1.2105e+07,315.94
336.5,337.81,333.2,334.7,1.0982e+07,313.97
334.8,335.5,328.2,329.7,1.5792e+07,309.28
330.9,331.4,328.1,330.5,1.204e+07,310.03
336.6,337.93,331.1,335.5,2.1751e+07,314.72
305,307.48,302.08,304.59,1.2553e+07,283.73
305,307.48,302.08,304.59,1.2553e+07,283.73
336.5,337.1,332.2,333.9,9.4381e+06,313.22
332.1,333.47,329.7,332,9.9455e+06,311.43
331.3,332.8,329.3,330.1,1.2874e+07,309.65
330.4,331.1,328.6,329.1,7.5284e+06,308.71
326.9,327.8,325.7,326.3,8.9767e+06,306.09
305,307.48,302.08,304.59,1.2553e+07,283.73
305,307.48,302.08,304.59,1.2553e+07,283.73
326.1,326.54,321.2,323.3,1.1073e+07,303.27
324.2,324.28,321.7,323.1,9.9323e+06,303.09
324.3,324.7,320.1,320.3,9.3223e+06,300.46
322,323.8,321.4,321.4,1.115e+07,301.49
320,321.3,317.9,319.8,1.6657e+07,299.99
305,307.48,302.08,304.59,1.2553e+07,283.73
305,307.48,302.08,304.59,1.2553e+07,283.73
321.3,321.7,318.8,319,6.9418e+06,299.24
320,321.05,317.91,318.4,6.6259e+06,298.68
317.7,318,312.2,313.9,1.1317e+07,294.46
314.6,316.19,310.2,313.2,1.0461e+07,293.8
314.3,315.13,312.42,312.8,8.3492e+06,293.42
305,307.48,302.08,304.59,1.2553e+07,283.73
305,307.48,302.08,304.59,1.2553e+07,283.73
313.1,315.1,311.8,312.6,8.7109e+06,293.24
313.3,315.2,310.39,314.5,9.4504e+06,295.02
314.9,316.6,313.6,315.5,9.4342e+06,295.96
315.2,316.1,313.6,314.8,6.069e+06,295.3
314.3,315.5,312.57,314.7,5.9534e+06,295.21
305,307.48,302.08,304.59,1.2553e+07,283.73
305,307.48,302.08,304.59,1.2553e+07,283.73
314.7,315.4,312.7,313.3,6.2456e+06,293.89
314.1,314.6,311.3,311.4,6.8807e+06,292.11
311.9,313.1,308.2,308.5,7.2662e+06,289.39
307.6,308.52,305.02,306.1,9.9098e+06,287.14
306.8,307.3,303.5,304.5,9.2069e+06,285.64
305,307.48,302.08,304.59,1.2553e+07,283.73
305,307.48,302.08,304.59,1.2553e+07,283.73
305.5,307.6,304.6,306.5,9.9629e+06,287.51
306.5,309.81,306.1,308.8,1.1751e+07,289.67
309.6,312.2,308,310.3,1.1669e+07,291.08
310.2,310.58,306.4,307.4,9.8986e+06,288.36
307.4,311.2,305.1,311.2,7.637e+06,291.92
305,307.48,302.08,304.59,1.2553e+07,283.73
305,307.48,302.08,304.59,1.2553e+07,283.73
312,313.5,310.31,312.8,7.3512e+06,293.42
313.8,314,311.5,311.9,8.3245e+06,292.58
311.9,311.9,310.56,310.9,8.2494e+06,291.64
311.4,313,310.16,313,1.0754e+07,293.61
313.4,313.8,311.98,312.3,6.3073e+06,292.95
305,307.48,302.08,304.59,1.2553e+07,283.73
305,307.48,302.08,304.59,1.2553e+07,283.73
312.7,315.33,311.8,315.2,7.0678e+06,295.68
315.8,316.8,314.67,315.4,7.1451e+06,295.86
316.9,316.9,313,314.2,8.7908e+06,294.74
312.1,314.2,306.4,309,2.0323e+07,289.86
307.5,309.4,303.2,306.8,1.1365e+07,287.8
305,307.48,302.08,304.59,1.2553e+07,283.73
305,307.48,302.08,304.59,1.2553e+07,283.73
306.4,309.3,305,307.2,8.4905e+06,288.17
308.6,311.4,307.7,308.2,9.0629e+06,289.11
307.4,311.5,306.3,310.7,1.0333e+07,291.45
310.7,311.1,309.3,309.3,7.914e+06,290.14
307.2,309.32,306,307.9,7.5174e+06,288.83
305,307.48,302.08,304.59,1.2553e+07,283.73
305,307.48,302.08,304.59,1.2553e+07,283.73
308,309.22,305.43,307.8,5.8942e+06,288.73
307.2,309.1,303.7,308.5,8.1814e+06,289.39
310,311.9,309.4,311.5,6.8457e+06,292.2
311.6,315,310.4,314.6,8.7176e+06,295.11
312.8,316.2,312.8,313.5,1.009e+07,294.08
305,307.48,302.08,304.59,1.2553e+07,283.73
305,307.48,302.08,304.59,1.2553e+07,283.73
315.2,316.7,313.8,314.5,6.1772e+06,295.02
315.3,316.6,314,314.9,5.0072e+06,295.39
315.3,318.4,314.17,316.7,6.1873e+06,297.08
317.1,318.2,315.9,317.9,6.3508e+06,298.21
317.1,318.6,315.9,316.6,5.3251e+06,296.99
305,307.48,302.08,304.59,1.2553e+07,283.73
305,307.48,302.08,304.59,1.2553e+07,283.73
316.6,316.6,316.6,316.6,0,296.99
317.8,320.04,317.2,318.5,7.8728e+06,298.77
318.1,319.79,317.4,318.1,5.5438e+06,298.39
318.9,319.97,317.4,319.1,7.2283e+06,299.33
319.7,320,317.1,319.4,9.5789e+06,299.62
305,307.48,302.08,304.59,1.2553e+07,283.73
305,307.48,302.08,304.59,1.2553e+07,283.73
319.5,322.18,318.37,322,6.6112e+06,302.05
322.8,324.95,322.14,324.2,7.8752e+06,304.12
325,326.76,324.8,325.2,8.0448e+06,305.06
324.5,324.85,322.6,323.4,1.2181e+07,303.37
323.7,325.24,322.6,324.3,7.1556e+06,304.21
305,307.48,302.08,304.59,1.2553e+07,283.73
305,307.48,302.08,304.59,1.2553e+07,283.73
323.3,324.9,321.6,324.1,7.5617e+06,304.02
324.3,327,323.1,323.8,9.0188e+06,303.74
323.6,325.3,318.5,324.7,1.196e+07,304.59
323.9,324,321.3,323.6,9.6466e+06,303.56
323.5,325,315.71,322,8.6241e+06,302.05
305,307.48,302.08,304.59,1.2553e+07,283.73
305,307.48,302.08,304.59,1.2553e+07,283.73
320.8,321.94,318.9,319.9,9.6455e+06,300.08
319.8,320.55,318,319.5,1.4232e+07,299.71
320.5,320.7,319.01,319.9,6.3322e+06,300.08
320,321.4,316.5,321.1,9.5412e+06,301.21
323,324.76,320,320,2.3902e+07,300.18
305,307.48,302.08,304.59,1.2553e+07,283.73
305,307.48,302.08,304.59,1.2553e+07,283.73
320.4,323.5,319.7,320,9.9187e+06,300.18
320.4,320.4,314.18,314.4,1.0728e+07,294.93
308.8,313.03,305.9,308.1,1.5021e+07,293.78
307.7,312.5,306.1,306.6,1.0401e+07,292.35
306.7,312.1,305.4,306.9,8.549e+06,292.64
305,307.48,302.08,304.59,1.2553e+07,283.73
305,307.48,302.08,304.59,1.2553e+07,283.73
306.9,307.8,304.9,306.8,9.6749e+06,292.54
307.2,308.3,306.3,307.8,1.267e+07,293.49
307.4,309,304.9,305.8,1.2494e+07,291.59
305.6,306.43,301.9,301.9,1.1785e+07,287.87
303.4,307.8,302.5,306.2,1.3219e+07,291.97
305,307.48,302.08,304.59,1.2553e+07,283.73
305,307.48,302.08,304.59,1.2553e+07,283.73
306.6,308.7,306.2,307.1,1.0963e+07,292.83
306.6,306.7,303.98,304.6,1.0597e+07,290.44
304,304.9,301.8,303.4,1.3438e+07,289.3
304.4,305.8,300.96,302.4,1.1611e+07,288.35
300.3,301.6,293.4,293.4,1.7122e+07,279.76
305,307.48,302.08,304.59,1.2553e+07,283.73
305,307.48,302.08,304.59,1.2553e+07,283.73
292,294.5,290,293.6,1.6361e+07,279.95
292,294.6,290.9,293.8,1.2951e+07,280.14
293.4,294.9,286.4,286.6,2.0499e+07,273.28
288.1,289.5,280.5,288.4,2.271e+07,275
289,295.7,287.55,295.5,2.2456e+07,281.77
305,307.48,302.08,304.59,1.2553e+07,283.73
305,307.48,302.08,304.59,1.2553e+07,283.73
294.7,295.4,291.5,292.5,1.5391e+07,278.9
292,294.9,289.8,294.5,1.1213e+07,280.81
293.9,296.1,289.5,295.6,1.5003e+07,281.86
295.4,297.3,292.3,297,9.5365e+06,283.2
295.9,296.6,292,292.7,9.6501e+06,279.1
305,307.48,302.08,304.59,1.2553e+07,283.73
305,307.48,302.08,304.59,1.2553e+07,283.73
295.2,296.24,292.1,293.4,1.4114e+07,279.76
294.9,296.42,293.9,295,8.7863e+06,281.29
296.4,299.7,295.7,299,1.0386e+07,285.1
300.7,300.7,295.9,299.8,9.1285e+06,285.87
302,303.4,301,302.5,1.2968e+07,288.44
305,307.48,302.08,304.59,1.2553e+07,283.73
305,307.48,302.08,304.59,1.2553e+07,283.73
302.3,302.38,294.6,295.5,1.3173e+07,281.77
295.5,298.5,294.4,295.9,1.0878e+07,282.15
297,300.5,297,300.2,1.2443e+07,286.25
300,304.5,299.52,303.4,1.016e+07,289.3
304.4,305.4,300.5,302.2,9.2368e+06,288.15
305,307.48,302.08,304.59,1.2553e+07,283.73
305,307.48,302.08,304.59,1.2553e+07,283.73
302.4,303.2,298.91,300.6,1.1918e+07,286.63
301.2,302.7,300.3,302.7,9.1617e+06,288.63
300.1,300.7,296.1,297,1.5285e+07,283.2
297.4,301.3,296.9,300.6,1.2633e+07,286.63
300.8,301.2,296.16,298.3,1.118e+07,284.44
305,307.48,302.08,304.59,1.2553e+07,283.73
305,307.48,302.08,304.59,1.2553e+07,283.73
296.6,299.1,295.5,298.6,9.2834e+06,284.72
300.1,301,298.5,300.4,1.9452e+07,286.44
300.2,301,296.8,298.6,1.5461e+07,284.72
297.2,298.5,292,293.9,2.5569e+07,280.24
292,294.2,287.9,292,1.9576e+07,278.43
305,307.48,302.08,304.59,1.2553e+07,283.73
305,307.48,302.08,304.59,1.2553e+07,283.73
291.6,291.6,285.3,285.8,1.7025e+07,272.52
285.1,287,284.1,284.7,1.5509e+07,271.47
285,287.54,285,286.2,8.7586e+06,272.9
287.1,288.9,286.4,287.7,9.3409e+06,274.33
287.2,288.3,280.7,284.6,1.6114e+07,271.37
305,307.48,302.08,304.59,1.2553e+07,283.73
305,307.48,302.08,304.59,1.2553e+07,283.73
283.6,286.1,280.5,281.6,1.2304e+07,268.51
286.6,286.7,283.9,285.1,1.1566e+07,271.85
284.9,286.2,283.9,284.4,8.9844e+06,271.18
284.4,286,282.9,283.8,1.2839e+07,270.61
285.8,287.8,282.9,286,8.0964e+06,272.71
305,307.48,302.08,304.59,1.2553e+07,283.73
305,307.48,302.08,304.59,1.2553e+07,283.73
285.1,286.1,282.9,283.6,6.5326e+06,270.42
282.9,284.6,279.66,279.9,1.33e+07,266.89
279.6,281.1,277.5,277.9,1.3193e+07,264.98
277.9,279.5,274.33,274.4,1.5214e+07,261.65
270.1,273.2,265.4,265.4,1.7904e+07,253.07
305,307.48,302.08,304.59,1.2553e+07,283.73
305,307.48,302.08,304.59,1.2553e+07,283.73
264,272.25,262.1,262.1,2.2286e+07,249.92
263.1,270.3,261.8,270,2.003e+07,257.45
268,270.5,265.2,266.5,1.3809e+07,254.11
268.8,271.9,263.9,271.9,1.994e+07,259.26
271.7,273.81,269.4,272.7,2.5563e+07,260.03
305,307.48,302.08,304.59,1.2553e+07,283.73
305,307.48,302.08,304.59,1.2553e+07,283.73
273,279.27,273,277.3,1.6007e+07,264.41
277.9,283.5,277.8,282.5,1.0109e+07,269.37
281.4,285.2,280.94,284.7,2.0124e+06,271.47
284.7,284.7,284.7,284.7,0,271.47
284.7,284.7,284.7,284.7,0,271.47
305,307.48,302.08,304.59,1.2553e+07,283.73
305,307.48,302.08,304.59,1.2553e+07,283.73
284.4,286.6,281.8,286.2,7.4433e+06,272.9
285.5,287.5,277,278.5,8.745e+06,265.56
273,279.6,273,279,3.3529e+06,266.03
279,279,279,279,0,266.03
280.6,281.3,275.2,276.8,7.405e+06,263.94
305,307.48,302.08,304.59,1.2553e+07,283.73
305,307.48,302.08,304.59,1.2553e+07,283.73
275.5,278.26,264.71,268.2,1.2551e+07,255.74
268.8,269.98,263.9,263.9,1.3797e+07,251.63
265.3,267.5,263,265.2,1.2813e+07,252.87
267,272.37,266.4,271.3,1.443e+07,258.69
270.8,273.1,266.98,268.8,1.2976e+07,256.31
305,307.48,302.08,304.59,1.2553e+07,283.73
305,307.48,302.08,304.59,1.2553e+07,283.73
267,268.19,259.2,261,1.7248e+07,248.87
266.6,274.3,266,271.8,1.8039e+07,259.17
269.4,270.4,259.3,261.1,1.698e+07,248.97
263,266.62,257.9,265.2,1.4656e+07,252.87
264.3,266.4,263.1,264.9,1.316e+07,252.59
305,307.48,302.08,304.59,1.2553e+07,283.73
305,307.48,302.08,304.59,1.2553e+07,283.73
265.2,266.75,262.3,264.8,1.016e+07,252.49
265.9,266.9,263.5,266.4,1.1005e+07,254.02
267.6,269.9,265.6,269.4,1.2505e+07,256.88
270.5,278,266.3,271.2,1.4447e+07,258.6
272,272.1,267.3,270,1.5559e+07,257.45
305,307.48,302.08,304.59,1.2553e+07,283.73
305,307.48,302.08,304.59,1.2553e+07,283.73
269,271.4,261.87,271.4,1.1442e+07,258.79
270.9,283.21,269.3,282.7,2.3768e+07,269.56
285,287.9,280.1,287.6,2.0827e+07,274.23
286.4,292.7,286.23,292.6,1.8599e+07,279
294.1,300.2,292.4,293.8,2.7564e+07,280.14
305,307.48,302.08,304.59,1.2553e+07,283.73
305,307.48,302.08,304.59,1.2553e+07,283.73
293.5,295.3,289.82,293.3,1.6468e+07,279.67
292.6,298.4,289.85,295.7,1.6613e+07,281.96
295.6,298,292.3,293.4,1.6203e+07,279.76
292.1,296,290.3,296,9.0774e+06,282.24
297.4,300.7,295,296.4,1.9271e+07,282.62
305,307.48,302.08,304.59,1.2553e+07,283.73
305,307.48,302.08,304.59,1.2553e+07,283.73
295.1,295.9,291.7,293.1,1.2278e+07,279.48
292.7,299.86,286.8,293.3,1.6702e+07,279.67
294.1,295.8,289.6,290.8,1.2358e+07,277.28
290.7,292.4,286.5,287.5,1.7225e+07,274.14
287.7,288.3,285.2,287,1.4968e+07,273.66
305,307.48,302.08,304.59,1.2553e+07,283.73
305,307.48,302.08,304.59,1.2553e+07,283.73
284,284,278.4,278.8,1.7451e+07,265.84
278.9,280.4,276.19,280,1.2169e+07,266.99
280.1,283.38,277.9,281.1,1.2277e+07,268.04
260,262.05,254.6,257.1,5.9476e+07,245.15
256.6,257.59,251.1,252.1,3.3832e+07,240.38
305,307.48,302.08,304.59,1.2553e+07,283.73
305,307.48,302.08,304.59,1.2553e+07,283.73
254.1,254.1,247.5,249.9,2.2365e+07,238.29
250.3,253.6,249.45,251.7,2.6425e+07,240
251.9,256.1,249.97,251,6.7257e+07,239.33
250.6,251.1,245.1,245.6,2.4126e+07,234.19
245.4,249.68,242.3,244.3,2.6052e+07,232.95
305,307.48,302.08,304.59,1.2553e+07,283.73
305,307.48,302.08,304.59,1.2553e+07,283.73
243.5,254.2,243.3,246.5,2.2197e+07,235.04
247.7,252.6,246.9,247.5,2.5923e+07,236
248.1,249.9,242.86,245.4,2.7247e+07,234
245.4,246.9,243.9,245.5,1.1688e+07,234.09
245.7,245.7,242,242,1.452e+07,230.75
305,307.48,302.08,304.59,1.2553e+07,283.73
305,307.48,302.08,304.59,1.2553e+07,283.73
240.6,244.5,240.1,243.9,1.5757e+07,232.56
244.2,244.88,235.5,235.5,2.3596e+07,224.56
236.5,239.6,235,238.9,1.6054e+07,227.8
240.8,242,238.21,241.4,1.5721e+07,230.18
240.1,240.25,234.4,237.9,2.8726e+07,226.84
305,307.48,302.08,304.59,1.2553e+07,283.73
305,307.48,302.08,304.59,1.2553e+07,283.73
238.5,240.7,234.74,239.3,1.5861e+07,228.18
239.8,252,238.74,251.2,3.3123e+07,239.53
251.1,257.5,248.1,255,2.7442e+07,243.15
256.5,257.8,253.9,256.6,1.7239e+07,244.67
257,258,252.3,255.8,3.7064e+07,243.91
305,307.48,302.08,304.59,1.2553e+07,283.73
305,307.48,302.08,304.59,1.2553e+07,283.73
255.2,259.1,254.1,258.8,2.0827e+07,246.77
251.9,258.1,250.28,256.6,2.6699e+07,244.67
256.4,261.3,255.7,260.2,1.6516e+07,248.11
258.4,263.3,257,258.4,2.0991e+07,246.39
258,259.82,256.8,259.3,1.5668e+07,247.25
305,307.48,302.08,304.59,1.2553e+07,283.73
305,307.48,302.08,304.59,1.2553e+07,283.73
261.8,261.93,256.32,257,1.6887e+07,245.06
257.8,261.9,251.9,253,2.4825e+07,241.24
250.8,255.5,249.8,254.8,1.9166e+07,242.96
254.4,256.6,251.32,253.2,9.7259e+06,241.43
253.2,253.2,253.2,253.2,0,241.43
305,307.48,302.08,304.59,1.2553e+07,283.73
305,307.48,302.08,304.59,1.2553e+07,283.73
253.2,253.2,253.2,253.2,0,241.43
254.3,261.4,253.7,259.5,1.7125e+07,247.44
260,264.57,257.5,259,1.6911e+07,246.96
258.8,262.42,258.1,262.3,1.0256e+07,250.11
263,265.22,260.5,262.7,1.0596e+07,250.49
305,307.48,302.08,304.59,1.2553e+07,283.73
305,307.48,302.08,304.59,1.2553e+07,283.73
262.5,264.8,261.52,262.1,1.3192e+07,249.92
261.6,264.2,260.1,262.9,1.2025e+07,250.68
261.7,263.45,260.2,262.3,1.7529e+07,250.11
263.4,263.4,257.94,260,1.5119e+07,247.92
260.1,263.6,259,260.1,1.8059e+07,248.01
305,307.48,302.08,304.59,1.2553e+07,283.73
305,307.48,302.08,304.59,1.2553e+07,283.73
260.1,260.93,256.32,258.5,1.2067e+07,246.49
259.9,260.85,256.85,259.3,1.3233e+07,247.25
260.3,260.8,256.9,260.1,1.5244e+07,248.01
259.1,264.8,259,263.9,1.4535e+07,251.63
263.7,267.4,263.36,264.5,2.1024e+07,252.21
305,307.48,302.08,304.59,1.2553e+07,283.73
305,307.48,302.08,304.59,1.2553e+07,283.73
265,269.1,263.4,269.1,2.0143e+07,256.59
269.6,275.4,268.7,275.3,4.2104e+07,262.51
277,279.8,267.2,267.6,2.4431e+07,255.16
255.5,265.9,251.7,255.4,2.5657e+07,251.42
252.6,261.2,251.1,254.6,1.866e+07,250.63
305,307.48,302.08,304.59,1.2553e+07,283.73
305,307.48,302.08,304.59,1.2553e+07,283.73
254.6,254.6,254.6,254.6,0,250.63
261,261,256,256.6,2.0532e+07,252.6
255.6,260.66,254.8,260.2,2.1612e+07,256.15
260.3,260.9,257.4,257.4,2.8895e+07,253.39
280,282.46,270,278.2,5.7833e+07,273.87
305,307.48,302.08,304.59,1.2553e+07,283.73
305,307.48,302.08,304.59,1.2553e+07,283.73
279,284.9,275.5,280.6,2.4152e+07,276.23
279.5,280.82,273.2,278.3,1.5516e+07,273.96
279.5,279.56,273.1,276.6,1.6013e+07,272.29
277.1,284.9,275.9,281,2.0097e+07,276.62
282.5,283.2,278.3,281,1.8814e+07,276.62
305,307.48,302.08,304.59,1.2553e+07,283.73
305,307.48,302.08,304.59,1.2553e+07,283.73
289.9,290,280.25,280.7,1.5653e+07,276.33
281.9,284.6,279.25,282.5,1.2945e+07,278.1
282.5,283.9,279.6,281.5,2.1626e+07,277.12
281.6,283.6,278.5,281,8.9691e+06,276.62
280.3,282.14,279.6,280.5,1.1568e+07,276.13
305,307.48,302.08,304.59,1.2553e+07,283.73
305,307.48,302.08,304.59,1.2553e+07,283.73
280.5,280.5,280.5,280.5,0,276.13
281.1,281.79,271.9,273.2,1.3715e+07,268.94
273.7,281.2,273.5,279.5,1.7839e+07,275.15
280,280.3,276.1,278.7,1.019e+07,274.36
278.6,280,276.7,277.6,3.0299e+07,273.28
305,307.48,302.08,304.59,1.2553e+07,283.73
305,307.48,302.08,304.59,1.2553e+07,283.73
278.6,279.6,275.3,276.8,1.0933e+07,272.49
277.3,277.3,273.6,274.6,1.4443e+07,270.32
274.5,275.8,271.2,275.2,1.5238e+07,270.91
275.5,275.56,269.1,269.3,1.7501e+07,265.11
267.6,269.3,264.8,265.6,1.2032e+07,261.46
305,307.48,302.08,304.59,1.2553e+07,283.73
305,307.48,302.08,304.59,1.2553e+07,283.73
264.8,265.5,262.7,264.3,8.371e+06,260.18
264.3,266.36,262.9,264.4,1.2667e+07,260.28
263.5,266.9,262.7,266.2,1.6636e+07,262.05
266.3,268.32,264.7,267,1.9808e+07,262.84
266.7,266.8,261.9,263.3,1.1897e+07,259.2
305,307.48,302.08,304.59,1.2553e+07,283.73
305,307.48,302.08,304.59,1.2553e+07,283.73
261.8,264.6,261.4,262,1.2536e+07,257.92
261.5,268.3,260.56,267.4,1.7259e+07,263.24
267.2,273.3,267.2,270.5,1.8185e+07,266.29
270,276.2,269.2,275.1,1.7902e+07,270.82
273.4,277.2,272.2,276.3,2.7868e+07,272
305,307.48,302.08,304.59,1.2553e+07,283.73
305,307.48,302.08,304.59,1.2553e+07,283.73
280,280,276.4,279.9,1.3533e+07,275.54
280,281.9,279.2,281.1,1.5288e+07,276.72
280.9,286.67,277.8,279.8,1.1736e+07,275.44
278.2,279.5,276,276.9,1.251e+07,272.59
275.9,276.11,272.93,274.1,1.3008e+07,269.83
305,307.48,302.08,304.59,1.2553e+07,283.73
305,307.48,302.08,304.59,1.2553e+07,283.73
266.7,272.7,266.01,269.8,1.5919e+07,265.6
269.3,269.3,263.8,263.8,1.8789e+07,259.69
264.4,266.3,262.5,263.8,1.5891e+07,259.69
263.5,268.2,262.4,267.1,1.3314e+07,262.94
267.9,268.2,264.3,265.8,8.1762e+06,261.66
305,307.48,302.08,304.59,1.2553e+07,283.73
305,307.48,302.08,304.59,1.2553e+07,283.73
263.1,269.3,262.9,267.4,1.3701e+07,263.24
268,269,259.8,259.8,1.9386e+07,255.75
260.8,263.1,258.7,260.5,1.4874e+07,256.44
260.9,267.1,260.9,266.1,1.4268e+07,261.95
269,272.13,265.47,271.7,1.3755e+07,267.47
305,307.48,302.08,304.59,1.2553e+07,283.73
305,307.48,302.08,304.59,1.2553e+07,283.73
274.6,276,271.7,275.8,1.1411e+07,271.5
275.9,277.9,274.83,277.3,1.0698e+07,272.98
277.8,281.4,276.04,280.3,2.2587e+07,275.93
282.2,283.2,277.8,281.9,1.7693e+07,277.51
283.4,284.2,281.1,281.9,9.9453e+06,277.51
305,307.48,302.08,304.59,1.2553e+07,283.73
305,307.48,302.08,304.59,1.2553e+07,283.73
282.8,283.92,281.3,283,6.3259e+06,278.59
282,282,275.5,279.4,1.8822e+07,275.05
278.3,278.7,273.2,276.9,1.3392e+07,272.59
278.9,278.9,274.2,274.9,7.9746e+06,270.62
274.4,276.8,271.2,271.9,9.7833e+06,267.67
305,307.48,302.08,304.59,1.2553e+07,283.73
305,307.48,302.08,304.59,1.2553e+07,283.73
271.9,277.7,271.7,273.7,1.4763e+07,269.44
275,276.5,271.2,271.4,1.783e+07,267.17
271.7,276.7,271.2,275.2,1.3339e+07,270.91
279.3,279.3,265.46,266.6,2.7036e+07,262.45
265.2,267.1,262.4,266.5,2.2764e+07,262.35
305,307.48,302.08,304.59,1.2553e+07,283.73
305,307.48,302.08,304.59,1.2553e+07,283.73
265.8,268.7,264.6,265.5,1.0907e+07,261.37
265.5,271.1,265,269.4,9.8859e+06,265.2
269,271.66,267.3,271,1.4342e+07,266.78
269.9,272.7,268.93,271.4,9.3227e+06,267.17
271.7,273.16,270.1,271.1,9.96e+06,266.88
305,307.48,302.08,304.59,1.2553e+07,283.73
305,307.48,302.08,304.59,1.2553e+07,283.73
272.6,272.61,269,272.3,8.5111e+06,268.06
271.5,274.6,269.2,270.4,1.3171e+07,266.19
269.9,271.72,266.62,268.4,1.49e+07,264.22
271.2,271.9,266.2,267.7,8.93e+06,263.53
268.5,270.06,267.4,267.8,8.6044e+06,263.63
305,307.48,302.08,304.59,1.2553e+07,283.73
305,307.48,302.08,304.59,1.2553e+07,283.73
269.7,269.7,266.7,268.9,7.8158e+06,264.71
268.6,270.1,267.7,268.1,5.1708e+06,263.92
267.3,267.7,263.5,263.5,7.865e+06,259.4
261.8,267,260.8,264.6,8.7037e+06,260.48
261.8,263.63,256.7,257.1,1.2648e+07,253.1
305,307.48,302.08,304.59,1.2553e+07,283.73
305,307.48,302.08,304.59,1.2553e+07,283.73
251,252.4,237.9,240.5,2.2015e+07,236.75
243.6,250,241.9,243.8,2.6206e+07,240
241,241.57,236.1,236.1,2.2829e+07,232.42
240.8,242.3,237.9,241.4,2.0453e+07,237.64
241.2,243.6,239.8,243.2,1.6771e+07,239.41
305,307.48,302.08,304.59,1.2553e+07,283.73
305,307.48,302.08,304.59,1.2553e+07,283.73
243.2,243.2,243.2,243.2,0,239.41
240.3,241.9,236.3,237,1.4669e+07,233.31
237,239.5,235.1,236.5,1.0278e+07,232.82
238.8,238.8,236,238.3,1.3558e+07,234.59
237,238.24,233,233.4,1.5142e+07,229.76
305,307.48,302.08,304.59,1.2553e+07,283.73
305,307.48,302.08,304.59,1.2553e+07,283.73
234.4,237,232.8,233.4,7.6967e+06,229.76
234.8,240.3,234.8,235.9,1.2189e+07,232.23
239.1,240.8,236,238.3,9.9543e+06,234.59
236.3,238.2,231.96,232.2,1.5261e+07,228.58
232,232.2,228.9,229,1.1398e+07,225.43
305,307.48,302.08,304.59,1.2553e+07,283.73
305,307.48,302.08,304.59,1.2553e+07,283.73
229.6,230.9,226.6,227.9,1.1479e+07,224.35
226.7,230.8,223.66,229.3,1.4497e+07,225.73
230.4,235.3,229.2,234.9,1.5325e+07,231.24
234.4,235.55,230.4,232.1,1.1992e+07,228.49
232.4,233,226.3,228.4,1.9982e+07,224.84
305,307.48,302.08,304.59,1.2553e+07,283.73
305,307.48,302.08,304.59,1.2553e+07,283.73
227.4,232.2,226.2,226.2,1.3407e+07,222.68
226.5,227.64,221.5,221.5,1.4438e+07,218.05
221.9,225.3,221.68,223.5,9.3359e+06,220.02
223.5,224.1,220,220.2,1.9486e+07,216.77
223.5,226.1,222.5,223.7,1.1692e+07,220.22
305,307.48,302.08,304.59,1.2553e+07,283.73
305,307.48,302.08,304.59,1.2553e+07,283.73
223.4,224.7,220.2,220.2,7.9616e+06,216.77
219,224.2,218.6,222.8,1.371e+07,219.33
226.2,229.3,225.9,229.2,1.607e+07,225.63
227.8,229.57,221.5,221.5,2.038e+07,221.5
224,227.37,222.9,225,1.4729e+07,225
305,307.48,302.08,304.59,1.2553e+07,283.73
305,307.48,302.08,304.59,1.2553e+07,283.73
229,232,227.6,230,1.7219e+07,230
231,231.3,226.04,229.9,1.5207e+07,229.9
231.4,239.1,230.7,236.2,2.2782e+07,236.2
236.1,241.5,234.11,241.3,1.9411e+07,241.3
242.7,246.4,242.1,243.1,2.6198e+07,243.1
305,307.48,302.08,304.59,1.2553e+07,283.73
305,307.48,302.08,304.59,1.2553e+07,283.73
242.6,244.5,236.6,238.9,1.298e+07,238.9
238.3,239,232.3,233.8,1.652e+07,233.8
233.2,235.6,231.8,234.3,1.9677e+07,234.3
236.3,238.1,235.2,237.8,2.064e+07,237.8
238.7,240,237.2,237.7,1.337e+07,237.7
305,307.48,302.08,304.59,1.2553e+07,283.73
305,307.48,302.08,304.59,1.2553e+07,283.73
237.1,239.16,236,236.5,7.953e+06,236.5
236.7,240.18,236.6,238.2,1.0498e+07,238.2
238.8,238.8,233,234.2,1.4315e+07,234.2
233.6,234.3,232.7,234,2.3804e+07,234
235.5,236.6,234.6,234.9,1.3769e+07,234.9
305,307.48,302.08,304.59,1.2553e+07,283.73
305,307.48,302.08,304.59,1.2553e+07,283.73
235.2,235.48,231.1,231.8,1.3153e+07,231.8
231.8,231.81,225.78,226.1,1.3429e+07,226.1
226,229.47,223.8,228.2,1.3523e+07,228.2
229.9,229.9,225.4,226.7,1.6321e+07,226.7
227.1,227.7,224.94,226.1,1.8597e+07,226.1
305,307.48,302.08,304.59,1.2553e+07,283.73
305,307.48,302.08,304.59,1.2553e+07,283.73
224.9,228.1,224.2,227.2,9.9951e+06,227.2
227.1,229,226.2,227.7,1.3363e+07,227.7
227.9,233.4,227.6,232,2.0174e+07,232
230,230.3,227.1,228.1,1.6251e+07,228.1
227.8,229.2,224.5,224.7,1.3298e+07,224.7
305,307.48,302.08,304.59,1.2553e+07,283.73
305,307.48,302.08,304.59,1.2553e+07,283.73
222.9,223.3,216.4,216.5,1.9039e+07,216.5
216.5,217.6,214.5,214.8,1.4559e+07,214.8
214.6,221.12,214.24,215,1.4651e+07,215
214.8,214.82,209.6,210.7,1.7404e+07,210.7
209.6,212.3,207.74,208.8,1.3428e+07,208.8
305,307.48,302.08,304.59,1.2553e+07,283.73
305,307.48,302.08,304.59,1.2553e+07,283.73
207.4,210.1,206.8,208.6,8.8062e+06,208.6
210.8,212.5,209.95,212.2,1.1299e+07,212.2
211.1,212.9,210.03,211.6,8.1542e+06,211.6
213.3,215.4,212.8,213.6,1.045e+07,213.6
215.1,215.12,212,213.9,7.5799e+06,213.9
305,307.48,302.08,304.59,1.2553e+07,283.73
305,307.48,302.08,304.59,1.2553e+07,283.73
213.2,214.2,210.7,212.3,7.772e+06,212.3
212,212.5,208.6,211.6,9.6434e+06,211.6
212.4,216.8,212.4,216.1,1.3046e+07,216.1
216.1,221.6,215.4,221.5,1.1137e+07,221.5
221.1,221.9,219.1,220.8,8.0608e+06,220.8
305,307.48,302.08,304.59,1.2553e+07,283.73
305,307.48,302.08,304.59,1.2553e+07,283.73
220.5,221,216.8,218.1,1.2793e+07,218.1
218.2,220.7,214.83,218.7,1.2597e+07,218.7
219.9,221.09,218.6,219.1,9.8245e+06,219.1
219.2,220.2,213.21,213.3,1.4985e+07,213.3
212.5,214.7,211.3,211.4,1.4261e+07,211.4
305,307.48,302.08,304.59,1.2553e+07,283.73
305,307.48,302.08,304.59,1.2553e+07,283.73
212.3,212.85,206.4,207,1.4591e+07,207
206.2,207.25,201.3,201.9,2.0936e+07,201.9
203,207.8,200.87,206.1,1.4566e+07,206.1
210.5,216.2,210.4,211.5,2.383e+07,211.5
211.9,212.6,208.6,210.9,1.9827e+07,210.9
305,307.48,302.08,304.59,1.2553e+07,283.73
305,307.48,302.08,304.59,1.2553e+07,283.73
212,214.4,207.5,208.1,1.6994e+07,208.1
209.4,214,207.9,209.3,1.2651e+07,209.3
209.4,214.4,208.7,212.9,1.4912e+07,212.9
216.5,216.5,212.3,213.5,1.3623e+07,213.5
211.6,214.4,211.51,212,1.2841e+07,212
305,307.48,302.08,304.59,1.2553e+07,283.73
305,307.48,302.08,304.59,1.2553e+07,283.73
211.2,213.1,210.2,210.2,9.3973e+06,210.2
211.8,211.8,208.4,209.1,7.3714e+06,209.1
210.8,217.3,210.8,216.8,1.2453e+07,216.8
218,219.9,215.97,218.2,3.0985e+06,218.2
305,307.48,302.08,304.59,1.2553e+07,283.73
305,307.48,302.08,304.59,1.2553e+07,283.73
305,307.48,302.08,304.59,1.2553e+07,283.73
305,307.48,302.08,304.59,1.2553e+07,283.73
220,221.7,218.41,220.9,8.0799e+06,220.9
221.3,224.6,219.7,220.9,7.139e+06,220.9
221.2,221.2,216.7,218.1,5.3332e+06,218.1
305,307.48,302.08,304.59,1.2553e+07,283.73
305,307.48,302.08,304.59,1.2553e+07,283.73
305,307.48,302.08,304.59,1.2553e+07,283.73
216.6,216.6,210.6,212.1,1.3761e+07,212.1
214.9,215.7,212.4,212.1,6.9963e+06,212.1
215.5,217.2,211.3,213.6,8.8726e+06,213.6
209.1,210.2,205.4,210.2,1.6942e+07,210.2
211.1,212.7,207.8,207.8,1.1051e+07,207.8
305,307.48,302.08,304.59,1.2553e+07,283.73
305,307.48,302.08,304.59,1.2553e+07,283.73
206.8,208.3,205.5,206.2,9.0707e+06,206.2
207.7,211.4,206.1,206.6,1.3207e+07,206.6
208.7,212.4,206.9,210.2,1.1552e+07,210.2
207.6,212.1,206.4,212.1,2.0227e+07,212.1
213.4,213.9,205.8,207,1.5674e+07,207
305,307.48,302.08,304.59,1.2553e+07,283.73
305,307.48,302.08,304.59,1.2553e+07,283.73
206.6,209,205.2,205.2,1.0093e+07,205.2
207.8,210.8,205.9,209.4,1.2185e+07,209.4
206,207.5,202.4,204,1.7441e+07,204
203.8,206.1,201.2,204.3,1.6016e+07,204.3
206.9,208,205.5,207.2,1.4449e+07,207.2
305,307.48,302.08,304.59,1.2553e+07,283.73
305,307.48,302.08,304.59,1.2553e+07,283.73
207.6,208.8,205.1,206.2,1.4466e+07,206.2
203.9,207,202.8,206.7,1.3038e+07,206.7
207,210.9,205.8,210.1,1.7089e+07,210.1
207.9,208,199.05,200.2,3.6795e+07,200.2
203.5,206,200.96,204.8,2.0958e+07,204.8
305,307.48,302.08,304.59,1.2553e+07,283.73
305,307.48,302.08,304.59,1.2553e+07,283.73
205.3,207,201.55,205.1,1.7361e+07,205.1
204.7,206,198.3,199.3,1.419e+07,199.3
198.4,200.1,193.3,194.4,1.4635e+07,194.4
197.2,198.3,191.8,196.6,1.8425e+07,196.6
197.4,200.3,195.4,196.3,1.6411e+07,196.3
305,307.48,302.08,304.59,1.2553e+07,283.73
305,307.48,302.08,304.59,1.2553e+07,283.73
196.4,196.6,190.8,191.9,1.1404e+07,191.9
192.6,194.5,187.9,187.9,1.4219e+07,187.9
188.1,191.4,185.8,187.8,1.3246e+07,187.8
186.4,186.6,182.5,183.6,1.9174e+07,183.6
184.6,189.6,184.5,189.6,1.7913e+07,189.6
305,307.48,302.08,304.59,1.2553e+07,283.73
305,307.48,302.08,304.59,1.2553e+07,283.73
190,193.01,189.6,192.4,1.3067e+07,192.4
193.7,194.3,190.5,191.7,1.1836e+07,191.7
192.8,194.1,189.8,194.1,1.957e+07,194.1
