783,785.83,777,783,1.4201e+06,769.56
782,799.5,782,798,2.688e+06,784.31
792.5,809.58,788,809.5,2.7083e+06,795.61
806,814,799.5,804,3.1154e+06,790.2
804.5,810.5,797.5,799,3.3249e+06,785.29
998.2,1006.3,990.08,998.02,3.1429e+06,981.56
998.2,1006.3,990.08,998.02,3.1429e+06,981.56
798.5,806,793,801,8.0439e+06,787.26
793.5,795.5,786.5,792,2.4916e+06,778.41
793,799,790.99,798,1.6122e+06,784.31
799,803.78,797,800.5,4.1385e+06,786.76
799,822.5,797.5,820.5,3.4979e+06,806.42
998.2,1006.3,990.08,998.02,3.1429e+06,981.56
998.2,1006.3,990.08,998.02,3.1429e+06,981.56
819.5,823,815,822.5,2.4823e+06,808.39
826.5,832.08,825,830.5,2.0293e+06,816.25
830,837.5,828,833,2.6886e+06,818.71
835.5,837.5,829,833.5,3.1184e+06,819.2
837,837,821.54,834.5,2.5928e+06,820.18
998.2,1006.3,990.08,998.02,3.1429e+06,981.56
998.2,1006.3,990.08,998.02,3.1429e+06,981.56
834,837,831.65,837,1.8906e+06,822.64
839,847,836.5,844.5,2.1073e+06,830.01
844,845,833,837,2.3738e+06,822.64
837,849,835.5,846,2.5587e+06,831.48
850.5,853,834.5,835,4.7455e+06,820.67
998.2,1006.3,990.08,998.02,3.1429e+06,981.56
998.2,1006.3,990.08,998.02,3.1429e+06,981.56
823,840.5,820,838.5,2.3105e+06,824.11
839.5,844.89,833,840,2.2737e+06,825.59
845,849.5,838.16,843.5,2.3293e+06,829.03
841,841,827,834,2.5629e+06,819.69
830,837.5,827,832.5,2.0102e+06,818.21
998.2,1006.3,990.08,998.02,3.1429e+06,981.56
998.2,1006.3,990.08,998.02,3.1429e+06,981.56
838,845,830.5,835,1.9532e+06,820.67
807,827.5,807,824,6.6828e+06,809.86
830.5,832.5,821,829,3.0015e+06,814.77
832,843,828,840.5,3.1718e+06,826.08
840.5,840.5,840.5,840.5,0,826.08
998.2,1006.3,990.08,998.02,3.1429e+06,981.56
998.2,1006.3,990.08,998.02,3.1429e+06,981.56
840.5,840.5,840.5,840.5,0,826.08
840,863,840,852.5,2.2271e+06,837.87
854.5,860.5,846.5,850,2.076e+06,835.41
852.5,855,832.5,836,2.5337e+06,821.65
835,836.96,813.5,814.5,2.2553e+06,800.52
998.2,1006.3,990.08,998.02,3.1429e+06,981.56
998.2,1006.3,990.08,998.02,3.1429e+06,981.56
816.5,829.5,816.5,824,2.4722e+06,809.86
828,828,813,814,2.2067e+06,800.03
814,819.5,810,817,4.5991e+06,802.98
815.5,827,809,821,3.5456e+06,806.91
821,824.5,808.5,815,2.6372e+06,801.01
998.2,1006.3,990.08,998.02,3.1429e+06,981.56
998.2,1006.3,990.08,998.02,3.1429e+06,981.56
812.5,820,810.2,819.5,2.4707e+06,805.44
815,825.5,811.5,824,3.6926e+06,809.86
830,834,822.5,827.5,2.7875e+06,813.3
823,824,809.5,823,5.5371e+06,808.88
823.5,824,814,824,3.0469e+06,809.86
998.2,1006.3,990.08,998.02,3.1429e+06,981.56
998.2,1006.3,990.08,998.02,3.1429e+06,981.56
827.5,830,813.5,816.5,2.8527e+06,802.49
819.5,847.5,819.5,845.5,3.1322e+06,830.99
846.5,848,836.5,840,2.5337e+06,825.59
840.5,845,833.5,843.5,2.4747e+06,829.03
842.5,849,835.5,841.5,1.8286e+06,827.06
998.2,1006.3,990.08,998.02,3.1429e+06,981.56
998.2,1006.3,990.08,998.02,3.1429e+06,981.56
844,856,842.5,855,2.5943e+06,840.33
857.5,860.35,838.5,847,3.8304e+06,832.47
850,854,846.5,853,1.5074e+06,838.36
850.5,855.5,843.5,854,2.9736e+06,839.35
854.5,861.95,848.5,856.5,2.856e+06,841.8
998.2,1006.3,990.08,998.02,3.1429e+06,981.56
998.2,1006.3,990.08,998.02,3.1429e+06,981.56
856.5,856.5,856.5,856.5,0,841.8
860,862,843.5,847,3.2227e+06,832.47
846,858.5,842,854.5,3.5582e+06,839.84
854,858,836.86,840,3.1933e+06,825.59
839,855.29,837,851.5,3.0377e+06,836.89
998.2,1006.3,990.08,998.02,3.1429e+06,981.56
998.2,1006.3,990.08,998.02,3.1429e+06,981.56
850.5,860,845,860,3.2366e+06,845.24
857,875,856.5,870,3.1391e+06,855.07
864,897,862,878,2.9523e+06,862.93
878.5,891,878.5,883.5,2.6363e+06,868.34
887,892,879.5,892,3.3883e+06,876.69
998.2,1006.3,990.08,998.02,3.1429e+06,981.56
998.2,1006.3,990.08,998.02,3.1429e+06,981.56
892,898,886,898,1.8581e+06,882.59
897,906.5,891.5,906.5,2.9546e+06,890.94
906,917,902,910.5,3.878e+06,894.88
898,904,886.5,893,3.0673e+06,877.68
895,901.54,881.5,887,2.9344e+06,871.78
998.2,1006.3,990.08,998.02,3.1429e+06,981.56
998.2,1006.3,990.08,998.02,3.1429e+06,981.56
887,887,887,887,0,871.78
903,906,890,901.5,2.9464e+06,886.03
900,909,873.5,876.5,2.753e+06,861.46
876.5,880,871,874.5,2.149e+06,859.49
872,873.5,852,866.5,4.2739e+06,851.63
998.2,1006.3,990.08,998.02,3.1429e+06,981.56
998.2,1006.3,990.08,998.02,3.1429e+06,981.56
862,862,846.59,853.5,2.1229e+06,838.85
858,867.5,854,866,1.8775e+06,851.14
865.5,866,852,855.5,2.4852e+06,840.82
854,856,838,838.5,2.0128e+06,824.11
841,853.5,836.5,850,2.5914e+06,835.41
998.2,1006.3,990.08,998.02,3.1429e+06,981.56
998.2,1006.3,990.08,998.02,3.1429e+06,981.56
850,860,848.13,855.5,1.93e+06,840.82
849.5,850.5,827.62,838,3.9599e+06,823.62
839.5,851.5,837,840,2.4147e+06,825.59
831.5,841,815.23,840.5,2.9914e+06,826.08
855,855,838,839.5,2.7876e+06,825.09
998.2,1006.3,990.08,998.02,3.1429e+06,981.56
998.2,1006.3,990.08,998.02,3.1429e+06,981.56
840,846,837,838.5,2.4016e+06,824.11
843,852,842,845.5,3.8627e+06,830.99
846,847,836,839,1.8669e+06,824.6
831.5,840.5,823.5,826,3.274e+06,811.83
830.5,840,818,819.5,6.4562e+06,805.44
998.2,1006.3,990.08,998.02,3.1429e+06,981.56
998.2,1006.3,990.08,998.02,3.1429e+06,981.56
819,826,809,811.5,2.219e+06,797.58
814,828.5,807,827,2.9135e+06,812.81
826,840.5,822,835,3.017e+06,829.06
833.5,856.5,829.5,852.5,4.4042e+06,846.43
851.5,855,839,840,6.5632e+06,834.02
998.2,1006.3,990.08,998.02,3.1429e+06,981.56
998.2,1006.3,990.08,998.02,3.1429e+06,981.56
848,865.5,846,863,2.3487e+06,856.86
866.5,866.5,852,858.5,2.4712e+06,852.39
853.5,860.5,851,857,2.2136e+06,850.9
862.5,882.5,861,882.5,2.2521e+06,876.22
882,892.5,863.26,872.5,4.4459e+06,866.29
998.2,1006.3,990.08,998.02,3.1429e+06,981.56
998.2,1006.3,990.08,998.02,3.1429e+06,981.56
877,888,875,881,2.2424e+06,874.73
889,895.5,882.5,888,2.199e+06,881.68
888.5,894,883,889.5,2.3354e+06,883.17
900.5,905.5,887,894,2.4613e+06,887.64
893.5,904.5,893,896.5,1.9057e+06,890.12
998.2,1006.3,990.08,998.02,3.1429e+06,981.56
998.2,1006.3,990.08,998.02,3.1429e+06,981.56
899.5,901.5,893,897,1.7181e+06,890.62
898,900.01,879,883,2.774e+06,876.72
885,891.5,877.5,884,2.2056e+06,877.71
884.5,898.5,880.5,895.5,1.8804e+06,889.13
895,897.5,892,896.5,4.2427e+06,890.12
998.2,1006.3,990.08,998.02,3.1429e+06,981.56
998.2,1006.3,990.08,998.02,3.1429e+06,981.56
897,897,880.5,882,1.8618e+06,875.72
882.5,894.95,876,876,2.3115e+06,869.77
888,895,881.5,885.5,1.9345e+06,879.2
887.5,889.5,871.82,879,2.5212e+06,872.75
877.5,884,873.5,874.5,2.4617e+06,868.28
998.2,1006.3,990.08,998.02,3.1429e+06,981.56
998.2,1006.3,990.08,998.02,3.1429e+06,981.56
880.5,897.5,880.5,884,1.9301e+06,877.71
887.5,896,886.5,893.5,1.8013e+06,887.14
888.5,905.5,888.5,898,2.841e+06,891.61
902.5,909.17,897,903.5,2.5948e+06,897.07
902.5,908.32,899,901,1.45e+06,894.59
998.2,1006.3,990.08,998.02,3.1429e+06,981.56
998.2,1006.3,990.08,998.02,3.1429e+06,981.56
903,912,894,899,1.7302e+06,892.6
898.5,905.5,894.5,903.5,2.6608e+06,897.07
901,908,886.5,886.5,2.4779e+06,880.19
888,888.5,877.09,882.5,1.8566e+06,876.22
883,883.5,874.5,881,1.6663e+06,874.73
998.2,1006.3,990.08,998.02,3.1429e+06,981.56
998.2,1006.3,990.08,998.02,3.1429e+06,981.56
880.5,884,868.08,875,1.4234e+06,868.77
878.5,881.5,869,875.5,1.4849e+06,869.27
876.5,883.5,867.5,872,2.152e+06,865.79
869,873.5,849,852.5,2.0734e+06,846.43
850.5,857.5,847.5,857,2.3264e+06,850.9
998.2,1006.3,990.08,998.02,3.1429e+06,981.56
998.2,1006.3,990.08,998.02,3.1429e+06,981.56
857,862.14,855.5,857.5,1.1172e+06,851.4
863,870.5,854,870,2.7554e+06,863.81
869.5,873,863,863.5,2.1792e+06,857.36
864,872.5,862.5,871.5,2.2391e+06,865.3
871,881,868,874.5,2.076e+06,868.28
998.2,1006.3,990.08,998.02,3.1429e+06,981.56
998.2,1006.3,990.08,998.02,3.1429e+06,981.56
874.5,874.5,874.5,874.5,0,868.28
874,875.5,866.5,869.5,2.8471e+06,863.31
865.5,867,857.5,861.5,2.6702e+06,855.37
861.5,875.5,860.5,872,2.4703e+06,865.79
873,874.5,855.5,856,3.2908e+06,849.91
998.2,1006.3,990.08,998.02,3.1429e+06,981.56
998.2,1006.3,990.08,998.02,3.1429e+06,981.56
857.5,874,857.5,868,1.5765e+06,861.82
867,876,856.5,858,3.2001e+06,851.89
858,867,850,854.5,2.633e+06,848.42
857,863.5,847,853,2.6133e+06,846.93
850,863,844.15,853,3.8571e+06,846.93
998.2,1006.3,990.08,998.02,3.1429e+06,981.56
998.2,1006.3,990.08,998.02,3.1429e+06,981.56
856,857,844.5,847.5,2.1099e+06,841.47
850.5,855,847.5,851.5,3.5337e+06,845.44
852,858,849,854,2.9466e+06,847.92
852.5,858,840,842.5,3.1614e+06,836.51
840.5,848.82,840.5,844.5,1.9736e+06,838.49
998.2,1006.3,990.08,998.02,3.1429e+06,981.56
998.2,1006.3,990.08,998.02,3.1429e+06,981.56
854,863.5,853,859,2.4309e+06,852.89
853.5,861,851.24,851.5,2.7138e+06,845.44
840,851.5,830.5,847,4.8039e+06,840.97
852,859,847,848.5,2.7658e+06,842.46
851,858.83,849.5,855.5,5.0311e+06,849.41
998.2,1006.3,990.08,998.02,3.1429e+06,981.56
998.2,1006.3,990.08,998.02,3.1429e+06,981.56
858.5,858.5,835,839,3.5352e+06,833.03
839.5,841.5,826.5,837.5,3.6719e+06,831.54
835,838,826.5,830,3.2818e+06,824.09
840,850,833,849.5,4.5195e+06,843.46
852.5,855.5,840.5,849.5,2.4516e+06,843.46
998.2,1006.3,990.08,998.02,3.1429e+06,981.56
998.2,1006.3,990.08,998.02,3.1429e+06,981.56
842.5,852,839,850,3.4169e+06,843.95
851,856,848,849.5,2.6914e+06,843.46
846.5,848.5,838.5,844.5,2.2156e+06,838.49
843.5,849.5,839,848,1.9644e+06,841.97
846,848.5,843.5,846.5,2.1292e+06,840.48
998.2,1006.3,990.08,998.02,3.1429e+06,981.56
998.2,1006.3,990.08,998.02,3.1429e+06,981.56
842,846.5,839.5,845.5,1.7e+06,839.48
846,847,828.5,831,2.6156e+06,825.09
828,832.35,822.78,829.5,2.4644e+06,823.6
831.5,850,831.5,849.5,3.7811e+06,843.46
853,857.5,849,855,2.0017e+06,848.92
998.2,1006.3,990.08,998.02,3.1429e+06,981.56
998.2,1006.3,990.08,998.02,3.1429e+06,981.56
853.5,862,853.5,862,1.5545e+06,855.87
867,873,861,864.5,2.1984e+06,858.35
862,869,855.5,865,2.5341e+06,858.85
862,869,858.5,869,1.7856e+06,862.82
873.5,887.5,871.5,886.5,2.872e+06,880.19
998.2,1006.3,990.08,998.02,3.1429e+06,981.56
998.2,1006.3,990.08,998.02,3.1429e+06,981.56
889.5,893.5,884.5,893,1.9265e+06,886.65
891.5,905.5,891,898.5,2.5337e+06,892.11
899,910.25,897,903,2.3894e+06,896.58
904.5,909.5,899.5,906,2.4411e+06,899.55
904,909,901,907,2.3174e+06,900.55
998.2,1006.3,990.08,998.02,3.1429e+06,981.56
998.2,1006.3,990.08,998.02,3.1429e+06,981.56
910,910,901.5,903.5,1.8167e+06,897.07
905.5,908.5,894,896.5,3.8185e+06,890.12
883,902,883,899.5,2.802e+06,893.1
897.5,905,894,897,3.3852e+06,890.62
898,901.5,892.5,893.5,2.1234e+06,887.14
998.2,1006.3,990.08,998.02,3.1429e+06,981.56
998.2,1006.3,990.08,998.02,3.1429e+06,981.56
897,906,895.5,900,2.6879e+06,893.6
904.5,904.5,887,898.5,2.3836e+06,892.11
903,908,899,902,2.3637e+06,895.58
905,907.5,897,901.5,1.9053e+06,895.09
898,908,895.05,907,2.1777e+06,900.55
998.2,1006.3,990.08,998.02,3.1429e+06,981.56
998.2,1006.3,990.08,998.02,3.1429e+06,981.56
909,912,902.5,902.5,2.2335e+06,896.08
903.5,905.5,899.72,905,2.2246e+06,898.56
904.5,905.5,882.5,888.5,3.0618e+06,882.18
896.5,900.5,882,887,4.3041e+06,880.69
890,901,885,897.5,2.6781e+06,891.11
998.2,1006.3,990.08,998.02,3.1429e+06,981.56
998.2,1006.3,990.08,998.02,3.1429e+06,981.56
897,900.5,885.5,895.5,1.939e+06,889.13
891,903,891,901,2.3918e+06,894.59
900,905,896.5,898,2.809e+06,891.61
894.5,908,892.5,905,2.9756e+06,898.56
885.5,913,885.5,910,3.2106e+06,903.52
998.2,1006.3,990.08,998.02,3.1429e+06,981.56
998.2,1006.3,990.08,998.02,3.1429e+06,981.56
915,931.74,915,927,3.8489e+06,920.4
926.5,936,923.5,926.5,3.9962e+06,919.91
936,964.5,926,938.5,4.5642e+06,931.82
933,933,922,922,2.9888e+06,915.44
919.5,932.45,919.5,921,3.2734e+06,914.45
998.2,1006.3,990.08,998.02,3.1429e+06,981.56
998.2,1006.3,990.08,998.02,3.1429e+06,981.56
921,927.97,919,926,2.4752e+06,919.41
927,932.5,914.5,914.5,2.1626e+06,907.99
916,921.5,909.5,911.5,2.4864e+06,905.01
910,916.5,908.15,912.5,1.7972e+06,906.01
918.5,923,910,917,2.5895e+06,910.48
998.2,1006.3,990.08,998.02,3.1429e+06,981.56
998.2,1006.3,990.08,998.02,3.1429e+06,981.56
920.5,922.5,911,921.5,2.1819e+06,914.94
917.5,922,915,917.5,1.959e+06,910.97
917.5,928,914.5,916,2.1331e+06,909.48
913,917,902.5,905,2.8409e+06,898.56
907.5,916.5,905,911.5,2.5428e+06,905.01
998.2,1006.3,990.08,998.02,3.1429e+06,981.56
998.2,1006.3,990.08,998.02,3.1429e+06,981.56
909,921,908,917.5,2.9213e+06,910.97
916.5,921,912,912,2.2535e+06,905.51
915.5,922,909,911,2.0757e+06,904.52
918,931,917.5,931,3.1285e+06,924.38
932,939,925.5,937.5,7.7252e+06,930.83
998.2,1006.3,990.08,998.02,3.1429e+06,981.56
998.2,1006.3,990.08,998.02,3.1429e+06,981.56
936,950.5,935.5,950,1.5113e+06,943.24
950,958,947.22,950.5,3.022e+05,943.74
950.5,950.5,950.5,950.5,0,943.74
950.5,950.5,950.5,950.5,0,943.74
954.5,960,949.82,959.5,1.2909e+06,952.67
998.2,1006.3,990.08,998.02,3.1429e+06,981.56
998.2,1006.3,990.08,998.02,3.1429e+06,981.56
960,965.5,954.5,958,1.4198e+06,951.19
955.5,968.5,954.5,968,5.793e+05,961.11
968,968,968,968,0,961.11
969,971,958.5,962,2.034e+06,955.15
963,971.5,956.28,965.5,1.7557e+06,958.63
998.2,1006.3,990.08,998.02,3.1429e+06,981.56
998.2,1006.3,990.08,998.02,3.1429e+06,981.56
966,976,958.5,962.5,2.6456e+06,955.65
964.5,967,946.29,961,2.9705e+06,954.16
960.5,963,947.5,949,3.2967e+06,942.25
951.5,957.5,940,943.5,3.0965e+06,936.79
944.5,959.5,944.5,953,2.3918e+06,946.22
998.2,1006.3,990.08,998.02,3.1429e+06,981.56
998.2,1006.3,990.08,998.02,3.1429e+06,981.56
955.5,961.01,950.5,958.5,1.6363e+06,951.68
950.5,962,947,959,1.8553e+06,952.18
964,967.5,961,965.5,1.8489e+06,958.63
968.5,975,964.5,970.5,1.9964e+06,963.6
972.5,985,961.5,964.5,3.7094e+06,957.63
998.2,1006.3,990.08,998.02,3.1429e+06,981.56
998.2,1006.3,990.08,998.02,3.1429e+06,981.56
968.5,973.5,967,970,1.9836e+06,963.09
966.5,985.5,966.5,978,2.7583e+06,971.04
973,977,962.5,967,2.8259e+06,976.83
966.5,967,956.5,959,2.397e+06,968.75
947,950,935.32,936.5,4.5182e+06,946.02
998.2,1006.3,990.08,998.02,3.1429e+06,981.56
998.2,1006.3,990.08,998.02,3.1429e+06,981.56
936,942.48,924.5,926,3.3122e+06,935.41
928,937,924.5,932.5,2.6302e+06,941.98
935.5,949.71,921,931.5,3.821e+06,940.97
929,932.5,917.5,919,3.8023e+06,928.34
919.5,922,904,910.5,4.0521e+06,919.76
998.2,1006.3,990.08,998.02,3.1429e+06,981.56
998.2,1006.3,990.08,998.02,3.1429e+06,981.56
911,943.5,905.5,907,2.8514e+06,916.22
903,910.5,900.36,903,2.824e+06,912.18
903.5,905.5,897,899.5,4.558e+06,908.64
917.5,917.5,896,901.5,4.5887e+06,910.66
902.5,903.5,889,892,3.9766e+06,901.07
998.2,1006.3,990.08,998.02,3.1429e+06,981.56
998.2,1006.3,990.08,998.02,3.1429e+06,981.56
894.5,895.5,883,891,4.3702e+06,900.06
894,907,893,907,4.7821e+06,916.22
911,918.5,906.5,916,4.6326e+06,925.31
915,921.5,895,904.5,3.8708e+06,913.7
907,915.05,903.75,913.5,3.0735e+06,922.79
998.2,1006.3,990.08,998.02,3.1429e+06,981.56
998.2,1006.3,990.08,998.02,3.1429e+06,981.56
917,924.67,916.04,920,2.6874e+06,929.35
923,932.5,918.5,932,2.6873e+06,941.48
931.5,937,920,922,2.5969e+06,931.37
918,922,914.44,917,3.0879e+06,926.32
917.5,930,917.5,924,3.848e+06,933.39
998.2,1006.3,990.08,998.02,3.1429e+06,981.56
998.2,1006.3,990.08,998.02,3.1429e+06,981.56
922.5,940,922,938.5,3.7487e+06,948.04
941,946,934.5,941,4.4858e+06,950.57
941.5,946.5,936,940.5,2.643e+06,950.06
939.5,945,933.5,938,2.8943e+06,947.54
937,948,932,944.5,3.7835e+06,954.1
998.2,1006.3,990.08,998.02,3.1429e+06,981.56
998.2,1006.3,990.08,998.02,3.1429e+06,981.56
936,944.5,927.5,938,3.785e+06,947.54
941,955.06,941,954.5,2.5819e+06,964.21
953,955,942.5,943.5,2.7529e+06,953.09
945,949,942,943.5,1.8693e+06,953.09
942.5,953.5,938.5,945.5,2.7292e+06,955.11
998.2,1006.3,990.08,998.02,3.1429e+06,981.56
998.2,1006.3,990.08,998.02,3.1429e+06,981.56
946.5,948,935.56,938.5,2.7423e+06,948.04
939,941,926.5,936.5,2.6187e+06,946.02
932,935,920,920,2.7883e+06,929.35
920.5,922.5,914,914,2.1726e+06,923.29
910.5,917,909,912,2.8833e+06,921.27
998.2,1006.3,990.08,998.02,3.1429e+06,981.56
998.2,1006.3,990.08,998.02,3.1429e+06,981.56
913.5,920.5,910.5,915,2.2541e+06,924.3
913,924.5,908.5,919,2.0385e+06,928.34
920,923,914,914.5,2.0062e+06,923.8
909,912,902,907.5,4.3828e+06,916.73
907.5,912.5,900.36,907.5,4.6677e+06,916.73
998.2,1006.3,990.08,998.02,3.1429e+06,981.56
998.2,1006.3,990.08,998.02,3.1429e+06,981.56
906,910.5,898,901,2.8333e+06,910.16
901,920,901,917.5,3.1371e+06,926.83
919.5,936,919.18,929,3.9263e+06,938.45
925,929.5,918,923,2.9355e+06,932.38
925,929.5,919.5,920.5,2.4448e+06,929.86
998.2,1006.3,990.08,998.02,3.1429e+06,981.56
998.2,1006.3,990.08,998.02,3.1429e+06,981.56
924.5,928,912,915,2.5785e+06,924.3
915.5,920.5,911.5,918.5,2.2345e+06,927.84
920,926.5,915,915,2.4676e+06,924.3
914,918.5,906.5,908,2.6323e+06,917.23
909,917,909,916,3.3935e+06,925.31
998.2,1006.3,990.08,998.02,3.1429e+06,981.56
998.2,1006.3,990.08,998.02,3.1429e+06,981.56
910,919,906.5,913.5,2.8793e+06,922.79
913.5,914,894.5,904.5,3.705e+06,913.7
906.5,912.5,903.4,909.5,2.0057e+06,918.75
915.5,928,909,921,3.268e+06,930.36
912.5,915,901.33,908.5,2.8448e+06,917.74
998.2,1006.3,990.08,998.02,3.1429e+06,981.56
998.2,1006.3,990.08,998.02,3.1429e+06,981.56
904,912.09,892,912,5.0326e+06,921.27
909,916,904.5,907,2.7113e+06,916.22
913,916.5,904.5,907.5,2.5112e+06,916.73
911,921.5,907,919.5,1.8181e+06,928.85
919.5,919.5,919.5,919.5,0,928.85
998.2,1006.3,990.08,998.02,3.1429e+06,981.56
998.2,1006.3,990.08,998.02,3.1429e+06,981.56
919.5,919.5,919.5,919.5,0,928.85
920,930.06,916.5,925.5,2.1423e+06,934.91
929,937,927.5,934.5,2.458e+06,944
937,939,924,932.5,2.467e+06,941.98
930.5,936.05,928,936,2.0844e+06,945.52
998.2,1006.3,990.08,998.02,3.1429e+06,981.56
998.2,1006.3,990.08,998.02,3.1429e+06,981.56
936,943,928,929,4.8e+06,938.45
933.5,940.5,926.44,936,2.8275e+06,945.52
931.5,943,928.5,942,2.4749e+06,951.58
944.5,954.82,938,941.5,1.1295e+06,951.07
941,949.94,938.5,945.5,2.3459e+06,955.11
998.2,1006.3,990.08,998.02,3.1429e+06,981.56
998.2,1006.3,990.08,998.02,3.1429e+06,981.56
945.5,945.5,945.5,945.5,0,955.11
945.5,952.5,942,949.5,2.2184e+06,959.15
951,967.5,950,961.5,3.7168e+06,971.27
962.5,965,959.5,962,1.8553e+06,971.77
963,972.5,959.5,971.5,2.4508e+06,981.38
998.2,1006.3,990.08,998.02,3.1429e+06,981.56
998.2,1006.3,990.08,998.02,3.1429e+06,981.56
975.5,982,970,981,2.5772e+06,990.97
985.5,988.5,975,980.5,2.7589e+06,990.47
1020,1039,993,996,5.7352e+06,1006.1
992,1001,990,993,4.5875e+06,1003.1
997.5,1004,982.06,990.5,4.0633e+06,1000.6
998.2,1006.3,990.08,998.02,3.1429e+06,981.56
998.2,1006.3,990.08,998.02,3.1429e+06,981.56
993.5,1007,992.5,1001,2.9244e+06,1011.2
1001,1009,992.5,993.5,2.1305e+06,1003.6
985,990,980,986,3.9609e+06,1004.4
985,1003,984,1002,2.0335e+06,1020.7
1001,1005.8,993,1005.8,2.1832e+06,1024.6
998.2,1006.3,990.08,998.02,3.1429e+06,981.56
998.2,1006.3,990.08,998.02,3.1429e+06,981.56
1005.8,1005.8,1005.8,1005.8,0,1024.6
998,1013.4,997.5,1004,2.0518e+06,1022.7
1000,1004,996,1002,1.6177e+06,1020.7
999.5,1008,995,1002,2.1968e+06,1020.7
1001,1007,992.5,995.5,3.6394e+06,1014.1
998.2,1006.3,990.08,998.02,3.1429e+06,981.56
998.2,1006.3,990.08,998.02,3.1429e+06,981.56
999,1008.9,995,999.5,1.5433e+06,1018.2
998.5,1006.9,995.5,996,1.6328e+06,1014.6
995,1010.2,993,1007,2.3364e+06,1025.8
1007,1008.6,994.79,1000,1.7957e+06,1018.7
999,1010,999,1010,1.3149e+06,1028.8
998.2,1006.3,990.08,998.02,3.1429e+06,981.56
998.2,1006.3,990.08,998.02,3.1429e+06,981.56
1013,1015,1003,1006,1.6285e+06,1024.8
1003,1015,1003,1010,1.9864e+06,1028.8
1013,1013,1000,1001,2.1476e+06,1019.7
1004,1006.3,999.5,1003,2.3838e+06,1021.7
1006,1006,983,993.5,3.6489e+06,1012
998.2,1006.3,990.08,998.02,3.1429e+06,981.56
998.2,1006.3,990.08,998.02,3.1429e+06,981.56
996,1001,992.27,996.5,3.2638e+06,1015.1
996.5,1014,996.5,1004,2.6244e+06,1022.7
1008,1021,1004,1004,2.4519e+06,1022.7
1012,1018,1010.5,1013,1.59e+06,1031.9
1009,1019.5,1004,1007,3.9379e+06,1025.8
998.2,1006.3,990.08,998.02,3.1429e+06,981.56
998.2,1006.3,990.08,998.02,3.1429e+06,981.56
1009,1011,994,1000,2.2915e+06,1018.7
1002,1007,1000,1000,2.1975e+06,1018.7
1000,1003,992,1001,3.5801e+06,1019.7
1009,1014,1001.2,1008,2.4308e+06,1026.8
1014,1020.4,1005,1016,2.8124e+06,1035
998.2,1006.3,990.08,998.02,3.1429e+06,981.56
998.2,1006.3,990.08,998.02,3.1429e+06,981.56
1018,1020,1003,1017,3.3294e+06,1036
1022,1031,1011,1030,3.9599e+06,1049.2
1032,1042,1030,1041,3.083e+06,1060.4
1043,1049,988.5,1046,5.9555e+06,1065.5
1046,1050,1042,1048,3.4718e+06,1067.6
998.2,1006.3,990.08,998.02,3.1429e+06,981.56
998.2,1006.3,990.08,998.02,3.1429e+06,981.56
1045,1049,1040,1041,1.9548e+06,1060.4
1026,1045,1019,1025,1.1251e+07,982.71
1018,1026,1014,1024,3.5464e+06,981.75
1024,1027,1005,1008,3.2083e+06,966.41
1009,1015,1001,1005,2.5037e+06,963.53
998.2,1006.3,990.08,998.02,3.1429e+06,981.56
998.2,1006.3,990.08,998.02,3.1429e+06,981.56
1006,1017,1006,1008,2.3111e+06,966.41
1008,1010,993.5,995.5,3.488e+06,954.42
1001,1013,999.72,1008,2.5431e+06,966.41
1005,1013.4,1001,1007,2.0379e+06,965.45
1005,1007,997,1005,2.5682e+06,963.53
998.2,1006.3,990.08,998.02,3.1429e+06,981.56
998.2,1006.3,990.08,998.02,3.1429e+06,981.56
1004,1006,996,1000,2.2035e+06,958.74
1002,1011,1001,1010,2.1427e+06,968.33
1010,1019,1004,1009,3.2562e+06,967.37
1009,1020,1002,1018,2.2533e+06,976
1016,1020,1009,1015,1.8852e+06,973.12
998.2,1006.3,990.08,998.02,3.1429e+06,981.56
998.2,1006.3,990.08,998.02,3.1429e+06,981.56
1015,1019.8,1007,1008,1.9118e+06,966.41
1010,1018,1005.9,1008,1.6294e+06,966.41
1008,1009,977.5,983,4.9139e+06,942.44
980.5,981.5,967,967.5,4.9966e+06,927.58
969,969.5,956.5,957,4.4977e+06,917.51
998.2,1006.3,990.08,998.02,3.1429e+06,981.56
998.2,1006.3,990.08,998.02,3.1429e+06,981.56
958,962,947,949.5,3.7977e+06,910.32
953.5,963,950,950,4.7706e+06,910.8
946.5,963,946.5,960,5.0593e+06,920.39
959.5,965.5,953,958.5,3.2598e+06,918.95
953.5,960,949,953.5,3.4016e+06,914.16
998.2,1006.3,990.08,998.02,3.1429e+06,981.56
998.2,1006.3,990.08,998.02,3.1429e+06,981.56
956,962,955,958,1.8335e+06,918.47
957,959,953,957.5,2.1771e+06,917.99
959.5,963,952.53,960,2.4474e+06,920.39
958,966.5,955.5,961.5,3.2545e+06,921.83
964.5,968.5,957,958.5,5.3995e+06,918.95
998.2,1006.3,990.08,998.02,3.1429e+06,981.56
998.2,1006.3,990.08,998.02,3.1429e+06,981.56
964.5,971,959,959,2.6851e+06,919.43
964.5,976,962.5,971,3.7564e+06,930.93
973.5,975.5,964.5,972,3.0298e+06,931.89
974,980.5,972,973.5,2.2276e+06,933.33
972,978.5,967.5,977,1.7702e+06,936.69
998.2,1006.3,990.08,998.02,3.1429e+06,981.56
998.2,1006.3,990.08,998.02,3.1429e+06,981.56
977,977,977,977,0,936.69
978.5,987,976,985.5,2.4596e+06,944.84
987.5,988,978,983,1.5553e+06,942.44
984.5,985.9,980.5,982.5,2.1452e+06,941.96
986,994.5,976,979.5,2.9594e+06,939.08
998.2,1006.3,990.08,998.02,3.1429e+06,981.56
998.2,1006.3,990.08,998.02,3.1429e+06,981.56
979.5,985.5,979,985.5,1.3033e+06,944.84
987,991.5,984,986,1.5833e+06,945.32
988,998.5,984.5,984.5,2.9347e+06,943.88
986,992,984,989,2.4139e+06,948.19
991.5,991.5,982.5,989,1.9006e+06,948.19
998.2,1006.3,990.08,998.02,3.1429e+06,981.56
998.2,1006.3,990.08,998.02,3.1429e+06,981.56
985,989.5,978,982.5,2.4727e+06,941.96
981,986.5,980.5,981,2.1704e+06,940.52
979,986,974.5,980.5,2.6005e+06,940.04
986.5,986.5,972,976,2.145e+06,935.73
974.5,978.5,973.5,973.5,1.9154e+06,933.33
998.2,1006.3,990.08,998.02,3.1429e+06,981.56
998.2,1006.3,990.08,998.02,3.1429e+06,981.56
971,974,965.5,967,2.9132e+06,927.1
967.5,973.5,961.5,973,4.4122e+06,932.85
980.5,991.5,976.5,980.5,3.3215e+06,940.04
983,991.5,979,988.5,3.0266e+06,947.71
995,1005,994,998,6.0986e+06,956.82
998.2,1006.3,990.08,998.02,3.1429e+06,981.56
998.2,1006.3,990.08,998.02,3.1429e+06,981.56
994.5,995,986.5,988,3.0253e+06,947.23
989.5,990,967.5,967.5,3.0656e+06,927.58
966,967.5,956,961.5,2.3476e+06,921.83
962,973,951.5,953.5,2.7776e+06,914.16
954.5,966.5,948.5,961,3.2381e+06,921.35
998.2,1006.3,990.08,998.02,3.1429e+06,981.56
998.2,1006.3,990.08,998.02,3.1429e+06,981.56
963,985,963,984,3.9894e+06,943.4
990,1002,980,996.5,5.2499e+06,955.38
996.5,1001,985.5,995,4.7826e+06,953.94
995.5,995.5,976.5,976.5,3.9937e+06,936.21
982,987,974.5,983,2.9382e+06,942.44
998.2,1006.3,990.08,998.02,3.1429e+06,981.56
998.2,1006.3,990.08,998.02,3.1429e+06,981.56
983,988.5,975,983,2.585e+06,942.44
978.5,979,964,970,3.489e+06,929.98
965,975,956,971.5,3.1387e+06,931.41
980,982.22,954.5,956,3.82e+06,916.55
947.5,973.76,938.5,948.5,3.8971e+06,909.36
998.2,1006.3,990.08,998.02,3.1429e+06,981.56
998.2,1006.3,990.08,998.02,3.1429e+06,981.56
942,945.5,934.5,941.5,5.7401e+06,902.65
930.5,951,924.41,949,4.6588e+06,909.84
952.5,962,935,938,5.9188e+06,899.3
945,955,925.5,941.5,6.7041e+06,902.65
940.5,958.5,936,958,3.6894e+06,918.47
998.2,1006.3,990.08,998.02,3.1429e+06,981.56
998.2,1006.3,990.08,998.02,3.1429e+06,981.56
956,960.5,944,950.5,3.4962e+06,911.28
950,962,942,962,4.1546e+06,922.31
962,986.5,962,978,4.8696e+06,937.65
973,977.5,963,976,3.2498e+06,935.73
971.5,975,961,967,3.6012e+06,927.1
998.2,1006.3,990.08,998.02,3.1429e+06,981.56
998.2,1006.3,990.08,998.02,3.1429e+06,981.56
978.5,980.5,964.72,975,3.2114e+06,934.77
979,986,976,978.5,1.864e+06,938.13
979,991,979,986.5,2.6348e+06,945.79
1001,1002,978,998,3.9443e+06,956.82
1010,1013.5,999.5,1006,3.8515e+06,964.49
998.2,1006.3,990.08,998.02,3.1429e+06,981.56
998.2,1006.3,990.08,998.02,3.1429e+06,981.56
1008,1014,999,1007,2.6414e+06,965.45
1006,1014,1004,1007,3.9775e+06,965.45
1009,1016.5,1004,1008,3.364e+06,966.41
1005,1006,988,1003,4.3542e+06,961.61
1007,1014,1001,1005,2.6563e+06,963.53
998.2,1006.3,990.08,998.02,3.1429e+06,981.56
998.2,1006.3,990.08,998.02,3.1429e+06,981.56
1009,1024,1002,1024,2.6358e+06,981.75
1023,1035,1023,1034,1.8337e+06,991.34
1035,1039,1026,1035,2.689e+06,992.29
1036,1049,1035,1041,2.3482e+06,998.05
1041,1053,1036,1044,2.2475e+06,1000.9
998.2,1006.3,990.08,998.02,3.1429e+06,981.56
998.2,1006.3,990.08,998.02,3.1429e+06,981.56
1040,1056,1038,1054,2.1755e+06,1010.5
1059,1069,1049,1057,3.5263e+06,1013.4
1060,1062,1054,1058,2.618e+06,1014.3
1055,1068,1052,1065,2.99e+06,1021.1
1064,1070,1059,1062,2.9344e+06,1018.2
998.2,1006.3,990.08,998.02,3.1429e+06,981.56
998.2,1006.3,990.08,998.02,3.1429e+06,981.56
1062,1066,1055,1064,2.1465e+06,1020.1
1064,1074,1064,1074,2.9405e+06,1029.7
1069,1078,1056,1060,4.1085e+06,1016.3
1061,1067,1052,1064,3.5541e+06,1020.1
1067,1095,1065.7,1090,4.0079e+06,1045
998.2,1006.3,990.08,998.02,3.1429e+06,981.56
998.2,1006.3,990.08,998.02,3.1429e+06,981.56
1094,1103,1088,1098,3.0663e+06,1052.7
1104,1113,1095,1104,3.6819e+06,1058.4
1102,1112,1095,1097,2.8483e+06,1051.7
1101,1102,1086,1088,4.2141e+06,1043.1
1091,1104,1091,1104,3.7451e+06,1058.4
998.2,1006.3,990.08,998.02,3.1429e+06,981.56
998.2,1006.3,990.08,998.02,3.1429e+06,981.56
1098,1105,1092,1096,2.1479e+06,1050.8
1094,1099.7,1079,1080,2.1502e+06,1035.4
1081,1092,1075,1075,2.4855e+06,1030.6
1071,1081,1058,1062,6.431e+06,1018.2
1058,1071,1049,1049,5.0066e+06,1005.7
998.2,1006.3,990.08,998.02,3.1429e+06,981.56
998.2,1006.3,990.08,998.02,3.1429e+06,981.56
1048,1060,1039,1039,4.43e+06,996.13
1044,1055,1032,1053,3.5748e+06,1009.6
1045,1061,1040,1058,3.5079e+06,1014.3
1068,1088,1054,1087,4.531e+06,1042.1
1094,1098,1078,1086,7.8413e+06,1041.2
998.2,1006.3,990.08,998.02,3.1429e+06,981.56
998.2,1006.3,990.08,998.02,3.1429e+06,981.56
1092,1109,1087,1107,1.8975e+06,1061.3
1110,1118.7,1105,1111,1.4989e+06,1065.2
1121,1124,1106,1116,3.35e+05,1070
1116,1116,1116,1116,0,1070
1116,1116,1116,1116,0,1070
998.2,1006.3,990.08,998.02,3.1429e+06,981.56
998.2,1006.3,990.08,998.02,3.1429e+06,981.56
1121,1124,1108,1118,2.2776e+06,1071.9
1114,1116,1097,1103,1.9901e+06,1057.5
1106,1108,1088,1101,7.305e+05,1055.6
1101,1101,1101,1101,0,1055.6
1109,1117,1080.7,1097,3.0301e+06,1051.7
998.2,1006.3,990.08,998.02,3.1429e+06,981.56
998.2,1006.3,990.08,998.02,3.1429e+06,981.56
1093,1102,1072,1076,5.3574e+06,1031.6
1079,1082,1055,1055,5.2711e+06,1011.5
1064,1074,1055,1060,4.5679e+06,1016.3
1072,1093,1066,1091,6.9551e+06,1046
1088,1094,1075,1081,3.5045e+06,1036.4
998.2,1006.3,990.08,998.02,3.1429e+06,981.56
998.2,1006.3,990.08,998.02,3.1429e+06,981.56
1083,1110,1082.3,1109,3.0841e+06,1063.2
1108,1124,1104,1117,2.6815e+06,1070.9
1109,1121.9,1104,1105,3.6634e+06,1059.4
1100,1108,1062,1091,8.0094e+06,1046
1082,1093,1070,1093,4.5948e+06,1047.9
998.2,1006.3,990.08,998.02,3.1429e+06,981.56
998.2,1006.3,990.08,998.02,3.1429e+06,981.56
1091,1114,1091,1108,2.0132e+06,1062.3
1113,1121,1108.4,1119,2.4561e+06,1072.8
1116,1130,1113,1125,3.6981e+06,1078.6
1113,1131,1105.8,1130,4.9221e+06,1100.7
1132,1145,1127,1132,4.5402e+06,1102.6
998.2,1006.3,990.08,998.02,3.1429e+06,981.56
998.2,1006.3,990.08,998.02,3.1429e+06,981.56
1131,1142.5,1128.9,1138,2.4843e+06,1108.5
1139,1149,1125,1145,3.7241e+06,1115.3
1151,1151,1134,1144,3.3289e+06,1114.3
1137,1159,1136.9,1158,3.501e+06,1128
1158,1163,1142,1151,5.0176e+06,1121.1
998.2,1006.3,990.08,998.02,3.1429e+06,981.56
998.2,1006.3,990.08,998.02,3.1429e+06,981.56
1152,1165,1145,1159,4.803e+06,1128.9
1156,1170,1145,1145,4.7999e+06,1115.3
1150,1154,1127.1,1146,5.272e+06,1116.3
1149,1179,1144,1145,5.7864e+06,1115.3
1125,1136,1118,1130,5.2422e+06,1100.7
998.2,1006.3,990.08,998.02,3.1429e+06,981.56
998.2,1006.3,990.08,998.02,3.1429e+06,981.56
1126,1129,1108,1126,4.0345e+06,1096.8
1126,1152.5,1117,1142,5.0039e+06,1112.4
1142,1145,1119.9,1136,2.9142e+06,1106.5
1137,1139,1113,1118,4.3102e+06,1089
1120,1123.9,1100,1119,3.7996e+06,1090
998.2,1006.3,990.08,998.02,3.1429e+06,981.56
998.2,1006.3,990.08,998.02,3.1429e+06,981.56
1117,1124,1106,1115,2.913e+06,1086.1
1109,1115,1099,1113,3.223e+06,1084.1
1120,1125,1102,1113,4.3888e+06,1084.1
1118,1132,1115,1127,3.5128e+06,1097.8
1125,1138,1123,1134,4.0236e+06,1104.6
998.2,1006.3,990.08,998.02,3.1429e+06,981.56
998.2,1006.3,990.08,998.02,3.1429e+06,981.56
1141,1155.5,1140,1149,4.6094e+06,1119.2
1150,1154,1143,1150,4.9041e+06,1120.2
1155,1163,1138,1141,3.1182e+06,1111.4
1137,1154,1130,1154,3.7699e+06,1124.1
1154,1159,1144,1152,3.2325e+06,1122.1
998.2,1006.3,990.08,998.02,3.1429e+06,981.56
998.2,1006.3,990.08,998.02,3.1429e+06,981.56
1150,1157,1147,1154,2.2941e+06,1124.1
1157,1162,1149,1154,4.1035e+06,1124.1
1156,1163.2,1141,1163,3.6633e+06,1132.8
1164,1169,1156,1166,3.9377e+06,1135.8
1163,1174,1158,1169,3.1791e+06,1138.7
998.2,1006.3,990.08,998.02,3.1429e+06,981.56
998.2,1006.3,990.08,998.02,3.1429e+06,981.56
1162,1164.6,1139.5,1158,2.7238e+06,1128
1156,1168,1136,1136,3.065e+06,1106.5
1141,1148,1135,1139,3.3331e+06,1109.5
1145,1160,1143.7,1157,2.868e+06,1127
1157,1173.5,1157,1167,3.4221e+06,1136.7
998.2,1006.3,990.08,998.02,3.1429e+06,981.56
998.2,1006.3,990.08,998.02,3.1429e+06,981.56
1175,1191,1168,1177,2.8691e+06,1146.5
1178,1187.5,1170.3,1180,2.4467e+06,1149.4
1180,1202.5,1170,1201,3.6625e+06,1169.8
1202,1209,1195,1203,3.1576e+06,1171.8
1207,1210,1198,1203,5.4207e+06,1171.8
998.2,1006.3,990.08,998.02,3.1429e+06,981.56
998.2,1006.3,990.08,998.02,3.1429e+06,981.56
1200,1200,1187.2,1193,2.1054e+06,1162.1
1192,1213,1189.6,1201,6.2286e+06,1169.8
1201,1204,1186,1186,3.5769e+06,1155.2
1175,1176.1,1117.6,1160,4.3655e+06,1129.9
1160,1179,1159,1174,4.1701e+06,1143.6
998.2,1006.3,990.08,998.02,3.1429e+06,981.56
998.2,1006.3,990.08,998.02,3.1429e+06,981.56
1189,1196,1173.3,1186,3.9109e+06,1155.2
1184,1203,1164,1172,5.639e+06,1141.6
1168,1184,1162,1172,3.1555e+06,1141.6
1168,1188,1162,1183,2.4765e+06,1152.3
1183,1183,1183,1183,0,1152.3
998.2,1006.3,990.08,998.02,3.1429e+06,981.56
998.2,1006.3,990.08,998.02,3.1429e+06,981.56
1183,1183,1183,1183,0,1152.3
1192,1197,1184,1192,4.2311e+06,1161.1
1186,1191,1174,1178,3.7438e+06,1147.4
1185,1212,1185,1209,4.2576e+06,1177.6
1208,1223.4,1205,1219,2.8158e+06,1187.4
998.2,1006.3,990.08,998.02,3.1429e+06,981.56
998.2,1006.3,990.08,998.02,3.1429e+06,981.56
1217,1219,1208,1212,1.8e+06,1180.6
1208,1221,1200,1206,2.1169e+06,1174.7
1210,1211,1195,1196,2.0879e+06,1165
1202,1202,1174,1178,4.9016e+06,1147.4
1178,1184,1162,1162,5.0918e+06,1131.9
998.2,1006.3,990.08,998.02,3.1429e+06,981.56
998.2,1006.3,990.08,998.02,3.1429e+06,981.56
1166,1178,1163,1177,2.7539e+06,1146.5
1185,1202,1173.7,1183,3.4521e+06,1152.3
1189,1190,1172,1186,3.7899e+06,1155.2
1190,1196,1179,1183,3.5512e+06,1152.3
1181,1189,1166,1169,3.3994e+06,1138.7
998.2,1006.3,990.08,998.02,3.1429e+06,981.56
998.2,1006.3,990.08,998.02,3.1429e+06,981.56
1178,1187,1159,1181,2.7938e+06,1150.4
1183,1183,1147,1159,3.5369e+06,1128.9
1167,1176,1141,1144,5.2625e+06,1114.3
1146,1158,1132,1157,3.9377e+06,1127
1160,1160,1140.7,1154,1.9563e+06,1124.1
998.2,1006.3,990.08,998.02,3.1429e+06,981.56
998.2,1006.3,990.08,998.02,3.1429e+06,981.56
1154,1154,1154,1154,0,1124.1
1169,1179,1145,1145,4.0534e+06,1115.3
1141,1153,1131,1146,4.6195e+06,1116.3
1146,1165,1133,1157,5.8542e+06,1127
1175,1192,1166,1180,3.3374e+06,1149.4
998.2,1006.3,990.08,998.02,3.1429e+06,981.56
998.2,1006.3,990.08,998.02,3.1429e+06,981.56
1182,1189,1173,1178,3.5909e+06,1147.4
1174,1177,1152,1163,5.5232e+06,1132.8
1140,1141,1115,1119,8.5967e+06,1090
1120,1128,1109.7,1127,4.9943e+06,1097.8
1131,1147,1129,1147,5.0052e+06,1117.3
998.2,1006.3,990.08,998.02,3.1429e+06,981.56
998.2,1006.3,990.08,998.02,3.1429e+06,981.56
1142,1154,1135,1146,3.8184e+06,1116.3
1147,1168,1146,1166,4.1416e+06,1135.8
1169,1178.5,1153,1155,3.6257e+06,1125
1155,1159,1146,1148,2.917e+06,1118.2
1150,1155.3,1143,1148,2.0931e+06,1118.2
998.2,1006.3,990.08,998.02,3.1429e+06,981.56
998.2,1006.3,990.08,998.02,3.1429e+06,981.56
1148,1148,1148,1148,0,1118.2
1148,1157,1139,1145,3.684e+06,1115.3
1144,1163,1144,1159,4.0136e+06,1128.9
1162,1167,1151,1156,3.5076e+06,1126
1159,1162,1140,1144,6.5917e+06,1114.3
998.2,1006.3,990.08,998.02,3.1429e+06,981.56
998.2,1006.3,990.08,998.02,3.1429e+06,981.56
1148,1164,1142,1157,4.0632e+06,1127
1163,1163,1136,1137,4.7402e+06,1107.5
1136,1151,1132.7,1142,3.519e+06,1112.4
1142,1142,1131,1133,3.239e+06,1103.6
1132,1132,1112,1115,2.8376e+06,1086.1
998.2,1006.3,990.08,998.02,3.1429e+06,981.56
998.2,1006.3,990.08,998.02,3.1429e+06,981.56
1117,1121,1111.7,1113,3.2081e+06,1084.1
1115,1121,1109,1118,4.0287e+06,1089
1120,1127,1113,1125,5.553e+06,1095.8
1122,1129,1117,1123,2.9793e+06,1093.9
1113,1121,1108,1114,3.4074e+06,1085.1
998.2,1006.3,990.08,998.02,3.1429e+06,981.56
998.2,1006.3,990.08,998.02,3.1429e+06,981.56
1113,1136.3,1106.7,1115,6.3641e+06,1086.1
1116,1118,1102,1113,4.2248e+06,1084.1
1113,1119,1098,1103,3.574e+06,1074.4
1101,1151.7,1093,1107,3.9184e+06,1078.3
1106,1118,1103,1106,4.8694e+06,1077.3
998.2,1006.3,990.08,998.02,3.1429e+06,981.56
998.2,1006.3,990.08,998.02,3.1429e+06,981.56
1122,1124,1112,1116,5.4275e+06,1087.1
1121,1127,1118,1119,2.9797e+06,1090
1117,1121,1110,1113,3.5859e+06,1084.1
1108,1108,1083.7,1095,3.8863e+06,1076.1
1090,1094,1084,1090,3.2355e+06,1071.2
998.2,1006.3,990.08,998.02,3.1429e+06,981.56
998.2,1006.3,990.08,998.02,3.1429e+06,981.56
1068,1084,1066,1073,4.8183e+06,1054.5
1068,1074,1052,1053,6.54e+06,1034.8
1060,1086,1059.8,1074,4.112e+06,1055.4
1071,1074,1064.7,1067,2.2052e+06,1048.6
1064,1070,1056,1056,1.9024e+06,1037.7
998.2,1006.3,990.08,998.02,3.1429e+06,981.56
998.2,1006.3,990.08,998.02,3.1429e+06,981.56
1050,1068,1048,1064,3.4037e+06,1045.6
1064,1078,1061,1061,4.6473e+06,1042.7
1061,1081,1059,1076,4.9096e+06,1057.4
1077,1088,1074,1087,4.1369e+06,1068.2
1096,1105,1092,1105,3.5635e+06,1085.9
998.2,1006.3,990.08,998.02,3.1429e+06,981.56
998.2,1006.3,990.08,998.02,3.1429e+06,981.56
1115,1119,1110,1114,3.2827e+06,1094.7
1110,1124,1108,1124,3.4735e+06,1104.6
1125,1125,1116,1123,3.1191e+06,1103.6
1129,1132,1121,1129,3.6319e+06,1109.5
1130,1131,1123,1126,2.4721e+06,1106.5
998.2,1006.3,990.08,998.02,3.1429e+06,981.56
998.2,1006.3,990.08,998.02,3.1429e+06,981.56
1129,1135,1121,1125,1.9924e+06,1105.6
1128,1130,1113,1116,1.9577e+06,1096.7
1109,1116.7,1102.7,1103,2.958e+06,1083.9
1114,1114,1091,1097,2.413e+06,1078
1093,1108,1090,1092,2.5504e+06,1073.1
998.2,1006.3,990.08,998.02,3.1429e+06,981.56
998.2,1006.3,990.08,998.02,3.1429e+06,981.56
1089,1096,1079,1081,3.545e+06,1062.3
1088,1095,1081,1086,2.5978e+06,1067.2
1054,1055,1025,1028,1.0422e+07,1010.2
1039,1042,1026,1031,5.333e+06,1013.2
1039,1039,1017,1025,6.1229e+06,1007.3
998.2,1006.3,990.08,998.02,3.1429e+06,981.56
998.2,1006.3,990.08,998.02,3.1429e+06,981.56
1019,1030,1015,1019,3.6472e+06,1001.4
1021,1029,1018,1029,4.4584e+06,1011.2
1029,1034,1022.7,1030,2.9656e+06,1012.2
1030,1038,1026,1037,5.3714e+06,1019.1
1038,1045,1035,1043,3.9344e+06,1025
998.2,1006.3,990.08,998.02,3.1429e+06,981.56
998.2,1006.3,990.08,998.02,3.1429e+06,981.56
1045,1051,1038,1050,3.8687e+06,1031.9
1046,1048,1033.9,1034,3.4284e+06,1016.1
1028,1039.4,1012,1023,7.0293e+06,1005.3
1038,1041,1028,1037,3.1489e+06,1019.1
1041,1046,1035,1042,2.6821e+06,1024
998.2,1006.3,990.08,998.02,3.1429e+06,981.56
998.2,1006.3,990.08,998.02,3.1429e+06,981.56
1048,1050,1034,1036,3.6218e+06,1018.1
1034,1041,1033,1038,4.0252e+06,1020.1
1035,1040.1,1026.9,1027,5.636e+06,1009.2
1033,1038,1028,1031,9.0271e+06,1013.2
1017,1030,1015,1015,4.3906e+06,997.46
998.2,1006.3,990.08,998.02,3.1429e+06,981.56
998.2,1006.3,990.08,998.02,3.1429e+06,981.56
991,1007,963,991,9.2243e+06,973.87
1003,1028,997.5,1020,6.0497e+06,1002.4
1012,1019,1001.8,1002,5.5762e+06,984.68
1022,1026,1016,1023,4.5799e+06,1005.3
1023,1035,1016,1035,4.8526e+06,1017.1
998.2,1006.3,990.08,998.02,3.1429e+06,981.56
998.2,1006.3,990.08,998.02,3.1429e+06,981.56
1035,1035,1035,1035,0,1017.1
1025,1032,1015,1019,4.4338e+06,1001.4
1018,1028,1012,1020,3.0387e+06,1002.4
1029,1035,1023.5,1026,3.3942e+06,1008.3
1015,1020,1007,1013,2.6792e+06,995.49
998.2,1006.3,990.08,998.02,3.1429e+06,981.56
998.2,1006.3,990.08,998.02,3.1429e+06,981.56
1024,1024,1010,1012,1.53e+06,994.51
1017,1027,1015,1020,3.4843e+06,1002.4
1039,1041,1028.7,1038,2.6922e+06,1020.1
1029,1040,1025,1026,3.0206e+06,1008.3
1028,1030,1018,1018,3.2694e+06,1000.4
998.2,1006.3,990.08,998.02,3.1429e+06,981.56
998.2,1006.3,990.08,998.02,3.1429e+06,981.56
1021,1031,1011,1011,3.0538e+06,993.53
1013,1013,1000.7,1008,3.9204e+06,990.58
1017,1020,1008.7,1018,2.6727e+06,1000.4
1021,1045,1018,1034,3.6178e+06,1016.1
1035,1035,1022,1032,7.3612e+06,1014.2
998.2,1006.3,990.08,998.02,3.1429e+06,981.56
998.2,1006.3,990.08,998.02,3.1429e+06,981.56
1026,1040,1026,1029,2.6916e+06,1011.2
1029,1030,1012,1012,4.2363e+06,994.51
1012,1027,1008,1025,2.6887e+06,1007.3
1022,1036,1010,1018,3.3815e+06,1000.4
1031,1045,1029,1042,2.953e+06,1024
998.2,1006.3,990.08,998.02,3.1429e+06,981.56
998.2,1006.3,990.08,998.02,3.1429e+06,981.56
1039,1042.3,1023,1023,2.0613e+06,1005.3
1015,1023,1008,1015,2.982e+06,997.46
1032,1053,1029,1053,3.2834e+06,1034.8
1061,1074,1054,1055,5.4548e+06,1036.8
1061,1069,1040,1052,3.6924e+06,1033.8
998.2,1006.3,990.08,998.02,3.1429e+06,981.56
998.2,1006.3,990.08,998.02,3.1429e+06,981.56
1065,1077,1060.8,1077,2.2151e+06,1058.4
1082,1083,1076,1078,2.9182e+06,1059.4
1079,1084,1065,1070,3.5734e+06,1051.5
1072,1079,1061,1069,3.47e+06,1050.5
1078,1079,1066,1074,2.8104e+06,1055.4
998.2,1006.3,990.08,998.02,3.1429e+06,981.56
998.2,1006.3,990.08,998.02,3.1429e+06,981.56
1073,1075,1065,1075,2.7926e+06,1056.4
1077,1077,1062,1062,3.0008e+06,1043.6
1059,1063,1047,1047,2.221e+06,1028.9
1054,1065,1045,1062,2.2118e+06,1043.6
1063,1071,1053,1054,3.6581e+06,1035.8
998.2,1006.3,990.08,998.02,3.1429e+06,981.56
998.2,1006.3,990.08,998.02,3.1429e+06,981.56
1055,1073,1055,1072,2.4149e+06,1053.5
1072,1082,1072,1076,2.4209e+06,1057.4
1081,1087,1073,1087,1.9641e+06,1068.2
1081,1092,1079,1089,2.7923e+06,1070.2
1093,1106,1089,1100,2.7039e+06,1081
998.2,1006.3,990.08,998.02,3.1429e+06,981.56
998.2,1006.3,990.08,998.02,3.1429e+06,981.56
1096,1103,1094,1100,1.6274e+06,1081
1099,1106,1096,1096,1.65e+06,1077.1
1093,1115.2,1093,1112,2.0476e+06,1092.8
1113,1119,1102,1118,2.3922e+06,1098.7
1120,1120,1110,1119,2.3513e+06,1099.7
998.2,1006.3,990.08,998.02,3.1429e+06,981.56
998.2,1006.3,990.08,998.02,3.1429e+06,981.56
1104,1107,1080,1083,5.1627e+06,1064.3
1088,1091,1082,1085,2.5284e+06,1066.2
1086,1087,1069,1070,2.8188e+06,1051.5
1071,1085,1067,1069,3.0279e+06,1050.5
1074,1078,1064,1072,2.2991e+06,1053.5
998.2,1006.3,990.08,998.02,3.1429e+06,981.56
998.2,1006.3,990.08,998.02,3.1429e+06,981.56
1070,1072,1058,1058,2.2748e+06,1039.7
1065,1065,1044,1052,2.5585e+06,1033.8
1051,1060,1045,1058,2.3e+06,1039.7
1061,1065,1045,1045,2.2798e+06,1026.9
1040,1043,1026,1027,2.5252e+06,1009.2
998.2,1006.3,990.08,998.02,3.1429e+06,981.56
998.2,1006.3,990.08,998.02,3.1429e+06,981.56
1016,1031,1013,1030,3.3382e+06,1012.2
1040,1051.8,1038,1049,3.1903e+06,1030.9
1048,1059,1043.4,1056,2.7052e+06,1037.7
1063,1090,1062.3,1075,4.6213e+06,1056.4
1078,1084,1069.2,1073,3.7225e+06,1054.5
998.2,1006.3,990.08,998.02,3.1429e+06,981.56
998.2,1006.3,990.08,998.02,3.1429e+06,981.56
1062,1078,1061,1077,3.0722e+06,1058.4
1090,1095,1066,1080,4.8752e+06,1061.3
1082,1118,1082,1117,5.4847e+06,1097.7
1117,1134,1115,1133,3.4577e+06,1113.4
1128,1147,1125,1141,3.4667e+06,1121.3
998.2,1006.3,990.08,998.02,3.1429e+06,981.56
998.2,1006.3,990.08,998.02,3.1429e+06,981.56
1141,1156,1134,1154,4.5843e+06,1134.1
1160,1174,1158,1169,4.8672e+06,1148.8
1174,1185.8,1169,1178,3.1417e+06,1157.6
1180,1186,1149.6,1154,4.3847e+06,1134.1
1154,1161,1144,1161,3.5531e+06,1140.9
998.2,1006.3,990.08,998.02,3.1429e+06,981.56
998.2,1006.3,990.08,998.02,3.1429e+06,981.56
1170,1184,1163,1165,1.9164e+06,1144.9
1165,1165,1137,1139,3.7104e+06,1119.3
1138,1151,1133.8,1134,2.912e+06,1114.4
1130,1132,1119,1125,2.1661e+06,1105.6
1124,1128,1113,1114,2.6853e+06,1094.7
998.2,1006.3,990.08,998.02,3.1429e+06,981.56
998.2,1006.3,990.08,998.02,3.1429e+06,981.56
1110,1127,1108.5,1109,3.1545e+06,1089.8
1119,1144,1114,1137,3.185e+06,1117.3
1142,1155,1137,1149,2.5151e+06,1129.1
1169,1170,1148,1153,2.7154e+06,1133.1
1146,1146,1129,1132,4.8681e+06,1112.4
998.2,1006.3,990.08,998.02,3.1429e+06,981.56
998.2,1006.3,990.08,998.02,3.1429e+06,981.56
1130,1156,1127,1140,2.8084e+06,1120.3
1148,1148,1137.8,1144,1.8828e+06,1124.2
1154,1164,1148,1163,1.4874e+06,1142.9
1167,1168,1156,1160,2.974e+05,1140
998.2,1006.3,990.08,998.02,3.1429e+06,981.56
998.2,1006.3,990.08,998.02,3.1429e+06,981.56
998.2,1006.3,990.08,998.02,3.1429e+06,981.56
998.2,1006.3,990.08,998.02,3.1429e+06,981.56
1168,1190,1162,1190,2.4752e+06,1169.4
1188,1195,1179,1191,1.4015e+06,1170.4
1187,1198,1175,1175,8.547e+05,1154.7
998.2,1006.3,990.08,998.02,3.1429e+06,981.56
998.2,1006.3,990.08,998.02,3.1429e+06,981.56
998.2,1006.3,990.08,998.02,3.1429e+06,981.56
1169,1171,1130,1136,3.2027e+06,1116.4
1146,1160,1138,1136,1.8687e+06,1116.4
1141,1159.8,1127.2,1136,2.4458e+06,1116.4
1115,1126,1103.2,1120,3.6271e+06,1100.6
1122,1140,1119,1122,2.6493e+06,1102.6
998.2,1006.3,990.08,998.02,3.1429e+06,981.56
998.2,1006.3,990.08,998.02,3.1429e+06,981.56
1118,1137,1118,1133,2.6173e+06,1113.4
1138,1152.2,1134,1146,3.0407e+06,1126.2
1161,1164,1143.3,1148,2.9243e+06,1128.2
1138,1142.9,1126.5,1134,3.6886e+06,1114.4
1135,1153,1119,1121,5.2165e+06,1101.6
998.2,1006.3,990.08,998.02,3.1429e+06,981.56
998.2,1006.3,990.08,998.02,3.1429e+06,981.56
1121,1146,1121,1143,3.8442e+06,1123.2
1161,1164.2,1152,1164,3.1398e+06,1143.9
1147,1151,1123,1134,4.5974e+06,1114.4
1124,1139,1079,1088,6.4065e+06,1088
1104,1120,1101,1116,3.4375e+06,1116
998.2,1006.3,990.08,998.02,3.1429e+06,981.56
998.2,1006.3,990.08,998.02,3.1429e+06,981.56
1118,1124.2,1115,1122,2.6433e+06,1122
1113,1128.4,1107,1126,3.0856e+06,1126
1132,1172,1128,1171,4.7317e+06,1171
1163,1188,1159,1178,5.3811e+06,1178
1185,1208,1183,1203,5.0972e+06,1203
998.2,1006.3,990.08,998.02,3.1429e+06,981.56
998.2,1006.3,990.08,998.02,3.1429e+06,981.56
1209,1210,1191.8,1199,2.9501e+06,1199
1200,1202,1182,1185,4.0995e+06,1185
1191,1202,1167,1174,4.6928e+06,1174
1209,1238,1206,1218,6.6682e+06,1218
1229,1231,1215,1220,5.0722e+06,1220
998.2,1006.3,990.08,998.02,3.1429e+06,981.56
998.2,1006.3,990.08,998.02,3.1429e+06,981.56
1229,1234,1187,1191,6.988e+06,1191
1196,1209,1175,1206,5.1712e+06,1206
1209,1216,1191,1197,4.9868e+06,1197
1189,1192,1170,1173,4.5363e+06,1173
1182,1194.3,1179,1190,4.8827e+06,1190
998.2,1006.3,990.08,998.02,3.1429e+06,981.56
998.2,1006.3,990.08,998.02,3.1429e+06,981.56
1212,1223,1202,1205,3.5311e+06,1205
1208,1222,1203,1215,3.2518e+06,1215
1223,1234,1222,1229,4.664e+06,1229
