829,832.59,822.5,830,6.087e+05,766.13
829,845,829,843.5,1.2634e+06,778.59
843.5,855.5,842.49,852,1.1467e+06,786.44
848,850,839.5,845,1.0742e+06,779.97
846.5,857,846.5,850,1.0078e+06,784.59
1101.2,1110,1091.7,1101.2,1.3147e+06,1067.7
1101.2,1110,1091.7,1101.2,1.3147e+06,1067.7
849,857.5,841.5,845,1.4779e+06,779.97
839,839,830.5,833,1.0387e+06,768.9
837.5,848.5,829.11,848,1.309e+06,782.74
840,851,821.5,823.5,4.7482e+06,760.13
825.5,862.5,825.5,858.5,3.1722e+06,792.43
1101.2,1110,1091.7,1101.2,1.3147e+06,1067.7
1101.2,1110,1091.7,1101.2,1.3147e+06,1067.7
858.5,887,858.5,884,2.5265e+06,815.97
887.5,907.5,887.5,904.5,3.0437e+06,834.9
904.5,906.29,893.5,898.5,1.6201e+06,829.36
899,900.5,893,900.5,1.7e+06,831.2
903,904.72,890.5,894,1.7638e+06,825.2
1101.2,1110,1091.7,1101.2,1.3147e+06,1067.7
1101.2,1110,1091.7,1101.2,1.3147e+06,1067.7
894,894,888.13,891,9.895e+05,822.43
891,897,886.5,893.5,9.45e+05,824.74
881,885,872,885,1.6976e+06,816.9
889.5,892.5,883.5,891,1.1178e+06,822.43
891,894,881,881.5,2.2913e+06,813.66
1101.2,1110,1091.7,1101.2,1.3147e+06,1067.7
1101.2,1110,1091.7,1101.2,1.3147e+06,1067.7
871.5,898.5,867.5,893.5,1.031e+06,824.74
893.5,907.5,892.5,899.5,1.6778e+06,830.28
904,914.5,901.5,912,2.0855e+06,841.82
910,915,898,905.5,1.3649e+06,835.82
900.5,908.5,894,902,1.0205e+06,832.59
1101.2,1110,1091.7,1101.2,1.3147e+06,1067.7
1101.2,1110,1091.7,1101.2,1.3147e+06,1067.7
897.5,914,896.5,902.5,1.1654e+06,833.05
905,911.5,895.5,902,1.1643e+06,832.59
896,903.5,886.66,895,9.258e+05,826.13
893,900.5,892.34,899,1.5006e+06,829.82
899,899,899,899,0,829.82
1101.2,1110,1091.7,1101.2,1.3147e+06,1067.7
1101.2,1110,1091.7,1101.2,1.3147e+06,1067.7
899,899,899,899,0,829.82
897.5,916.5,896.5,913.5,9.613e+05,843.2
912.5,914.6,905.5,906,9.741e+05,836.28
910.5,910.5,878,881,1.1398e+06,813.2
886,887,875,875.5,1.0544e+06,808.13
1101.2,1110,1091.7,1101.2,1.3147e+06,1067.7
1101.2,1110,1091.7,1101.2,1.3147e+06,1067.7
874,877,863.5,869.5,2.4666e+06,802.59
869,872.6,861.65,867.5,1.2686e+06,800.74
867,875.5,865.5,874,1.3099e+06,806.74
873,880,870,878.5,6.955e+05,810.9
876,880.5,869,880,5.077e+05,812.28
1101.2,1110,1091.7,1101.2,1.3147e+06,1067.7
1101.2,1110,1091.7,1101.2,1.3147e+06,1067.7
878,880.24,867.5,874,8.509e+05,806.74
870,875,868,871,1.2896e+06,803.97
859,864.5,849.5,860,2.2142e+06,809.94
860,861,855,857,6.802e+05,807.11
860.5,860.5,850,853,1.0927e+06,803.35
1101.2,1110,1091.7,1101.2,1.3147e+06,1067.7
1101.2,1110,1091.7,1101.2,1.3147e+06,1067.7
853.5,860.5,850,851.5,1.4208e+06,801.93
852,877.5,852,874.5,1.2134e+06,823.59
873,873.5,861.5,869,1.0684e+06,818.41
867,873,859.5,862.5,8.335e+05,812.29
879.5,888,867.5,886,1.649e+06,834.42
1101.2,1110,1091.7,1101.2,1.3147e+06,1067.7
1101.2,1110,1091.7,1101.2,1.3147e+06,1067.7
884.5,909,884,907,1.3953e+06,854.2
911,911,894,902.5,1.4387e+06,849.96
904.5,910,896,909.5,6.717e+05,856.56
907,907,895.5,903.5,9.184e+05,850.91
902.5,910.5,899.5,908.5,9.549e+05,855.62
1101.2,1110,1091.7,1101.2,1.3147e+06,1067.7
1101.2,1110,1091.7,1101.2,1.3147e+06,1067.7
908.5,908.5,908.5,908.5,0,855.62
910.5,910.5,897,901,8.066e+05,848.55
903.5,917.5,900,909,9.136e+05,856.09
909,915,905.5,913.5,5.06e+05,860.32
911,921.5,906,921.5,7.275e+05,867.86
1101.2,1110,1091.7,1101.2,1.3147e+06,1067.7
1101.2,1110,1091.7,1101.2,1.3147e+06,1067.7
922,946.5,921.26,942.5,1.3295e+06,887.64
940,940,917.5,938,1.7658e+06,883.4
934,949,934,947.5,1.0402e+06,892.35
947,951,937,939.5,1.2441e+06,884.81
939.5,947,931,946,7.764e+05,890.93
1101.2,1110,1091.7,1101.2,1.3147e+06,1067.7
1101.2,1110,1091.7,1101.2,1.3147e+06,1067.7
947,951,934.5,949,8.758e+05,893.76
980,1025,950,1005,3.3766e+06,946.5
1018,1024,1002,1018,1.9865e+06,958.74
1008,1025,1000,1007,1.5459e+06,948.38
1014,1018,995,995,1.5023e+06,937.08
1101.2,1110,1091.7,1101.2,1.3147e+06,1067.7
1101.2,1110,1091.7,1101.2,1.3147e+06,1067.7
995,995,995,995,0,937.08
1002,1017,1000.2,1011,1.806e+06,952.15
1009,1009,990.5,991,1.1981e+06,933.31
990,1000,989.5,998,7.507e+05,939.9
995.5,995.5,961.72,962,2.908e+06,906
1101.2,1110,1091.7,1101.2,1.3147e+06,1067.7
1101.2,1110,1091.7,1101.2,1.3147e+06,1067.7
960,970,957,964,1.5817e+06,907.88
968.5,973.5,962.5,965,1.033e+06,908.83
964,969,952.5,954,1.0531e+06,898.47
956.5,966,942.5,944,7.679e+05,889.05
947,957.5,938,951,2.0515e+06,895.64
1101.2,1110,1091.7,1101.2,1.3147e+06,1067.7
1101.2,1110,1091.7,1101.2,1.3147e+06,1067.7
951,959.5,947,955.5,1.0242e+06,899.88
952.5,954.5,928,938,9.106e+05,883.4
939,962,937.5,955.5,1.0037e+06,899.88
948,948,930.86,943.5,1.1009e+06,888.58
945.5,951,935.5,942,6.19e+05,887.16
1101.2,1110,1091.7,1101.2,1.3147e+06,1067.7
1101.2,1110,1091.7,1101.2,1.3147e+06,1067.7
945.5,966,945,958.5,8.407e+05,902.7
959.5,970.5,955.5,965,1.1692e+06,908.83
971,974,958.5,967.5,1.0276e+06,911.18
960.5,963,949.5,950,1.6648e+06,894.7
950.5,963,943.31,943.5,2.1638e+06,888.58
1101.2,1110,1091.7,1101.2,1.3147e+06,1067.7
1101.2,1110,1091.7,1101.2,1.3147e+06,1067.7
943,954,937.5,945.5,1.4799e+06,890.46
951,960,943,957,1.0542e+06,901.29
959,962.5,950.5,961,8.709e+05,905.06
961.5,996.5,960.5,979,1.4259e+06,922.01
978.5,988.5,966,966,1.6484e+06,909.77
1101.2,1110,1091.7,1101.2,1.3147e+06,1067.7
1101.2,1110,1091.7,1101.2,1.3147e+06,1067.7
972,981,969,981,1.0545e+06,923.89
984,1007,974.5,994,1.8221e+06,936.14
983,994,983,991.5,7.66e+05,933.78
999,1016,986,1015,1.0894e+06,955.91
1014,1034,1011,1018,1.1662e+06,958.74
1101.2,1110,1091.7,1101.2,1.3147e+06,1067.7
1101.2,1110,1091.7,1101.2,1.3147e+06,1067.7
1023,1040,1021,1037,8.176e+05,976.63
1037,1041,1015,1023,1.1537e+06,963.45
1019,1030,999.5,1026,1.0662e+06,966.27
1032,1043,1012,1025,1.4896e+06,965.33
1031,1046,1021,1027,1.4111e+06,967.22
1101.2,1110,1091.7,1101.2,1.3147e+06,1067.7
1101.2,1110,1091.7,1101.2,1.3147e+06,1067.7
1031,1049,1031,1049,1.0539e+06,987.94
1050,1056,1042,1055,8.845e+05,993.59
1040,1048,1031,1036,1.2102e+06,975.69
1032,1053,1032,1045,8.5e+05,984.17
1044,1058,1042.6,1049,1.2187e+06,987.94
1101.2,1110,1091.7,1101.2,1.3147e+06,1067.7
1101.2,1110,1091.7,1101.2,1.3147e+06,1067.7
1050,1059,1045,1057,7.158e+05,995.47
1060,1060,1043.3,1054,1.0113e+06,992.64
1059,1059,1034,1037,1.195e+06,976.63
1034,1034,979.5,996.5,2.6246e+06,938.49
1021,1036,997,1022,1.4667e+06,962.51
1101.2,1110,1091.7,1101.2,1.3147e+06,1067.7
1101.2,1110,1091.7,1101.2,1.3147e+06,1067.7
1022,1031,1014,1024,7.71e+05,964.39
1029,1040,1028,1038,8.933e+05,977.58
1032,1053,1032,1043,1.2531e+06,982.28
1048,1059,1038,1041,1.2238e+06,980.4
1042,1051,1038.7,1043,6.881e+05,982.28
1101.2,1110,1091.7,1101.2,1.3147e+06,1067.7
1101.2,1110,1091.7,1101.2,1.3147e+06,1067.7
1038,1048,1028,1034,8.051e+05,973.81
1035,1041,1032.4,1038,8.077e+05,977.58
1038,1039,1023,1028,7.592e+05,968.16
1028,1033,1016,1021,5.045e+05,961.57
1025,1026.5,1012,1017,8.774e+05,957.8
1101.2,1110,1091.7,1101.2,1.3147e+06,1067.7
1101.2,1110,1091.7,1101.2,1.3147e+06,1067.7
1000,1012,998.05,1008,8.35e+05,949.32
1009,1017,998,1000,7.185e+05,941.79
1003,1010,996.5,998.5,1.0786e+06,940.38
999,1003,971,974.5,9.803e+05,917.77
974.5,986.5,965,981,2.5301e+06,923.89
1101.2,1110,1091.7,1101.2,1.3147e+06,1067.7
1101.2,1110,1091.7,1101.2,1.3147e+06,1067.7
982,992,977,989.5,7.636e+05,931.9
988,997,980,997,1.3445e+06,938.96
994.5,999.18,984,988.5,1.2508e+06,940.07
986,1002,984.5,991,9.493e+05,942.45
992.5,994.5,979.5,989,8.047e+05,940.55
1101.2,1110,1091.7,1101.2,1.3147e+06,1067.7
1101.2,1110,1091.7,1101.2,1.3147e+06,1067.7
989,989,989,989,0,940.55
989,993,971.5,971.5,9.816e+05,923.91
971.5,973,960.86,971.5,8.559e+05,923.91
970,974.5,962,968,1.3582e+06,920.58
971,974,953.5,953.5,1.5647e+06,906.79
1101.2,1110,1091.7,1101.2,1.3147e+06,1067.7
1101.2,1110,1091.7,1101.2,1.3147e+06,1067.7
959,966,959,961.5,8.23e+05,914.39
961.5,974,958.38,969,8.982e+05,921.53
971,972.5,961.5,971,6.345e+05,923.43
973.5,986.5,970.5,981.5,8.131e+05,933.42
982.5,990.5,976,989.5,6.036e+05,941.02
1101.2,1110,1091.7,1101.2,1.3147e+06,1067.7
1101.2,1110,1091.7,1101.2,1.3147e+06,1067.7
991.5,992,983.5,988,6.541e+05,939.6
990.5,1008,989.5,1006,6.662e+05,956.72
1006,1007,994,995.5,8.338e+05,946.73
995.5,998,985.5,988.5,8.295e+05,940.07
988.5,1003,988.5,1003,7.393e+05,953.86
1101.2,1110,1091.7,1101.2,1.3147e+06,1067.7
1101.2,1110,1091.7,1101.2,1.3147e+06,1067.7
1013,1023,1009,1014,8.339e+05,964.32
1020,1020,1006.7,1007,9.389e+05,957.67
1010,1010,993.5,1003,5.259e+05,953.86
1013,1021,1008,1011,5.652e+05,961.47
1008,1018,1006,1007,1.0352e+06,957.67
1101.2,1110,1091.7,1101.2,1.3147e+06,1067.7
1101.2,1110,1091.7,1101.2,1.3147e+06,1067.7
1007,1007.9,990,993,5.322e+05,944.35
994.5,1011,991,1007,4.711e+05,957.67
1006,1008,994,1002,6.782e+05,952.91
999,1005,993,1001,4.892e+05,951.96
1000,1010,993,994.5,5.193e+05,945.78
1101.2,1110,1091.7,1101.2,1.3147e+06,1067.7
1101.2,1110,1091.7,1101.2,1.3147e+06,1067.7
980.5,998.5,980.5,996,9.716e+05,947.21
991,1015,991,1015,7.681e+05,965.27
1010,1022,1002,1017,1.0878e+06,967.18
1007,1018,1002,1011,7.201e+05,961.47
1007,1012,1002,1006,6.083e+05,956.72
1101.2,1110,1091.7,1101.2,1.3147e+06,1067.7
1101.2,1110,1091.7,1101.2,1.3147e+06,1067.7
1001,1008,998,1003,1.8253e+06,953.86
1003,1012,988,990.5,1.0376e+06,941.98
987,989,965,967.5,1.3292e+06,920.1
967.5,996.5,967,996.5,9.661e+05,947.68
996.5,1007,995.5,1005,4.532e+05,955.76
1101.2,1110,1091.7,1101.2,1.3147e+06,1067.7
1101.2,1110,1091.7,1101.2,1.3147e+06,1067.7
1001,1009,999.5,1007,4.016e+05,957.67
1013,1013,946,970.5,2.693e+06,922.95
964.5,968.5,950,963.5,1.6029e+06,916.3
958.5,968,955.5,959.5,8.176e+05,912.49
962,964,956.66,961,1.2591e+06,913.92
1101.2,1110,1091.7,1101.2,1.3147e+06,1067.7
1101.2,1110,1091.7,1101.2,1.3147e+06,1067.7
963.5,982.5,962,981,7.047e+05,932.94
978.5,984,968.5,974.5,1.3092e+06,926.76
976.5,988,976,979,6.615e+05,931.04
979,987.5,974,975,6.122e+05,927.23
970,974,962,966.5,8.597e+05,919.15
1101.2,1110,1091.7,1101.2,1.3147e+06,1067.7
1101.2,1110,1091.7,1101.2,1.3147e+06,1067.7
968.5,973.5,965,970,9.222e+05,922.48
970.5,990.5,970.5,988.5,8.333e+05,940.07
992.5,996.5,983,987,1.2478e+06,938.65
980,992.5,971,986,1.5291e+06,937.7
983.5,997,972.5,985.5,1.4097e+06,937.22
1101.2,1110,1091.7,1101.2,1.3147e+06,1067.7
1101.2,1110,1091.7,1101.2,1.3147e+06,1067.7
985,993,981.5,985,7.127e+05,936.74
990,990.5,971.5,980,1.3713e+06,931.99
984.5,986.5,973.5,977.5,8.482e+05,929.61
975,980.5,968,973,1.3408e+06,925.33
965,980,965,975,7.262e+05,927.23
1101.2,1110,1091.7,1101.2,1.3147e+06,1067.7
1101.2,1110,1091.7,1101.2,1.3147e+06,1067.7
974,979.15,970.5,972,8.858e+05,924.38
973,973.5,967,969.5,8.639e+05,922
969.5,973.5,968.5,970,1.1955e+06,922.48
975.5,984,970,980,8.214e+05,931.99
980,986.5,977.85,983,9.126e+05,934.84
1101.2,1110,1091.7,1101.2,1.3147e+06,1067.7
1101.2,1110,1091.7,1101.2,1.3147e+06,1067.7
950,987,925.04,977,2.5262e+06,929.14
971.5,989.5,971,983.5,1.3287e+06,935.32
981,988,978.5,979,8.924e+05,931.04
981.5,985.5,972.5,983.5,1.3671e+06,935.32
983,989.5,970.5,977.5,1.3634e+06,929.61
1101.2,1110,1091.7,1101.2,1.3147e+06,1067.7
1101.2,1110,1091.7,1101.2,1.3147e+06,1067.7
982,989,977.5,977.5,9.452e+05,929.61
974.5,979.5,970.5,971,1.4049e+06,923.43
970,979.5,964.45,977.5,1.406e+06,929.61
981.5,996,971.21,995,1.0381e+06,946.25
997,1000,992,997,8.356e+05,948.16
1101.2,1110,1091.7,1101.2,1.3147e+06,1067.7
1101.2,1110,1091.7,1101.2,1.3147e+06,1067.7
997.5,1004,993,1001,1.1253e+06,951.96
998,1002,987,990,1.0998e+06,941.5
987.5,996,980,981,8.991e+05,932.94
973.5,985,966,982.5,1.1104e+06,934.37
981.5,990,976,990,8.86e+05,941.5
1101.2,1110,1091.7,1101.2,1.3147e+06,1067.7
1101.2,1110,1091.7,1101.2,1.3147e+06,1067.7
989.5,1006,985.34,1005,9.909e+05,955.76
1005,1005,996,999,1.1647e+06,950.06
996,1006,994,995,6.16e+05,946.25
992.5,993.1,977,984,1.0013e+06,935.79
984.5,1001,982,994,8.281e+05,945.3
1101.2,1110,1091.7,1101.2,1.3147e+06,1067.7
1101.2,1110,1091.7,1101.2,1.3147e+06,1067.7
990,998,986.5,997.5,7.733e+05,948.63
995.5,1000,992,993,5.928e+05,944.35
996.5,1001,991.5,993,6.944e+05,944.35
1000,1006,998.5,1005,9.471e+05,955.76
1009,1016,1003,1013,1.0748e+06,963.37
1101.2,1110,1091.7,1101.2,1.3147e+06,1067.7
1101.2,1110,1091.7,1101.2,1.3147e+06,1067.7
1017,1027,1010,1027,5.634e+05,976.69
1024,1031,1019.1,1025,1.067e+05,974.78
1025,1025,1025,1025,0,974.78
1025,1025,1025,1025,0,974.78
1030,1035,1024,1030,5.968e+05,979.54
1101.2,1110,1091.7,1101.2,1.3147e+06,1067.7
1101.2,1110,1091.7,1101.2,1.3147e+06,1067.7
1033,1033,1025,1029,3.987e+05,978.59
1034,1040.2,1030,1038,1.761e+05,987.15
1038,1038,1038,1038,0,987.15
1042,1054,1034,1044,1.2982e+06,992.85
1042,1051,1039,1039,4.663e+05,988.1
1101.2,1110,1091.7,1101.2,1.3147e+06,1067.7
1101.2,1110,1091.7,1101.2,1.3147e+06,1067.7
1036,1050,1028,1042,8.784e+05,990.95
1040,1044,1034,1037,6.781e+05,986.2
1039,1041,1029,1034,9.554e+05,983.34
1030,1038,1022,1022,6.786e+05,971.93
1046,1049,1032,1043,1.3138e+06,991.9
1101.2,1110,1091.7,1101.2,1.3147e+06,1067.7
1101.2,1110,1091.7,1101.2,1.3147e+06,1067.7
1043,1045,1036,1037,6.954e+05,986.2
1033,1045,1028,1042,1.1246e+06,990.95
1045,1049,1042,1049,1.2017e+06,997.61
1045,1051.6,1044,1050,5.527e+05,998.56
1051,1063,1051,1057,8.853e+05,1005.2
1101.2,1110,1091.7,1101.2,1.3147e+06,1067.7
1101.2,1110,1091.7,1101.2,1.3147e+06,1067.7
1064,1069,1055,1056,4.7e+05,1004.3
1053,1070,1053,1069,7.226e+05,1016.6
1070,1074,1054,1059,6.719e+05,1007.1
1060,1068,1034,1037,1.0126e+06,986.2
1041,1045.3,1022,1026,8.178e+05,975.74
1101.2,1110,1091.7,1101.2,1.3147e+06,1067.7
1101.2,1110,1091.7,1101.2,1.3147e+06,1067.7
1023,1026,1007.5,1015,1.0519e+06,965.27
1013,1022,1007,1016,1.1801e+06,966.23
1025,1025,1003,1011,1.0122e+06,961.47
1008,1011.7,988.1,1001,1.92e+06,951.96
998,998,968.5,983.5,2.1169e+06,935.32
1101.2,1110,1091.7,1101.2,1.3147e+06,1067.7
1101.2,1110,1091.7,1101.2,1.3147e+06,1067.7
980,1003,979.5,992,1.0887e+06,943.4
990.5,1002,986,996.5,1.6938e+06,947.68
994.5,1005,987.5,989,1.442e+06,940.55
991,1001,985.5,1000,1.8591e+06,951.01
1003,1010,994.5,995.5,1.6706e+06,946.73
1101.2,1110,1091.7,1101.2,1.3147e+06,1067.7
1101.2,1110,1091.7,1101.2,1.3147e+06,1067.7
998.5,1015,997.5,1014,1.8022e+06,964.32
1016,1028,1013.2,1024,1.739e+06,973.83
1026,1032,1023,1030,1.0047e+06,979.54
1032,1034,1024,1033,1.359e+06,982.39
1034,1050,1029,1050,1.1879e+06,998.56
1101.2,1110,1091.7,1101.2,1.3147e+06,1067.7
1101.2,1110,1091.7,1101.2,1.3147e+06,1067.7
1049,1062,1049,1062,1.1388e+06,1010
1066,1075,1059,1075,1.5303e+06,1022.3
1071,1091,1071,1087,1.6635e+06,1033.7
1084,1086,1069.7,1082,1.006e+06,1029
1088,1091,1080,1085,2.0996e+06,1031.8
1101.2,1110,1091.7,1101.2,1.3147e+06,1067.7
1101.2,1110,1091.7,1101.2,1.3147e+06,1067.7
1085,1090.1,1076,1089,1.6853e+06,1035.6
1089,1095,1080,1090,2.3411e+06,1036.6
1092,1094,1085,1085,1.1562e+06,1031.8
1120,1162,1110.4,1158,3.0822e+06,1101.3
1160,1162.9,1133,1140,3.5535e+06,1084.2
1101.2,1110,1091.7,1101.2,1.3147e+06,1067.7
1101.2,1110,1091.7,1101.2,1.3147e+06,1067.7
1130,1141,1111,1114,2.6133e+06,1059.4
1120,1152,1120,1146,2.7223e+06,1089.9
1146,1146,1130,1139,1.2994e+06,1083.2
1141,1145,1124,1130,1.4011e+06,1074.6
1133,1138.2,1121,1131,1.1263e+06,1075.6
1101.2,1110,1091.7,1101.2,1.3147e+06,1067.7
1101.2,1110,1091.7,1101.2,1.3147e+06,1067.7
1134,1139,1125,1126,1.3397e+06,1070.8
1125,1143,1123,1132,1.2852e+06,1076.5
1128,1131,1117,1118,1.0112e+06,1063.2
1122,1122,1109,1110,8.801e+05,1055.6
1107,1113,1099,1109,1.2288e+06,1054.7
1101.2,1110,1091.7,1101.2,1.3147e+06,1067.7
1101.2,1110,1091.7,1101.2,1.3147e+06,1067.7
1111,1116,1102,1105,1.2179e+06,1050.9
1103,1111,1098,1106,1.2233e+06,1051.8
1105,1116,1099.3,1111,9.842e+05,1056.6
1105,1111,1095,1105,1.0951e+06,1050.9
1106,1111,1094,1108,1.9574e+06,1053.7
1101.2,1110,1091.7,1101.2,1.3147e+06,1067.7
1101.2,1110,1091.7,1101.2,1.3147e+06,1067.7
1104,1107.3,1093,1096,9.639e+05,1042.3
1095,1112,1095,1103,1.1994e+06,1049
1105,1108,1098,1101,1.9953e+06,1047.1
1103,1105,1093,1100,9.094e+05,1046.1
1102,1103,1098,1102,8.388e+05,1048
1101.2,1110,1091.7,1101.2,1.3147e+06,1067.7
1101.2,1110,1091.7,1101.2,1.3147e+06,1067.7
1105,1108,1094,1096,1.2233e+06,1042.3
1099,1106,1096.3,1106,1.0641e+06,1051.8
1105,1109,1098,1102,8.422e+05,1048
1101,1105,1094.7,1100,8.683e+05,1046.1
1101,1110,1100,1103,1.0724e+06,1049
1101.2,1110,1091.7,1101.2,1.3147e+06,1067.7
1101.2,1110,1091.7,1101.2,1.3147e+06,1067.7
1094,1105,1090,1100,1.2753e+06,1046.1
1098,1101,1086,1087,1.3747e+06,1033.7
1088,1104,1088,1097,1.2754e+06,1043.3
1104,1114,1091,1092,1.5424e+06,1038.5
1083,1090.6,1073,1088,1.4151e+06,1034.7
1101.2,1110,1091.7,1101.2,1.3147e+06,1067.7
1101.2,1110,1091.7,1101.2,1.3147e+06,1067.7
1085,1086.7,1072,1074,1.1141e+06,1021.4
1080,1082,1063,1065,2.8488e+06,1012.8
1055,1069,1044,1065,1.1554e+06,1030
1068,1080,1063,1078,1.0979e+06,1042.6
1078,1078,1078,1078,0,1042.6
1101.2,1110,1091.7,1101.2,1.3147e+06,1067.7
1101.2,1110,1091.7,1101.2,1.3147e+06,1067.7
1078,1078,1078,1078,0,1042.6
1077,1084,1070,1083,8.561e+05,1047.5
1081,1085.7,1078,1081,9.812e+05,1045.5
1083,1085.8,1071,1083,9.365e+05,1047.5
1081,1083,1075,1082,6.704e+05,1046.5
1101.2,1110,1091.7,1101.2,1.3147e+06,1067.7
1101.2,1110,1091.7,1101.2,1.3147e+06,1067.7
1080,1082,1060,1062,9.324e+05,1027.1
1061,1070,1048,1055,1.4156e+06,1020.4
1056,1086,1056,1085,2.0234e+06,1049.4
1088,1088,1075,1086,3.563e+05,1050.4
1089,1095,1083,1094,1.5323e+06,1058.1
1101.2,1110,1091.7,1101.2,1.3147e+06,1067.7
1101.2,1110,1091.7,1101.2,1.3147e+06,1067.7
1094,1094,1094,1094,0,1058.1
1099,1105,1087.5,1092,9.198e+05,1056.2
1089,1099,1088,1099,1.3322e+06,1062.9
1101,1105,1092,1101,1.1123e+06,1064.9
1101,1103,1092,1102,8.211e+05,1065.8
1101.2,1110,1091.7,1101.2,1.3147e+06,1067.7
1101.2,1110,1091.7,1101.2,1.3147e+06,1067.7
1102,1119,1096,1117,1.0105e+06,1080.3
1127,1127,1109,1119,1.2329e+06,1082.3
1122,1123,1116,1123,5.621e+05,1086.1
1124,1124,1100,1103,8.239e+05,1066.8
1103,1105,1068,1074,1.8073e+06,1038.7
1101.2,1110,1091.7,1101.2,1.3147e+06,1067.7
1101.2,1110,1091.7,1101.2,1.3147e+06,1067.7
1074,1083,1068,1071,1.7304e+06,1035.8
1069,1078,1067,1077,7.312e+05,1041.6
1077,1081,1072,1081,8.841e+05,1045.5
1082,1093,1078,1091,7.351e+05,1055.2
1093,1097,1090,1091,6.142e+05,1055.2
1101.2,1110,1091.7,1101.2,1.3147e+06,1067.7
1101.2,1110,1091.7,1101.2,1.3147e+06,1067.7
1091,1091,1091,1091,0,1055.2
1092,1103,1091.3,1096,9.323e+05,1060
1098,1103,1090,1103,1.1196e+06,1066.8
1105,1105,1096,1100,6.932e+05,1063.9
1099,1108,1096.3,1107,1.8692e+06,1070.7
1101.2,1110,1091.7,1101.2,1.3147e+06,1067.7
1101.2,1110,1091.7,1101.2,1.3147e+06,1067.7
1112,1115,1105,1108,6.653e+05,1071.6
1106,1115,1103,1115,8.967e+05,1078.4
1112,1122,1105,1121,9.446e+05,1084.2
1121,1125,1115,1124,1.4881e+06,1087.1
1123,1147,1123,1130,1.8522e+06,1092.9
1101.2,1110,1091.7,1101.2,1.3147e+06,1067.7
1101.2,1110,1091.7,1101.2,1.3147e+06,1067.7
1138,1152,1132,1143,1.073e+06,1105.5
1145,1145,1134,1141,8.358e+05,1103.5
1141,1145,1124,1133,1.4058e+06,1095.8
1134,1146,1129,1144,1.0315e+06,1106.4
1140,1141,1125,1129,1.0524e+06,1091.9
1101.2,1110,1091.7,1101.2,1.3147e+06,1067.7
1101.2,1110,1091.7,1101.2,1.3147e+06,1067.7
1128,1132,1122,1130,1.081e+06,1092.9
1128,1145,1128,1143,1.5579e+06,1105.5
1144,1153,1140.2,1151,2.5827e+06,1113.2
1159,1166,1156,1165,1.5955e+06,1126.8
1162,1168,1161.2,1166,1.649e+06,1127.7
1101.2,1110,1091.7,1101.2,1.3147e+06,1067.7
1101.2,1110,1091.7,1101.2,1.3147e+06,1067.7
1163,1165,1151,1153,1.0018e+06,1115.2
1153,1153,1130,1139,1.1133e+06,1101.6
1141,1142,1132.5,1137,9.184e+05,1099.7
1142,1143,1124,1138,1.009e+06,1100.6
1142,1142,1129,1137,7.775e+05,1099.7
1101.2,1110,1091.7,1101.2,1.3147e+06,1067.7
1101.2,1110,1091.7,1101.2,1.3147e+06,1067.7
1136,1148,1133,1145,1.3659e+06,1107.4
1145,1160,1143,1160,1.1805e+06,1121.9
1162,1171,1160,1167,1.0402e+06,1128.7
1165,1167,1161,1163,1.2209e+06,1124.8
1166,1167,1160,1165,7.584e+05,1126.8
1101.2,1110,1091.7,1101.2,1.3147e+06,1067.7
1101.2,1110,1091.7,1101.2,1.3147e+06,1067.7
1165,1165,1158,1161,1.4347e+06,1122.9
1162,1162,1131,1132,1.2801e+06,1094.8
1134,1135.8,1123,1132,8.264e+05,1094.8
1131,1135,1108,1115,1.1399e+06,1078.4
1118,1123,1114,1120,8.398e+05,1083.2
1101.2,1110,1091.7,1101.2,1.3147e+06,1067.7
1101.2,1110,1091.7,1101.2,1.3147e+06,1067.7
1121,1130,1120,1128,5.741e+05,1091
1124,1134,1122,1129,1.6353e+06,1091.9
1131,1156,1131,1148,1.7253e+06,1110.3
1143,1148,1126,1133,1.458e+06,1095.8
1131,1152,1123,1151,1.7799e+06,1113.2
1101.2,1110,1091.7,1101.2,1.3147e+06,1067.7
1101.2,1110,1091.7,1101.2,1.3147e+06,1067.7
1152,1152,1136,1146,8.087e+05,1108.4
1148,1157,1143,1155,1.0642e+06,1117.1
1161,1212,1154,1210,2.8984e+06,1170.3
1225,1231,1204,1208,9.335e+05,1168.3
1203,1216,1200,1211,1.0677e+06,1171.2
1101.2,1110,1091.7,1101.2,1.3147e+06,1067.7
1101.2,1110,1091.7,1101.2,1.3147e+06,1067.7
1216,1223,1209,1215,1.448e+06,1175.1
1218,1224,1211,1215,7.956e+05,1175.1
1216,1248,1212,1235,2.9822e+06,1194.5
1228,1233,1194,1202,2.2027e+06,1162.5
1196,1197,1158,1180,2.5114e+06,1141.3
1101.2,1110,1091.7,1101.2,1.3147e+06,1067.7
1101.2,1110,1091.7,1101.2,1.3147e+06,1067.7
1183,1186,1156,1170,1.2549e+06,1131.6
1171,1179,1166,1169,8.49e+05,1130.6
1165,1167,1154,1161,1.2254e+06,1122.9
1158,1184,1154,1168,1.4152e+06,1129.7
1158,1170,1153,1167,1.0715e+06,1128.7
1101.2,1110,1091.7,1101.2,1.3147e+06,1067.7
1101.2,1110,1091.7,1101.2,1.3147e+06,1067.7
1174,1184,1170,1179,7.305e+05,1140.3
1177,1179,1171,1178,8.011e+05,1139.3
1181,1193,1174.9,1190,7.969e+05,1150.9
1187,1196,1184,1194,8.247e+05,1154.8
1196,1203,1191,1192,1.3893e+06,1152.9
1101.2,1110,1091.7,1101.2,1.3147e+06,1067.7
1101.2,1110,1091.7,1101.2,1.3147e+06,1067.7
1199,1213,1199,1212,6.177e+05,1172.2
1219,1222,1215,1218,5.647e+05,1178
1216,1220,1212,1214,1.2166e+06,1174.2
1216,1222,1213,1217,7.299e+05,1177.1
1216,1216.3,1202,1211,9.569e+05,1171.2
1101.2,1110,1091.7,1101.2,1.3147e+06,1067.7
1101.2,1110,1091.7,1101.2,1.3147e+06,1067.7
1211,1211,1211,1211,0,1171.2
1217,1228.5,1212,1227,8.263e+05,1186.7
1217,1221.7,1213,1214,5.783e+05,1183.4
1210,1224,1207,1217,1.6646e+06,1186.3
1219,1227,1214,1227,1.2062e+06,1196.1
1101.2,1110,1091.7,1101.2,1.3147e+06,1067.7
1101.2,1110,1091.7,1101.2,1.3147e+06,1067.7
1221,1227,1219,1224,5.71e+05,1193.2
1230,1230,1216,1220,2.1095e+06,1189.3
1222,1239,1222,1232,8.514e+05,1201
1233,1233,1213,1217,1.073e+06,1186.3
1209,1215.3,1188.2,1190,1.4701e+06,1160
1101.2,1110,1091.7,1101.2,1.3147e+06,1067.7
1101.2,1110,1091.7,1101.2,1.3147e+06,1067.7
1188,1195,1179,1192,9.097e+05,1162
1189,1196,1175,1176,1.0041e+06,1146.4
1177,1181,1165,1178,8.663e+05,1148.3
1184,1185,1170,1177,7.38e+05,1147.3
1180,1185,1179,1182,8.007e+05,1152.2
1101.2,1110,1091.7,1101.2,1.3147e+06,1067.7
1101.2,1110,1091.7,1101.2,1.3147e+06,1067.7
1178,1179,1169,1172,5.888e+05,1142.5
1169,1171,1156,1162,7.725e+05,1132.7
1168,1178,1167,1167,9.685e+05,1137.6
1167,1170,1157,1168,8.443e+05,1138.6
1177,1191,1174,1178,2.3238e+06,1148.3
1101.2,1110,1091.7,1101.2,1.3147e+06,1067.7
1101.2,1110,1091.7,1101.2,1.3147e+06,1067.7
1175,1175.2,1165,1171,7.597e+05,1141.5
1173,1173,1144,1148,1.2191e+06,1119.1
1148,1148,1138,1140,1.8618e+06,1111.3
1138,1160,1138,1150,1.366e+06,1121
1151,1156,1137,1153,1.0521e+06,1123.9
1101.2,1110,1091.7,1101.2,1.3147e+06,1067.7
1101.2,1110,1091.7,1101.2,1.3147e+06,1067.7
1151,1173,1150,1169,1.6617e+06,1139.5
1171,1174.6,1158,1164,1.5164e+06,1134.7
1161,1177,1161,1165,1.1944e+06,1135.6
1164,1167,1150,1152,1.1831e+06,1123
1156,1168,1155,1165,7.344e+05,1135.6
1101.2,1110,1091.7,1101.2,1.3147e+06,1067.7
1101.2,1110,1091.7,1101.2,1.3147e+06,1067.7
1170,1173.3,1157,1160,9.113e+05,1130.8
1155,1159,1137,1138,1.4678e+06,1109.3
1136,1151,1118.2,1145,1.5664e+06,1116.1
1152,1160,1147,1151,1.5101e+06,1122
1142,1142.5,1118,1135,2.2051e+06,1106.4
1101.2,1110,1091.7,1101.2,1.3147e+06,1067.7
1101.2,1110,1091.7,1101.2,1.3147e+06,1067.7
1126,1137,1122,1134,9.87e+05,1105.4
1123,1144.3,1122,1142,1.2241e+06,1113.2
1145,1152,1114,1114,1.7338e+06,1085.9
1118,1126,1079.5,1100,4.1088e+06,1072.3
1099,1128,1095,1127,1.8134e+06,1098.6
1101.2,1110,1091.7,1101.2,1.3147e+06,1067.7
1101.2,1110,1091.7,1101.2,1.3147e+06,1067.7
1124,1130,1114,1124,1.0519e+06,1095.7
1120,1136,1115,1133,1.1822e+06,1104.5
1137,1156,1136,1154,1.3205e+06,1124.9
1150,1156,1137,1149,1.6983e+06,1120
1149,1155,1144,1149,1.2002e+06,1120
1101.2,1110,1091.7,1101.2,1.3147e+06,1067.7
1101.2,1110,1091.7,1101.2,1.3147e+06,1067.7
1157,1159,1147,1153,9.979e+05,1123.9
1159,1168,1155,1157,7.932e+05,1127.8
1163,1170,1076,1082,5.9888e+06,1054.7
1084,1101,1064,1101,2.6691e+06,1073.3
1108,1109,1091,1097,1.8878e+06,1069.4
1101.2,1110,1091.7,1101.2,1.3147e+06,1067.7
1101.2,1110,1091.7,1101.2,1.3147e+06,1067.7
1098,1102,1077,1079,2.4659e+06,1051.8
1077,1087,1075,1080,1.1988e+06,1052.8
1081,1083,1067,1080,1.879e+06,1052.8
1075,1083,1068,1076,1.9918e+06,1048.9
1080,1110,1080,1103,2.6931e+06,1075.2
1101.2,1110,1091.7,1101.2,1.3147e+06,1067.7
1101.2,1110,1091.7,1101.2,1.3147e+06,1067.7
1100,1112,1075.5,1111,1.9664e+06,1083
1112,1130,1110,1121,1.9144e+06,1092.8
1095,1097,1034.3,1048,5.9557e+06,1021.6
1040,1070,1030,1055,2.4978e+06,1028.4
1060,1066,1056.6,1066,1.5617e+06,1039.1
1101.2,1110,1091.7,1101.2,1.3147e+06,1067.7
1101.2,1110,1091.7,1101.2,1.3147e+06,1067.7
1061,1067,1049,1057,1.6688e+06,1030.4
1056,1067,1055,1065,1.4931e+06,1038.2
1063,1064.4,1044,1054,1.4119e+06,1027.4
1058,1065,1053,1057,1.8065e+06,1030.4
1058,1067,1053,1062,1.3737e+06,1035.2
1101.2,1110,1091.7,1101.2,1.3147e+06,1067.7
1101.2,1110,1091.7,1101.2,1.3147e+06,1067.7
1062,1066,1052,1061,1.1013e+06,1034.3
1061,1069.5,1057,1069,1.4553e+06,1042.1
1070,1074,1060.3,1061,1.1512e+06,1034.3
1062,1070,1058,1067,1.1099e+06,1040.1
1067,1078,1062,1070,1.5255e+06,1043
1101.2,1110,1091.7,1101.2,1.3147e+06,1067.7
1101.2,1110,1091.7,1101.2,1.3147e+06,1067.7
1069,1079,1051.8,1055,9.235e+05,1028.4
1058,1076,1056,1068,8.937e+05,1041.1
1067,1068.6,1049,1051,9.641e+05,1024.5
1051,1054,1039,1047,1.995e+06,1020.6
1047,1057,1029,1055,1.1304e+06,1028.4
1101.2,1110,1091.7,1101.2,1.3147e+06,1067.7
1101.2,1110,1091.7,1101.2,1.3147e+06,1067.7
1053,1061,1048,1057,9.352e+05,1030.4
1055,1055,1032,1032,1.2417e+06,1006
1044,1054,1033.5,1038,1.9365e+06,1011.8
1037,1039,1008,1029,2.0303e+06,1003.1
1027,1027,1006,1009,1.1206e+06,983.57
1101.2,1110,1091.7,1101.2,1.3147e+06,1067.7
1101.2,1110,1091.7,1101.2,1.3147e+06,1067.7
1005,1012,1000.5,1002,2.4848e+06,976.75
1002,1067,1002,1065,3.616e+06,1038.2
1052,1055,1037,1054,2.2064e+06,1027.4
1062,1088,1060,1087,1.9757e+06,1059.6
1091,1094,1073,1076,2.241e+06,1048.9
1101.2,1110,1091.7,1101.2,1.3147e+06,1067.7
1101.2,1110,1091.7,1101.2,1.3147e+06,1067.7
1085,1096,1082.8,1092,1.7601e+06,1064.5
1096,1106,1087,1095,7.007e+05,1067.4
1094,1094,1083,1088,1.351e+05,1060.6
1088,1088,1088,1088,0,1060.6
1088,1088,1088,1088,0,1060.6
1101.2,1110,1091.7,1101.2,1.3147e+06,1067.7
1101.2,1110,1091.7,1101.2,1.3147e+06,1067.7
1086,1097,1083,1088,6.353e+05,1060.6
1083,1088,1072,1076,6.603e+05,1048.9
1081,1086,1078,1081,2.983e+05,1053.8
1081,1081,1081,1081,0,1053.8
1087,1093,1073,1085,9.786e+05,1057.7
1101.2,1110,1091.7,1101.2,1.3147e+06,1067.7
1101.2,1110,1091.7,1101.2,1.3147e+06,1067.7
1080,1093,1065,1068,1.2734e+06,1041.1
1065,1070,1051.7,1060,1.2936e+06,1033.3
1066,1072,1060,1069,1.329e+06,1042.1
1075,1093,1071,1090,9.921e+05,1062.5
1086,1098,1072,1077,1.0061e+06,1049.9
1101.2,1110,1091.7,1101.2,1.3147e+06,1067.7
1101.2,1110,1091.7,1101.2,1.3147e+06,1067.7
1077,1084,1066,1072,9.457e+05,1045
1066,1078,1063,1076,1.0806e+06,1048.9
1065,1076,1041,1045,1.6498e+06,1018.7
1050,1055,1032,1052,2.2034e+06,1025.5
1044,1074,1044,1071,1.6405e+06,1044
1101.2,1110,1091.7,1101.2,1.3147e+06,1067.7
1101.2,1110,1091.7,1101.2,1.3147e+06,1067.7
1069,1093,1069,1092,8.635e+05,1064.5
1095,1095,1081,1095,1.4731e+06,1067.4
1092,1105,1080,1105,1.5837e+06,1077.2
1101,1107,1094,1106,1.7032e+06,1078.1
1104,1107,1078,1082,1.9658e+06,1054.7
1101.2,1110,1091.7,1101.2,1.3147e+06,1067.7
1101.2,1110,1091.7,1101.2,1.3147e+06,1067.7
1084,1097,1080,1097,1.4454e+06,1069.4
1094,1102,1085,1093,2.0497e+06,1065.5
1096,1119,1096,1118,1.7372e+06,1089.8
1113,1118,1094,1114,1.4031e+06,1085.9
1117,1130,1108,1118,1.7272e+06,1089.8
1101.2,1110,1091.7,1101.2,1.3147e+06,1067.7
1101.2,1110,1091.7,1101.2,1.3147e+06,1067.7
1117,1124,1108,1115,1.3308e+06,1086.9
1096,1132,1075,1120,3.282e+06,1091.8
1122,1127,1114,1125,1.1172e+06,1096.7
1123,1148,1117,1143,1.377e+06,1114.2
1143,1174,1140,1158,1.9277e+06,1128.8
1101.2,1110,1091.7,1101.2,1.3147e+06,1067.7
1101.2,1110,1091.7,1101.2,1.3147e+06,1067.7
1156,1156.5,1135,1155,1.3608e+06,1125.9
1153,1165,1146,1157,1.6756e+06,1127.8
1155,1161,1139,1154,2.0208e+06,1124.9
1152,1161,1148,1154,1.7039e+06,1124.9
1159,1168,1155,1158,9.139e+05,1128.8
1101.2,1110,1091.7,1101.2,1.3147e+06,1067.7
1101.2,1110,1091.7,1101.2,1.3147e+06,1067.7
1154,1155,1135,1135,2.0239e+06,1106.4
1134,1142,1129,1139,1.9398e+06,1110.3
1143,1155.1,1141,1155,1.5209e+06,1125.9
1157,1168,1150,1161,1.5379e+06,1131.7
1161,1175.2,1159,1171,1.3288e+06,1141.5
1101.2,1110,1091.7,1101.2,1.3147e+06,1067.7
1101.2,1110,1091.7,1101.2,1.3147e+06,1067.7
1178,1183,1172.3,1181,1.1166e+06,1151.2
1180,1190,1179,1187,1.7555e+06,1157.1
1187,1199,1176,1196,2.1347e+06,1165.9
1220,1226,1128,1181,8.0752e+06,1151.2
1165,1194,1153,1188,4.3253e+06,1158.1
1101.2,1110,1091.7,1101.2,1.3147e+06,1067.7
1101.2,1110,1091.7,1101.2,1.3147e+06,1067.7
1189,1214,1189,1207,2.8345e+06,1176.6
1211,1236,1195,1197,2.1538e+06,1166.8
1198,1203,1180,1191,1.1635e+06,1161
1191,1213,1190,1211,1.6254e+06,1180.5
1207,1213,1203,1209,1.3596e+06,1178.5
1101.2,1110,1091.7,1101.2,1.3147e+06,1067.7
1101.2,1110,1091.7,1101.2,1.3147e+06,1067.7
1206,1206.2,1187,1192,1.3608e+06,1162
1177,1183,1153,1154,2.0994e+06,1124.9
1159,1177,1153,1172,1.3624e+06,1142.5
1177,1189.1,1166,1169,1.8144e+06,1139.5
1172,1180,1164,1173,1.125e+06,1143.4
1101.2,1110,1091.7,1101.2,1.3147e+06,1067.7
1101.2,1110,1091.7,1101.2,1.3147e+06,1067.7
1178,1179,1168.3,1172,1.2312e+06,1142.5
1173,1184,1164,1180,1.2939e+06,1150.3
1177,1185,1174.7,1183,1.8032e+06,1153.2
1188,1199,1184,1185,1.3837e+06,1155.1
1189,1191,1180,1191,3.1109e+06,1161
1101.2,1110,1091.7,1101.2,1.3147e+06,1067.7
1101.2,1110,1091.7,1101.2,1.3147e+06,1067.7
1192,1194,1184,1190,9.304e+05,1160
1190,1205,1185,1202,1.6219e+06,1171.7
1203,1203,1178,1180,1.0769e+06,1150.3
1172,1174,1156,1164,1.074e+06,1134.7
1163,1168,1135,1141,2.0866e+06,1112.2
1101.2,1110,1091.7,1101.2,1.3147e+06,1067.7
1101.2,1110,1091.7,1101.2,1.3147e+06,1067.7
1150,1154,1118,1123,2.2295e+06,1094.7
1124,1134,1106,1116,2.6931e+06,1087.9
1116,1120,1106,1115,2.0299e+06,1086.9
1111,1117,1103,1115,1.5533e+06,1086.9
1115,1115,1115,1115,0,1086.9
1101.2,1110,1091.7,1101.2,1.3147e+06,1067.7
1101.2,1110,1091.7,1101.2,1.3147e+06,1067.7
1115,1115,1115,1115,0,1086.9
1120,1145,1119,1133,1.7277e+06,1104.5
1132,1140,1128,1130,1.3632e+06,1101.5
1136,1141,1130,1135,1.0184e+06,1106.4
1136,1142,1135,1141,1.1337e+06,1112.2
1101.2,1110,1091.7,1101.2,1.3147e+06,1067.7
1101.2,1110,1091.7,1101.2,1.3147e+06,1067.7
1142,1148.5,1136,1147,1.2617e+06,1118.1
1149,1169,1148.8,1159,2.5046e+06,1129.8
1157,1165,1151,1152,1.1932e+06,1123
1139,1144,1120,1128,1.5979e+06,1118.6
1125,1137,1114,1121,1.3672e+06,1111.7
1101.2,1110,1091.7,1101.2,1.3147e+06,1067.7
1101.2,1110,1091.7,1101.2,1.3147e+06,1067.7
1127,1131,1103,1107,1.4469e+06,1097.8
1110,1125,1105.8,1116,1.0827e+06,1106.7
1122,1124,1112,1123,1.8966e+06,1113.6
1122,1132,1121,1132,2.5291e+06,1122.6
1130,1141,1130,1134,2.1781e+06,1124.6
1101.2,1110,1091.7,1101.2,1.3147e+06,1067.7
1101.2,1110,1091.7,1101.2,1.3147e+06,1067.7
1134,1140,1123,1136,1.7664e+06,1126.5
1136,1138,1123,1129,1.6817e+06,1119.6
1130,1141,1119,1119,1.4178e+06,1109.7
1119,1146,1115,1144,3.5099e+06,1134.5
1148,1168,1127,1165,1.665e+06,1155.3
1101.2,1110,1091.7,1101.2,1.3147e+06,1067.7
1101.2,1110,1091.7,1101.2,1.3147e+06,1067.7
1165,1165,1165,1165,0,1155.3
1173,1189,1160,1160,2.9418e+06,1150.3
1156,1178,1156,1173,2.2971e+06,1163.2
1171,1171,1140,1160,4.1035e+06,1150.3
1203,1265,1202,1238,4.6762e+06,1227.7
1101.2,1110,1091.7,1101.2,1.3147e+06,1067.7
1101.2,1110,1091.7,1101.2,1.3147e+06,1067.7
1235,1247,1232,1246,2.4779e+06,1235.6
1243,1255,1223,1250,3.3541e+06,1239.6
1261,1284,1254,1272,2.4772e+06,1261.4
1271,1276,1253,1257,2.0025e+06,1246.5
1261,1268,1256,1263,1.3238e+06,1252.5
1101.2,1110,1091.7,1101.2,1.3147e+06,1067.7
1101.2,1110,1091.7,1101.2,1.3147e+06,1067.7
1268,1272.5,1257,1263,1.5614e+06,1252.5
1266,1275.3,1263,1270,1.6332e+06,1259.4
1274,1284,1266.5,1269,1.8838e+06,1258.4
1270,1280.5,1268,1280,1.1387e+06,1269.3
1277,1285,1275,1276,1.4295e+06,1265.4
1101.2,1110,1091.7,1101.2,1.3147e+06,1067.7
1101.2,1110,1091.7,1101.2,1.3147e+06,1067.7
1276,1276,1276,1276,0,1265.4
1282,1282,1261,1265,1.3069e+06,1254.5
1267,1283,1266,1280,2.0463e+06,1269.3
1275,1280,1256,1262,2.7492e+06,1251.5
1265,1266,1250,1252,1.8507e+06,1241.6
1101.2,1110,1091.7,1101.2,1.3147e+06,1067.7
1101.2,1110,1091.7,1101.2,1.3147e+06,1067.7
1258,1261,1249,1250,1.2673e+06,1239.6
1258,1258.2,1233,1241,2.2655e+06,1230.7
1238,1245,1235,1241,1.9298e+06,1230.7
1238,1240.3,1230,1234,2.1655e+06,1223.7
1229,1229,1215,1224,1.3672e+06,1213.8
1101.2,1110,1091.7,1101.2,1.3147e+06,1067.7
1101.2,1110,1091.7,1101.2,1.3147e+06,1067.7
1222,1226,1210,1225,2.0525e+06,1214.8
1226,1227,1216,1221,1.8602e+06,1210.8
1219,1231,1213,1226,2.577e+06,1215.8
1223,1236,1223,1231,1.6971e+06,1220.8
1230,1230,1216,1217,9.461e+05,1206.9
1101.2,1110,1091.7,1101.2,1.3147e+06,1067.7
1101.2,1110,1091.7,1101.2,1.3147e+06,1067.7
1212,1212,1206,1206,7.523e+05,1196
1205,1218.7,1192,1213,1.7661e+06,1202.9
1217,1217,1203,1209,1.5726e+06,1198.9
1203,1220,1194.4,1218,1.4213e+06,1207.9
1220,1237,1220,1232,2.5181e+06,1221.7
1101.2,1110,1091.7,1101.2,1.3147e+06,1067.7
1101.2,1110,1091.7,1101.2,1.3147e+06,1067.7
1250,1265,1244,1262,3.409e+06,1251.5
1266,1269,1259,1267,1.5253e+06,1256.5
1265,1270,1255,1261,1.1602e+06,1250.5
1260,1273,1258.7,1266,1.1291e+06,1255.5
1263,1263,1253,1260,1.5283e+06,1249.5
1101.2,1110,1091.7,1101.2,1.3147e+06,1067.7
1101.2,1110,1091.7,1101.2,1.3147e+06,1067.7
1224,1258,1223,1247,1.435e+06,1236.6
1242,1245,1231,1238,2.0198e+06,1227.7
1244,1257,1243,1257,2.1279e+06,1246.5
1254,1265,1254,1262,1.1111e+06,1251.5
1260,1274,1258,1268,1.3616e+06,1257.4
1101.2,1110,1091.7,1101.2,1.3147e+06,1067.7
1101.2,1110,1091.7,1101.2,1.3147e+06,1067.7
1259,1272,1255,1256,1.3813e+06,1245.5
1257,1266,1252,1252,1.9773e+06,1241.6
1258,1263,1252,1260,1.9581e+06,1249.5
1251,1277,1248,1272,1.5312e+06,1261.4
1287,1289,1272,1275,1.2612e+06,1264.4
1101.2,1110,1091.7,1101.2,1.3147e+06,1067.7
1101.2,1110,1091.7,1101.2,1.3147e+06,1067.7
1285,1290,1276,1286,1.7659e+06,1275.3
1284,1298,1281,1295,9.089e+05,1284.2
1296,1300,1289,1298,9.396e+05,1287.2
1303,1320,1301,1320,1.1091e+06,1309
1323,1323,1310,1320,1.3691e+06,1309
1101.2,1110,1091.7,1101.2,1.3147e+06,1067.7
1101.2,1110,1091.7,1101.2,1.3147e+06,1067.7
1318,1333,1318,1326,8.492e+05,1315
1329,1336,1315,1319,8.969e+05,1308
1300,1304,1286,1297,1.423e+06,1286.2
1304,1312,1300,1301,1.09e+06,1290.2
1298,1310,1291,1297,1.2441e+06,1286.2
1101.2,1110,1091.7,1101.2,1.3147e+06,1067.7
1101.2,1110,1091.7,1101.2,1.3147e+06,1067.7
1291,1295,1275,1276,1.0587e+06,1265.4
1278,1287,1276,1286,1.1217e+06,1275.3
1260,1275,1253,1271,2.226e+06,1260.4
1271,1284,1271,1279,1.5951e+06,1268.3
1285,1304,1280,1304,1.3129e+06,1293.1
1101.2,1110,1091.7,1101.2,1.3147e+06,1067.7
1101.2,1110,1091.7,1101.2,1.3147e+06,1067.7
1299,1313,1293,1298,1.0815e+06,1287.2
1301,1312,1290,1312,1.3171e+06,1301.1
1314,1317,1296,1317,1.5441e+06,1306
1311,1315,1301,1308,1.0434e+06,1297.1
1303,1304,1291,1294,1.3656e+06,1283.2
1101.2,1110,1091.7,1101.2,1.3147e+06,1067.7
1101.2,1110,1091.7,1101.2,1.3147e+06,1067.7
1301,1304,1286,1300,9.351e+05,1289.2
1295,1301,1286,1288,9.856e+05,1277.3
1280,1285,1265,1279,1.3244e+06,1268.3
1293,1298,1281,1284,1.922e+06,1273.3
1289,1290,1281.5,1287,1.6301e+06,1276.3
1101.2,1110,1091.7,1101.2,1.3147e+06,1067.7
1101.2,1110,1091.7,1101.2,1.3147e+06,1067.7
1294,1303,1286,1300,7.714e+05,1289.2
1298,1300,1290,1295,6.153e+05,1284.2
1294,1297,1280,1280,1.178e+06,1269.3
1271,1276.1,1255,1256,1.0066e+06,1245.5
1245,1256,1231,1231,1.234e+06,1220.8
1101.2,1110,1091.7,1101.2,1.3147e+06,1067.7
1101.2,1110,1091.7,1101.2,1.3147e+06,1067.7
1202,1210.7,1161,1179,2.4412e+06,1169.2
1192,1210.2,1190,1206,2.011e+06,1196
1195,1230,1187,1211,1.9196e+06,1200.9
1236,1238,1220,1233,1.1315e+06,1222.7
1231,1236,1217,1236,1.1861e+06,1225.7
1101.2,1110,1091.7,1101.2,1.3147e+06,1067.7
1101.2,1110,1091.7,1101.2,1.3147e+06,1067.7
1236,1236,1236,1236,0,1225.7
1222,1231,1193,1196,1.9762e+06,1186
1203,1229.5,1202,1225,2.0427e+06,1214.8
1235,1246,1228,1236,1.0467e+06,1225.7
1223,1226.6,1195,1196,1.3003e+06,1186
1101.2,1110,1091.7,1101.2,1.3147e+06,1067.7
1101.2,1110,1091.7,1101.2,1.3147e+06,1067.7
1205,1211,1197,1208,8.897e+05,1197.9
1214,1235.3,1214,1220,1.0168e+06,1209.8
1238,1246,1229,1232,7.999e+05,1221.7
1223,1234.3,1219.8,1226,9.304e+05,1215.8
1230,1235,1214,1218,7.633e+05,1207.9
1101.2,1110,1091.7,1101.2,1.3147e+06,1067.7
1101.2,1110,1091.7,1101.2,1.3147e+06,1067.7
1225,1225,1197,1198,2.5573e+06,1188
1201,1211,1185,1202,1.0436e+06,1192
1206,1214,1203,1211,7.528e+05,1200.9
1210,1212,1195,1202,8.417e+05,1192
1202,1202.3,1186,1193,1.4891e+06,1183.1
1101.2,1110,1091.7,1101.2,1.3147e+06,1067.7
1101.2,1110,1091.7,1101.2,1.3147e+06,1067.7
1188,1204,1186,1190,8.051e+05,1180.1
1195,1195,1169.3,1174,1.335e+06,1164.2
1174,1200,1174,1193,9.407e+05,1183.1
1191,1203,1189,1197,1.6007e+06,1187
1212,1217,1204,1212,1.0817e+06,1201.9
1101.2,1110,1091.7,1101.2,1.3147e+06,1067.7
1101.2,1110,1091.7,1101.2,1.3147e+06,1067.7
1207,1217,1204,1211,1.0342e+06,1200.9
1197,1202,1190,1190,1.4218e+06,1180.1
1209,1209,1192,1198,1.5752e+06,1188
1214,1220,1202,1211,1.3324e+06,1200.9
1215,1224,1198,1213,1.0329e+06,1202.9
1101.2,1110,1091.7,1101.2,1.3147e+06,1067.7
1101.2,1110,1091.7,1101.2,1.3147e+06,1067.7
1233,1248,1223,1248,1.4224e+06,1237.6
1250,1254,1244,1251,8.569e+05,1240.6
1254,1262,1234,1235,1.5827e+06,1224.7
1234,1252,1234,1245,7.829e+05,1234.6
1252,1260,1247,1251,6.573e+05,1240.6
1101.2,1110,1091.7,1101.2,1.3147e+06,1067.7
1101.2,1110,1091.7,1101.2,1.3147e+06,1067.7
1249,1260.2,1248,1255,7.522e+05,1244.6
1254,1260,1250,1254,8.532e+05,1243.6
1251,1260,1231,1231,1.0241e+06,1220.8
1233,1241,1226,1238,8.393e+05,1227.7
1251,1270,1250,1264,1.428e+06,1253.5
1101.2,1110,1091.7,1101.2,1.3147e+06,1067.7
1101.2,1110,1091.7,1101.2,1.3147e+06,1067.7
1258,1268,1258,1261,6.901e+05,1250.5
1265,1270,1257.7,1261,7.985e+05,1250.5
1266,1270,1257.5,1261,6.509e+05,1250.5
1249,1258,1245,1254,7.042e+05,1254
1260,1275,1258,1275,9.986e+05,1275
1101.2,1110,1091.7,1101.2,1.3147e+06,1067.7
1101.2,1110,1091.7,1101.2,1.3147e+06,1067.7
1269,1274,1264,1267,6.907e+05,1267
1266,1266,1253,1261,9.515e+05,1261
1255,1278,1255,1272,7.944e+05,1272
1273,1279,1268.7,1276,1.4962e+06,1276
1280,1285,1268,1275,1.0338e+06,1275
1101.2,1110,1091.7,1101.2,1.3147e+06,1067.7
1101.2,1110,1091.7,1101.2,1.3147e+06,1067.7
1271,1287,1271,1284,6.194e+05,1284
1284,1286,1276,1282,6.536e+05,1282
1281,1293,1281,1292,7.244e+05,1292
1290,1306,1282,1296,2.2231e+06,1296
1296,1297,1264,1275,1.7722e+06,1275
1101.2,1110,1091.7,1101.2,1.3147e+06,1067.7
1101.2,1110,1091.7,1101.2,1.3147e+06,1067.7
1275,1278,1265,1265,1.1587e+06,1265
1267,1268,1245,1248,1.0404e+06,1248
1252,1266,1249,1254,6.935e+05,1254
1254,1258,1218,1219,1.2783e+06,1219
1217,1220,1195,1198,1.3902e+06,1198
1101.2,1110,1091.7,1101.2,1.3147e+06,1067.7
1101.2,1110,1091.7,1101.2,1.3147e+06,1067.7
1188,1203,1187,1200,1.2371e+06,1200
1216,1236,1216,1236,1.0403e+06,1236
1235,1238,1225,1237,8.851e+05,1237
1243,1254,1242,1251,9.941e+05,1251
1249,1255,1238,1251,1.0664e+06,1251
1101.2,1110,1091.7,1101.2,1.3147e+06,1067.7
1101.2,1110,1091.7,1101.2,1.3147e+06,1067.7
1241,1252,1241,1244,6.889e+05,1244
1243,1247,1223,1228,7.711e+05,1228
1233,1269,1230.5,1255,1.1676e+06,1255
1259,1274,1256,1267,6.709e+05,1267
1261,1274,1261,1267,5.586e+05,1267
1101.2,1110,1091.7,1101.2,1.3147e+06,1067.7
1101.2,1110,1091.7,1101.2,1.3147e+06,1067.7
1268,1276,1263,1272,1.4117e+06,1272
1277,1288,1273,1283,7.43e+05,1283
1285,1291,1276,1276,9.764e+05,1276
1270,1286,1239,1239,1.4569e+06,1239
1235,1244,1230,1240,1.2362e+06,1240
1101.2,1110,1091.7,1101.2,1.3147e+06,1067.7
1101.2,1110,1091.7,1101.2,1.3147e+06,1067.7
1250,1263,1230,1230,1.4191e+06,1230
1232,1244,1214,1214,1.3758e+06,1214
1220,1221.7,1178,1178,2.3009e+06,1178
1176,1203,1162,1183,1.4128e+06,1183
1183,1200,1154,1154,2.3845e+06,1154
1101.2,1110,1091.7,1101.2,1.3147e+06,1067.7
1101.2,1110,1091.7,1101.2,1.3147e+06,1067.7
1158,1171,1145,1145,1.8368e+06,1145
1154,1158,1138,1146,2.2948e+06,1146
1149,1178,1146,1173,1.4388e+06,1173
1197,1212.3,1193.8,1210,2.2539e+06,1210
1204,1205,1183,1183,2.2658e+06,1183
1101.2,1110,1091.7,1101.2,1.3147e+06,1067.7
1101.2,1110,1091.7,1101.2,1.3147e+06,1067.7
1181,1194,1175,1176,1.0913e+06,1176
1181,1193,1174,1190,1.1224e+06,1190
1198,1223,1196.7,1212,1.2006e+06,1212
1219,1223,1214,1223,84800,1223
1101.2,1110,1091.7,1101.2,1.3147e+06,1067.7
1101.2,1110,1091.7,1101.2,1.3147e+06,1067.7
1101.2,1110,1091.7,1101.2,1.3147e+06,1067.7
1101.2,1110,1091.7,1101.2,1.3147e+06,1067.7
1233,1236,1218,1230,1.0326e+06,1230
1226,1230,1217,1219,8.773e+05,1219
1224,1224,1208,1208,4.229e+05,1208
1101.2,1110,1091.7,1101.2,1.3147e+06,1067.7
1101.2,1110,1091.7,1101.2,1.3147e+06,1067.7
1101.2,1110,1091.7,1101.2,1.3147e+06,1067.7
1192,1197,1178,1183,1.0995e+06,1183
1200,1202,1178,1183,5.307e+05,1183
1185,1185,1171,1184,1.3085e+06,1184
1159,1174,1150,1157,1.485e+06,1157
1166,1185,1158,1166,1.3521e+06,1166
1101.2,1110,1091.7,1101.2,1.3147e+06,1067.7
1101.2,1110,1091.7,1101.2,1.3147e+06,1067.7
1156,1167,1153,1156,8.343e+05,1156
1160,1178,1154,1166,1.2695e+06,1166
1186,1206,1183,1191,1.7594e+06,1191
1178,1178,1154,1171,1.225e+06,1171
1169,1178,1140,1142,1.7829e+06,1142
1101.2,1110,1091.7,1101.2,1.3147e+06,1067.7
1101.2,1110,1091.7,1101.2,1.3147e+06,1067.7
1142,1156,1135,1136,8.68e+05,1136
1150,1163,1149,1159,8.236e+05,1159
1138,1144,1105,1113,1.7153e+06,1113
1118,1149,1118,1144,1.6438e+06,1144
1162,1173,1156,1162,1.4045e+06,1162
1101.2,1110,1091.7,1101.2,1.3147e+06,1067.7
1101.2,1110,1091.7,1101.2,1.3147e+06,1067.7
1172,1174,1160,1165,9.499e+05,1165
1147,1168,1147,1167,1.1691e+06,1167
1168,1171,1123,1142,3.179e+06,1142
1138,1154,1134,1139,1.173e+06,1139
1151,1175,1132,1175,1.7356e+06,1175
1101.2,1110,1091.7,1101.2,1.3147e+06,1067.7
1101.2,1110,1091.7,1101.2,1.3147e+06,1067.7
1181,1192,1131,1159,2.1753e+06,1159
1160,1160,1129,1135,1.08e+06,1135
1133,1139,1106,1112,1.2189e+06,1112
1129,1129,1102,1112,1.9486e+06,1112
1112,1125,1098,1098,2.3199e+06,1098
1101.2,1110,1091.7,1101.2,1.3147e+06,1067.7
1101.2,1110,1091.7,1101.2,1.3147e+06,1067.7
1099,1104,1053,1056,2.0964e+06,1056
1062,1068,1040,1063,2.304e+06,1063
1062,1085,1055,1081,1.6422e+06,1081
1073,1073,1044,1059,1.3526e+06,1059
1062,1074,1055,1074,1.6087e+06,1074
1101.2,1110,1091.7,1101.2,1.3147e+06,1067.7
1101.2,1110,1091.7,1101.2,1.3147e+06,1067.7
1090,1097,1088,1092,1.3423e+06,1092
1096,1105,1087,1099,1.1213e+06,1099
1097,1128,1097,1123,1.1101e+06,1123
