1378,1393,1370,1390,1.0887e+06,1237.9
1380,1398,1372,1398,1.9801e+06,1245
1400,1425,1388.6,1404,1.7285e+06,1250.4
1384,1392,1333,1336,3.2883e+06,1189.8
1340,1396,1340,1394,2.9634e+06,1241.5
1614.1,1634.5,1594.8,1614.3,2.1024e+06,1550.8
1614.1,1634.5,1594.8,1614.3,2.1024e+06,1550.8
1395,1438,1390,1421,5.4051e+06,1265.5
1385,1455,1382.8,1435,5.2077e+06,1278
1442,1454.2,1418,1435,3.2907e+06,1278
1431,1447.7,1425,1438,2.4855e+06,1280.7
1431,1449,1412,1441,2.7294e+06,1283.3
1614.1,1634.5,1594.8,1614.3,2.1024e+06,1550.8
1614.1,1634.5,1594.8,1614.3,2.1024e+06,1550.8
1435,1470,1423,1461,2.2205e+06,1301.1
1470,1515,1460,1514,4.3913e+06,1348.3
1484,1494,1446,1450,3.5306e+06,1330
1447,1493,1447,1480,2.7547e+06,1357.5
1489,1500,1477,1490,2.3427e+06,1366.7
1614.1,1634.5,1594.8,1614.3,2.1024e+06,1550.8
1614.1,1634.5,1594.8,1614.3,2.1024e+06,1550.8
1485,1502,1483,1498,1.3689e+06,1374
1497,1501,1481,1494,1.3463e+06,1370.4
1488,1492,1466,1488,3.1059e+06,1364.9
1489,1540,1489,1540,2.4716e+06,1412.5
1538,1554,1518.5,1527,3.4622e+06,1400.6
1614.1,1634.5,1594.8,1614.3,2.1024e+06,1550.8
1614.1,1634.5,1594.8,1614.3,2.1024e+06,1550.8
1475,1526.8,1475,1517,1.7075e+06,1391.5
1514,1534,1502,1507,1.8967e+06,1382.3
1528,1537,1513,1528,2.5825e+06,1401.5
1515,1520,1485,1493,2.0932e+06,1369.4
1470,1486,1461,1472,2.1858e+06,1350.2
1614.1,1634.5,1594.8,1614.3,2.1024e+06,1550.8
1614.1,1634.5,1594.8,1614.3,2.1024e+06,1550.8
1485,1505,1461,1463,1.3791e+06,1341.9
1450,1463,1437,1455,3.1596e+06,1334.6
1455,1464,1428,1436,2.0214e+06,1317.2
1427,1467,1427,1452,1.7236e+06,1331.8
1452,1452,1452,1452,0,1331.8
1614.1,1634.5,1594.8,1614.3,2.1024e+06,1550.8
1614.1,1634.5,1594.8,1614.3,2.1024e+06,1550.8
1452,1452,1452,1452,0,1331.8
1436,1478,1432,1477,1.7574e+06,1354.8
1460,1474,1448,1450,1.3288e+06,1330
1448,1459,1405,1410,2.2572e+06,1293.3
1421,1421,1350.7,1370,2.4733e+06,1256.6
1614.1,1634.5,1594.8,1614.3,2.1024e+06,1550.8
1614.1,1634.5,1594.8,1614.3,2.1024e+06,1550.8
1366,1387,1366,1373,1.2369e+06,1259.4
1374,1389,1357,1364,1.8833e+06,1251.1
1360,1432,1360,1430,1.7178e+06,1311.7
1416,1435,1411,1430,1.2161e+06,1311.7
1422,1429,1385,1390,1.3282e+06,1275
1614.1,1634.5,1594.8,1614.3,2.1024e+06,1550.8
1614.1,1634.5,1594.8,1614.3,2.1024e+06,1550.8
1384,1394,1361,1370,1.0669e+06,1256.6
1358,1365,1346,1356,1.9233e+06,1243.8
1369,1369,1313,1320,2.5004e+06,1210.8
1325,1327,1304,1322,1.918e+06,1212.6
1310,1342,1308,1318,1.9781e+06,1208.9
1614.1,1634.5,1594.8,1614.3,2.1024e+06,1550.8
1614.1,1634.5,1594.8,1614.3,2.1024e+06,1550.8
1331,1335,1300,1315,1.5999e+06,1206.2
1314,1387,1314,1387,2.2232e+06,1272.2
1381,1414,1377,1410,2.6982e+06,1293.3
1413,1432,1406,1411,1.7567e+06,1294.2
1405,1422,1374,1376,2.2326e+06,1262.1
1614.1,1634.5,1594.8,1614.3,2.1024e+06,1550.8
1614.1,1634.5,1594.8,1614.3,2.1024e+06,1550.8
1375,1417,1375,1416,1.1968e+06,1298.8
1425,1428,1380,1382,1.295e+06,1267.6
1398,1405,1360.3,1365,7.593e+05,1252
1367,1370.8,1319,1357,2.6809e+06,1244.7
1364,1405,1356,1402,2.0162e+06,1286
1614.1,1634.5,1594.8,1614.3,2.1024e+06,1550.8
1614.1,1634.5,1594.8,1614.3,2.1024e+06,1550.8
1402,1402,1402,1402,0,1286
1399,1444,1395,1435,2.4255e+06,1316.2
1391,1407,1367,1384,5.1973e+06,1269.5
1385,1386,1358,1370,1.4638e+06,1256.6
1358,1375,1346,1375,1.9503e+06,1261.2
1614.1,1634.5,1594.8,1614.3,2.1024e+06,1550.8
1614.1,1634.5,1594.8,1614.3,2.1024e+06,1550.8
1372,1388,1371,1382,1.2387e+06,1267.6
1378,1406,1368,1406,1.3971e+06,1289.6
1396,1421,1394,1410,1.175e+06,1293.3
1412,1423,1400,1406,8.846e+05,1289.6
1415,1453,1406,1441,2.4194e+06,1321.7
1614.1,1634.5,1594.8,1614.3,2.1024e+06,1550.8
1614.1,1634.5,1594.8,1614.3,2.1024e+06,1550.8
1441,1458,1436,1456,1.0184e+06,1335.5
1458,1462,1431,1442,2.5464e+06,1322.7
1430,1442.1,1400,1414,3.2616e+06,1297
1385,1420,1384,1399,2.4494e+06,1283.2
1410,1428,1385,1390,2.2864e+06,1275
1614.1,1634.5,1594.8,1614.3,2.1024e+06,1550.8
1614.1,1634.5,1594.8,1614.3,2.1024e+06,1550.8
1390,1390,1390,1390,0,1275
1417,1451,1230.1,1440,4.8392e+06,1320.8
1434,1444,1395,1398,3.2951e+06,1282.3
1400,1435,1400,1435,5.5462e+06,1316.2
1434,1434,1392,1396,3.5147e+06,1280.5
1614.1,1634.5,1594.8,1614.3,2.1024e+06,1550.8
1614.1,1634.5,1594.8,1614.3,2.1024e+06,1550.8
1384,1417,1382,1401,1.8422e+06,1285.1
1417,1417,1387,1396,2.21e+06,1280.5
1376,1421,1347,1352,3.5248e+06,1240.1
1353,1361,1324,1324,1.6785e+06,1214.4
1331,1361,1316,1359,1.9112e+06,1246.5
1614.1,1634.5,1594.8,1614.3,2.1024e+06,1550.8
1614.1,1634.5,1594.8,1614.3,2.1024e+06,1550.8
1359,1362,1343,1348,1.0475e+06,1236.4
1350,1350,1303,1317,1.7951e+06,1208
1315,1321,1289,1291,2.1008e+06,1184.2
1275,1325,1273,1311,2.4508e+06,1202.5
1326,1335,1311,1318,1.5753e+06,1208.9
1614.1,1634.5,1594.8,1614.3,2.1024e+06,1550.8
1614.1,1634.5,1594.8,1614.3,2.1024e+06,1550.8
1326,1339,1310,1334,1.4055e+06,1223.6
1327,1339,1315,1327,1.7179e+06,1217.2
1327,1337,1313,1331,1.585e+06,1220.8
1304,1315,1278,1280,5.6345e+06,1174.1
1288,1331,1284,1293,5.0781e+06,1186
1614.1,1634.5,1594.8,1614.3,2.1024e+06,1550.8
1614.1,1634.5,1594.8,1614.3,2.1024e+06,1550.8
1288,1288,1253,1259,2.7133e+06,1154.8
1280,1298,1266,1293,1.8496e+06,1186
1291,1324,1290,1322,1.628e+06,1212.6
1319,1348,1316,1338,1.6572e+06,1227.3
1353,1356,1329,1335,1.2874e+06,1224.5
1614.1,1634.5,1594.8,1614.3,2.1024e+06,1550.8
1614.1,1634.5,1594.8,1614.3,2.1024e+06,1550.8
1338,1360,1317,1358,1.1192e+06,1245.6
1353,1358,1337,1354,1.2196e+06,1241.9
1327,1333,1284,1292,1.9648e+06,1185.1
1311,1354,1287,1352,1.9646e+06,1240.1
1359,1360,1301,1315,2.1949e+06,1206.2
1614.1,1634.5,1594.8,1614.3,2.1024e+06,1550.8
1614.1,1634.5,1594.8,1614.3,2.1024e+06,1550.8
1325,1352,1322,1348,1.8884e+06,1236.4
1360,1366,1348,1355,1.5675e+06,1242.9
1360,1368,1327,1331,1.4768e+06,1220.8
1355,1357,1331,1336,1.7296e+06,1225.4
1345,1350,1334,1345,1.4916e+06,1233.7
1614.1,1634.5,1594.8,1614.3,2.1024e+06,1550.8
1614.1,1634.5,1594.8,1614.3,2.1024e+06,1550.8
1351,1357,1342,1352,1.3295e+06,1240.1
1363,1363,1328,1330,1.4825e+06,1219.9
1326,1337,1311,1320,2.0756e+06,1210.8
1322,1353,1318,1351,2.1011e+06,1239.2
1349,1359,1333,1355,1.9652e+06,1242.9
1614.1,1634.5,1594.8,1614.3,2.1024e+06,1550.8
1614.1,1634.5,1594.8,1614.3,2.1024e+06,1550.8
1359,1377.6,1344,1349,1.2493e+06,1237.4
1360,1375,1341,1350,1.7563e+06,1238.3
1350,1371,1350,1366,1.4527e+06,1253
1366,1367,1349,1351,1.8466e+06,1239.2
1362,1368,1350,1354,1.8526e+06,1241.9
1614.1,1634.5,1594.8,1614.3,2.1024e+06,1550.8
1614.1,1634.5,1594.8,1614.3,2.1024e+06,1550.8
1359,1367,1348,1357,8.815e+05,1244.7
1361,1367,1349,1364,2.1142e+06,1251.1
1350,1391,1350,1381,1.8959e+06,1266.7
1391,1411,1385,1405,2.6179e+06,1288.7
1413,1438,1400,1425,2.3928e+06,1307.1
1614.1,1634.5,1594.8,1614.3,2.1024e+06,1550.8
1614.1,1634.5,1594.8,1614.3,2.1024e+06,1550.8
1433,1439,1422,1432,8.88e+05,1313.5
1432,1455,1428,1438,1.7072e+06,1319
1431,1447,1422,1427,1.0866e+06,1308.9
1438,1450,1423,1447,1.5942e+06,1327.2
1445,1475,1441,1471,1.7962e+06,1349.3
1614.1,1634.5,1594.8,1614.3,2.1024e+06,1550.8
1614.1,1634.5,1594.8,1614.3,2.1024e+06,1550.8
1474,1484,1445,1467,1.7772e+06,1345.6
1465,1476,1449,1468,1.0484e+06,1346.5
1460,1487,1460,1470,1.2398e+06,1348.3
1465,1472,1429,1440,1.4778e+06,1320.8
1444,1450,1411,1449,2.1261e+06,1329.1
1614.1,1634.5,1594.8,1614.3,2.1024e+06,1550.8
1614.1,1634.5,1594.8,1614.3,2.1024e+06,1550.8
1453,1454,1424,1426,1.7122e+06,1308
1368,1399,1335,1394,3.5787e+06,1278.6
1400,1411,1380,1395,1.7404e+06,1279.6
1365,1408,1362,1403,1.9179e+06,1286.9
1403,1416,1386,1405,1.6165e+06,1288.7
1614.1,1634.5,1594.8,1614.3,2.1024e+06,1550.8
1614.1,1634.5,1594.8,1614.3,2.1024e+06,1550.8
1405,1405,1405,1405,0,1288.7
1393,1404,1353,1358,2.5205e+06,1245.6
1352,1356,1314,1333,2.6162e+06,1239.6
1337,1383,1319,1379,2.8422e+06,1282.3
1375,1384,1360,1370,2.5466e+06,1274
1614.1,1634.5,1594.8,1614.3,2.1024e+06,1550.8
1614.1,1634.5,1594.8,1614.3,2.1024e+06,1550.8
1376,1394,1375,1384,1.2391e+06,1287
1375,1388,1358,1375,1.5136e+06,1278.6
1376,1397,1359,1393,1.4535e+06,1295.4
1378,1430,1376,1427,2.8337e+06,1327
1417,1442,1411,1431,2.4129e+06,1330.7
1614.1,1634.5,1594.8,1614.3,2.1024e+06,1550.8
1614.1,1634.5,1594.8,1614.3,2.1024e+06,1550.8
1443,1453,1428,1449,1.7424e+06,1347.4
1464,1496,1460,1483,2.0841e+06,1379.1
1481,1521,1466,1485,2.2698e+06,1380.9
1497,1499,1467,1474,2.0513e+06,1370.7
1465,1477,1462,1470,1.3556e+06,1367
1614.1,1634.5,1594.8,1614.3,2.1024e+06,1550.8
1614.1,1634.5,1594.8,1614.3,2.1024e+06,1550.8
1499,1504,1486,1497,1.4674e+06,1392.1
1475,1501,1475,1476,1.6162e+06,1372.5
1488,1501,1469,1482,1.2613e+06,1378.1
1520,1542,1519,1527,2.3623e+06,1420
1510,1536,1510,1517,2.6584e+06,1410.7
1614.1,1634.5,1594.8,1614.3,2.1024e+06,1550.8
1614.1,1634.5,1594.8,1614.3,2.1024e+06,1550.8
1520,1525,1491,1492,1.7477e+06,1387.4
1506,1510,1487,1499,1.147e+06,1393.9
1502,1504,1481,1496,1.5999e+06,1391.1
1500,1512,1490,1504,1.4036e+06,1398.6
1514,1514,1481,1494,1.4027e+06,1389.3
1614.1,1634.5,1594.8,1614.3,2.1024e+06,1550.8
1614.1,1634.5,1594.8,1614.3,2.1024e+06,1550.8
1467,1486,1467,1478,1.2629e+06,1374.4
1493,1508,1482,1502,1.2459e+06,1396.7
1489,1502,1476,1496,1.311e+06,1391.1
1478,1505,1465,1466,1.3588e+06,1363.2
1462,1491,1455,1483,1.3269e+06,1379.1
1614.1,1634.5,1594.8,1614.3,2.1024e+06,1550.8
1614.1,1634.5,1594.8,1614.3,2.1024e+06,1550.8
1463,1490,1459,1489,9.394e+05,1384.6
1477,1506,1455,1456,1.9164e+06,1353.9
1455,1458,1428,1443,1.8983e+06,1341.9
1451,1503,1445,1503,1.7143e+06,1397.7
1499,1504,1487,1502,1.7866e+06,1396.7
1614.1,1634.5,1594.8,1614.3,2.1024e+06,1550.8
1614.1,1634.5,1594.8,1614.3,2.1024e+06,1550.8
1495,1546.5,1494,1540,1.6151e+06,1432.1
1544,1574.9,1544,1562,1.9875e+06,1452.5
1548,1582,1537,1580,2.903e+06,1469.3
1582,1582,1534,1539,2.21e+06,1431.1
1555,1555,1501,1531,4.0599e+06,1423.7
1614.1,1634.5,1594.8,1614.3,2.1024e+06,1550.8
1614.1,1634.5,1594.8,1614.3,2.1024e+06,1550.8
1536,1537.5,1524,1537,1.1384e+06,1429.3
1521,1557,1518,1545,1.8046e+06,1436.7
1545,1546,1512,1517,1.9443e+06,1410.7
1527,1536,1502,1516,2.1261e+06,1409.7
1525,1525,1505,1513,1.408e+06,1407
1614.1,1634.5,1594.8,1614.3,2.1024e+06,1550.8
1614.1,1634.5,1594.8,1614.3,2.1024e+06,1550.8
1522,1528,1491,1522,1.1026e+06,1415.3
1520,1525,1504,1522,1.4244e+06,1415.3
1523,1532,1511,1520,1.1338e+06,1413.5
1505,1525,1499.6,1523,1.4517e+06,1416.3
1531,1534,1500,1505,1.0845e+06,1399.5
1614.1,1634.5,1594.8,1614.3,2.1024e+06,1550.8
1614.1,1634.5,1594.8,1614.3,2.1024e+06,1550.8
1524,1565,1505,1553,1.7993e+06,1444.1
1549,1562,1540,1541,1.678e+06,1433
1547,1571,1544,1560,1.3857e+06,1450.7
1555,1583,1532,1545,1.6774e+06,1436.7
1530,1531,1500,1525,1.4588e+06,1418.1
1614.1,1634.5,1594.8,1614.3,2.1024e+06,1550.8
1614.1,1634.5,1594.8,1614.3,2.1024e+06,1550.8
1539,1559,1525,1559,1.4671e+06,1449.7
1575,1630,1575,1609,4.3975e+06,1496.2
1598,1611,1576,1582,2.6094e+06,1471.1
1603,1617.8,1585,1617,1.4773e+06,1503.7
1613,1622,1580,1591,1.3797e+06,1479.5
1614.1,1634.5,1594.8,1614.3,2.1024e+06,1550.8
1614.1,1634.5,1594.8,1614.3,2.1024e+06,1550.8
1578,1586,1561,1574,1.4851e+06,1463.7
1566,1569,1546,1567,1.363e+06,1457.2
1559,1580,1547,1580,1.4451e+06,1469.3
1554,1570,1549.8,1562,1.2555e+06,1452.5
1576,1576,1551,1557,9.622e+05,1447.9
1614.1,1634.5,1594.8,1614.3,2.1024e+06,1550.8
1614.1,1634.5,1594.8,1614.3,2.1024e+06,1550.8
1574,1577,1564.7,1576,1.2128e+06,1465.5
1570,1575,1539.8,1551,9.261e+05,1442.3
1553,1572,1551,1562,1.5971e+06,1452.5
1546,1576,1540,1563,6.007e+05,1453.4
1552,1573,1550,1553,7.185e+05,1444.1
1614.1,1634.5,1594.8,1614.3,2.1024e+06,1550.8
1614.1,1634.5,1594.8,1614.3,2.1024e+06,1550.8
1558,1558,1514,1539,1.173e+06,1431.1
1528,1528,1471,1471,1.8093e+06,1367.9
1476,1488.3,1461,1466,1.6523e+06,1363.2
1455,1471,1443,1444,1.9127e+06,1342.8
1449,1469,1445,1466,1.3e+06,1363.2
1614.1,1634.5,1594.8,1614.3,2.1024e+06,1550.8
1614.1,1634.5,1594.8,1614.3,2.1024e+06,1550.8
1478,1486,1456,1470,8.753e+05,1367
1461,1485,1456,1461,1.363e+06,1358.6
1454,1479,1439,1439,1.5535e+06,1338.1
1440,1448,1422,1427,1.4671e+06,1327
1434,1438,1411,1419,2.9104e+06,1319.5
1614.1,1634.5,1594.8,1614.3,2.1024e+06,1550.8
1614.1,1634.5,1594.8,1614.3,2.1024e+06,1550.8
1427,1488,1421,1487,2.0911e+06,1382.8
1480,1488,1455,1477,4.7668e+06,1373.5
1471,1481,1460,1466,1.2917e+06,1363.2
1482,1504,1482,1496,2.0948e+06,1391.1
1506,1518,1474,1506,2.915e+06,1400.4
1614.1,1634.5,1594.8,1614.3,2.1024e+06,1550.8
1614.1,1634.5,1594.8,1614.3,2.1024e+06,1550.8
1506,1521,1494,1520,1.0467e+06,1413.5
1502,1519,1491,1506,1.934e+05,1400.4
1506,1506,1506,1506,0,1400.4
1506,1506,1506,1506,0,1400.4
1532,1545.8,1520,1543,7.512e+05,1434.8
1614.1,1634.5,1594.8,1614.3,2.1024e+06,1550.8
1614.1,1634.5,1594.8,1614.3,2.1024e+06,1550.8
1547,1548,1508.1,1526,8.877e+05,1419
1540,1540,1517,1523,2.446e+05,1416.3
1523,1523,1523,1523,0,1416.3
1534,1550,1515,1539,1.5598e+06,1431.1
1539,1585,1528,1580,1.7729e+06,1469.3
1614.1,1634.5,1594.8,1614.3,2.1024e+06,1550.8
1614.1,1634.5,1594.8,1614.3,2.1024e+06,1550.8
1566,1589,1562,1579,2.5617e+06,1468.3
1592,1603,1571,1592,1.8377e+06,1480.4
1595,1598,1573.8,1587,1.4204e+06,1475.8
1615,1652.1,1611,1625,2.5545e+06,1511.1
1629,1631,1602,1619,1.6193e+06,1505.5
1614.1,1634.5,1594.8,1614.3,2.1024e+06,1550.8
1614.1,1634.5,1594.8,1614.3,2.1024e+06,1550.8
1633,1647,1619,1645,1.3606e+06,1529.7
1616,1654,1602,1653,1.4387e+06,1537.1
1660,1665,1646.3,1655,3.7437e+06,1539
1660,1664,1650,1656,1.391e+06,1539.9
1666,1670,1642,1653,4.0029e+06,1537.1
1614.1,1634.5,1594.8,1614.3,2.1024e+06,1550.8
1614.1,1634.5,1594.8,1614.3,2.1024e+06,1550.8
1647,1656,1636,1637,1.4377e+06,1522.3
1640,1646,1630,1630,1.9184e+06,1515.8
1635,1645,1631,1636,1.7381e+06,1521.3
1645,1646,1618,1628,1.7973e+06,1513.9
1630,1637,1589,1591,2.7682e+06,1479.5
1614.1,1634.5,1594.8,1614.3,2.1024e+06,1550.8
1614.1,1634.5,1594.8,1614.3,2.1024e+06,1550.8
1595,1610,1555,1562,2.1516e+06,1452.5
1566,1613,1566,1609,2.2767e+06,1496.2
1636,1642,1573,1609,2.4348e+06,1496.2
1600,1613,1581,1598,1.3623e+06,1486
1596,1606,1546,1571,1.9733e+06,1460.9
1614.1,1634.5,1594.8,1614.3,2.1024e+06,1550.8
1614.1,1634.5,1594.8,1614.3,2.1024e+06,1550.8
1560,1587,1558,1565,1.8973e+06,1455.3
1560,1574,1533,1569,1.9397e+06,1459
1560,1568,1544,1554,1.6894e+06,1445.1
1560,1599,1551,1598,2.5087e+06,1486
1597,1644,1582,1638,2.3446e+06,1523.2
1614.1,1634.5,1594.8,1614.3,2.1024e+06,1550.8
1614.1,1634.5,1594.8,1614.3,2.1024e+06,1550.8
1646,1652,1631.2,1633,8.685e+05,1518.5
1643,1654,1636,1654,1.7236e+06,1538.1
1661,1661,1634,1651,1.942e+06,1535.3
1656,1656,1603,1627,2.3697e+06,1513
1630,1642,1616,1623,2.3905e+06,1509.2
1614.1,1634.5,1594.8,1614.3,2.1024e+06,1550.8
1614.1,1634.5,1594.8,1614.3,2.1024e+06,1550.8
1618,1649,1618,1646,1.1478e+06,1530.6
1645,1660,1621,1654,1.6563e+06,1538.1
1648,1662,1633,1649,1.4606e+06,1533.4
1623,1650.5,1623,1644,1.802e+06,1528.8
1665,1668,1641,1653,2.2325e+06,1537.1
1614.1,1634.5,1594.8,1614.3,2.1024e+06,1550.8
1614.1,1634.5,1594.8,1614.3,2.1024e+06,1550.8
1651,1684,1651,1684,2.6361e+06,1566
1670,1796,1656,1788,5.2293e+06,1662.7
1795,1795,1745,1751,2.5251e+06,1628.3
1753,1760,1729,1759,2.458e+06,1635.7
1757,1773,1752,1763,1.3952e+06,1639.4
1614.1,1634.5,1594.8,1614.3,2.1024e+06,1550.8
1614.1,1634.5,1594.8,1614.3,2.1024e+06,1550.8
1730,1740,1704.1,1712,2.1878e+06,1592
1731,1777,1720,1777,1.8684e+06,1652.4
1742,1753,1715,1723,1.3428e+06,1642.9
1724,1744,1723,1744,1.7098e+06,1662.9
1746,1746,1695,1695,1.7528e+06,1616.2
1614.1,1634.5,1594.8,1614.3,2.1024e+06,1550.8
1614.1,1634.5,1594.8,1614.3,2.1024e+06,1550.8
1695,1719,1681,1702,1.7687e+06,1622.9
1693,1733,1693,1715,1.9845e+06,1635.3
1695,1705,1687,1691,2.0002e+06,1612.4
1700,1700,1670,1670,1.7577e+06,1592.4
1655,1661,1624,1644,2.7871e+06,1567.6
1614.1,1634.5,1594.8,1614.3,2.1024e+06,1550.8
1614.1,1634.5,1594.8,1614.3,2.1024e+06,1550.8
1646,1663.5,1642,1658,1.8559e+06,1580.9
1648,1670,1635,1665,2.1988e+06,1587.6
1661,1675,1649,1651,1.4355e+06,1574.3
1625,1650,1613.5,1647,1.9562e+06,1570.4
1647,1669,1634,1634,3.3883e+06,1558
1614.1,1634.5,1594.8,1614.3,2.1024e+06,1550.8
1614.1,1634.5,1594.8,1614.3,2.1024e+06,1550.8
1623,1647,1612,1615,1.6948e+06,1539.9
1626,1661,1626,1660,1.8787e+06,1582.8
1665,1686,1661,1680,1.5244e+06,1601.9
1665,1681,1657,1671,1.2033e+06,1593.3
1678,1678,1664,1673,9.764e+05,1595.2
1614.1,1634.5,1594.8,1614.3,2.1024e+06,1550.8
1614.1,1634.5,1594.8,1614.3,2.1024e+06,1550.8
1678,1683,1666,1675,1.9145e+06,1597.1
1679,1721,1677,1721,1.8884e+06,1641
1716,1777,1708,1725,1.9842e+06,1644.8
1724,1729,1702,1706,1.1351e+06,1626.7
1695,1788,1694,1775,4.3437e+06,1692.5
1614.1,1634.5,1594.8,1614.3,2.1024e+06,1550.8
1614.1,1634.5,1594.8,1614.3,2.1024e+06,1550.8
1769,1811,1760,1760,4.6531e+06,1678.2
1760,1763,1706,1729,2.73e+06,1648.6
1731,1751,1722,1749,1.367e+06,1667.7
1770,1781,1755,1760,2.0786e+06,1678.2
1732,1754,1723,1737,2.6814e+06,1656.3
1614.1,1634.5,1594.8,1614.3,2.1024e+06,1550.8
1614.1,1634.5,1594.8,1614.3,2.1024e+06,1550.8
1729,1741,1699,1714,2.4375e+06,1634.3
1711,1722,1693,1702,2.5858e+06,1622.9
1719,1735,1711,1726,1.856e+06,1645.8
1729,1730,1708.7,1717,1.4639e+06,1637.2
1717,1717,1717,1717,0,1637.2
1614.1,1634.5,1594.8,1614.3,2.1024e+06,1550.8
1614.1,1634.5,1594.8,1614.3,2.1024e+06,1550.8
1717,1717,1717,1717,0,1637.2
1720,1744,1712,1743,1.923e+06,1662
1733,1750,1717.7,1729,1.5122e+06,1648.6
1742,1754,1711,1722,1.6006e+06,1642
1711,1729,1701,1708,1.2411e+06,1628.6
1614.1,1634.5,1594.8,1614.3,2.1024e+06,1550.8
1614.1,1634.5,1594.8,1614.3,2.1024e+06,1550.8
1712,1722,1701,1708,2.893e+06,1628.6
1709,1726,1708,1724,1.5753e+06,1643.9
1714,1727,1708,1716,1.2637e+06,1636.2
1718,1735,1710,1729,6.7e+05,1648.6
1721,1744,1715,1726,1.147e+06,1645.8
1614.1,1634.5,1594.8,1614.3,2.1024e+06,1550.8
1614.1,1634.5,1594.8,1614.3,2.1024e+06,1550.8
1726,1726,1726,1726,0,1645.8
1732,1752,1731,1740,1.6905e+06,1659.1
1745,1751,1672,1679,2.9727e+06,1601
1681,1685,1666,1682,2.7506e+06,1603.8
1680,1695,1664,1664,1.8955e+06,1586.7
1614.1,1634.5,1594.8,1614.3,2.1024e+06,1550.8
1614.1,1634.5,1594.8,1614.3,2.1024e+06,1550.8
1680,1693.3,1654,1692,1.2281e+06,1613.4
1701,1712,1687,1693,1.2546e+06,1614.3
1691,1695,1673,1682,1.149e+06,1603.8
1680,1691,1596,1601,2.4468e+06,1526.6
1600,1620,1572,1607,2.8918e+06,1532.3
1614.1,1634.5,1594.8,1614.3,2.1024e+06,1550.8
1614.1,1634.5,1594.8,1614.3,2.1024e+06,1550.8
1617,1632,1598,1625,1.4222e+06,1549.5
1626,1632,1608,1609,1.247e+06,1534.2
1608,1632.9,1603,1623,1.7792e+06,1547.6
1627,1633,1609,1620,1.2711e+06,1544.7
1629,1639,1620,1629.7,1.3161e+06,1553.9
1614.1,1634.5,1594.8,1614.3,2.1024e+06,1550.8
1614.1,1634.5,1594.8,1614.3,2.1024e+06,1550.8
1629.7,1629.7,1629.7,1629.7,0,1553.9
1650,1681,1633,1680,2.1079e+06,1601.9
1672,1695,1668,1673,1.0597e+06,1595.2
1672,1682,1653,1664,7.809e+05,1586.7
1665,1667,1636,1637,1.6558e+06,1560.9
1614.1,1634.5,1594.8,1614.3,2.1024e+06,1550.8
1614.1,1634.5,1594.8,1614.3,2.1024e+06,1550.8
1630,1648,1626,1644,1.2617e+06,1567.6
1653,1655,1619,1635,1.7391e+06,1559
1633,1659,1627.8,1657,1.5659e+06,1580
1654,1686,1647,1685,2.466e+06,1606.7
1683,1721,1679,1720,1.7823e+06,1640.1
1614.1,1634.5,1594.8,1614.3,2.1024e+06,1550.8
1614.1,1634.5,1594.8,1614.3,2.1024e+06,1550.8
1731,1740,1714,1714,9.3e+05,1634.3
1715,1729.8,1707,1722,7.759e+05,1642
1722,1729,1698,1699,1.408e+06,1620
1708,1715.6,1692,1707,1.2308e+06,1627.7
1701,1701,1655,1659,2.0459e+06,1581.9
1614.1,1634.5,1594.8,1614.3,2.1024e+06,1550.8
1614.1,1634.5,1594.8,1614.3,2.1024e+06,1550.8
1648,1662,1634.5,1638,1.3526e+06,1561.9
1630,1638,1593,1625,2.3511e+06,1549.5
1622,1636,1602,1611,1.4932e+06,1536.1
1635,1669.6,1628,1657,1.8944e+06,1580
1648,1675,1614.1,1622,2.826e+06,1546.6
1614.1,1634.5,1594.8,1614.3,2.1024e+06,1550.8
1614.1,1634.5,1594.8,1614.3,2.1024e+06,1550.8
1619,1635,1579,1579,1.8742e+06,1505.6
1585,1595,1553,1553,1.9566e+06,1480.8
1555,1557,1515,1526,3.4407e+06,1455.1
1533,1546,1513,1531,3.6023e+06,1459.8
1535,1535,1513,1520,1.8543e+06,1449.3
1614.1,1634.5,1594.8,1614.3,2.1024e+06,1550.8
1614.1,1634.5,1594.8,1614.3,2.1024e+06,1550.8
1527,1528,1495,1501,1.9628e+06,1431.2
1508,1542.1,1496,1537,2.3722e+06,1465.6
1536,1542,1513,1523,1.3859e+06,1452.2
1520,1556,1516,1555,2.2431e+06,1482.7
1556,1556,1533,1535,7.359e+05,1463.7
1614.1,1634.5,1594.8,1614.3,2.1024e+06,1550.8
1614.1,1634.5,1594.8,1614.3,2.1024e+06,1550.8
1533,1545,1522,1524,1.1949e+06,1453.2
1532,1534,1493,1494,1.7451e+06,1424.6
1496,1523,1489,1516,1.83e+06,1445.5
1509,1515.6,1483,1489,2.004e+06,1419.8
1498,1514,1481,1483,1.2961e+06,1414.1
1614.1,1634.5,1594.8,1614.3,2.1024e+06,1550.8
1614.1,1634.5,1594.8,1614.3,2.1024e+06,1550.8
1487,1508,1487,1506,9.376e+05,1436
1504,1515,1482,1482,1.5702e+06,1413.1
1484,1506,1480,1499,1.3456e+06,1429.3
1490,1497,1459.7,1469,1.8039e+06,1400.7
1465,1470,1446,1469,1.5246e+06,1400.7
1614.1,1634.5,1594.8,1614.3,2.1024e+06,1550.8
1614.1,1634.5,1594.8,1614.3,2.1024e+06,1550.8
1466,1470,1450,1463,1.6282e+06,1395
1470,1475,1458,1460,2.5043e+06,1392.1
1459,1463,1455,1459,3.2479e+06,1391.2
1456,1459,1415,1458,4.2115e+06,1390.2
1450,1466,1437,1441,2.2678e+06,1374
1614.1,1634.5,1594.8,1614.3,2.1024e+06,1550.8
1614.1,1634.5,1594.8,1614.3,2.1024e+06,1550.8
1449,1452,1430,1435,1.7891e+06,1368.3
1441,1473,1437,1463,3.1657e+06,1395
1459,1461,1420,1431,1.8417e+06,1364.5
1432,1437,1383,1387,2.5933e+06,1322.5
1389,1401,1362,1386,2.5824e+06,1321.6
1614.1,1634.5,1594.8,1614.3,2.1024e+06,1550.8
1614.1,1634.5,1594.8,1614.3,2.1024e+06,1550.8
1397,1402,1377,1377,1.4558e+06,1313
1392,1392,1362,1367,1.4955e+06,1303.5
1360,1364,1337,1358,2.5323e+06,1294.9
1365,1367,1340,1343,1.5139e+06,1280.6
1327,1356,1325,1344,1.9608e+06,1281.5
1614.1,1634.5,1594.8,1614.3,2.1024e+06,1550.8
1614.1,1634.5,1594.8,1614.3,2.1024e+06,1550.8
1350,1368,1348,1360,2.7561e+06,1296.8
1355,1378,1348,1369,2.3368e+06,1305.4
1376,1402,1365,1393,2.5791e+06,1328.3
1386,1422,1383,1420,3.4369e+06,1354
1424,1443,1411.4,1417,4.0163e+06,1351.1
1614.1,1634.5,1594.8,1614.3,2.1024e+06,1550.8
1614.1,1634.5,1594.8,1614.3,2.1024e+06,1550.8
1410,1456,1410,1456,2.2842e+06,1388.3
1449,1463,1421.1,1428,2.5385e+06,1361.6
1417,1425,1369,1373,4.1072e+06,1309.2
1380,1410,1371.2,1401,4.5209e+06,1335.9
1399,1404.7,1374,1379,1.7585e+06,1314.9
1614.1,1634.5,1594.8,1614.3,2.1024e+06,1550.8
1614.1,1634.5,1594.8,1614.3,2.1024e+06,1550.8
1379,1379,1379,1379,0,1314.9
1399,1420.3,1393,1420,2.0125e+06,1354
1406,1416,1391,1398,2.118e+06,1350.6
1420,1433,1408,1426,4.0171e+06,1377.7
1443,1453,1388,1397,5.704e+06,1349.6
1614.1,1634.5,1594.8,1614.3,2.1024e+06,1550.8
1614.1,1634.5,1594.8,1614.3,2.1024e+06,1550.8
1390,1398,1376,1385,1.935e+06,1338.1
1383,1407,1383,1398,2.1018e+06,1350.6
1410,1449,1406,1446,5.4016e+06,1397
1445,1483.5,1423,1466,4.1973e+06,1416.3
1463,1479,1461,1468,2.5692e+06,1418.2
1614.1,1634.5,1594.8,1614.3,2.1024e+06,1550.8
1614.1,1634.5,1594.8,1614.3,2.1024e+06,1550.8
1460,1480,1460,1477,1.9874e+06,1426.9
1475,1483,1470,1482,2.1785e+06,1431.8
1487,1494,1473,1488,1.892e+06,1437.6
1505,1508,1473.2,1480,3.8713e+06,1429.8
1486,1491,1473.5,1482,2.6351e+06,1431.8
1614.1,1634.5,1594.8,1614.3,2.1024e+06,1550.8
1614.1,1634.5,1594.8,1614.3,2.1024e+06,1550.8
1477,1477,1445,1449,2.4045e+06,1399.9
1446,1447,1412,1419,4.381e+06,1370.9
1422,1432.5,1413,1426,4.3953e+06,1377.7
1435,1459,1426,1452,3.0392e+06,1402.8
1455,1561,1416,1440,1.1798e+07,1391.2
1614.1,1634.5,1594.8,1614.3,2.1024e+06,1550.8
1614.1,1634.5,1594.8,1614.3,2.1024e+06,1550.8
1440,1464,1429,1445,3.3291e+06,1396
1444,1446,1416,1419,2.0427e+06,1370.9
1420,1431,1403,1412,2.3701e+06,1364.1
1410,1429,1387.3,1403,3.4621e+06,1355.4
1400,1403,1380,1389,1.9405e+06,1341.9
1614.1,1634.5,1594.8,1614.3,2.1024e+06,1550.8
1614.1,1634.5,1594.8,1614.3,2.1024e+06,1550.8
1394,1402,1385,1393,2.0305e+06,1345.8
1400,1421,1395,1410,2.8942e+06,1362.2
1405,1426,1395,1402,2.4684e+06,1354.5
1401,1403,1355.5,1365,2.5365e+06,1318.7
1380,1399,1380,1383,2.3617e+06,1336.1
1614.1,1634.5,1594.8,1614.3,2.1024e+06,1550.8
1614.1,1634.5,1594.8,1614.3,2.1024e+06,1550.8
1397,1404,1324,1399,2.785e+06,1351.6
1396,1409,1364.6,1368,1.975e+06,1321.6
1358,1366,1335,1343,1.9799e+06,1297.5
1358,1369,1320,1323,2.5947e+06,1278.2
1315,1325,1290,1290,2.6082e+06,1246.3
1614.1,1634.5,1594.8,1614.3,2.1024e+06,1550.8
1614.1,1634.5,1594.8,1614.3,2.1024e+06,1550.8
1285,1304,1276,1282,2.1089e+06,1238.5
1290,1314,1271,1310,3.7124e+06,1265.6
1315,1330,1265,1276,3.202e+06,1232.7
1283,1295,1220,1266,6.6729e+06,1223.1
1269,1324.1,1263,1319,2.8524e+06,1274.3
1614.1,1634.5,1594.8,1614.3,2.1024e+06,1550.8
1614.1,1634.5,1594.8,1614.3,2.1024e+06,1550.8
1312,1320,1293,1303,3.9132e+06,1258.8
1299,1350.1,1292,1346,2.5969e+06,1300.4
1351,1362,1345,1355,2.2339e+06,1309.1
1354,1378,1338,1377,2.4728e+06,1330.3
1383,1394,1368,1375,2.324e+06,1328.4
1614.1,1634.5,1594.8,1614.3,2.1024e+06,1550.8
1614.1,1634.5,1594.8,1614.3,2.1024e+06,1550.8
1385,1392,1347,1363,2.1782e+06,1316.8
1382,1391,1370,1375,1.4005e+06,1328.4
1379,1389,1356.5,1362,2.0478e+06,1315.8
1360,1385.9,1336,1382,1.8888e+06,1335.2
1402,1407,1380,1386,2.0802e+06,1339
1614.1,1634.5,1594.8,1614.3,2.1024e+06,1550.8
1614.1,1634.5,1594.8,1614.3,2.1024e+06,1550.8
1377,1392,1374,1383,1.5333e+06,1336.1
1380,1388,1356.7,1369,3.0434e+06,1322.6
1377,1419,1377,1402,2.013e+06,1354.5
1396,1425,1396,1411,3.0335e+06,1363.2
1416,1419,1398.6,1401,2.254e+06,1353.5
1614.1,1634.5,1594.8,1614.3,2.1024e+06,1550.8
1614.1,1634.5,1594.8,1614.3,2.1024e+06,1550.8
1398,1411,1378,1385,2.542e+06,1338.1
1385,1385,1345,1370,4.1792e+06,1323.6
1381,1390,1354.3,1363,1.454e+06,1316.8
1375,1378,1358,1368,2.6795e+06,1321.6
1371,1375,1343,1352,1.5035e+06,1306.2
1614.1,1634.5,1594.8,1614.3,2.1024e+06,1550.8
1614.1,1634.5,1594.8,1614.3,2.1024e+06,1550.8
1347,1364,1347,1354,1.7394e+06,1308.1
1362,1368,1352,1367,2.0633e+06,1320.7
1367,1412,1351,1408,2.6022e+06,1360.3
1405,1425,1395.5,1419,1.955e+06,1370.9
1430,1479,1422,1463,2.8553e+06,1413.4
1614.1,1634.5,1594.8,1614.3,2.1024e+06,1550.8
1614.1,1634.5,1594.8,1614.3,2.1024e+06,1550.8
1463,1487,1458,1479,1.8326e+06,1428.9
1479,1496,1467,1491,2.4595e+06,1440.5
1494,1497,1469,1479,1.4451e+06,1428.9
1481,1503,1477,1503,1.1022e+06,1452.1
1493,1514,1485,1511,2.0582e+06,1459.8
1614.1,1634.5,1594.8,1614.3,2.1024e+06,1550.8
1614.1,1634.5,1594.8,1614.3,2.1024e+06,1550.8
1494,1521.5,1487,1517,3.2895e+06,1465.6
1516,1552,1515,1530,3.0313e+06,1478.1
1524,1558.2,1523,1535,2.0998e+06,1483
1543,1575,1536,1555,3.5447e+06,1502.3
1593,1604,1565,1579,2.4448e+06,1525.5
1614.1,1634.5,1594.8,1614.3,2.1024e+06,1550.8
1614.1,1634.5,1594.8,1614.3,2.1024e+06,1550.8
1571,1573,1544,1544,1.0478e+06,1491.7
1540,1541,1503.4,1504,1.8721e+06,1453
1504,1524,1493,1495,2.4183e+06,1444.3
1488,1496.8,1474,1491,2.3942e+06,1440.5
1481,1484.2,1446.1,1448,1.871e+06,1398.9
1614.1,1634.5,1594.8,1614.3,2.1024e+06,1550.8
1614.1,1634.5,1594.8,1614.3,2.1024e+06,1550.8
1440,1472,1415.3,1421,3.0182e+06,1372.8
1416,1475,1402,1475,3.3642e+06,1425
1470,1477,1453,1467,1.3094e+06,1417.3
1487,1558,1479,1533,2.4315e+06,1481
1558,1558,1498,1523,3.1189e+06,1471.4
1614.1,1634.5,1594.8,1614.3,2.1024e+06,1550.8
1614.1,1634.5,1594.8,1614.3,2.1024e+06,1550.8
1540,1541,1507.9,1512,1.0564e+06,1460.8
1529,1559.7,1526,1559,1.3999e+06,1506.2
1528,1566,1528,1558,2.226e+05,1505.2
1558,1558,1558,1558,0,1505.2
1558,1558,1558,1558,0,1505.2
1614.1,1634.5,1594.8,1614.3,2.1024e+06,1550.8
1614.1,1634.5,1594.8,1614.3,2.1024e+06,1550.8
1558,1571,1530,1550,1.1537e+06,1497.5
1535,1560,1520,1528,7.979e+05,1476.2
1560,1560,1544,1544,3.069e+05,1491.7
1544,1544,1544,1544,0,1491.7
1576,1578,1527.7,1542,1.0225e+06,1489.7
1614.1,1634.5,1594.8,1614.3,2.1024e+06,1550.8
1614.1,1634.5,1594.8,1614.3,2.1024e+06,1550.8
1522,1553,1499,1503,1.5194e+06,1452.1
1500,1511,1466.8,1471,2.3033e+06,1421.1
1490,1509,1481.1,1496,1.646e+06,1445.3
1521,1556,1510.2,1552,1.5647e+06,1499.4
1546,1560,1512,1523,1.4377e+06,1471.4
1614.1,1634.5,1594.8,1614.3,2.1024e+06,1550.8
1614.1,1634.5,1594.8,1614.3,2.1024e+06,1550.8
1536,1559,1516,1527,1.2229e+06,1475.2
1520,1543.5,1516,1528,1.8076e+06,1476.2
1504,1523,1476,1486,1.9543e+06,1435.6
1502,1518.8,1454,1495,2.9353e+06,1444.3
1485,1512.6,1466.4,1508,3.8156e+06,1456.9
1614.1,1634.5,1594.8,1614.3,2.1024e+06,1550.8
1614.1,1634.5,1594.8,1614.3,2.1024e+06,1550.8
1507,1564,1507,1557,1.3955e+06,1504.2
1567,1577,1554,1568,1.3331e+06,1514.9
1569,1599,1565,1598,4.3942e+06,1543.8
1606,1662,1555,1639,6.7752e+06,1583.4
1616,1709.2,1616,1680,5.8315e+06,1623.1
1614.1,1634.5,1594.8,1614.3,2.1024e+06,1550.8
1614.1,1634.5,1594.8,1614.3,2.1024e+06,1550.8
1676,1696,1642,1663,2.9863e+06,1606.6
1660,1673,1615,1624,2.9963e+06,1569
1631,1642,1612,1620,1.9578e+06,1565.1
1613,1627,1604,1612,1.48e+06,1557.4
1616,1627,1601.9,1603,2.4126e+06,1548.7
1614.1,1634.5,1594.8,1614.3,2.1024e+06,1550.8
1614.1,1634.5,1594.8,1614.3,2.1024e+06,1550.8
1610,1727,1610,1718,1.4641e+07,1659.8
1726,1787,1725,1746,7.1662e+06,1686.8
1749,1795.8,1748,1779,4.2625e+06,1718.7
1768,1781.9,1743,1747,6.33e+06,1687.8
1740,1746,1709,1724,6.1655e+06,1665.6
1614.1,1634.5,1594.8,1614.3,2.1024e+06,1550.8
1614.1,1634.5,1594.8,1614.3,2.1024e+06,1550.8
1710,1760.2,1704,1756,3.0207e+06,1696.5
1760,1782,1752,1782,6.1553e+06,1721.6
1780,1793,1763,1784,2.366e+06,1723.5
1784,1828,1784,1820,1.0515e+07,1758.3
1846,1871,1820,1820,3.169e+06,1758.3
1614.1,1634.5,1594.8,1614.3,2.1024e+06,1550.8
1614.1,1634.5,1594.8,1614.3,2.1024e+06,1550.8
1810,1835,1809.5,1826,2.506e+06,1764.1
1824,1834,1801,1811,1.8163e+06,1749.6
1812,1872.6,1812,1847,2.6222e+06,1784.4
1843,1851,1825.3,1832,1.5973e+06,1769.9
1828,2478.5,1821,1835,1.7648e+06,1772.8
1614.1,1634.5,1594.8,1614.3,2.1024e+06,1550.8
1614.1,1634.5,1594.8,1614.3,2.1024e+06,1550.8
1849,1857.6,1825,1829,1.5984e+06,1767
1824,1833,1810,1828,2.1304e+06,1766
1830,1838.1,1820,1826,1.8897e+06,1764.1
1821,1851,1788,1827,2.3923e+06,1765.1
1819,1842.5,1815,1830,2.6963e+06,1768
1614.1,1634.5,1594.8,1614.3,2.1024e+06,1550.8
1614.1,1634.5,1594.8,1614.3,2.1024e+06,1550.8
1830,1851,1812,1813,2.5543e+06,1751.5
1814,1821,1770,1770,3.4011e+06,1710
1773,1791.1,1732,1788,3.8088e+06,1727.4
1752,1810.9,1741,1801,2.2841e+06,1783.9
1795,1816,1788,1797,2.0015e+06,1779.9
1614.1,1634.5,1594.8,1614.3,2.1024e+06,1550.8
1614.1,1634.5,1594.8,1614.3,2.1024e+06,1550.8
1760,1777,1722,1727,4.3782e+06,1710.6
1727,1749,1699,1699,3.3409e+06,1682.8
1707,1743.1,1707,1742,3.9128e+06,1725.4
1751,1813,1747,1807,3.9437e+06,1789.8
1804,1817,1794.2,1811,2.4804e+06,1793.8
1614.1,1634.5,1594.8,1614.3,2.1024e+06,1550.8
1614.1,1634.5,1594.8,1614.3,2.1024e+06,1550.8
1758,1771,1730.6,1731,8.2001e+06,1714.5
1729,1756,1666,1687,5.435e+06,1670.9
1696,1787,1682,1771,4.3383e+06,1754.1
1782,1791.1,1744,1751,2.6248e+06,1734.3
1825,1866,1812,1840,7.8998e+06,1822.5
1614.1,1634.5,1594.8,1614.3,2.1024e+06,1550.8
1614.1,1634.5,1594.8,1614.3,2.1024e+06,1550.8
1847,1856,1823.3,1852,3.0496e+06,1834.4
1850,1876,1825,1830,3.7173e+06,1812.6
1820,1854,1812,1817,3.0913e+06,1799.7
1805,1808,1779,1794,2.2069e+06,1776.9
1804,1832,1779,1788,2.6089e+06,1771
1614.1,1634.5,1594.8,1614.3,2.1024e+06,1550.8
1614.1,1634.5,1594.8,1614.3,2.1024e+06,1550.8
1770,1794.3,1742.6,1787,3.1796e+06,1770
1785,1807.4,1749,1750,2.755e+06,1733.3
1750,1778,1741,1745,2.1914e+06,1728.4
1760,1780.5,1720,1762,1.6555e+06,1745.2
1762,1762,1762,1762,0,1745.2
1614.1,1634.5,1594.8,1614.3,2.1024e+06,1550.8
1614.1,1634.5,1594.8,1614.3,2.1024e+06,1550.8
1762,1762,1762,1762,0,1745.2
1769,1790.1,1764,1782,2.0995e+06,1765
1789,1789,1743,1752,1.7333e+06,1735.3
1779,1809,1763,1809,2.7569e+06,1791.8
1810,1811,1791,1797,1.5294e+06,1779.9
1614.1,1634.5,1594.8,1614.3,2.1024e+06,1550.8
1614.1,1634.5,1594.8,1614.3,2.1024e+06,1550.8
1796,1805,1787,1790,1.0895e+06,1773
1779,1805.8,1779,1803,1.6507e+06,1785.8
1815,1871.2,1806,1857,2.7223e+06,1839.3
1872,1904.5,1860,1860,6.2133e+06,1842.3
1861,1869,1828.6,1835,3.1389e+06,1817.5
1614.1,1634.5,1594.8,1614.3,2.1024e+06,1550.8
1614.1,1634.5,1594.8,1614.3,2.1024e+06,1550.8
1839,1866,1839,1860,1.5564e+06,1842.3
1868,1898.4,1862,1879,2.4912e+06,1861.1
1890,1895,1846,1859,1.8836e+06,1841.3
1861,1869,1838.6,1855,3.617e+06,1837.3
1865,1912,1860,1900,3.3314e+06,1881.9
1614.1,1634.5,1594.8,1614.3,2.1024e+06,1550.8
1614.1,1634.5,1594.8,1614.3,2.1024e+06,1550.8
1898,1918,1871,1908,2.4738e+06,1889.8
1896,1910.5,1879,1892,2.8664e+06,1874
1895,1902,1807.3,1823,2.2434e+06,1805.6
1855,1888,1802.7,1829,3.5845e+06,1811.6
1861,1861,1805,1838,1.1678e+06,1820.5
1614.1,1634.5,1594.8,1614.3,2.1024e+06,1550.8
1614.1,1634.5,1594.8,1614.3,2.1024e+06,1550.8
1838,1838,1838,1838,0,1820.5
1847,1856.2,1817,1848,3.8261e+06,1830.4
1835,1862,1802,1857,3.0093e+06,1839.3
1850,1858,1793.3,1853,3.1758e+06,1835.4
1844,1906.6,1828,1891,1.7883e+06,1873
1614.1,1634.5,1594.8,1614.3,2.1024e+06,1550.8
1614.1,1634.5,1594.8,1614.3,2.1024e+06,1550.8
1887,1892,1837,1837,1.7166e+06,1819.5
1823,1830,1805,1818,2.0169e+06,1800.7
1818,1833,1793.1,1802,2.431e+06,1784.8
1806,1816.2,1778,1810,1.0248e+06,1792.8
1818,1832,1801,1816,1.0722e+06,1798.7
1614.1,1634.5,1594.8,1614.3,2.1024e+06,1550.8
1614.1,1634.5,1594.8,1614.3,2.1024e+06,1550.8
1826,1834,1799,1816,1.1061e+06,1798.7
1826,1866.2,1801,1851,1.1642e+06,1833.4
1847,1875.3,1831,1851,1.1163e+06,1833.4
1843,1860,1833,1840,9.812e+05,1822.5
1845,1856,1827.4,1833,1.3843e+06,1815.5
1614.1,1634.5,1594.8,1614.3,2.1024e+06,1550.8
1614.1,1634.5,1594.8,1614.3,2.1024e+06,1550.8
1833,1833,1833,1833,0,1815.5
1842,1842,1773,1776,2.166e+06,1759.1
1777,1843,1770,1839,2.7068e+06,1821.5
1841,1851,1831,1847,1.3886e+06,1829.4
1843,1867,1822.1,1831,2.104e+06,1813.6
1614.1,1634.5,1594.8,1614.3,2.1024e+06,1550.8
1614.1,1634.5,1594.8,1614.3,2.1024e+06,1550.8
1833,1860,1801,1804,1.1732e+06,1786.8
1814,1829,1770.8,1792,2.0605e+06,1774.9
1805,1867,1805,1853,3.069e+06,1835.4
1852,1852,1799,1816,3.2857e+06,1798.7
1800,1832.7,1799,1809,1.7561e+06,1791.8
1614.1,1634.5,1594.8,1614.3,2.1024e+06,1550.8
1614.1,1634.5,1594.8,1614.3,2.1024e+06,1550.8
1805,1827,1799,1822,2.2459e+06,1804.7
1814,1820.7,1790,1795,2.188e+06,1777.9
1796,1853.9,1787,1842,2.5032e+06,1824.5
1853,1893.3,1852,1885,2.9802e+06,1867.1
1870,1880,1828,1845,1.9833e+06,1827.4
1614.1,1634.5,1594.8,1614.3,2.1024e+06,1550.8
1614.1,1634.5,1594.8,1614.3,2.1024e+06,1550.8
1829,1847.3,1817,1830,2.1608e+06,1812.6
1820,1838.3,1783,1829,2.8354e+06,1811.6
1825,1864,1825,1834,2.6827e+06,1816.5
1824,1847,1789,1847,2.4648e+06,1829.4
1840,1932.1,1831,1857,3.8112e+06,1839.3
1614.1,1634.5,1594.8,1614.3,2.1024e+06,1550.8
1614.1,1634.5,1594.8,1614.3,2.1024e+06,1550.8
1884,1916,1870.5,1914,2.7676e+06,1895.8
1905,1968.1,1889,1927,2.2223e+06,1908.7
1922,1930,1895.9,1902,1.9312e+06,1883.9
1897,1917,1878,1883,2.8634e+06,1865.1
1875,1877,1853,1859,2.4083e+06,1841.3
1614.1,1634.5,1594.8,1614.3,2.1024e+06,1550.8
1614.1,1634.5,1594.8,1614.3,2.1024e+06,1550.8
1798,1830.9,1787,1809,1.7979e+06,1791.8
1803,1818,1777.5,1786,2.2207e+06,1769
1805,1848,1798,1814,2.6485e+06,1796.7
1805,1831.5,1805,1818,2.3689e+06,1800.7
1809,1827,1806,1811,9.253e+05,1793.8
1614.1,1634.5,1594.8,1614.3,2.1024e+06,1550.8
1614.1,1634.5,1594.8,1614.3,2.1024e+06,1550.8
1775,1813.5,1770,1780,1.6024e+06,1763.1
1789,1797,1730,1730,3.2101e+06,1713.5
1732,1764,1718.7,1754,2.1147e+06,1737.3
1755,1803,1755,1796,1.875e+06,1778.9
1813,1846,1799,1846,3.1277e+06,1828.4
1614.1,1634.5,1594.8,1614.3,2.1024e+06,1550.8
1614.1,1634.5,1594.8,1614.3,2.1024e+06,1550.8
1869,1895.5,1853,1865,1.147e+06,1847.2
1865,1875,1836,1862,1.8507e+06,1844.3
1857,1898.1,1850,1861,1.3232e+06,1843.3
1873,1888.9,1863,1882,1.6672e+06,1864.1
1892,1892,1861.2,1863,1.3394e+06,1845.3
1614.1,1634.5,1594.8,1614.3,2.1024e+06,1550.8
1614.1,1634.5,1594.8,1614.3,2.1024e+06,1550.8
1853,1872.4,1852.4,1862,1.1729e+06,1844.3
1865,1881,1844.3,1861,1.8018e+06,1843.3
1850,1900.3,1845,1876,1.4226e+06,1858.1
1896,1918,1874.9,1899,2.2339e+06,1880.9
1895,1921,1882,1886,1.1096e+06,1868
1614.1,1634.5,1594.8,1614.3,2.1024e+06,1550.8
1614.1,1634.5,1594.8,1614.3,2.1024e+06,1550.8
1876,1881,1834.3,1840,1.1856e+06,1822.5
1839,1867.7,1814,1850,1.4789e+06,1832.4
1870,1894.4,1866,1888,1.8603e+06,1870
1896,1904,1865.6,1879,1.2806e+06,1861.1
1879,1915,1877.7,1907,1.6155e+06,1888.8
1614.1,1634.5,1594.8,1614.3,2.1024e+06,1550.8
1614.1,1634.5,1594.8,1614.3,2.1024e+06,1550.8
1900,1933.5,1885,1922,1.51e+06,1903.7
1914,1939.8,1905,1935,1.6493e+06,1916.6
1965,1972.8,1950,1957,1.3652e+06,1938.4
1947,1958,1915.9,1934,1.1291e+06,1915.6
1936,1950,1931,1941,1.0581e+06,1922.5
1614.1,1634.5,1594.8,1614.3,2.1024e+06,1550.8
1614.1,1634.5,1594.8,1614.3,2.1024e+06,1550.8
1968,1968,1932,1961,1.0315e+06,1942.3
1956,1968,1940,1951,1.2166e+06,1932.4
1937,1937,1876.2,1899,2.6479e+06,1880.9
1920,1971,1920,1963,1.6963e+06,1944.3
1973,1977,1937,1951,1.1345e+06,1932.4
1614.1,1634.5,1594.8,1614.3,2.1024e+06,1550.8
1614.1,1634.5,1594.8,1614.3,2.1024e+06,1550.8
1961,1977,1945,1969,6.938e+05,1950.3
1961,1983,1952.5,1960,1.3883e+06,1941.3
1950,1954,1910.3,1917,1.082e+06,1898.7
1897,1934,1878.2,1895,1.5705e+06,1877
1860,1886,1788.7,1806,3.6369e+06,1788.8
1614.1,1634.5,1594.8,1614.3,2.1024e+06,1550.8
1614.1,1634.5,1594.8,1614.3,2.1024e+06,1550.8
1740,1764,1651.1,1736,4.5113e+06,1719.5
1756,1834.3,1740,1805,5.2908e+06,1787.8
1765,1833,1758,1800,2.0325e+06,1782.9
1861,1910.9,1856,1893,2.711e+06,1875
1886,1923,1879,1922,1.7254e+06,1903.7
1614.1,1634.5,1594.8,1614.3,2.1024e+06,1550.8
1614.1,1634.5,1594.8,1614.3,2.1024e+06,1550.8
1922,1922,1922,1922,0,1903.7
1900,1925,1850.7,1880,1.7178e+06,1862.1
1886,1894,1856,1857,1.8359e+06,1839.3
1876,1886.7,1859.7,1874,3.8423e+06,1856.2
1848,1856,1827,1849,2.4741e+06,1831.4
1614.1,1634.5,1594.8,1614.3,2.1024e+06,1550.8
1614.1,1634.5,1594.8,1614.3,2.1024e+06,1550.8
1861,1875,1855,1875,7.716e+05,1857.1
1879,1921,1879,1916,1.9399e+06,1897.8
1963,1979,1931,1943,1.355e+06,1924.5
1898,1941.5,1898,1919,1.1023e+06,1919
1920,1927,1891.6,1910,1.5639e+06,1910
1614.1,1634.5,1594.8,1614.3,2.1024e+06,1550.8
1614.1,1634.5,1594.8,1614.3,2.1024e+06,1550.8
1904,1923,1879.7,1885,1.4406e+06,1885
1889,1916,1879,1913,1.0137e+06,1913
1926,1938,1895,1908,1.5181e+06,1908
1920,1920,1896,1908,1.3196e+06,1908
1902,1905,1841,1873,1.8324e+06,1873
1614.1,1634.5,1594.8,1614.3,2.1024e+06,1550.8
1614.1,1634.5,1594.8,1614.3,2.1024e+06,1550.8
1862,1887.1,1862,1862,1.6294e+06,1862
1863,1877.6,1799.6,1806,1.6068e+06,1806
1795,1848,1776,1833,1.3589e+06,1833
1823,1836,1742.3,1759,1.5569e+06,1759
1800,1838,1790,1823,1.4788e+06,1823
1614.1,1634.5,1594.8,1614.3,2.1024e+06,1550.8
1614.1,1634.5,1594.8,1614.3,2.1024e+06,1550.8
1810,1816,1756.3,1759,1.6754e+06,1759
1719,1748,1690,1700,3.7433e+06,1700
1730,1746,1722,1741,3.0945e+06,1741
1764,1774,1707,1728,2.9614e+06,1728
1734,1754,1685,1711,1.9261e+06,1711
1614.1,1634.5,1594.8,1614.3,2.1024e+06,1550.8
1614.1,1634.5,1594.8,1614.3,2.1024e+06,1550.8
1749,1775,1744,1768,1.6037e+06,1768
1765,1788,1745,1774,1.1626e+06,1774
1779,1798,1752,1763,2.4124e+06,1763
1760,1777,1751.5,1765,1.9218e+06,1765
1780,1787,1750.9,1763,1.4529e+06,1763
1614.1,1634.5,1594.8,1614.3,2.1024e+06,1550.8
1614.1,1634.5,1594.8,1614.3,2.1024e+06,1550.8
1769,1775.1,1755,1766,1.2577e+06,1766
1758,1790,1743,1782,1.1638e+06,1782
1760,1765,1732,1734,1.2783e+06,1734
1742,1767.5,1735,1758,9.016e+05,1758
1765,1774,1740,1754,9.349e+05,1754
1614.1,1634.5,1594.8,1614.3,2.1024e+06,1550.8
1614.1,1634.5,1594.8,1614.3,2.1024e+06,1550.8
1738,1760,1719,1726,1.3688e+06,1726
1727,1736,1695,1726,1.3544e+06,1726
1730,1794,1724,1791,2.014e+06,1791
1782,1812.1,1749.4,1783,2.228e+06,1783
1791,1844.4,1791,1823,1.9856e+06,1823
1614.1,1634.5,1594.8,1614.3,2.1024e+06,1550.8
1614.1,1634.5,1594.8,1614.3,2.1024e+06,1550.8
1812,1825,1792,1792,1.2287e+06,1792
1788,1792.3,1746.8,1747,1.4244e+06,1747
1755,1801,1755,1801,1.0504e+06,1801
1802,1802,1759.6,1765,1.3688e+06,1765
1777,1785,1762,1781,1.2437e+06,1781
1614.1,1634.5,1594.8,1614.3,2.1024e+06,1550.8
1614.1,1634.5,1594.8,1614.3,2.1024e+06,1550.8
1765,1811,1764.7,1809,9.824e+05,1809
1814,1816,1782,1790,1.8124e+06,1790
1801,1810.2,1780,1800,1.0563e+06,1800
1740,1806,1736,1796,2.7065e+06,1796
1847,1892.6,1840,1861,2.9773e+06,1861
1614.1,1634.5,1594.8,1614.3,2.1024e+06,1550.8
1614.1,1634.5,1594.8,1614.3,2.1024e+06,1550.8
1852,1880,1818,1820,1.9243e+06,1820
1829,1830.7,1761,1782,1.6004e+06,1782
1800,1807,1785,1791,1.5185e+06,1791
1789,1799,1752.4,1753,1.1112e+06,1753
1749,1778,1743,1777,1.2609e+06,1777
1614.1,1634.5,1594.8,1614.3,2.1024e+06,1550.8
1614.1,1634.5,1594.8,1614.3,2.1024e+06,1550.8
1754,1795,1754,1782,1.1056e+06,1782
1795,1829,1793,1801,1.5681e+06,1801
1785,1796.9,1763.9,1778,1.646e+06,1778
1810,1890,1735,1875,2.884e+06,1875
1887,1912,1816,1900,4.3467e+06,1900
1614.1,1634.5,1594.8,1614.3,2.1024e+06,1550.8
1614.1,1634.5,1594.8,1614.3,2.1024e+06,1550.8
1882,1921,1881,1917,1.8552e+06,1917
1919,1919,1882.6,1903,2.9608e+06,1903
1915,1935.4,1907,1924,1.5663e+06,1924
1940,1966,1930,1966,1.4742e+06,1966
1950,1989,1943,1960,1.7088e+06,1960
1614.1,1634.5,1594.8,1614.3,2.1024e+06,1550.8
1614.1,1634.5,1594.8,1614.3,2.1024e+06,1550.8
1950,1976,1950,1955,1.5208e+06,1955
1964,1972,1952,1966,2.5311e+06,1966
1985,2000,1965.5,1978,1.1963e+06,1978
1973,1990,1903.4,1942,2.66e+06,1942
1942,1967,1925,1955,1.4063e+06,1955
1614.1,1634.5,1594.8,1614.3,2.1024e+06,1550.8
1614.1,1634.5,1594.8,1614.3,2.1024e+06,1550.8
1959,1979,1947,1973,9.414e+05,1973
1970,1977,1943,1950,2.4e+06,1950
1956,1968,1931,1941,4.1585e+06,1941
1930,1940,1916.6,1918,1.2168e+06,1918
1912,1919,1880,1880,1.9023e+06,1880
1614.1,1634.5,1594.8,1614.3,2.1024e+06,1550.8
1614.1,1634.5,1594.8,1614.3,2.1024e+06,1550.8
1880,1904,1854,1875,1.9039e+06,1875
1899,1900,1878,1885,1.6114e+06,1885
1878,1891,1870,1877,1.1212e+06,1877
1911,1933,1907,1921,1.2376e+06,1921
1904,1920,1879.5,1908,1.5905e+06,1908
1614.1,1634.5,1594.8,1614.3,2.1024e+06,1550.8
1614.1,1634.5,1594.8,1614.3,2.1024e+06,1550.8
1907,1948,1898,1910,1.406e+06,1910
1923,1936,1906.9,1927,7.152e+05,1927
1943,1963.3,1929,1946,1.0215e+06,1946
1954,1955,1930,1946,84200,1946
1614.1,1634.5,1594.8,1614.3,2.1024e+06,1550.8
1614.1,1634.5,1594.8,1614.3,2.1024e+06,1550.8
1614.1,1634.5,1594.8,1614.3,2.1024e+06,1550.8
1614.1,1634.5,1594.8,1614.3,2.1024e+06,1550.8
1963,1990,1950,1980,6.294e+05,1980
1980,1987,1969,1972,2.759e+05,1972
1985,1985,1959,1971,1.335e+05,1971
1614.1,1634.5,1594.8,1614.3,2.1024e+06,1550.8
1614.1,1634.5,1594.8,1614.3,2.1024e+06,1550.8
1614.1,1634.5,1594.8,1614.3,2.1024e+06,1550.8
1948,1973,1896,1917,1.0627e+06,1917
1927,1958.8,1924,1917,6.537e+05,1917
1917,1939,1875,1897,1.1542e+06,1897
1864,1889,1841.1,1864,1.6921e+06,1864
1865,1887.4,1835.5,1849,1.2262e+06,1849
1614.1,1634.5,1594.8,1614.3,2.1024e+06,1550.8
1614.1,1634.5,1594.8,1614.3,2.1024e+06,1550.8
1837,1874.3,1837,1848,1.2135e+06,1848
1848,1892,1840.1,1867,1.3736e+06,1867
1883,1910.9,1864.3,1871,2.4149e+06,1871
1845,1848,1815.9,1830,1.9663e+06,1830
1845,1853,1778,1784,3.1442e+06,1784
1614.1,1634.5,1594.8,1614.3,2.1024e+06,1550.8
1614.1,1634.5,1594.8,1614.3,2.1024e+06,1550.8
1789,1815.4,1751,1753,1.3745e+06,1753
1779,1825,1778,1823,1.7828e+06,1823
1780,1792,1744,1759,2.2999e+06,1759
1772,1814.3,1754.4,1801,1.7556e+06,1801
1840,1868.8,1815,1844,2.2154e+06,1844
1614.1,1634.5,1594.8,1614.3,2.1024e+06,1550.8
1614.1,1634.5,1594.8,1614.3,2.1024e+06,1550.8
1849,1866.4,1830.8,1849,9.196e+05,1849
1812,1846,1803,1836,9.692e+05,1836
1850,1865,1825.9,1865,1.3196e+06,1865
1856,1861,1783,1787,3.2111e+06,1787
1800,1854,1792,1854,1.6916e+06,1854
1614.1,1634.5,1594.8,1614.3,2.1024e+06,1550.8
1614.1,1634.5,1594.8,1614.3,2.1024e+06,1550.8
1863,1882.5,1828,1849,1.0069e+06,1849
1843,1856.8,1775,1788,1.3477e+06,1788
1771,1794.3,1738,1741,2.1308e+06,1741
1765,1785,1722,1776,3.7409e+06,1776
1784,1809,1763.8,1770,1.9369e+06,1770
1614.1,1634.5,1594.8,1614.3,2.1024e+06,1550.8
1614.1,1634.5,1594.8,1614.3,2.1024e+06,1550.8
1768,1770,1626.6,1637,3.4274e+06,1637
1630,1654,1581,1639,4.3174e+06,1639
1647,1739.3,1639,1705,2.7028e+06,1705
1692,1700,1637,1660,2.4964e+06,1660
1670,1702.7,1652,1680,2.6707e+06,1680
1614.1,1634.5,1594.8,1614.3,2.1024e+06,1550.8
1614.1,1634.5,1594.8,1614.3,2.1024e+06,1550.8
1705,1752.4,1696,1724,1.234e+06,1724
1753,1768,1715.9,1734,1.6685e+06,1734
1735,1796,1733,1796,1.4144e+06,1796
