209.25,209.25,200,203.25,2.559e+05,191.1
204.25,216.25,203.13,208.75,3.81e+05,196.27
210,211.5,204.35,208.5,3.837e+05,196.04
208.75,208.75,202.5,202.5,2.726e+05,190.4
204.75,214.75,204.5,213.5,4.156e+05,200.74
352.05,356.34,347.97,352,1.9017e+06,342.5
352.05,356.34,347.97,352,1.9017e+06,342.5
215,216,211,213,2.907e+05,200.27
208.25,213.75,207.25,209.5,2.434e+05,196.98
208.25,212,205.75,205.75,1.651e+05,193.45
205,213,205,210,4.342e+05,197.45
210,210,205.75,206,2.349e+05,193.69
352.05,356.34,347.97,352,1.9017e+06,342.5
352.05,356.34,347.97,352,1.9017e+06,342.5
208.25,208.25,204.95,206.5,2.793e+05,194.16
206,208.25,204.75,204.75,3.3e+05,192.51
205.5,206,204.25,204.75,87600,192.51
204.5,206,203.5,204,1.692e+05,191.81
204.75,206,203,204,1.342e+05,191.81
352.05,356.34,347.97,352,1.9017e+06,342.5
352.05,356.34,347.97,352,1.9017e+06,342.5
203.25,205.75,201.5,202.5,1.684e+05,190.4
204,204,195.08,199.25,3.045e+05,187.34
199,200,192.5,192.5,6.455e+05,181
194.75,200.25,194.75,199,5.296e+05,187.11
200.75,202,198,199.5,6.34e+05,187.58
352.05,356.34,347.97,352,1.9017e+06,342.5
352.05,356.34,347.97,352,1.9017e+06,342.5
196,207,194.61,203.5,4.451e+05,191.34
205,205,199.75,200.5,2.459e+05,188.52
202.75,210,201,204,3.832e+05,191.81
204.5,205.27,199.75,200,2.454e+05,188.05
198.75,203,198.75,200.5,1.378e+05,188.52
352.05,356.34,347.97,352,1.9017e+06,342.5
352.05,356.34,347.97,352,1.9017e+06,342.5
201,203,198.5,199.5,1.988e+05,187.58
198.5,203,198.5,201.75,5.808e+05,189.69
202,202,198,199.75,3.393e+05,187.81
201,203,199.25,201.5,2.471e+05,189.46
201.5,201.5,201.5,201.5,0,189.46
352.05,356.34,347.97,352,1.9017e+06,342.5
352.05,356.34,347.97,352,1.9017e+06,342.5
201.5,201.5,201.5,201.5,0,189.46
201,204,199.25,199.5,2.005e+05,187.58
199.75,200.5,197,197,2.092e+05,185.23
197.5,198.25,191.85,195.5,1.611e+05,183.82
195.75,197.75,187.5,190,2.284e+05,178.65
352.05,356.34,347.97,352,1.9017e+06,342.5
352.05,356.34,347.97,352,1.9017e+06,342.5
191.5,193,188,188.5,2.299e+05,177.24
192.5,194.75,189.25,190.5,2.314e+05,179.12
192.5,200.5,192.26,199.25,1.681e+05,187.34
202,204.25,198.25,198.25,2.091e+05,186.4
199,204,198,201,1.404e+05,188.99
352.05,356.34,347.97,352,1.9017e+06,342.5
352.05,356.34,347.97,352,1.9017e+06,342.5
202,202.25,195,197.75,1.596e+05,185.93
198,202.25,198,201,1.017e+05,188.99
202,202.25,200,201.25,85200,189.22
201,201.75,198.25,198.75,1.622e+05,186.87
198.5,201.5,196.75,197.5,2.121e+05,185.7
352.05,356.34,347.97,352,1.9017e+06,342.5
352.05,356.34,347.97,352,1.9017e+06,342.5
197.5,199.25,193.25,194.5,76500,182.88
192.75,196,192.75,194.5,1.958e+05,182.88
194.5,197,194.5,197,1.11e+05,185.23
195.25,198.25,193,196,1.935e+05,184.29
197.5,197.5,188.5,191.5,3.998e+05,180.06
352.05,356.34,347.97,352,1.9017e+06,342.5
352.05,356.34,347.97,352,1.9017e+06,342.5
191.75,203.75,191.75,203.75,3.543e+05,191.57
230,250.76,224.25,235,3.4465e+06,220.96
235.25,243.5,230.5,243,6.417e+05,228.48
243.75,249,242,247.5,7.629e+05,232.71
250,250,246.27,248.5,2.617e+05,233.65
352.05,356.34,347.97,352,1.9017e+06,342.5
352.05,356.34,347.97,352,1.9017e+06,342.5
248.5,248.5,248.5,248.5,0,233.65
249,249.9,237.75,239.5,6.366e+05,225.19
243,249,240,245.75,4.35e+05,231.06
245,246.75,237.67,244,1.847e+05,229.42
243.5,247,239.75,244,1.68e+05,229.42
352.05,356.34,347.97,352,1.9017e+06,342.5
352.05,356.34,347.97,352,1.9017e+06,342.5
248.25,249.75,244.25,248.25,4.708e+05,233.41
250,250,246.5,246.5,1.778e+05,231.77
249,249,243,244.5,2.995e+05,229.89
242.75,246,240.75,240.75,3.042e+05,226.36
241.5,245.75,240.5,243,1.867e+05,228.48
352.05,356.34,347.97,352,1.9017e+06,342.5
352.05,356.34,347.97,352,1.9017e+06,342.5
242.5,245.79,241.26,244.5,44800,229.89
245,246.28,240.5,244,1.052e+05,229.42
245.75,245.75,239.75,243.25,1.177e+05,228.71
239.5,243.68,236.25,237,2.739e+05,222.84
235,239.25,235,235.5,1.791e+05,221.43
352.05,356.34,347.97,352,1.9017e+06,342.5
352.05,356.34,347.97,352,1.9017e+06,342.5
235.5,235.5,235.5,235.5,0,221.43
238.25,247.75,234.2,244.25,1.778e+05,229.65
241.75,244.25,240,241,1.086e+05,226.6
239.5,248.75,239.5,248,1.371e+05,233.18
246.25,250,245.25,248,2.642e+05,233.18
352.05,356.34,347.97,352,1.9017e+06,342.5
352.05,356.34,347.97,352,1.9017e+06,342.5
249.75,249.75,240,241,3.773e+05,226.6
240.5,250,240.5,241.25,4.201e+05,226.83
241.5,241.5,237.28,239.5,1.082e+05,225.19
242,248.5,242,243.75,3.046e+05,229.18
245.25,245.5,239.5,243,72600,228.48
352.05,356.34,347.97,352,1.9017e+06,342.5
352.05,356.34,347.97,352,1.9017e+06,342.5
239.5,246,239.5,242.5,3.667e+05,228.01
239.5,243.25,238,238.25,1.593e+05,224.01
240.5,248.75,239.22,244.5,2.117e+05,229.89
237.25,243.92,233.66,240,2.974e+05,225.66
237.5,245.25,237.5,241,1.361e+05,226.6
352.05,356.34,347.97,352,1.9017e+06,342.5
352.05,356.34,347.97,352,1.9017e+06,342.5
243.25,245.25,241.5,242.75,87400,228.24
244.75,245,240.75,241,2.522e+05,226.6
241,244.75,234.25,241,2.018e+05,226.6
239.25,239.25,234.38,236.5,1.177e+05,222.37
237.75,242.31,226.5,234,6.54e+05,220.01
352.05,356.34,347.97,352,1.9017e+06,342.5
352.05,356.34,347.97,352,1.9017e+06,342.5
234.25,241.75,229,230,3.312e+05,216.25
233,243.25,232.5,238.5,2.603e+05,224.25
239.5,250,229.75,250,6.586e+05,235.06
250,250,240.25,244,5.05e+05,229.42
250,250,244,249,3.405e+05,234.12
352.05,356.34,347.97,352,1.9017e+06,342.5
352.05,356.34,347.97,352,1.9017e+06,342.5
248.5,250.01,246,249.75,81500,234.82
246.5,251.69,246.5,251,1.235e+05,236
245,250,240,243,6.4522e+06,228.48
244.5,253.75,243,250,1.6049e+06,235.06
252.5,254.25,245.75,247,8.637e+05,232.24
352.05,356.34,347.97,352,1.9017e+06,342.5
352.05,356.34,347.97,352,1.9017e+06,342.5
248.75,248.75,245,247.5,2.061e+05,232.71
257.5,257.5,248.25,250,5.882e+05,235.06
248.25,250,246.05,248,3.376e+05,236.6
245.5,250,245.5,248,2.152e+05,236.6
248.75,248.75,244,244,3.671e+05,232.78
352.05,356.34,347.97,352,1.9017e+06,342.5
352.05,356.34,347.97,352,1.9017e+06,342.5
241.75,246.75,241.75,243.25,1.63e+05,232.07
237.5,244.25,237.5,241,1.59e+05,229.92
240.5,246.75,240,245,5.099e+05,233.73
246.75,250,245.5,247.25,6.453e+05,235.88
246,247.75,243,244,2.053e+05,232.78
352.05,356.34,347.97,352,1.9017e+06,342.5
352.05,356.34,347.97,352,1.9017e+06,342.5
244,245,242.75,242.75,1.302e+05,231.59
244,247.57,243.5,244,3.271e+05,232.78
248,249,243.54,244,3.009e+05,232.78
244.5,246.75,243.5,246.5,2.287e+05,235.16
246.75,248.5,246,247.75,3.061e+05,236.36
352.05,356.34,347.97,352,1.9017e+06,342.5
352.05,356.34,347.97,352,1.9017e+06,342.5
247,248.75,244.5,245.5,2.838e+05,234.21
243.5,246,241.23,242.75,2.967e+05,231.59
242,247,239.75,243,5.576e+05,231.83
243.5,248,241.5,248,2.276e+05,236.6
243,250,243,247,5.223e+05,235.64
352.05,356.34,347.97,352,1.9017e+06,342.5
352.05,356.34,347.97,352,1.9017e+06,342.5
247,248.5,246.75,247.5,2.196e+05,236.12
246.75,247.5,240.92,244,2.238e+05,232.78
244,245.53,241.25,241.25,1.389e+05,230.16
241.25,245.25,240.75,242.5,4.053e+05,231.35
242.75,248,242,243.75,1.922e+05,232.54
352.05,356.34,347.97,352,1.9017e+06,342.5
352.05,356.34,347.97,352,1.9017e+06,342.5
243.75,245,243,243.5,1.479e+05,232.3
243.5,244.68,238.75,240,2.251e+05,228.96
240,240.75,238.5,240,1.428e+05,228.96
239,239.35,233.25,237.25,3.7e+05,226.34
235.25,236.5,233.75,234.5,62600,223.72
352.05,356.34,347.97,352,1.9017e+06,342.5
352.05,356.34,347.97,352,1.9017e+06,342.5
233.5,238.01,230.5,231,45200,220.38
229.25,229.25,226.75,227,4.116e+05,216.56
227,227.5,223.5,224,2.067e+05,213.7
224.75,230.5,223.51,229.25,92000,218.71
230.25,235.25,228.33,235,1.511e+05,224.19
352.05,356.34,347.97,352,1.9017e+06,342.5
352.05,356.34,347.97,352,1.9017e+06,342.5
235,235,235,235,0,224.19
241.5,243.75,236.75,238,3.69e+05,227.06
237,237.57,233.75,237,1.428e+05,226.1
237,239.25,235.25,235.75,1.065e+05,224.91
234.5,237.75,234.5,236.25,88800,225.39
352.05,356.34,347.97,352,1.9017e+06,342.5
352.05,356.34,347.97,352,1.9017e+06,342.5
235.75,243.75,235.75,239.75,2.918e+05,228.72
241,244.25,239.25,239.5,1.408e+05,228.49
239.25,243.5,238,239.5,1.029e+05,228.49
245,245,236.5,236.5,41200,225.63
235.75,237,232.5,235.5,2.105e+05,224.67
352.05,356.34,347.97,352,1.9017e+06,342.5
352.05,356.34,347.97,352,1.9017e+06,342.5
233.25,236,232.03,234.75,80400,223.96
235.5,238.75,234,234,1.593e+05,223.24
233.75,236.75,229.9,230,2.245e+05,219.42
230.5,234.13,228.5,228.5,2.476e+05,217.99
227.75,231,227.26,229,55400,218.47
352.05,356.34,347.97,352,1.9017e+06,342.5
352.05,356.34,347.97,352,1.9017e+06,342.5
231.5,237,229.25,234,3.301e+05,223.24
233.5,234.5,231.25,232,59000,221.33
232.5,236.75,231.25,232,2.208e+05,221.33
234,235.25,230,230,2.772e+05,219.42
230.5,230.5,225.25,228,85500,217.52
352.05,356.34,347.97,352,1.9017e+06,342.5
352.05,356.34,347.97,352,1.9017e+06,342.5
229,229.5,226,226,96000,215.61
225.5,226.39,221.75,221.75,2.364e+05,211.55
221.25,226.5,221.25,224.5,3.642e+05,214.18
225.75,230.5,225.75,228,2.751e+05,217.52
229,246,229,233.25,1.0712e+06,222.52
352.05,356.34,347.97,352,1.9017e+06,342.5
352.05,356.34,347.97,352,1.9017e+06,342.5
232,238.25,232,236.25,3.322e+05,225.39
237,245.75,235.25,236.25,4.933e+05,225.39
236.75,247.5,234.87,240,6.878e+05,228.96
241,249.25,240.25,241.5,4.342e+05,230.4
242,246.75,239.48,240.25,2.301e+05,229.2
352.05,356.34,347.97,352,1.9017e+06,342.5
352.05,356.34,347.97,352,1.9017e+06,342.5
240.25,245.25,233.75,244.5,2.186e+05,233.26
244.5,249.75,244.5,247,3.243e+05,235.64
247.25,247.25,242.75,244.25,1.583e+05,233.02
245.5,250.5,244.16,246.75,2.349e+05,235.4
248,255,246.75,253,3.333e+05,241.37
352.05,356.34,347.97,352,1.9017e+06,342.5
352.05,356.34,347.97,352,1.9017e+06,342.5
253.5,260.5,253.5,255.75,4.082e+05,243.99
256.5,264.75,256.25,261,3.911e+05,249
260.25,264.75,257.79,259,2.644e+05,247.09
258,261.75,254.86,258.75,2.256e+05,246.85
260,264.64,258.25,259,1.519e+05,247.09
352.05,356.34,347.97,352,1.9017e+06,342.5
352.05,356.34,347.97,352,1.9017e+06,342.5
259.75,259.75,255.43,256.25,1.989e+05,244.47
256,258.5,253.41,257,2.551e+05,245.18
255.25,259.15,253.84,258,1.43e+05,246.14
257.5,258,255.25,257,1.175e+05,245.18
257.75,259.05,255,258,1.827e+05,246.14
352.05,356.34,347.97,352,1.9017e+06,342.5
352.05,356.34,347.97,352,1.9017e+06,342.5
260.5,261.96,259,260,63100,248.04
259.75,261.25,257.5,260,1.099e+05,248.04
260,261.75,257.5,261,1.102e+05,249
261.5,261.75,258.51,260.75,84400,248.76
261.75,261.75,255.5,258.75,1.29e+05,246.85
352.05,356.34,347.97,352,1.9017e+06,342.5
352.05,356.34,347.97,352,1.9017e+06,342.5
265.5,265.52,254.45,256,3.12e+05,244.23
254,259.89,251.5,251.75,2.514e+05,240.17
251.25,257.75,251.25,257,2.56e+05,245.18
257,262.91,253.5,261,7.013e+05,249
260,265,258.75,264.5,3.106e+05,252.34
352.05,356.34,347.97,352,1.9017e+06,342.5
352.05,356.34,347.97,352,1.9017e+06,342.5
264.5,268.07,263.81,266,4.1235e+06,253.77
266.5,266.5,263.5,264,1.599e+05,251.86
263,263.75,256,256,2.917e+05,244.23
265,280,258.49,272.5,6.12e+06,259.97
275,280.75,271.05,275.25,3.029e+05,262.59
352.05,356.34,347.97,352,1.9017e+06,342.5
352.05,356.34,347.97,352,1.9017e+06,342.5
274.25,276.73,273.25,274.75,4.575e+05,262.12
274.5,280.25,274.5,278.75,6.09e+05,265.93
275.5,282.75,275.5,281.5,2.056e+05,270.71
282,283.75,272.73,280.5,2.359e+05,269.75
280.5,281,279,279,2.888e+05,268.31
352.05,356.34,347.97,352,1.9017e+06,342.5
352.05,356.34,347.97,352,1.9017e+06,342.5
280.5,280.5,277.75,278.25,82800,267.59
279,282,277.25,280.5,1.813e+05,269.75
281.75,282.5,280,280.5,2.644e+05,269.75
282,283.25,281.5,282.5,87400,271.68
284.25,287.25,265.89,282,1.102e+05,271.19
352.05,356.34,347.97,352,1.9017e+06,342.5
352.05,356.34,347.97,352,1.9017e+06,342.5
282.25,285.25,279.75,283.5,1.736e+05,272.64
282.75,284.75,279.5,280,2.556e+05,269.27
281.25,281.25,275,276.5,2.67e+05,265.9
277,279,274.75,275,1.803e+05,264.46
274.25,278.75,274.25,277,4.902e+05,266.39
352.05,356.34,347.97,352,1.9017e+06,342.5
352.05,356.34,347.97,352,1.9017e+06,342.5
276.5,278,275,276.75,1.603e+05,266.15
277,277.5,275.5,276,3.218e+05,265.43
276.75,277.75,275,275.75,1.928e+05,265.18
276,281,274.75,280,5.506e+05,269.27
279,289,278,280,7.118e+05,269.27
352.05,356.34,347.97,352,1.9017e+06,342.5
352.05,356.34,347.97,352,1.9017e+06,342.5
280.75,282,278.5,278.5,2.966e+05,267.83
278,283.25,277.75,279,5.404e+05,268.31
276.5,281.5,276.5,278.5,4.867e+05,267.83
278.75,286.25,277.3,280,1.6355e+06,269.27
281.5,286.5,277,278,1.6952e+07,267.35
352.05,356.34,347.97,352,1.9017e+06,342.5
352.05,356.34,347.97,352,1.9017e+06,342.5
279,279,260.3,271.6,9.998e+05,261.19
270,274.3,267.1,273,1.065e+05,262.54
273,273,273,273,0,262.54
273,273,273,273,0,262.54
274.4,274.4,270.6,273.1,1.604e+05,262.64
352.05,356.34,347.97,352,1.9017e+06,342.5
352.05,356.34,347.97,352,1.9017e+06,342.5
270.2,271.5,267.6,269.7,1.444e+05,259.37
271,279.9,269,271,8.448e+05,260.62
271,271,271,271,0,260.62
272.2,272.2,269.2,270,1.831e+05,259.65
270.8,276.8,270.32,275,3.002e+05,264.46
352.05,356.34,347.97,352,1.9017e+06,342.5
352.05,356.34,347.97,352,1.9017e+06,342.5
275.7,279.44,273.91,276.5,1.689e+05,265.9
277.6,278.5,273.7,277,4.523e+05,266.39
276.1,277.5,273.1,274,2.184e+05,263.5
275,275.9,267.8,268.1,1.487e+05,257.83
268,276.2,268,276,2.502e+05,265.43
352.05,356.34,347.97,352,1.9017e+06,342.5
352.05,356.34,347.97,352,1.9017e+06,342.5
277,277,272,272.4,1.012e+05,261.96
272.4,272.4,265.3,268.8,3.256e+05,258.5
269.9,279.3,269.9,276.5,5.331e+05,265.9
277.6,278.8,273,273,3.608e+05,262.54
272.1,275.78,268,271.2,2.261e+05,260.81
352.05,356.34,347.97,352,1.9017e+06,342.5
352.05,356.34,347.97,352,1.9017e+06,342.5
271.2,279.8,269.65,279.8,3.624e+05,269.08
281.5,284,276.9,281.5,7.404e+05,270.71
280,287.9,278.9,278.9,2.417e+05,268.21
278.5,282.5,276,278.9,1.878e+05,268.21
279.5,282.74,274.9,277.3,1.972e+05,266.68
352.05,356.34,347.97,352,1.9017e+06,342.5
352.05,356.34,347.97,352,1.9017e+06,342.5
275.6,277,270.4,271.8,2.804e+05,261.38
270.2,274.5,269,269.2,3.989e+05,258.88
270.6,292,270.6,287.2,1.604e+06,276.19
288.8,302.4,288.8,297.3,4.305e+05,285.91
295.6,298.8,291.5,298.8,3.195e+05,287.35
352.05,356.34,347.97,352,1.9017e+06,342.5
352.05,356.34,347.97,352,1.9017e+06,342.5
292.1,300.04,289.2,293.5,6.289e+05,282.25
286.2,288.9,284,287.2,2.582e+05,276.19
284.7,288.8,282,286,3.073e+05,275.04
287.8,295.8,285,295,2.904e+05,283.7
293.3,295.5,289.9,292,2.343e+05,280.81
352.05,356.34,347.97,352,1.9017e+06,342.5
352.05,356.34,347.97,352,1.9017e+06,342.5
290.2,297.9,290.2,295.5,3.458e+05,284.18
293.4,297.26,291.7,292.3,1.162e+05,281.1
291.5,293.3,288,293.3,1.388e+05,282.06
292,296.4,292,296.4,84500,285.04
299.1,301.6,294.5,299.9,1.568e+05,288.41
352.05,356.34,347.97,352,1.9017e+06,342.5
352.05,356.34,347.97,352,1.9017e+06,342.5
300,304.5,298.77,303,1.32e+05,291.39
300.9,302.24,299,300,3.621e+05,288.51
298.7,303,298.5,300.7,1e+05,289.18
296.9,302.1,295,300,1.17e+05,288.51
300.3,307.4,300.3,306,4.567e+05,294.27
352.05,356.34,347.97,352,1.9017e+06,342.5
352.05,356.34,347.97,352,1.9017e+06,342.5
307,333.4,303.68,333,1.2809e+06,320.24
333,337.78,325.94,326,1.932e+06,313.51
324.9,331.98,321.8,331.4,3.493e+05,318.7
328.6,348.2,328.54,346.6,3.403e+05,333.32
344.7,355,343.5,351.5,7.262e+05,338.03
352.05,356.34,347.97,352,1.9017e+06,342.5
352.05,356.34,347.97,352,1.9017e+06,342.5
343.7,352,336.1,352,7.979e+05,338.51
348.5,357.7,347.11,348.6,3.161e+05,335.24
347.3,349.22,328.12,336.7,4.48e+05,323.8
339.4,340,336.3,337.9,2.519e+05,324.95
346.1,346.1,333.9,334.9,1.918e+05,322.07
352.05,356.34,347.97,352,1.9017e+06,342.5
352.05,356.34,347.97,352,1.9017e+06,342.5
335.7,342.1,323.8,328.5,3.596e+05,315.91
331.4,340.2,330.1,337.1,2.894e+05,324.18
333.2,341.9,333.2,338,2.676e+05,325.05
344.2,344.2,337,337.6,1.208e+05,324.66
333.3,334.4,327.87,329.3,2.722e+05,316.68
352.05,356.34,347.97,352,1.9017e+06,342.5
352.05,356.34,347.97,352,1.9017e+06,342.5
332.7,344.75,330.6,340.3,1.671e+05,327.26
334.9,339.9,333.8,336.7,1.335e+05,323.8
332.4,337,323.6,323.6,3.026e+05,311.2
319.2,332,318.59,330.9,2.098e+05,318.22
327.8,345.3,326,339.3,6.16e+05,326.3
352.05,356.34,347.97,352,1.9017e+06,342.5
352.05,356.34,347.97,352,1.9017e+06,342.5
342.8,346.8,317.6,322.9,4.689e+05,310.53
326.1,330.4,321.2,326.6,1.182e+05,314.09
332.4,336.7,321.15,324.5,1.603e+05,312.07
325.8,332.5,320.45,331.3,1.948e+05,318.61
331.1,333.66,322,331,2.958e+05,318.32
352.05,356.34,347.97,352,1.9017e+06,342.5
352.05,356.34,347.97,352,1.9017e+06,342.5
334,334,321.8,324.9,2.82e+05,312.45
329.5,340.05,323.9,332,4.844e+05,319.28
334.3,340.7,328,338.2,2.797e+05,325.24
335.5,338.6,328.8,328.9,2.207e+05,316.3
328.1,337.35,320.4,321.4,3.263e+05,309.08
352.05,356.34,347.97,352,1.9017e+06,342.5
352.05,356.34,347.97,352,1.9017e+06,342.5
322.6,326.9,314.96,324.1,4.06e+05,311.68
326.9,328.2,308,312.4,5.251e+05,300.43
315.5,329.71,315.5,328.8,2.598e+05,316.2
326.3,334,314.1,328.3,7.231e+05,315.72
317.1,319.1,312,316.9,3.248e+05,304.76
352.05,356.34,347.97,352,1.9017e+06,342.5
352.05,356.34,347.97,352,1.9017e+06,342.5
314.2,319.54,297.02,304,3.593e+05,292.35
307.7,310.6,296.3,299.5,3.49e+05,288.02
299.5,313.8,299.18,305,4.682e+05,293.31
308.3,308.77,302.1,303.1,2.121e+05,291.49
303.1,303.1,303.1,303.1,0,291.49
352.05,356.34,347.97,352,1.9017e+06,342.5
352.05,356.34,347.97,352,1.9017e+06,342.5
303.1,303.1,303.1,303.1,0,291.49
305.6,309.6,300.5,307,2.646e+05,295.24
308.3,311.45,305.9,307.4,1.788e+05,295.62
309.3,314.9,304.4,311,2.592e+05,299.08
308.4,311.3,306.7,309.3,1.66e+05,297.45
352.05,356.34,347.97,352,1.9017e+06,342.5
352.05,356.34,347.97,352,1.9017e+06,342.5
308.2,315.19,303,306.7,1.893e+05,294.95
301.3,312.9,301.3,310.5,4.491e+05,298.6
310.7,315.8,302.3,307.8,3.665e+05,296.01
306.8,324.6,306.8,317.9,2.103e+05,305.72
326.1,330,318.1,324.4,2.973e+05,311.97
352.05,356.34,347.97,352,1.9017e+06,342.5
352.05,356.34,347.97,352,1.9017e+06,342.5
324.4,324.4,324.4,324.4,0,311.97
326.5,340,317.4,335.5,7.228e+05,322.64
337.8,341.64,320.9,322.8,6.084e+05,310.43
321.8,323.4,315.43,321.3,4.465e+05,308.99
323.4,323.4,319.2,320,1.741e+05,307.74
352.05,356.34,347.97,352,1.9017e+06,342.5
352.05,356.34,347.97,352,1.9017e+06,342.5
323.1,330.13,320.6,325,4.904e+05,312.55
331.1,331.6,324.7,325,2.12e+05,312.55
326.5,330.24,321.5,327.8,3.665e+05,315.24
331.2,344.73,300.7,301.3,3.1401e+06,289.76
302,313,288.3,290,1.3065e+06,278.89
352.05,356.34,347.97,352,1.9017e+06,342.5
352.05,356.34,347.97,352,1.9017e+06,342.5
288.9,299.7,287.11,290.5,4.007e+05,279.37
293.7,297.7,285.7,292.4,7.19e+05,281.2
291.1,304.2,290.8,304,5.121e+05,292.35
302.1,309.8,301.8,307.3,3.391e+05,295.52
308.6,308.6,302.4,303.99,2.828e+05,292.34
352.05,356.34,347.97,352,1.9017e+06,342.5
352.05,356.34,347.97,352,1.9017e+06,342.5
303.99,303.99,303.99,303.99,0,292.34
308.2,314,305.75,313.8,3.217e+05,301.78
311.1,320.8,311.1,319.9,1.834e+05,307.64
317.1,321,314.46,317,5.105e+05,304.85
314.4,321.5,314.4,320,7.669e+05,307.74
352.05,356.34,347.97,352,1.9017e+06,342.5
352.05,356.34,347.97,352,1.9017e+06,342.5
319.1,320.8,317.82,320.1,5.086e+05,307.83
319,322,319,320.5,5.066e+05,308.22
320,324.8,320,324.7,1.914e+05,312.26
324.9,327.5,320.8,325,3.108e+05,312.55
326,326.2,323.5,325.5,2.213e+05,313.03
352.05,356.34,347.97,352,1.9017e+06,342.5
352.05,356.34,347.97,352,1.9017e+06,342.5
324.6,324.6,317.4,322.5,9.212e+05,310.14
325.1,327.9,322.57,327.9,2.064e+05,315.34
330.5,330.5,325.3,328,1.592e+05,315.43
327.3,328.7,325,327.4,1.9e+05,314.86
324,325,312.1,321,9.386e+05,308.7
352.05,356.34,347.97,352,1.9017e+06,342.5
352.05,356.34,347.97,352,1.9017e+06,342.5
322.8,322.8,310.3,312.5,4.196e+05,300.53
312,315.8,309.7,311,7.097e+05,299.08
313.4,316.2,311.8,313.4,1.878e+05,301.39
317.5,319.4,313.6,313.6,2.748e+05,301.58
310.6,318.5,310.6,313.8,7.152e+05,301.78
352.05,356.34,347.97,352,1.9017e+06,342.5
352.05,356.34,347.97,352,1.9017e+06,342.5
311.5,316.7,307.6,309,7.517e+05,297.16
312.6,313,306.5,310,4.777e+05,298.12
315.2,315.2,308.8,313.5,1.917e+05,301.49
315,320,313.64,317.6,5.742e+05,305.43
317,326.9,317,321.9,5.892e+05,309.57
352.05,356.34,347.97,352,1.9017e+06,342.5
352.05,356.34,347.97,352,1.9017e+06,342.5
323.1,325.9,320.5,322.6,5.986e+05,310.24
322.2,325.2,320.8,322,2.746e+05,309.66
320,324.1,318.4,321.4,6.958e+05,309.08
322.4,324.3,318.9,322,1.3304e+06,309.66
324.6,324.9,321.2,324.4,1.441e+05,311.97
352.05,356.34,347.97,352,1.9017e+06,342.5
352.05,356.34,347.97,352,1.9017e+06,342.5
321.2,325.17,319.4,321.6,2.261e+05,309.28
322.7,322.7,313.7,316,3.446e+05,303.89
310.2,314.5,307.1,308,3.393e+05,300
304.3,308.2,298.7,307,7.421e+05,299.02
306.7,312.4,304.2,305,4.517e+05,297.07
352.05,356.34,347.97,352,1.9017e+06,342.5
352.05,356.34,347.97,352,1.9017e+06,342.5
303.2,308.4,303.2,306.5,3.659e+05,298.54
304.1,308.6,302,302.4,3.929e+05,294.54
301.6,306.6,301.6,302.5,4.981e+05,294.64
300.3,305.3,300.3,303,3.475e+05,295.13
300.2,322.6,298.7,318,1.6399e+06,309.74
352.05,356.34,347.97,352,1.9017e+06,342.5
352.05,356.34,347.97,352,1.9017e+06,342.5
319.6,323.1,316.99,320,3.412e+05,311.68
318.9,323.52,318.9,322.3,8.185e+05,313.92
323,333.9,323,332.9,1.5899e+06,324.25
334.1,337.5,330.9,336.6,7.053e+05,327.85
339.5,341.2,333.56,339,7.863e+05,330.19
352.05,356.34,347.97,352,1.9017e+06,342.5
352.05,356.34,347.97,352,1.9017e+06,342.5
338.8,341.7,334.6,338.1,8.018e+05,329.31
338,340.3,333.8,335,6.083e+05,326.29
337.1,337.1,328.9,329.2,7.246e+05,320.64
330.5,338,325.51,334.7,6.647e+05,326
333.7,337.1,333.5,334.9,9.319e+05,326.2
352.05,356.34,347.97,352,1.9017e+06,342.5
352.05,356.34,347.97,352,1.9017e+06,342.5
338.7,341.6,334.5,336.9,2.0051e+06,328.14
338,345.4,336.11,341.7,4.0149e+06,332.82
341.1,346.5,341.1,343.2,3.2424e+06,334.28
347.9,354.3,337,337,5.8243e+07,328.24
337,337,319.2,320.4,8.019e+06,312.07
352.05,356.34,347.97,352,1.9017e+06,342.5
352.05,356.34,347.97,352,1.9017e+06,342.5
325.1,335.6,322.8,330,4.5044e+06,321.42
332,334,321.5,322.3,2.6816e+06,313.92
321.6,331.7,321.6,328.8,3.4157e+06,320.26
326.3,337,326,329.7,3.0782e+06,321.13
330.7,337.4,330.34,336.6,2.9799e+06,327.85
352.05,356.34,347.97,352,1.9017e+06,342.5
352.05,356.34,347.97,352,1.9017e+06,342.5
339.8,340,336.1,338.3,1.8056e+06,329.51
338.6,340,335.8,340,2.2122e+06,331.16
344,344.8,336.8,338.5,2.3402e+06,329.7
339.5,342.4,338.1,341.3,1.5233e+06,332.43
341,342,337.8,341.5,1.8567e+06,332.63
352.05,356.34,347.97,352,1.9017e+06,342.5
352.05,356.34,347.97,352,1.9017e+06,342.5
341.5,341.5,341.5,341.5,0,332.63
342,342.5,339.6,341.4,1.4301e+06,332.53
341.8,342.2,340.1,341.8,1.5543e+06,332.92
342,342.5,339.5,341.5,1.3712e+06,332.63
341.2,344.6,339.5,344.6,4.4599e+06,335.64
352.05,356.34,347.97,352,1.9017e+06,342.5
352.05,356.34,347.97,352,1.9017e+06,342.5
342.5,371,341.76,368.4,8.0252e+06,358.83
369,374,364.3,370.4,5.0727e+06,360.77
372,376.2,363.4,364,4.6676e+06,354.54
364.4,376.3,361.5,375,2.8551e+06,365.26
374.6,380.66,371.1,374.9,2.6749e+06,365.16
352.05,356.34,347.97,352,1.9017e+06,342.5
352.05,356.34,347.97,352,1.9017e+06,342.5
373.1,374.69,367.5,369.3,3.2026e+06,359.7
368.7,375.7,361.73,371.4,3.4607e+06,361.75
369.2,375.6,367.48,372.1,2.0322e+06,362.43
373.1,374.71,365.5,369,2.465e+06,359.41
368.6,375.1,368.1,372.2,2.4435e+06,362.53
352.05,356.34,347.97,352,1.9017e+06,342.5
352.05,356.34,347.97,352,1.9017e+06,342.5
381.3,388,375.88,379.9,5.8216e+06,370.03
380.8,380.8,367.9,368,4.2808e+06,358.44
370.3,372.5,363.3,369,2.9938e+06,359.41
369.2,375,366.96,370.6,4.1305e+06,360.97
374.1,375.9,368.2,372,2.5109e+07,362.33
352.05,356.34,347.97,352,1.9017e+06,342.5
352.05,356.34,347.97,352,1.9017e+06,342.5
371.9,374.6,366.8,374.5,2.6424e+06,364.77
375,375.7,366,368.7,3.1994e+06,359.12
368.3,369.84,363.3,364,3.399e+06,354.54
363.1,368.8,362.8,363.2,2.5624e+06,353.76
363,366,360.59,365.4,2.2382e+06,355.9
352.05,356.34,347.97,352,1.9017e+06,342.5
352.05,356.34,347.97,352,1.9017e+06,342.5
364.8,367.4,363.81,366,2.197e+06,356.49
366,368.59,364.8,366.3,3.7158e+06,356.78
365.9,368.2,363.76,365.1,4.4024e+06,355.61
365.3,368.4,360.1,360.2,3.4763e+06,350.84
360.8,369.7,359.07,369,2.4387e+06,359.41
352.05,356.34,347.97,352,1.9017e+06,342.5
352.05,356.34,347.97,352,1.9017e+06,342.5
368.2,375.4,368.1,372.3,4.8862e+06,362.63
372.1,372.3,365.1,368.5,6.0414e+06,358.92
367.8,370.5,364.1,366.1,3.9811e+06,356.59
367.6,373.7,367,367,8.6649e+06,357.46
363.1,368,359.25,362.4,4.2117e+06,352.98
352.05,356.34,347.97,352,1.9017e+06,342.5
352.05,356.34,347.97,352,1.9017e+06,342.5
359.7,361.4,355.43,357.1,4.1972e+06,347.82
355.1,361.8,352.55,361,4.0978e+06,351.62
363,363,355.3,356.7,5.9183e+06,347.43
359.2,362.2,354,355.7,6.4481e+06,346.46
355.3,359.3,352,355.8,4.811e+06,346.55
352.05,356.34,347.97,352,1.9017e+06,342.5
352.05,356.34,347.97,352,1.9017e+06,342.5
354.6,357.3,352.9,353.1,2.4123e+06,343.92
353.9,366.8,351.2,366.6,6.684e+06,357.07
368.6,374.75,365.1,374.3,5.0185e+06,364.57
372.4,380.2,370.4,379,3.0626e+06,369.15
379,382.5,376.9,377.5,2.624e+06,367.69
352.05,356.34,347.97,352,1.9017e+06,342.5
352.05,356.34,347.97,352,1.9017e+06,342.5
377.8,382,376.4,379.1,2.6866e+06,369.25
382,393,380.7,392.1,4.2088e+06,381.91
393,393.8,388.9,390.4,3.3173e+06,380.25
389.8,394,385.9,393.1,2.8256e+06,382.88
397,398.9,393.8,395.2,2.9688e+06,384.93
352.05,356.34,347.97,352,1.9017e+06,342.5
352.05,356.34,347.97,352,1.9017e+06,342.5
395.6,398.1,387.8,388.9,3.8981e+06,378.79
389.5,398.3,387.8,395.3,3.0337e+06,385.03
397,399.5,395.7,399.5,2.7426e+06,389.12
399.7,404.1,396.4,404.1,4.0468e+06,393.6
406.5,408.4,401.8,403.4,3.3808e+06,392.92
352.05,356.34,347.97,352,1.9017e+06,342.5
352.05,356.34,347.97,352,1.9017e+06,342.5
404.3,404.3,398.4,401.1,2.396e+06,390.68
403.1,409.52,401.84,409,5.4261e+06,398.37
408.8,410.1,401.9,404.3,3.619e+06,393.79
406.6,414.3,406.6,413.5,3.1557e+06,402.75
413.1,417.5,408.8,411.8,3.073e+06,401.1
352.05,356.34,347.97,352,1.9017e+06,342.5
352.05,356.34,347.97,352,1.9017e+06,342.5
410.2,417.7,407.23,417,2.7571e+06,406.16
418.7,425,417.9,425,2.3741e+06,413.95
426.5,430.4,422.92,427.2,3.1822e+06,416.1
425.2,427,416.55,422.6,4.6619e+06,411.62
423.3,424.4,417,419.9,4.0373e+06,408.99
352.05,356.34,347.97,352,1.9017e+06,342.5
352.05,356.34,347.97,352,1.9017e+06,342.5
420,426.8,417.7,426.5,2.1006e+06,415.42
426.1,427.5,417.8,419.8,5.1284e+06,408.89
419.1,422,416.6,418.5,2.6992e+06,407.62
419.7,423.6,419.15,423,4.3295e+06,412.01
423,424.85,422.3,423.3,4.807e+06,412.3
352.05,356.34,347.97,352,1.9017e+06,342.5
352.05,356.34,347.97,352,1.9017e+06,342.5
423.2,430,422.5,428.5,4.9102e+06,417.36
429.3,437.5,428.98,435.3,2.9852e+06,423.99
433.6,440.38,432.9,438.3,2.5226e+06,426.91
438.9,440.56,435.33,439.7,2.9937e+06,428.27
442.5,446.4,441.8,444.1,2.3484e+06,432.56
352.05,356.34,347.97,352,1.9017e+06,342.5
352.05,356.34,347.97,352,1.9017e+06,342.5
442.1,445.5,437,437.6,3.1376e+06,426.23
434.8,436.1,428.6,431.1,3.3553e+06,419.9
431.9,447.7,429.6,429.6,4.0218e+06,418.44
430.9,438.2,428.91,435.9,3.2786e+06,424.57
433.4,435.74,420.8,421.6,2.1546e+06,410.64
352.05,356.34,347.97,352,1.9017e+06,342.5
352.05,356.34,347.97,352,1.9017e+06,342.5
420.6,434.2,419.4,425.6,6.0693e+06,414.54
427.4,434.02,418.8,426.7,2.9515e+06,415.61
435.6,446.2,433.07,439.7,5.4883e+06,428.27
444.7,448.4,439.5,448.1,3.6653e+06,436.45
450.3,462.62,450.3,461.6,7.0441e+06,449.6
352.05,356.34,347.97,352,1.9017e+06,342.5
352.05,356.34,347.97,352,1.9017e+06,342.5
464.6,464.6,458.6,460.9,2.0416e+06,448.92
460.9,464.1,458.5,463.6,1.9888e+06,451.55
469.9,469.9,460,464.5,4.022e+05,452.43
464.5,464.5,464.5,464.5,0,452.43
464.5,464.5,464.5,464.5,0,452.43
352.05,356.34,347.97,352,1.9017e+06,342.5
352.05,356.34,347.97,352,1.9017e+06,342.5
464.3,466.3,458.4,462.2,1.1986e+06,450.19
458.6,461.8,454.4,455.8,1.2844e+06,443.95
456.6,462.4,456.6,462.4,3.734e+05,450.38
462.4,462.4,462.4,462.4,0,450.38
470,470,452.5,461.1,1.4342e+06,451.56
352.05,356.34,347.97,352,1.9017e+06,342.5
352.05,356.34,347.97,352,1.9017e+06,342.5
460.2,466.42,450.6,454,3.6723e+06,444.61
453.7,455.3,444.4,444.9,2.9875e+06,435.69
447.3,455.47,444.5,451.4,2.9972e+06,442.06
453,461,450.4,460.7,4.8385e+06,451.17
457.4,461.21,452.8,455.4,3.0373e+06,445.98
352.05,356.34,347.97,352,1.9017e+06,342.5
352.05,356.34,347.97,352,1.9017e+06,342.5
458.1,459.2,448.5,450,2.2436e+06,440.69
450.2,459.12,446.66,457.8,2.5974e+06,448.33
452.8,455.2,443.4,444,2.8942e+06,434.81
446.3,449.9,424.1,434.4,5.7814e+06,425.41
431.5,433.3,420.4,427.5,7.2941e+06,418.65
352.05,356.34,347.97,352,1.9017e+06,342.5
352.05,356.34,347.97,352,1.9017e+06,342.5
427.5,448.3,427.5,446.5,3.6669e+06,437.26
449.5,449.5,437.5,442.2,3.1391e+06,433.05
455.2,460.1,438,439.8,6.6016e+06,430.7
438.1,441.1,424.63,430.7,4.9351e+06,421.79
431.9,434.4,420.8,424.9,7.0226e+06,416.11
352.05,356.34,347.97,352,1.9017e+06,342.5
352.05,356.34,347.97,352,1.9017e+06,342.5
424.8,435.4,423.8,429.9,4.5228e+06,421
426.8,426.8,405.67,419.4,7.6728e+06,410.72
421.4,429.2,420.5,429,5.3794e+06,420.12
427.5,431,418.9,424.2,4.6062e+06,415.42
424.6,438.1,424.6,435,5.5672e+06,426
352.05,356.34,347.97,352,1.9017e+06,342.5
352.05,356.34,347.97,352,1.9017e+06,342.5
435,444.1,426.7,428.5,4.9955e+06,419.63
428.4,431.54,427.6,429,5.2616e+06,420.12
428.6,431.4,427.8,431,3.6137e+06,422.08
428.9,433.7,423.2,425.5,3.44e+06,416.69
423.1,424.1,414.7,419.7,3.1167e+06,411.01
352.05,356.34,347.97,352,1.9017e+06,342.5
352.05,356.34,347.97,352,1.9017e+06,342.5
418.7,419.9,412.2,414,3.3989e+06,405.43
413.1,426.7,413.1,424.8,5.8331e+06,416.01
426.3,427.7,421.6,424.9,2.466e+06,416.11
422.4,432.2,422.1,429.9,3.9115e+06,421
431,434,425.1,426,2.323e+06,417.19
352.05,356.34,347.97,352,1.9017e+06,342.5
352.05,356.34,347.97,352,1.9017e+06,342.5
424.4,428.5,421.25,423,1.5944e+06,414.25
423.3,433.1,420.2,430,2.7989e+06,421.1
430.3,438.8,430,433,2.4953e+06,424.04
433.7,442.2,432.4,441.6,2.4367e+06,432.46
440.7,445.6,437.3,441,3.4851e+06,431.87
352.05,356.34,347.97,352,1.9017e+06,342.5
352.05,356.34,347.97,352,1.9017e+06,342.5
441.9,444.5,438.2,444,1.8349e+06,434.81
443.5,451.1,441.7,449.1,3.6426e+06,439.81
445.5,447,440.7,442.4,2.9199e+06,433.25
441,444.4,434.58,439.9,4.3881e+06,430.8
439.1,441.7,437,440.6,2.1584e+06,431.48
352.05,356.34,347.97,352,1.9017e+06,342.5
352.05,356.34,347.97,352,1.9017e+06,342.5
439.4,444.5,432.1,434.9,2.5592e+06,425.9
434.8,441.2,429.86,430,2.1835e+06,421.1
429.3,431.97,425,431.1,2.1365e+06,422.18
430.6,437.2,430.6,436,1.8239e+06,426.98
434.4,440.1,434.32,437.4,2.1807e+06,428.35
352.05,356.34,347.97,352,1.9017e+06,342.5
352.05,356.34,347.97,352,1.9017e+06,342.5
435,438.16,434.9,435.1,2.1344e+06,426.1
435,441.53,427.9,428.4,4.157e+06,419.54
429.4,436.2,428.8,435.7,2.3076e+06,426.68
437.7,439.4,429.2,429.8,2.6371e+06,420.91
429.7,433.2,425.1,426.7,2.5437e+06,417.87
352.05,356.34,347.97,352,1.9017e+06,342.5
352.05,356.34,347.97,352,1.9017e+06,342.5
428,432.2,426.25,430.6,3.0625e+06,421.69
430.3,435.2,427.6,428.8,2.2107e+06,419.93
428.1,434.1,426.9,432.4,1.988e+06,423.45
434.2,435.5,428.6,432.2,2.6184e+06,423.26
434,437.2,427.2,427.2,1.3931e+07,418.36
352.05,356.34,347.97,352,1.9017e+06,342.5
352.05,356.34,347.97,352,1.9017e+06,342.5
429.3,429.3,418,424.8,3.033e+06,416.01
424,433.7,422.9,431.2,2.3496e+06,422.28
433.4,434,429.8,430.6,2.4238e+06,421.69
426.9,426.9,417,418.4,3.1999e+06,409.74
419.7,421,409,409.5,4.036e+06,401.03
352.05,356.34,347.97,352,1.9017e+06,342.5
352.05,356.34,347.97,352,1.9017e+06,342.5
413.5,418,409.8,411.1,2.582e+06,402.59
410,416.65,409.4,412.7,4.0931e+06,404.16
412.1,415.8,408.5,409.9,4.6129e+06,401.42
408.9,417.2,407.1,416.1,2.6246e+06,407.49
416.1,416.1,416.1,416.1,0,407.49
352.05,356.34,347.97,352,1.9017e+06,342.5
352.05,356.34,347.97,352,1.9017e+06,342.5
416.1,416.1,416.1,416.1,0,407.49
417.4,425.2,416.1,420.2,2.4722e+06,411.51
417.5,419.9,412,417.3,2.599e+06,408.67
417.3,426.5,417.3,426.2,2.5473e+06,417.38
425.6,433.8,424,432.7,5.4714e+06,423.75
352.05,356.34,347.97,352,1.9017e+06,342.5
352.05,356.34,347.97,352,1.9017e+06,342.5
432,434,427,430,1.9782e+06,421.1
430.3,436.5,428.8,436.5,3.1544e+06,427.47
435.5,448.3,434.8,445.3,4.4012e+06,436.08
447.7,447.7,439.9,442,2.6968e+06,432.85
442.9,446.7,438.1,441.3,2.2087e+06,432.17
352.05,356.34,347.97,352,1.9017e+06,342.5
352.05,356.34,347.97,352,1.9017e+06,342.5
442.5,445.7,438.98,441.1,1.5168e+06,431.97
443.6,450,441.9,441.9,2.3915e+06,432.76
442.1,443.8,434.9,437.7,2.2528e+06,428.64
437.3,439.1,432.75,436.8,1.4668e+06,427.76
435.7,442.3,428.8,432.8,2.7329e+06,423.84
352.05,356.34,347.97,352,1.9017e+06,342.5
352.05,356.34,347.97,352,1.9017e+06,342.5
434,438.1,426.8,437.3,3.4403e+06,428.25
438.2,438.5,428.7,432,2.652e+06,423.06
433.4,438.2,418.4,418.9,3.2216e+06,410.23
418.9,425.2,414.89,424.3,3.7032e+06,415.52
423.4,427.5,415.2,418.1,2.3367e+06,409.45
352.05,356.34,347.97,352,1.9017e+06,342.5
352.05,356.34,347.97,352,1.9017e+06,342.5
418.1,418.1,418.1,418.1,0,409.45
419.2,428.7,419.2,425.9,4.189e+06,417.09
423.3,434.5,421.51,431.1,3.2575e+06,422.18
428.8,439.2,424.2,437.2,4.6833e+06,428.15
449.5,457.5,446.2,450.5,4.5053e+06,441.18
352.05,356.34,347.97,352,1.9017e+06,342.5
352.05,356.34,347.97,352,1.9017e+06,342.5
452.1,458.8,450.3,457.2,4.3763e+06,447.74
456.4,456.4,445.9,450.6,2.8479e+06,441.28
451.2,460.9,451.1,460.1,3.0477e+06,450.58
458.2,467.5,457.4,466.1,3.1616e+06,456.45
466.2,476.1,465.9,470.9,3.6726e+06,461.16
352.05,356.34,347.97,352,1.9017e+06,342.5
352.05,356.34,347.97,352,1.9017e+06,342.5
469.9,476.1,469.9,472.8,2.7732e+06,463.02
473.4,477.6,466.5,467.8,3.8602e+06,458.12
467.1,468.18,456.8,459.5,4.3397e+06,449.99
459.9,467.1,459.6,461.5,3.7882e+06,451.95
461.5,471.05,461.2,468,4.3028e+06,458.32
352.05,356.34,347.97,352,1.9017e+06,342.5
352.05,356.34,347.97,352,1.9017e+06,342.5
468,468,468,468,0,458.32
469.2,470.9,459.7,460.9,2.3304e+06,451.36
460.5,465.9,459.02,464.3,1.8991e+06,454.69
465.9,475,465.9,473.5,3.7329e+06,463.7
473.3,479.5,470,475.4,6.5826e+06,465.56
352.05,356.34,347.97,352,1.9017e+06,342.5
352.05,356.34,347.97,352,1.9017e+06,342.5
477.8,486,475.2,484.7,4.8991e+06,474.67
485.5,485.5,477,479.3,4.4491e+06,469.38
484.9,490.8,468.7,474.8,8.3716e+06,464.98
474.4,480.4,470.6,477.1,1.0917e+07,467.23
475.7,476,465.6,468.5,2.9602e+06,458.81
352.05,356.34,347.97,352,1.9017e+06,342.5
352.05,356.34,347.97,352,1.9017e+06,342.5
468.7,472.9,464.9,464.9,1.8518e+06,455.28
464.9,467.6,458.9,459.9,3.0308e+06,450.38
459.8,469.4,459.3,467.1,3.5645e+06,457.43
465.9,471.7,465.1,469,1.6074e+06,459.3
467.5,469.5,465,465.4,2.2683e+06,455.77
352.05,356.34,347.97,352,1.9017e+06,342.5
352.05,356.34,347.97,352,1.9017e+06,342.5
462.7,465.2,456.6,456.6,2.1741e+06,447.15
455.6,458.8,451.3,456.8,2.3442e+06,447.35
457,460.7,453.8,454.9,2.5061e+06,445.49
453.2,460.4,452.3,459.4,2.1219e+06,449.89
459.7,462.3,456,456.8,2.4523e+06,447.35
352.05,356.34,347.97,352,1.9017e+06,342.5
352.05,356.34,347.97,352,1.9017e+06,342.5
463.4,464.8,461.1,463,2.3045e+06,453.42
463.5,468.7,462.6,465.8,1.3666e+06,456.16
465.1,467.6,461.4,466,1.4828e+06,456.36
463.6,469.1,463.6,467.5,1.3864e+06,457.83
466.1,468.9,462.4,465.7,1.962e+06,456.06
352.05,356.34,347.97,352,1.9017e+06,342.5
352.05,356.34,347.97,352,1.9017e+06,342.5
452.6,460.2,448.16,456.6,3.3601e+06,447.15
454,456.6,450,453.5,3.3324e+06,444.12
458.1,460.9,454.3,458.8,1.9169e+06,449.31
473,480.3,462.9,464.5,4.3555e+06,454.89
462.8,465.94,460.5,461.7,1.937e+06,452.15
352.05,356.34,347.97,352,1.9017e+06,342.5
352.05,356.34,347.97,352,1.9017e+06,342.5
457.4,462.8,455.46,459,1.9232e+06,449.5
459.8,460.8,445.6,445.6,3.2352e+06,436.38
446.7,450.5,439.3,441.7,2.9741e+06,432.56
442.6,447.5,441.4,445.6,2.2254e+06,436.38
449.2,450.6,446.2,449.5,1.6232e+06,440.2
352.05,356.34,347.97,352,1.9017e+06,342.5
352.05,356.34,347.97,352,1.9017e+06,342.5
453.3,458.7,451.4,457.4,2.8699e+06,447.94
457,463.9,456.1,461.7,2.6595e+06,452.15
462.8,464.77,459.2,461.5,2.2967e+06,451.95
471.9,471.9,456.8,468.2,3.6836e+06,458.51
469.8,470,459.96,462.2,5.3165e+06,452.64
352.05,356.34,347.97,352,1.9017e+06,342.5
352.05,356.34,347.97,352,1.9017e+06,342.5
462.1,467.3,462.1,466,2.541e+06,456.36
466.6,475.1,465.91,467.7,2.6738e+06,458.02
464.1,475,463.9,468.1,3.5164e+06,458.41
471.8,473.6,467.7,468,2.0487e+06,458.32
467.5,471.3,459.94,461,1.9464e+06,451.46
352.05,356.34,347.97,352,1.9017e+06,342.5
352.05,356.34,347.97,352,1.9017e+06,342.5
458.3,459.7,450.08,450.9,2.0818e+06,441.57
453.6,454.3,449.65,451,1.8507e+06,441.67
453.6,457.5,451.1,455.5,3.5007e+06,446.07
456.4,458.8,447.6,448.9,2.2238e+06,439.61
450.1,456.3,447.9,455.8,2.6147e+06,446.37
352.05,356.34,347.97,352,1.9017e+06,342.5
352.05,356.34,347.97,352,1.9017e+06,342.5
454,459,452.6,458.4,1.8428e+06,448.91
458.4,461.1,453,460.5,5.1775e+06,450.97
460.2,465.2,459.8,463.4,2.188e+06,453.81
462.3,463.1,456.6,457.2,2.1242e+06,447.74
456.2,459.1,452.5,456,1.6159e+06,446.56
352.05,356.34,347.97,352,1.9017e+06,342.5
352.05,356.34,347.97,352,1.9017e+06,342.5
453,458.5,448,457.7,2.9606e+06,448.23
457.2,457.4,450.6,453,2.5083e+06,443.63
450,452.76,442.5,445.8,2.9487e+06,436.57
450.7,454.4,448.7,451,2.0692e+06,441.67
452.7,453.31,447.5,448.4,1.8804e+06,439.12
352.05,356.34,347.97,352,1.9017e+06,342.5
352.05,356.34,347.97,352,1.9017e+06,342.5
450.8,451.22,442.8,447.8,1.5643e+06,438.53
447,447.7,438.5,441.8,2.776e+06,432.66
440,440,434,434.1,1.8586e+06,425.12
431.2,434.18,428,430.4,1.8077e+06,421.49
425.5,428.1,421.8,421.9,3.2465e+06,413.17
352.05,356.34,347.97,352,1.9017e+06,342.5
352.05,356.34,347.97,352,1.9017e+06,342.5
410.8,412.8,398.9,407,7.4534e+06,398.58
412.7,426,408.38,425.4,5.0176e+06,416.6
420.3,424.5,416.7,420.3,4.4562e+06,411.6
421.5,430.3,409.6,430.2,4.1173e+06,427.4
430,433.6,422.9,431.4,6.2397e+06,428.59
352.05,356.34,347.97,352,1.9017e+06,342.5
352.05,356.34,347.97,352,1.9017e+06,342.5
431.4,431.4,431.4,431.4,0,428.59
425,425.9,414.1,417.5,3.8826e+06,414.78
418,425.1,416.8,423.3,3.398e+06,420.54
426.4,433.3,425.5,430.9,3.9741e+06,428.1
425.5,425.5,412.3,412.3,3.9689e+06,409.62
352.05,356.34,347.97,352,1.9017e+06,342.5
352.05,356.34,347.97,352,1.9017e+06,342.5
415,417,413.2,413.5,2.091e+06,410.81
415.2,416.2,412.6,413.5,4.973e+06,410.81
420.8,423.4,418,419.9,2.6749e+06,417.17
425.1,431,425,427.5,4.8238e+06,424.72
427.6,427.76,420.8,420.9,1.9044e+06,418.16
352.05,356.34,347.97,352,1.9017e+06,342.5
352.05,356.34,347.97,352,1.9017e+06,342.5
422.1,426.3,419.5,420.5,1.889e+06,417.76
421.5,422.9,411.7,417.7,2.5961e+06,414.98
420.7,427.3,420.7,426.3,2.9689e+06,423.52
426.7,430.3,425.4,428.5,3.4238e+06,425.71
428.3,428.5,420.1,422.6,3.5411e+06,419.85
352.05,356.34,347.97,352,1.9017e+06,342.5
352.05,356.34,347.97,352,1.9017e+06,342.5
420.7,426.3,419.3,419.3,1.8787e+06,416.57
420.1,420.2,408.1,408.1,3.3323e+06,405.44
408.1,420.8,405.9,416.7,2.3211e+06,413.99
416.9,419,409.8,410.8,4.5219e+06,408.13
416.6,426.06,413.9,422.4,2.0276e+06,419.65
352.05,356.34,347.97,352,1.9017e+06,342.5
352.05,356.34,347.97,352,1.9017e+06,342.5
420.6,423,417.4,417.4,1.6327e+06,414.68
413.1,415.4,410.7,411.2,3.3917e+06,408.52
418.1,424.4,415.3,424.4,3.621e+06,421.64
428.1,430.6,425,425.4,3.4269e+06,422.63
427.4,439.6,427.4,435.1,4.8732e+06,432.27
352.05,356.34,347.97,352,1.9017e+06,342.5
352.05,356.34,347.97,352,1.9017e+06,342.5
441.7,449.2,441.6,447.2,3.19e+06,444.29
448,448,440.2,440.7,2.5924e+06,437.83
440.7,440.7,433.4,434.6,2.428e+06,431.77
434.7,439.5,430.8,439.2,2.6806e+06,436.34
443.2,443.9,432.8,432.8,2.5184e+06,429.98
352.05,356.34,347.97,352,1.9017e+06,342.5
352.05,356.34,347.97,352,1.9017e+06,342.5
433,435,429.8,433.2,1.6465e+06,430.38
433.9,433.9,429.5,433,1.6182e+06,430.18
431.3,431.63,423.2,424.3,1.6672e+06,421.54
427.5,434.5,426.75,430.3,1.8614e+06,427.5
430.9,434.26,427.6,430.6,1.5523e+06,427.8
352.05,356.34,347.97,352,1.9017e+06,342.5
352.05,356.34,347.97,352,1.9017e+06,342.5
430,433.6,427,429.9,1.0384e+06,427.1
430.5,432.3,427.8,430.5,1.9086e+06,427.7
430.5,438.9,428.5,438.6,1.5587e+06,435.75
436.4,449,435.4,442.3,2.3006e+06,439.42
443.2,458.9,442.56,458.2,2.7404e+06,455.22
352.05,356.34,347.97,352,1.9017e+06,342.5
352.05,356.34,347.97,352,1.9017e+06,342.5
457.1,457.5,451.2,456.2,3.0153e+06,453.23
455.1,456.9,453.6,455.1,3.8096e+06,452.14
457.4,460,454.6,458.7,2.5297e+06,455.71
457.4,460.5,455,458.1,2.7384e+06,455.12
459.7,461.3,457.2,461.3,2.0171e+06,458.3
352.05,356.34,347.97,352,1.9017e+06,342.5
352.05,356.34,347.97,352,1.9017e+06,342.5
457.6,465,455.1,463,2.0731e+06,459.99
464.3,466,461,463.9,3.2561e+06,460.88
463.4,467.2,461.5,462,2.0664e+06,458.99
462.1,466.9,461.4,465.4,1.6639e+06,462.37
465.4,472.2,458.12,467.1,1.491e+06,464.06
352.05,356.34,347.97,352,1.9017e+06,342.5
352.05,356.34,347.97,352,1.9017e+06,342.5
467.1,467.88,463.9,464,1.9275e+06,460.98
466.1,466.32,461.2,462.7,2.2542e+06,459.69
465,465.81,460.4,464.8,7.831e+05,461.77
464.2,465,455.6,459.2,2.2785e+06,456.21
459.1,459.1,452.6,455,2.1703e+06,452.04
352.05,356.34,347.97,352,1.9017e+06,342.5
352.05,356.34,347.97,352,1.9017e+06,342.5
451.7,457.3,448.98,457.3,1.6742e+06,454.32
461.9,466.2,459.7,466.2,1.4344e+06,463.17
464.8,464.8,459.1,460,2.3757e+06,457.01
464.8,464.8,458.3,459.6,1.9736e+06,456.61
462.7,465,459.2,464.6,2.4569e+06,461.57
352.05,356.34,347.97,352,1.9017e+06,342.5
352.05,356.34,347.97,352,1.9017e+06,342.5
462.2,467.4,460.7,465.8,1.9617e+06,462.77
464.5,464.72,452.5,453.7,2.6696e+06,450.75
454.7,463.8,453.2,462.4,1.704e+06,459.39
461.7,473.8,460.9,473.8,1.4037e+06,470.71
471,483,470.5,481.6,3.9682e+06,478.46
352.05,356.34,347.97,352,1.9017e+06,342.5
352.05,356.34,347.97,352,1.9017e+06,342.5
480.8,488.45,479.6,484.7,4.858e+06,481.54
488.2,490.6,483,487.4,2.21e+06,484.23
488.1,489.3,484.1,485.5,1.606e+06,482.34
484.1,489,477.2,477.7,1.9113e+06,474.59
475.8,481.3,472.8,479.6,3.2587e+06,476.48
352.05,356.34,347.97,352,1.9017e+06,342.5
352.05,356.34,347.97,352,1.9017e+06,342.5
481.5,486.4,477.88,484.3,2.5612e+06,481.15
482.5,485.6,477.1,479.3,1.7826e+06,476.18
478.7,488.5,478.7,486.2,4.253e+06,483.04
483.8,483.8,474.7,476.6,3.0975e+06,473.5
475.3,477.6,465.98,470.6,2.5008e+06,467.54
352.05,356.34,347.97,352,1.9017e+06,342.5
352.05,356.34,347.97,352,1.9017e+06,342.5
471.9,476.1,464.5,464.5,2.2799e+06,461.48
470,478.9,464.4,476.7,3.9921e+06,473.6
485,500,480.21,485.1,5.1214e+06,481.94
493,493,485.9,488,2.4403e+06,484.82
484.5,487,477.1,477.1,2.8702e+06,473.99
352.05,356.34,347.97,352,1.9017e+06,342.5
352.05,356.34,347.97,352,1.9017e+06,342.5
479,487.7,476.76,484,1.9988e+06,480.85
489,489.9,484.2,489.9,1.3279e+06,486.71
493.9,499.3,490.8,497.7,1.6615e+06,494.46
500,500,495.32,497.7,5.901e+05,494.46
352.05,356.34,347.97,352,1.9017e+06,342.5
352.05,356.34,347.97,352,1.9017e+06,342.5
352.05,356.34,347.97,352,1.9017e+06,342.5
352.05,356.34,347.97,352,1.9017e+06,342.5
500,501,495.5,500,2.3357e+06,496.75
499.8,501.5,495.1,499.2,9.984e+05,495.95
495.8,501,495.12,500,1.4795e+06,500
352.05,356.34,347.97,352,1.9017e+06,342.5
352.05,356.34,347.97,352,1.9017e+06,342.5
352.05,356.34,347.97,352,1.9017e+06,342.5
497.3,506.5,490.8,492.7,2.2843e+06,492.7
494.5,497.4,487.18,492.7,1.2679e+06,492.7
488.5,490.8,475.6,480.1,3.2317e+06,480.1
470,473,464.4,470.5,3.2395e+06,470.5
471.9,475.2,463.3,463.3,3.1433e+06,463.3
352.05,356.34,347.97,352,1.9017e+06,342.5
352.05,356.34,347.97,352,1.9017e+06,342.5
462,466.7,460.43,463.9,2.3702e+06,463.9
466.5,477.6,465.3,473.2,2.0615e+06,473.2
476.6,478.75,467.3,469.6,1.7896e+06,469.6
465.5,466.66,450.1,454.9,2.9339e+06,454.9
453.9,460.1,442.9,445.4,3.5131e+06,445.4
352.05,356.34,347.97,352,1.9017e+06,342.5
352.05,356.34,347.97,352,1.9017e+06,342.5
445,450.23,414.7,442.1,3.0254e+06,442.1
449.6,452.3,444.86,449.5,1.7027e+06,449.5
441.1,442.66,426.9,428.7,3.7855e+06,428.7
430.9,444.4,430.17,444.4,3.8089e+06,444.4
455.1,466.1,452.7,464.9,3.4331e+06,464.9
352.05,356.34,347.97,352,1.9017e+06,342.5
352.05,356.34,347.97,352,1.9017e+06,342.5
468.4,471.56,465.1,467.1,3.3915e+06,467.1
464.3,470.32,452.3,456.5,5.1618e+06,456.5
458,471.2,455.5,471,3.5593e+06,471
468.4,472.1,462.69,463.2,3.0312e+06,463.2
469,473.7,462.9,473.7,3.4457e+06,473.7
352.05,356.34,347.97,352,1.9017e+06,342.5
352.05,356.34,347.97,352,1.9017e+06,342.5
475.2,477.2,469.2,476.5,2.5e+06,476.5
476.2,476.2,463.1,464.6,2.5028e+06,464.6
464.2,468.2,457.1,457.9,3.7478e+06,457.9
465.1,465.1,448.7,448.7,3.5748e+06,448.7
449.9,455.2,440.1,440.1,3.2215e+06,440.1
352.05,356.34,347.97,352,1.9017e+06,342.5
352.05,356.34,347.97,352,1.9017e+06,342.5
444,444.6,424.1,424.1,4.1597e+06,424.1
425.8,430.9,415.4,422.9,3.9432e+06,422.9
427.2,443.5,422.4,437,3.7175e+06,437
434.5,434.5,422.2,424.9,2.7032e+06,424.9
428.5,431.5,425.1,431.1,2.0429e+06,431.1
352.05,356.34,347.97,352,1.9017e+06,342.5
352.05,356.34,347.97,352,1.9017e+06,342.5
440,445.1,437.1,437.1,1.8662e+06,437.1
439.8,441.4,429.5,430.6,3.3705e+06,430.6
431.3,446.1,431.3,444.2,2.3013e+06,444.2
