2709,2709,2661.5,2690,21100,2507.7
2674,2720,2674,2705,21500,2521.7
2708.5,2711,2685,2685,19200,2503.1
2676,2705.5,2648,2660,17600,2479.8
2664.5,2705.5,2647.5,2650,54600,2470.4
3652.9,3688.1,3616.5,3652.4,1.9313e+05,3568.2
3652.9,3688.1,3616.5,3652.4,1.9313e+05,3568.2
2685,2700,2668,2680,18200,2498.4
2640,2686.5,2640,2675,40300,2493.7
2702,2739.5,2685,2685,31500,2503.1
2716,2736.5,2675,2683.5,32500,2501.7
2250,2406,2250,2325,20700,2167.5
3652.9,3688.1,3616.5,3652.4,1.9313e+05,3568.2
3652.9,3688.1,3616.5,3652.4,1.9313e+05,3568.2
2374,2374,2320,2330,7000,2172.1
2374,2399,2360,2363,51600,2202.9
2396,2399.2,2325,2355,17800,2195.4
2300,2413,2300,2392,13300,2229.9
2413,2415,2369,2372,7300,2211.3
3652.9,3688.1,3616.5,3652.4,1.9313e+05,3568.2
3652.9,3688.1,3616.5,3652.4,1.9313e+05,3568.2
2429,2438,2350,2385,16900,2223.4
2371,2469,2370,2400,33500,2237.4
2370,2395,2335,2380,3600,2218.7
2380,2420,2340,2350,17100,2190.8
2351,2432,2244.7,2320,19100,2162.8
3652.9,3688.1,3616.5,3652.4,1.9313e+05,3568.2
3652.9,3688.1,3616.5,3652.4,1.9313e+05,3568.2
2320,2355,2270,2270,33500,2116.2
2316,2340,2298,2300,30800,2144.2
2317,2340,2281,2320,13800,2162.8
2325,2325,2282,2303,8800,2146.9
2292,2349,2271,2304,3100,2147.9
3652.9,3688.1,3616.5,3652.4,1.9313e+05,3568.2
3652.9,3688.1,3616.5,3652.4,1.9313e+05,3568.2
2320,2374,2301,2317,15100,2160
2307,2374,2285,2305,25100,2148.8
2305,2369,2275,2275,25900,2120.8
2281,2344,2270,2270,9100,2116.2
2270,2270,2270,2270,0,2116.2
3652.9,3688.1,3616.5,3652.4,1.9313e+05,3568.2
3652.9,3688.1,3616.5,3652.4,1.9313e+05,3568.2
2270,2270,2270,2270,0,2116.2
2300,2425,2281,2400,42500,2237.4
2425,2448,2388,2400,44100,2237.4
2400,2402,2327,2327,37500,2169.3
2361,2375,2281,2281,28300,2126.4
3652.9,3688.1,3616.5,3652.4,1.9313e+05,3568.2
3652.9,3688.1,3616.5,3652.4,1.9313e+05,3568.2
2300,2320,2290,2296,35200,2140.4
2303,2375,2303,2312,27400,2155.3
2380,2380,2291,2300,52800,2144.2
2307,2380,2307,2375,18400,2214.1
2401,2424,2374,2374,24600,2213.1
3652.9,3688.1,3616.5,3652.4,1.9313e+05,3568.2
3652.9,3688.1,3616.5,3652.4,1.9313e+05,3568.2
2396,2424,2375,2390,20900,2228.1
2389,2389,2360,2389,8700,2227.1
2389,2405,2325,2385,28700,2223.4
2410,2410,2338,2344,14700,2185.2
2353,2399,2345,2360,38600,2200.1
3652.9,3688.1,3616.5,3652.4,1.9313e+05,3568.2
3652.9,3688.1,3616.5,3652.4,1.9313e+05,3568.2
2382,2409,2320,2331,25700,2173.1
2331,2357,2303,2310,26000,2153.5
2323,2325,2249,2260,25100,2106.9
2272,2321,2269,2285,23700,2130.2
2319,2319,2245,2245,13000,2092.9
3652.9,3688.1,3616.5,3652.4,1.9313e+05,3568.2
3652.9,3688.1,3616.5,3652.4,1.9313e+05,3568.2
2270,2310,2265,2266,11700,2112.5
2311,2362,2288,2355,43800,2195.4
2363,2420,2355,2415,1.94e+05,2251.4
2364,2491,2364,2403,1.173e+05,2240.2
2420,2479,2401.3,2442,5.039e+05,2276.5
3652.9,3688.1,3616.5,3652.4,1.9313e+05,3568.2
3652.9,3688.1,3616.5,3652.4,1.9313e+05,3568.2
2442,2442,2442,2442,0,2276.5
2432,2535,2432,2500,4.613e+05,2330.6
2535,2535,2478,2486,3.314e+05,2317.6
2485,2537,2452,2533,3.44e+05,2361.4
2519,2530,2489,2517,2.625e+05,2346.4
3652.9,3688.1,3616.5,3652.4,1.9313e+05,3568.2
3652.9,3688.1,3616.5,3652.4,1.9313e+05,3568.2
2550,2550,2500,2530,6.057e+05,2358.6
2581,2733,2580.6,2708,1.4558e+06,2524.5
2723,2723,2642,2650,2.81e+05,2470.4
2670,2676,2625,2635,1.971e+05,2456.4
2625,2670,2625,2668,4.275e+05,2487.2
3652.9,3688.1,3616.5,3652.4,1.9313e+05,3568.2
3652.9,3688.1,3616.5,3652.4,1.9313e+05,3568.2
2670,2670,2651,2660,1.178e+05,2479.8
2653,2699,2640,2650,2.308e+05,2470.4
2605,2620,2581,2581,6.084e+05,2458.3
2585,2585,2531,2550,2.258e+05,2428.7
2551,2595,2541,2575,1.466e+05,2452.5
3652.9,3688.1,3616.5,3652.4,1.9313e+05,3568.2
3652.9,3688.1,3616.5,3652.4,1.9313e+05,3568.2
2575,2575,2575,2575,0,2452.5
2580,2648,2580,2634,1.953e+05,2508.7
2635,2643,2611,2640,1.509e+05,2514.4
2642,2647,2621,2636,1.013e+05,2510.6
2630,2630,2499.3,2500,3.333e+05,2381.1
3652.9,3688.1,3616.5,3652.4,1.9313e+05,3568.2
3652.9,3688.1,3616.5,3652.4,1.9313e+05,3568.2
2550,2599,2499.4,2590,1.381e+05,2466.8
2623,2623,2553,2553,1.007e+05,2431.6
2575,2583,2531,2564,2.456e+05,2442.1
2600,2603,2565,2593,1.489e+05,2469.7
2623,2628,2577,2615,2.149e+05,2490.6
3652.9,3688.1,3616.5,3652.4,1.9313e+05,3568.2
3652.9,3688.1,3616.5,3652.4,1.9313e+05,3568.2
2605,2618,2559,2590,2.943e+05,2466.8
2569,2590,2525,2532,2.411e+05,2411.6
2529,2576,2519,2525,2.934e+05,2404.9
2525,2538,2471,2515,8.54e+05,2395.4
2520,2600,2478,2500,5.844e+05,2381.1
3652.9,3688.1,3616.5,3652.4,1.9313e+05,3568.2
3652.9,3688.1,3616.5,3652.4,1.9313e+05,3568.2
2505,2600,2492,2557,7.747e+05,2435.4
2535,2653,2535,2621,4.981e+05,2496.3
2648,2648,2570,2600,3.458e+05,2476.3
2565,2604,2561,2562,1.0261e+06,2440.2
2630,2650,2553,2564,6.1311e+06,2442.1
3652.9,3688.1,3616.5,3652.4,1.9313e+05,3568.2
3652.9,3688.1,3616.5,3652.4,1.9313e+05,3568.2
2540,2575,2510,2569,6.456e+05,2446.8
2555,2580,2543,2565,2.128e+05,2443
2566,2580,2539,2568,2.627e+05,2445.9
2572,2597,2533,2580,1.637e+05,2457.3
2581,2595,2558,2570,2.321e+05,2447.8
3652.9,3688.1,3616.5,3652.4,1.9313e+05,3568.2
3652.9,3688.1,3616.5,3652.4,1.9313e+05,3568.2
2576,2584,2562,2584,2.424e+05,2461.1
2583,2594,2558,2562,70300,2440.2
2562,2589,2562,2576,1.553e+05,2453.5
2577,2595,2554,2595,1.87e+05,2471.6
2596,2610,2587,2594,1.304e+05,2470.6
3652.9,3688.1,3616.5,3652.4,1.9313e+05,3568.2
3652.9,3688.1,3616.5,3652.4,1.9313e+05,3568.2
2595,2620,2590,2615,1.727e+05,2490.6
2614,2637,2614,2630,2.34e+05,2504.9
2631,2637,2609,2630,1.976e+05,2504.9
2631,2655,2625,2638,3.153e+05,2512.5
2639,2641,2580,2599,1.88e+05,2475.4
3652.9,3688.1,3616.5,3652.4,1.9313e+05,3568.2
3652.9,3688.1,3616.5,3652.4,1.9313e+05,3568.2
2598,2631,2598,2630,2.109e+05,2504.9
2629,2642,2606,2608,1.161e+05,2484
2607,2610,2570,2590,1.336e+05,2466.8
2591,2620,2589,2601,1.141e+05,2477.3
2675,2725,2675,2697,8.135e+05,2568.7
3652.9,3688.1,3616.5,3652.4,1.9313e+05,3568.2
3652.9,3688.1,3616.5,3652.4,1.9313e+05,3568.2
2698,2710,2689,2697,6.921e+05,2568.7
2700,2745,2695,2700,3.531e+05,2571.6
2701,2735,2700,2713,3.938e+05,2584
2714,2720,2694.4,2700,2.039e+05,2571.6
2701,2706,2675,2693,1.18e+05,2564.9
3652.9,3688.1,3616.5,3652.4,1.9313e+05,3568.2
3652.9,3688.1,3616.5,3652.4,1.9313e+05,3568.2
2694,2700,2682,2695,1.868e+05,2566.8
2694,2700,2638,2668,1.523e+05,2541.1
2667,2675,2645,2665,1.11e+05,2538.3
2666,2680,2659,2670,1.138e+05,2543
2669,2683,2660,2667,90100,2540.2
3652.9,3688.1,3616.5,3652.4,1.9313e+05,3568.2
3652.9,3688.1,3616.5,3652.4,1.9313e+05,3568.2
2668,2678,2656,2668,48500,2541.1
2667,2671,2647,2663,3.486e+05,2536.3
2662,2662,2626,2652,3.036e+05,2525.9
2653,2688,2653,2685,3.653e+05,2557.3
2684,2685,2649,2654,1.803e+05,2527.8
3652.9,3688.1,3616.5,3652.4,1.9313e+05,3568.2
3652.9,3688.1,3616.5,3652.4,1.9313e+05,3568.2
2655,2655,2625,2640,1.061e+05,2514.4
2639,2649,2625,2630,1.961e+05,2504.9
2629,2666,2614,2620,2.101e+05,2495.4
2621,2626,2576,2592,1.037e+05,2468.7
2571,2619,2567,2612,1.165e+05,2487.8
3652.9,3688.1,3616.5,3652.4,1.9313e+05,3568.2
3652.9,3688.1,3616.5,3652.4,1.9313e+05,3568.2
2611,2635,2606,2630,1.132e+05,2504.9
2631,2669,2612,2618,1.933e+05,2493.5
2619,2629,2601,2620,1.587e+05,2495.4
2630,2646,2614,2616,2.125e+05,2491.6
2617,2617,2582,2600,1.657e+05,2476.3
3652.9,3688.1,3616.5,3652.4,1.9313e+05,3568.2
3652.9,3688.1,3616.5,3652.4,1.9313e+05,3568.2
2600,2600,2600,2600,0,2476.3
2599,2607,2564,2585,4.004e+05,2462.1
2586,2591,2541,2547,1.344e+05,2425.9
2547,2585,2542,2576,1.295e+05,2453.5
2575,2584,2544,2559,2.737e+05,2437.3
3652.9,3688.1,3616.5,3652.4,1.9313e+05,3568.2
3652.9,3688.1,3616.5,3652.4,1.9313e+05,3568.2
2558,2620,2551,2593,2.576e+05,2469.7
2594,2607,2572,2582,59300,2459.2
2570,2577,2541,2550,1.359e+05,2428.7
2551,2573,2543,2548,1.335e+05,2426.8
2561,2564,2530,2540,1.566e+05,2419.2
3652.9,3688.1,3616.5,3652.4,1.9313e+05,3568.2
3652.9,3688.1,3616.5,3652.4,1.9313e+05,3568.2
2539,2543,2530,2540,1.492e+05,2419.2
2541,2600,2541,2599,3.46e+05,2475.4
2599,2629,2538,2552,2.978e+05,2430.6
2551,2624,2508,2519,2.029e+05,2399.2
2580,2580,2511,2515,1.351e+05,2395.4
3652.9,3688.1,3616.5,3652.4,1.9313e+05,3568.2
3652.9,3688.1,3616.5,3652.4,1.9313e+05,3568.2
2579,2579,2505,2512,2.547e+05,2392.5
2566,2566,2500,2515,1.113e+05,2395.4
2515,2530,2501,2517,1.532e+05,2397.3
2550,2550,2501,2515,1.762e+05,2395.4
2550,2550,2462,2467,3.115e+05,2349.7
3652.9,3688.1,3616.5,3652.4,1.9313e+05,3568.2
3652.9,3688.1,3616.5,3652.4,1.9313e+05,3568.2
2480,2537,2468,2501,1.661e+05,2382.1
2497,2524,2497,2514,1.137e+05,2394.4
2485,2524,2485,2517,1.282e+05,2397.3
2521,2539,2484,2521,2.36e+05,2401.1
2550,2550,2513,2525,2.933e+05,2404.9
3652.9,3688.1,3616.5,3652.4,1.9313e+05,3568.2
3652.9,3688.1,3616.5,3652.4,1.9313e+05,3568.2
2545,2545,2499,2527,1.803e+05,2406.8
2530,2551,2522,2545,4.2e+05,2424
2555,2561,2531,2550,2.443e+05,2428.7
2548,2563,2533,2541,2.577e+05,2420.2
2555,2555,2521,2530,1e+05,2409.7
3652.9,3688.1,3616.5,3652.4,1.9313e+05,3568.2
3652.9,3688.1,3616.5,3652.4,1.9313e+05,3568.2
2506,2538,2506,2525,2.608e+05,2404.9
2530,2540,2508,2515,2.33e+05,2395.4
2540,2540,2482,2518,1.663e+05,2398.2
2549,2606,2498,2521,1.751e+05,2401.1
2514,2564.6,2496,2524,1.195e+05,2404
3652.9,3688.1,3616.5,3652.4,1.9313e+05,3568.2
3652.9,3688.1,3616.5,3652.4,1.9313e+05,3568.2
2563,2578,2525,2568,1.679e+05,2445.9
2579,2584,2560,2580,1.987e+05,2457.3
2519,2608,2519,2595,1.671e+05,2471.6
2560,2591,2560,2577,95800,2454.4
2580,2668,2580,2652,2.338e+05,2525.9
3652.9,3688.1,3616.5,3652.4,1.9313e+05,3568.2
3652.9,3688.1,3616.5,3652.4,1.9313e+05,3568.2
2668,2735,2640,2735,2.615e+05,2604.9
2735,2769,2726,2755,5.763e+05,2624
2713,2780,2713,2769,1.651e+05,2637.3
2753,2774,2724,2773,1.719e+05,2641.1
2723,2778,2723,2778,1.308e+05,2645.9
3652.9,3688.1,3616.5,3652.4,1.9313e+05,3568.2
3652.9,3688.1,3616.5,3652.4,1.9313e+05,3568.2
2738,2771.7,2725,2732,1.566e+05,2602.1
2698,2758,2698,2758,1.669e+05,2626.8
2727,2785.6,2727,2785,1.057e+05,2652.5
2755,2799,2752,2799,1.561e+05,2665.9
2790,2819,2747,2808,1.213e+05,2674.4
3652.9,3688.1,3616.5,3652.4,1.9313e+05,3568.2
3652.9,3688.1,3616.5,3652.4,1.9313e+05,3568.2
2850,2868,2809,2823,2.134e+05,2688.7
2830,2830,2770,2799,1.89e+05,2665.9
2800,2862,2775,2861,2.131e+05,2724.9
2861,2872,2831,2853,3.387e+05,2717.3
2830,2856,2812,2851,1.342e+05,2715.4
3652.9,3688.1,3616.5,3652.4,1.9313e+05,3568.2
3652.9,3688.1,3616.5,3652.4,1.9313e+05,3568.2
2868,2873.7,2838,2854,2.199e+05,2718.3
2832,2850,2805,2840,1.206e+05,2704.9
2790,2812,2772,2792,1.058e+05,2683.9
2791,2821.8,2777,2809,90700,2700.2
2785,2849,2785,2849,1.696e+05,2738.7
3652.9,3688.1,3616.5,3652.4,1.9313e+05,3568.2
3652.9,3688.1,3616.5,3652.4,1.9313e+05,3568.2
2875,2891.5,2831,2869,3.107e+05,2757.9
2851,2883,2838.6,2883,1.201e+05,2771.4
2871,2900,2861,2880,3.003e+05,2768.5
2871,2892,2857,2863,2.361e+05,2752.2
2850,2896,2838,2894,2.882e+05,2781.9
3652.9,3688.1,3616.5,3652.4,1.9313e+05,3568.2
3652.9,3688.1,3616.5,3652.4,1.9313e+05,3568.2
2900,2915,2892.5,2910,1.164e+05,2797.3
2915,2920,2900,2915,1.584e+05,2802.1
2850,2921,2850,2900,1.021e+05,2787.7
2929,2929,2891,2893,98400,2781
2900,2915,2885,2894,1.645e+05,2781.9
3652.9,3688.1,3616.5,3652.4,1.9313e+05,3568.2
3652.9,3688.1,3616.5,3652.4,1.9313e+05,3568.2
2925,2925,2842,2844,2.419e+05,2733.9
2885,2885,2825,2838,1.09e+05,2728.1
2877,2877,2801,2845,1.962e+05,2734.8
2840,2873,2810,2860,1.378e+05,2749.3
2875,2885,2852,2868,1.148e+05,2756.9
3652.9,3688.1,3616.5,3652.4,1.9313e+05,3568.2
3652.9,3688.1,3616.5,3652.4,1.9313e+05,3568.2
2813,2892,2813,2889,95500,2777.1
2897,2930,2879,2895,72500,2782.9
2865,2907,2865,2895,7.389e+05,2782.9
2900,2900,2868,2878,1.798e+05,2766.6
2872,2888,2818,2870,2.19e+05,2758.9
3652.9,3688.1,3616.5,3652.4,1.9313e+05,3568.2
3652.9,3688.1,3616.5,3652.4,1.9313e+05,3568.2
2862,2899,2862,2887,3.626e+05,2775.2
2882,2896,2862,2880,1.538e+05,2768.5
2830,2895,2830,2870,1.624e+05,2758.9
2899,2899,2868,2889,2.087e+05,2777.1
2825,2900,2825,2889,1.866e+05,2777.1
3652.9,3688.1,3616.5,3652.4,1.9313e+05,3568.2
3652.9,3688.1,3616.5,3652.4,1.9313e+05,3568.2
2836,2909,2836,2900,1.078e+05,2787.7
2899,2900,2856,2900,82500,2787.7
2900,2900,2900,2900,0,2787.7
2900,2900,2900,2900,0,2787.7
2920,2926,2847,2915,56600,2802.1
3652.9,3688.1,3616.5,3652.4,1.9313e+05,3568.2
3652.9,3688.1,3616.5,3652.4,1.9313e+05,3568.2
2926,2962,2898,2956,51000,2841.5
2966,2980,2910,2969,56100,2854
2969,2969,2969,2969,0,2854
2985,3000,2960,2983,1.87e+05,2867.5
2928,2986,2928,2975,2.005e+05,2859.8
3652.9,3688.1,3616.5,3652.4,1.9313e+05,3568.2
3652.9,3688.1,3616.5,3652.4,1.9313e+05,3568.2
2995,3021,2971.2,3016,62300,2899.2
2990,3023.7,2954,2962,2.206e+05,2847.3
2935,2970,2908,2911,2.836e+05,2798.3
2920,2941,2861,2863,1.925e+05,2752.2
2860,2899,2860,2898,2.162e+05,2785.8
3652.9,3688.1,3616.5,3652.4,1.9313e+05,3568.2
3652.9,3688.1,3616.5,3652.4,1.9313e+05,3568.2
2900,2905,2890,2890,1.815e+05,2778.1
2895,2895,2857,2890,1.112e+05,2778.1
2895,2895,2871,2889,3.163e+05,2777.1
2900,2911,2835.6,2840,1.912e+05,2730
2900,2900,2812,2830,2.085e+05,2720.4
3652.9,3688.1,3616.5,3652.4,1.9313e+05,3568.2
3652.9,3688.1,3616.5,3652.4,1.9313e+05,3568.2
2808,2841,2807,2826,67300,2716.6
2820,2838,2770,2790,1.801e+05,2682
2786,2845,2786,2845,1.695e+05,2734.8
2820,2842,2799,2800,2.213e+05,2691.6
2795,2810,2757,2757,3.233e+05,2650.3
3652.9,3688.1,3616.5,3652.4,1.9313e+05,3568.2
3652.9,3688.1,3616.5,3652.4,1.9313e+05,3568.2
2787,2787,2725,2739,69300,2632.9
2729,2779,2729,2761,1.811e+05,2654.1
2770,2784,2748.4,2773,3.016e+05,2665.6
2741,2791,2741,2756,1.228e+05,2649.3
2765,2780,2740,2765,3.037e+05,2657.9
3652.9,3688.1,3616.5,3652.4,1.9313e+05,3568.2
3652.9,3688.1,3616.5,3652.4,1.9313e+05,3568.2
2746,2800,2746,2773,2.221e+05,2665.6
2760,2775,2736,2739,4.997e+05,2632.9
2735,2754.6,2724,2732,1.221e+05,2626.2
2799,2799,2728,2750,1.0652e+06,2643.5
2764,2800,2754,2797,7.711e+05,2688.7
3652.9,3688.1,3616.5,3652.4,1.9313e+05,3568.2
3652.9,3688.1,3616.5,3652.4,1.9313e+05,3568.2
2785,2802,2780,2790,1.866e+05,2682
2775,2805,2775,2800,64600,2691.6
2775,2805,2774,2799,2.365e+05,2690.6
2800,2800,2737.1,2793,1.827e+05,2684.9
2796,2805,2775,2785,1.654e+05,2677.2
3652.9,3688.1,3616.5,3652.4,1.9313e+05,3568.2
3652.9,3688.1,3616.5,3652.4,1.9313e+05,3568.2
2790,2929,2720,2918,7.427e+05,2805
2885,3010,2885,3009,5.289e+05,2892.5
2978,3093,2978,3072,5.97e+05,2953.1
3073,3100,3053,3088,2.069e+05,2968.4
3090,3185,3090,3179,8.332e+05,3055.9
3652.9,3688.1,3616.5,3652.4,1.9313e+05,3568.2
3652.9,3688.1,3616.5,3652.4,1.9313e+05,3568.2
3153,3195,3149,3165,3.373e+05,3042.4
3127,3191,3125,3170,5.501e+05,3047.3
3153,3177,3132,3160,1.382e+05,3037.7
3144,3180,3140,3166,2.873e+05,3043.4
3149,3175,3100,3163,3.53e+05,3040.5
3652.9,3688.1,3616.5,3652.4,1.9313e+05,3568.2
3652.9,3688.1,3616.5,3652.4,1.9313e+05,3568.2
3150,3164,3123,3128,1.917e+05,3006.9
3178,3199,3133,3199,3.851e+05,3075.1
3162,3207,3162,3204,2.684e+05,3079.9
3189,3219,3189,3205,1.033e+05,3080.9
3200,3208,3170,3170,62100,3047.3
3652.9,3688.1,3616.5,3652.4,1.9313e+05,3568.2
3652.9,3688.1,3616.5,3652.4,1.9313e+05,3568.2
3221,3221,3147,3184,97600,3060.7
3165,3207,3149,3182,1.932e+05,3058.8
3182,3213,3157,3197,1.689e+05,3073.2
3181,3213,3171,3197,2.098e+05,3073.2
3166,3222,3157,3211,1.743e+05,3086.7
3652.9,3688.1,3616.5,3652.4,1.9313e+05,3568.2
3652.9,3688.1,3616.5,3652.4,1.9313e+05,3568.2
3195,3258,3195,3238,92000,3112.6
3230,3260,3219,3255,3.073e+05,3129
3248,3262,3201,3212,2.068e+05,3087.6
3212,3223,3179,3190,75500,3066.5
3185,3242,3185,3235,2.154e+05,3109.7
3652.9,3688.1,3616.5,3652.4,1.9313e+05,3568.2
3652.9,3688.1,3616.5,3652.4,1.9313e+05,3568.2
3235,3237,3208,3225,1.584e+05,3100.1
3222,3273.5,3222,3260,1.134e+05,3133.8
3275,3289.7,3238,3289,63800,3161.7
3256,3299,3256,3273,90600,3146.3
3259,3275,3244,3251,1.663e+05,3125.1
3652.9,3688.1,3616.5,3652.4,1.9313e+05,3568.2
3652.9,3688.1,3616.5,3652.4,1.9313e+05,3568.2
3295,3295,3251,3260,4.042e+05,3133.8
3266,3345,3266,3344,1.576e+05,3214.5
3318,3365,3318,3350,1.979e+05,3220.3
3360,3360,3323,3352,1.003e+05,3222.2
3359,3395,3347,3376,49500,3245.3
3652.9,3688.1,3616.5,3652.4,1.9313e+05,3568.2
3652.9,3688.1,3616.5,3652.4,1.9313e+05,3568.2
3341,3370,3335,3362,3.42e+05,3231.8
3364,3364,3282,3300,76200,3172.2
3330,3330,3283,3290,90700,3162.6
3298,3308,3250,3270,2.779e+05,3143.4
3252,3252,3173,3197,2.331e+05,3073.2
3652.9,3688.1,3616.5,3652.4,1.9313e+05,3568.2
3652.9,3688.1,3616.5,3652.4,1.9313e+05,3568.2
3181,3188,3101,3130,1.869e+05,3008.8
3148,3148,3085,3099,1.13e+05,2979
3112,3121,3071,3086,2.68e+05,2966.5
3076,3131,3071,3129,2.897e+05,3007.8
3129,3129,3129,3129,0,3007.8
3652.9,3688.1,3616.5,3652.4,1.9313e+05,3568.2
3652.9,3688.1,3616.5,3652.4,1.9313e+05,3568.2
3129,3129,3129,3129,0,3007.8
3150,3150,3082,3128,1.223e+05,3006.9
3147,3166,3132,3150,4.121e+05,3028
3170,3170,3103,3120,1.177e+05,2999.2
3121,3123,3051,3090,92600,2970.4
3652.9,3688.1,3616.5,3652.4,1.9313e+05,3568.2
3652.9,3688.1,3616.5,3652.4,1.9313e+05,3568.2
3122,3122,3041,3057,98000,2938.6
3058,3077,3045,3062,56900,2943.4
3043,3069,3028,3033,1.774e+05,2915.6
3067,3068,3042,3050,1.238e+05,2931.9
3100,3100,3046,3064,1.605e+05,2945.4
3652.9,3688.1,3616.5,3652.4,1.9313e+05,3568.2
3652.9,3688.1,3616.5,3652.4,1.9313e+05,3568.2
3064,3064,3064,3064,0,2945.4
3028,3094,3025,3046,69000,2928.1
3046,3077,3034,3059,2.208e+05,2940.6
3087,3087,3046,3075,2.86e+05,2955.9
3078,3087,3065,3071,1.115e+05,2952.1
3652.9,3688.1,3616.5,3652.4,1.9313e+05,3568.2
3652.9,3688.1,3616.5,3652.4,1.9313e+05,3568.2
3084,3129,3070,3121,1.462e+05,3000.2
3121,3166,3121,3158,1.126e+05,3035.7
3169,3169,3127,3145,95700,3023.2
3130,3160,3088,3107,1.194e+05,2986.7
3120,3120,3015,3041,2.693e+05,2923.3
3652.9,3688.1,3616.5,3652.4,1.9313e+05,3568.2
3652.9,3688.1,3616.5,3652.4,1.9313e+05,3568.2
3056,3083,3030,3033,1.316e+05,2915.6
3064,3109,3041,3105,1.675e+05,2984.8
3211,3357,3211,3340,2.458e+05,3210.7
3355,3382,3335,3369,1.502e+05,3238.6
3376,3428,3373,3400,3.745e+05,3268.3
3652.9,3688.1,3616.5,3652.4,1.9313e+05,3568.2
3652.9,3688.1,3616.5,3652.4,1.9313e+05,3568.2
3400,3400,3400,3400,0,3268.3
3435,3506,3391,3485,1.798e+05,3350.1
3430,3468,3430,3445,2.051e+05,3360.5
3431,3490.9,3431,3444,81400,3359.6
3444,3517,3439,3510,1.427e+05,3423.9
3652.9,3688.1,3616.5,3652.4,1.9313e+05,3568.2
3652.9,3688.1,3616.5,3652.4,1.9313e+05,3568.2
3510,3599,3510,3593,1.392e+05,3504.9
3599,3627,3547,3573,2.212e+05,3485.4
3568,3583,3544,3560,1.195e+05,3472.7
3571,3622,3541,3619,79700,3530.3
3630,3650,3584,3606,1.414e+05,3517.6
3652.9,3688.1,3616.5,3652.4,1.9313e+05,3568.2
3652.9,3688.1,3616.5,3652.4,1.9313e+05,3568.2
3594,3613,3559,3595,54200,3506.8
3605,3610,3558,3599,1.055e+05,3510.8
3584,3592,3530,3545,1.166e+05,3458.1
3545,3617,3494,3605,1.257e+05,3516.6
3595,3605,3489,3489,1.046e+05,3403.4
3652.9,3688.1,3616.5,3652.4,1.9313e+05,3568.2
3652.9,3688.1,3616.5,3652.4,1.9313e+05,3568.2
3498,3500,3410,3453,1.317e+05,3368.3
3447,3487,3418,3459,1.418e+05,3374.2
3474,3495,3426,3467,2.808e+05,3382
3475,3475,3432,3443,1.178e+05,3358.6
3426,3462,3420,3422,1.65e+05,3338.1
3652.9,3688.1,3616.5,3652.4,1.9313e+05,3568.2
3652.9,3688.1,3616.5,3652.4,1.9313e+05,3568.2
3420,3425,3356,3360,1.395e+05,3277.6
3365,3438,3358,3436,2.779e+05,3351.8
3434,3494,3411,3471,1.826e+05,3385.9
3492,3583,3470,3570,1.426e+05,3482.5
3585,3602,3536,3555,99000,3467.8
3652.9,3688.1,3616.5,3652.4,1.9313e+05,3568.2
3652.9,3688.1,3616.5,3652.4,1.9313e+05,3568.2
3536,3583.7,3531,3583,1.458e+05,3495.2
3581,3595,3567,3577,1.609e+05,3489.3
3569,3617,3569,3609,1.945e+05,3520.5
3617,3693,3597,3669,70600,3579
3690,3690,3634,3639,39300,3549.8
3652.9,3688.1,3616.5,3652.4,1.9313e+05,3568.2
3652.9,3688.1,3616.5,3652.4,1.9313e+05,3568.2
3654,3654,3568,3580,57100,3492.2
3591,3603,3562,3581,1.611e+05,3493.2
3574,3574,3516,3527,90000,3440.5
3527,3542.3,3450,3494,1.819e+05,3408.3
3494,3514,3475,3481,96200,3395.7
3652.9,3688.1,3616.5,3652.4,1.9313e+05,3568.2
3652.9,3688.1,3616.5,3652.4,1.9313e+05,3568.2
3535,3535,3466,3511,51600,3424.9
3502,3516,3474,3495,99900,3409.3
3526,3542,3495,3536,1.048e+05,3449.3
3496,3548,3489,3497,52200,3411.3
3462,3495.7,3430,3495,67700,3409.3
3652.9,3688.1,3616.5,3652.4,1.9313e+05,3568.2
3652.9,3688.1,3616.5,3652.4,1.9313e+05,3568.2
3500,3500,3435,3447,48900,3362.5
3455,3457,3401,3449,1.801e+05,3364.4
3440,3544,3440,3544,88600,3457.1
3540,3549,3516,3545,1.022e+05,3458.1
3544,3550,3474,3479,46500,3393.7
3652.9,3688.1,3616.5,3652.4,1.9313e+05,3568.2
3652.9,3688.1,3616.5,3652.4,1.9313e+05,3568.2
3498,3498,3365,3415,65700,3331.3
3392,3462,3392,3422,36700,3338.1
3446,3469,3400,3413,48700,3329.3
3401,3414,3367,3386,40600,3303
3386,3407,3271,3397,84600,3313.7
3652.9,3688.1,3616.5,3652.4,1.9313e+05,3568.2
3652.9,3688.1,3616.5,3652.4,1.9313e+05,3568.2
3385,3405,3362,3376,38800,3293.2
3366,3375,3305,3344,67200,3262
3356,3356,3262,3312,62000,3230.8
3283,3340,3283,3299,76200,3218.1
3299,3317,3239,3296,2.389e+05,3215.2
3652.9,3688.1,3616.5,3652.4,1.9313e+05,3568.2
3652.9,3688.1,3616.5,3652.4,1.9313e+05,3568.2
3349,3375,3296,3355,1.097e+05,3272.7
3342,3390,3331,3372,2.971e+05,3289.3
3390,3390,3347,3370,1.798e+05,3287.4
3355,3423,3347,3410,1.173e+05,3326.4
3386,3439,3365,3385,2.375e+05,3302
3652.9,3688.1,3616.5,3652.4,1.9313e+05,3568.2
3652.9,3688.1,3616.5,3652.4,1.9313e+05,3568.2
3439,3439,3392,3395,35300,3311.8
3429,3429,3399,3406,37600,3322.5
3404,3414,3351,3357,1.315e+05,3274.7
3361,3378,3356,3378,1.94e+05,3295.2
3385,3461,3365,3461,4.67e+05,3376.1
3652.9,3688.1,3616.5,3652.4,1.9313e+05,3568.2
3652.9,3688.1,3616.5,3652.4,1.9313e+05,3568.2
3461,3461,3461,3461,0,3376.1
3436,3491,3431,3476,92800,3390.8
3443,3491,3443,3457,1.096e+05,3372.2
3500,3559,3476,3552,1.304e+05,3464.9
3544,3581,3539.6,3576,76700,3488.3
3652.9,3688.1,3616.5,3652.4,1.9313e+05,3568.2
3652.9,3688.1,3616.5,3652.4,1.9313e+05,3568.2
3565,3578,3550,3566,50300,3478.6
3570,3593,3541,3562,1.237e+05,3474.7
3562,3586,3535,3560,72900,3472.7
3570,3706,3545.4,3683,1.723e+05,3592.7
3708,3708,3540,3544,1.24e+05,3457.1
3652.9,3688.1,3616.5,3652.4,1.9313e+05,3568.2
3652.9,3688.1,3616.5,3652.4,1.9313e+05,3568.2
3537,3561,3500,3547,64800,3460
3513,3560,3472,3485,1.539e+05,3399.6
3482,3500,3433,3468,1.019e+05,3383
3492,3500,3423,3432,1.044e+05,3347.8
3433,3462,3409,3449,84700,3364.4
3652.9,3688.1,3616.5,3652.4,1.9313e+05,3568.2
3652.9,3688.1,3616.5,3652.4,1.9313e+05,3568.2
3424,3464,3400,3449,1.663e+05,3364.4
3413,3450,3413,3431,89400,3346.9
3449,3449,3384,3402,2.841e+05,3318.6
3393,3435,3393,3421,3.316e+05,3337.1
3450,3500,3414,3464,9.271e+05,3379.1
3652.9,3688.1,3616.5,3652.4,1.9313e+05,3568.2
3652.9,3688.1,3616.5,3652.4,1.9313e+05,3568.2
3444,3480,3437,3473,1.286e+05,3387.8
3490,3490,3380,3447,1.046e+05,3362.5
3460,3467,3374,3384,1.571e+05,3301
3391,3402,3245,3313,2.507e+05,3231.8
3328,3389,3236,3375,1.781e+05,3292.3
3652.9,3688.1,3616.5,3652.4,1.9313e+05,3568.2
3652.9,3688.1,3616.5,3652.4,1.9313e+05,3568.2
3415,3434,3366,3392,93800,3308.8
3391,3457,3388,3422,1.814e+05,3338.1
3424,3452,3396,3405,2.247e+05,3321.5
3417,3417,3307,3307,1.15e+05,3225.9
3393,3393,3305,3350,74900,3267.9
3652.9,3688.1,3616.5,3652.4,1.9313e+05,3568.2
3652.9,3688.1,3616.5,3652.4,1.9313e+05,3568.2
3409,3409,3332,3348,81200,3265.9
3336,3355,3308,3344,1.094e+05,3262
3307,3331,3286,3296,86400,3215.2
3341,3353,3254,3262,3.888e+05,3182
3251,3322,3209,3277,1.612e+05,3196.7
3652.9,3688.1,3616.5,3652.4,1.9313e+05,3568.2
3652.9,3688.1,3616.5,3652.4,1.9313e+05,3568.2
3277,3277,3179,3191,2.193e+05,3112.8
3169,3225,3110,3130,3.169e+05,3053.3
3133,3135,3050,3105,3.043e+05,3028.9
3111,3177,3100,3165,4.331e+05,3087.4
3190,3264,3163,3262,2.676e+05,3182
3652.9,3688.1,3616.5,3652.4,1.9313e+05,3568.2
3652.9,3688.1,3616.5,3652.4,1.9313e+05,3568.2
3228,3293,3228,3278,1.328e+05,3197.6
3285,3369,3255,3364,1.669e+05,3281.5
3351,3387,3351,3386,1.237e+05,3303
3398,3424,3335,3420,62600,3336.1
3385,3467,3384,3409,97700,3325.4
3652.9,3688.1,3616.5,3652.4,1.9313e+05,3568.2
3652.9,3688.1,3616.5,3652.4,1.9313e+05,3568.2
3459,3459,3377,3390,95700,3306.9
3410,3413,3384,3400,1.261e+05,3316.6
3405,3407,3377,3399,2.571e+05,3315.7
3396,3467,3390.3,3438,2.562e+05,3353.7
3460,3517,3443,3494,4.685e+05,3408.3
3652.9,3688.1,3616.5,3652.4,1.9313e+05,3568.2
3652.9,3688.1,3616.5,3652.4,1.9313e+05,3568.2
3505,3523,3473,3515,3.631e+05,3428.8
3444,3502,3432,3470,2.072e+05,3384.9
3482,3487,3415,3430,1.112e+05,3345.9
3400,3451,3400,3445,2.053e+05,3360.5
3450,3479,3439,3473,2.309e+05,3387.8
3652.9,3688.1,3616.5,3652.4,1.9313e+05,3568.2
3652.9,3688.1,3616.5,3652.4,1.9313e+05,3568.2
3482,3482,3451,3465,1.257e+05,3380
3485,3489,3445,3456,73300,3371.3
3465,3470,3442,3447,79500,3362.5
3450,3456,3422,3435,81700,3378.9
3432,3452,3430,3435,1.667e+05,3378.9
3652.9,3688.1,3616.5,3652.4,1.9313e+05,3568.2
3652.9,3688.1,3616.5,3652.4,1.9313e+05,3568.2
3405,3459,3405,3455,96800,3398.6
3487,3516,3467,3511,1.025e+05,3453.7
3515,3515,3462,3467,1.298e+05,3410.4
3470,3506,3458,3498,90000,3440.9
3488,3615,3488,3559,1.303e+05,3500.9
3652.9,3688.1,3616.5,3652.4,1.9313e+05,3568.2
3652.9,3688.1,3616.5,3652.4,1.9313e+05,3568.2
3591,3604,3562,3577,72800,3518.6
3604,3632,3580,3587,1.096e+05,3528.5
3589,3600,3543,3558,76500,3499.9
3580,3599,3552,3587,35100,3528.5
3559,3611,3554,3561,98800,3502.9
3652.9,3688.1,3616.5,3652.4,1.9313e+05,3568.2
3652.9,3688.1,3616.5,3652.4,1.9313e+05,3568.2
3508,3571,3492,3501,1.028e+05,3443.9
3530,3543,3483,3511,64800,3453.7
3505,3510.1,3443,3455,2.438e+05,3398.6
3485,3485,3446,3464,1.276e+05,3407.5
3510,3510,3459,3502,2.065e+05,3444.8
3652.9,3688.1,3616.5,3652.4,1.9313e+05,3568.2
3652.9,3688.1,3616.5,3652.4,1.9313e+05,3568.2
3522,3522,3485,3503,40500,3445.8
3464,3525,3360,3363,3.412e+05,3308.1
3363,3395,3363,3366,1.843e+05,3311.1
3375,3390,3342,3369,98400,3314
3364,3364,3294,3325,1.834e+05,3270.7
3652.9,3688.1,3616.5,3652.4,1.9313e+05,3568.2
3652.9,3688.1,3616.5,3652.4,1.9313e+05,3568.2
3317,3381,3310.3,3362,1.846e+05,3307.1
3408,3459,3351,3459,1.765e+05,3402.6
3400,3480,3390,3468,1.377e+05,3411.4
3485,3501,3467,3500,1.733e+05,3442.9
3500,3531,3485,3494,2.819e+05,3437
3652.9,3688.1,3616.5,3652.4,1.9313e+05,3568.2
3652.9,3688.1,3616.5,3652.4,1.9313e+05,3568.2
3526,3538,3494,3537,44600,3479.3
3540,3559,3517,3547,26500,3489.1
3546,3620,3546,3549,36800,3491.1
3549,3549,3549,3549,0,3491.1
3549,3549,3549,3549,0,3491.1
3652.9,3688.1,3616.5,3652.4,1.9313e+05,3568.2
3652.9,3688.1,3616.5,3652.4,1.9313e+05,3568.2
3511,3581,3511,3542,39900,3484.2
3542,3565,3501,3504,50500,3446.8
3530,3590,3520,3553,25100,3495
3553,3553,3553,3553,0,3495
3597,3599,3503,3517,52700,3459.6
3652.9,3688.1,3616.5,3652.4,1.9313e+05,3568.2
3652.9,3688.1,3616.5,3652.4,1.9313e+05,3568.2
3521,3556,3500,3502,71400,3444.8
3533,3533,3475,3475,78600,3418.3
3519,3522,3478,3484,3.939e+05,3427.1
3500,3511,3476,3496,2.114e+05,3438.9
3500,3541,3473,3482,1.775e+05,3425.2
3652.9,3688.1,3616.5,3652.4,1.9313e+05,3568.2
3652.9,3688.1,3616.5,3652.4,1.9313e+05,3568.2
3500,3500,3457,3470,84200,3413.4
3487,3490,3452,3475,2.043e+05,3418.3
3448,3463.4,3408,3436,1.127e+05,3379.9
3447,3447,3363,3408,88500,3352.4
3408,3434,3357,3423,81900,3367.1
3652.9,3688.1,3616.5,3652.4,1.9313e+05,3568.2
3652.9,3688.1,3616.5,3652.4,1.9313e+05,3568.2
3430,3460,3424,3454,51500,3397.6
3478,3495,3433,3479,1.386e+05,3422.2
3478,3508,3465,3500,1.706e+05,3442.9
3510,3590,3498,3590,1.582e+05,3531.4
3604,3635,3582,3625,2.721e+05,3565.8
3652.9,3688.1,3616.5,3652.4,1.9313e+05,3568.2
3652.9,3688.1,3616.5,3652.4,1.9313e+05,3568.2
3638,3680,3602.3,3645,1.322e+05,3585.5
3660,3660,3600,3620,70400,3560.9
3616,3645,3613,3617,1.012e+05,3558
3586,3608,3550,3552,1.619e+05,3494
3557,3562,3528,3528,2.397e+05,3470.4
3652.9,3688.1,3616.5,3652.4,1.9313e+05,3568.2
3652.9,3688.1,3616.5,3652.4,1.9313e+05,3568.2
3532,3583,3517,3540,94200,3482.2
3575,3681,3562,3653,1.932e+05,3593.4
3623,3670,3623,3659,1.501e+05,3599.3
3707,3712,3628,3694,2.503e+05,3633.7
3680,3764,3657,3745,1.515e+05,3683.9
3652.9,3688.1,3616.5,3652.4,1.9313e+05,3568.2
3652.9,3688.1,3616.5,3652.4,1.9313e+05,3568.2
3749,3766,3712,3751,1.608e+05,3689.8
3746,3778,3740,3758,5.303e+05,3696.7
3783,3789,3689,3697,2.258e+05,3636.7
3680,3830,3612,3795,4.449e+05,3733.1
3795,3845,3788,3818,2.386e+05,3755.7
3652.9,3688.1,3616.5,3652.4,1.9313e+05,3568.2
3652.9,3688.1,3616.5,3652.4,1.9313e+05,3568.2
3820,3823,3772,3780,1.21e+05,3718.3
3784,3818,3748,3800,4.015e+05,3738
3790,3914,3790,3860,1.859e+05,3797
3829,3904,3826,3890,1.316e+05,3826.5
3869,3884,3854,3873,1.401e+05,3809.8
3652.9,3688.1,3616.5,3652.4,1.9313e+05,3568.2
3652.9,3688.1,3616.5,3652.4,1.9313e+05,3568.2
3949,3949,3853,3861,1.177e+05,3798
3860,3889,3845,3875,91700,3811.8
3875,3892,3852,3870,1.126e+05,3806.8
3875,3886,3825,3870,64500,3806.8
3934,3934,3847,3870,1.305e+05,3806.8
3652.9,3688.1,3616.5,3652.4,1.9313e+05,3568.2
3652.9,3688.1,3616.5,3652.4,1.9313e+05,3568.2
3870,3903,3849,3861,1.392e+05,3798
3880,3880,3784.9,3806,1.75e+05,3743.9
3783,3826,3778,3810,2.467e+05,3747.8
3843,3869,3815.8,3854,1.52e+05,3791.1
3894,4035,3888,4017,2.17e+05,3951.4
3652.9,3688.1,3616.5,3652.4,1.9313e+05,3568.2
3652.9,3688.1,3616.5,3652.4,1.9313e+05,3568.2
4024,4024,3995,4011,1.414e+05,3945.5
4025,4029,3999.2,4000,2.377e+05,3934.7
4000,4031,4000,4019,2.517e+05,3953.4
4016,4086,4016,4077,3.02e+05,4010.5
4077,4152,4077,4129,3.02e+05,4061.6
3652.9,3688.1,3616.5,3652.4,1.9313e+05,3568.2
3652.9,3688.1,3616.5,3652.4,1.9313e+05,3568.2
4126,4188,4126,4181,1.462e+05,4112.8
4176,4219,4176,4196,1.3384e+06,4127.5
4166,4208,4161,4184,1.612e+05,4115.7
4160,4209,4151,4159,91800,4091.1
4152,4189,4142,4155,2.147e+05,4087.2
3652.9,3688.1,3616.5,3652.4,1.9313e+05,3568.2
3652.9,3688.1,3616.5,3652.4,1.9313e+05,3568.2
4150,4168,4126,4146,1.043e+05,4078.3
4151,4178,4098,4125,1.171e+05,4057.7
4125,4162,4108,4139,1.221e+05,4071.4
4125,4149,4032,4068,1.909e+05,4001.6
4059,4093,4059,4066,1.654e+05,3999.6
3652.9,3688.1,3616.5,3652.4,1.9313e+05,3568.2
3652.9,3688.1,3616.5,3652.4,1.9313e+05,3568.2
4099,4106,4019,4032,1.865e+05,3966.2
4040,4067,3975,4023,1.884e+05,3957.3
4034,4112,4019,4090,4.116e+05,4023.3
4120,4188,4095,4176,2.637e+05,4107.8
4176,4176,4176,4176,0,4107.8
3652.9,3688.1,3616.5,3652.4,1.9313e+05,3568.2
3652.9,3688.1,3616.5,3652.4,1.9313e+05,3568.2
4176,4176,4176,4176,0,4107.8
4200,4256,4192,4227,6.55e+05,4158
4231,4246,4195,4220,2.407e+05,4151.1
4221,4250.5,4213,4229,1.444e+05,4160
4230,4269,4221,4245,1.135e+05,4175.7
3652.9,3688.1,3616.5,3652.4,1.9313e+05,3568.2
3652.9,3688.1,3616.5,3652.4,1.9313e+05,3568.2
4250,4250,4186,4222,1.581e+05,4153.1
4230,4230,4196,4226,84400,4157
4243,4281,4195,4265,1.556e+05,4195.4
4225,4294,4197,4263,3.964e+05,4193.4
4254,4307,4254,4258,5.534e+05,4188.5
3652.9,3688.1,3616.5,3652.4,1.9313e+05,3568.2
3652.9,3688.1,3616.5,3652.4,1.9313e+05,3568.2
4283,4319,4259,4319,1.93e+05,4248.5
4346,4397.4,4313,4347,2.828e+05,4276.1
4315,4360,4277,4335,1.063e+05,4264.3
4318,4328,4248,4298,89100,4227.9
4283,4306,4268,4301,1.224e+05,4230.8
3652.9,3688.1,3616.5,3652.4,1.9313e+05,3568.2
3652.9,3688.1,3616.5,3652.4,1.9313e+05,3568.2
4281,4314,4253,4280,1.598e+05,4210.1
4270,4290,4228,4251,57500,4181.6
4251,4298,4174,4185,1.085e+05,4116.7
4184,4191,4126,4159,2.499e+05,4091.1
4210,4210,4136,4196,1.225e+05,4127.5
3652.9,3688.1,3616.5,3652.4,1.9313e+05,3568.2
3652.9,3688.1,3616.5,3652.4,1.9313e+05,3568.2
4196,4196,4196,4196,0,4127.5
4241,4253,4167,4184,1.284e+05,4115.7
4190,4194,4130,4188,3.502e+05,4119.6
4188,4267,4150,4265,1.92e+05,4195.4
4339,4499,4276,4398,4.633e+05,4326.2
3652.9,3688.1,3616.5,3652.4,1.9313e+05,3568.2
3652.9,3688.1,3616.5,3652.4,1.9313e+05,3568.2
4398,4426,4348.5,4360,2.015e+05,4288.8
4327,4375,4284,4291,1.647e+05,4221
4325,4337,4293,4310,1.23e+05,4239.7
4309,4361,4280,4358,1.092e+05,4286.9
4357,4422,4349,4370,1.542e+05,4298.7
3652.9,3688.1,3616.5,3652.4,1.9313e+05,3568.2
3652.9,3688.1,3616.5,3652.4,1.9313e+05,3568.2
4337,4405,4337,4390,1.917e+05,4318.4
4701,4954,4697,4954,1.0152e+06,4873.1
4970,4970,4900,4920,3.87e+05,4839.7
4920,5140,4920,5125,4.197e+05,5041.4
5150,5195,5100,5160,2.334e+05,5075.8
3652.9,3688.1,3616.5,3652.4,1.9313e+05,3568.2
3652.9,3688.1,3616.5,3652.4,1.9313e+05,3568.2
5160,5160,5160,5160,0,5075.8
5155,5215,5105,5120,3.59e+05,5036.4
5130,5270,5125,5235,3.088e+05,5149.6
5220,5310,5155,5305,2.268e+05,5274.6
5295,5305,5190,5200,5.29e+05,5170.3
3652.9,3688.1,3616.5,3652.4,1.9313e+05,3568.2
3652.9,3688.1,3616.5,3652.4,1.9313e+05,3568.2
5240,5275,5195,5245,1.779e+05,5215
5280,5320,5170,5195,2.84e+05,5165.3
5220,5250,5175,5185,2.174e+05,5155.3
5200,5240,5165,5185,1.803e+05,5155.3
5190,5190,5100,5145,1.23e+05,5115.6
3652.9,3688.1,3616.5,3652.4,1.9313e+05,3568.2
3652.9,3688.1,3616.5,3652.4,1.9313e+05,3568.2
5160,5240,5125,5180,1.172e+05,5150.4
5170,5170,5080,5090,1.352e+05,5060.9
5105,5160,5062.1,5140,2.168e+05,5110.6
5160,5210,5125,5155,1.321e+05,5125.5
5130,5185,5120,5145,3.101e+05,5115.6
3652.9,3688.1,3616.5,3652.4,1.9313e+05,3568.2
3652.9,3688.1,3616.5,3652.4,1.9313e+05,3568.2
5145,5155,5040,5040,1.267e+05,5011.2
5035,5090,4967,5065,2.356e+05,5036
5070,5090,5045.4,5085,87900,5055.9
5070,5100,5040,5070,1.202e+05,5041
5125,5140,5065,5065,4.215e+05,5036
3652.9,3688.1,3616.5,3652.4,1.9313e+05,3568.2
3652.9,3688.1,3616.5,3652.4,1.9313e+05,3568.2
5175,5175,5065,5090,2.165e+05,5060.9
5140,5141,5062.5,5080,2.952e+05,5050.9
5000,5105,5000,5085,1.626e+05,5055.9
5070,5140,5070,5105,1.714e+05,5075.8
5055,5095,5055,5080,1.624e+05,5050.9
3652.9,3688.1,3616.5,3652.4,1.9313e+05,3568.2
3652.9,3688.1,3616.5,3652.4,1.9313e+05,3568.2
5045,5090,4957,5030,2.365e+05,5001.2
5045,5075,4984,5000,1.628e+05,4971.4
5060,5175,5025,5150,1.408e+05,5120.5
5165,5165,5085,5110,1.037e+05,5080.8
5130,5130,5070,5090,1.268e+05,5060.9
3652.9,3688.1,3616.5,3652.4,1.9313e+05,3568.2
3652.9,3688.1,3616.5,3652.4,1.9313e+05,3568.2
5005,5090,5005,5030,84600,5001.2
5045,5058.6,4968,4973,2.8e+05,4944.6
5040,5040,4919,4939,2.552e+05,4910.7
4960,5060,4952.9,5050,1.247e+05,5021.1
5150,5155,5055,5100,88200,5070.8
3652.9,3688.1,3616.5,3652.4,1.9313e+05,3568.2
3652.9,3688.1,3616.5,3652.4,1.9313e+05,3568.2
5145,5250,5130,5250,2.793e+05,5220
5265,5275,5190,5245,1.683e+05,5215
5265,5285,5215,5240,73100,5210
5290,5305,5240,5265,1.184e+05,5234.9
5255,5255,5160,5200,1.386e+05,5170.3
3652.9,3688.1,3616.5,3652.4,1.9313e+05,3568.2
3652.9,3688.1,3616.5,3652.4,1.9313e+05,3568.2
5165,5215,5135,5145,1.27e+05,5115.6
5165,5170,5060,5070,1.472e+05,5041
5050,5075,4990,5020,96000,4991.3
5035,5040,5000,5020,81000,4991.3
5025,5047.1,4994,5005,68300,4976.4
3652.9,3688.1,3616.5,3652.4,1.9313e+05,3568.2
3652.9,3688.1,3616.5,3652.4,1.9313e+05,3568.2
4997,4999,4898,4920,1.289e+05,4891.9
4926,5005,4912,4990,1.978e+05,4961.4
5030,5125,4980,5055,1.389e+05,5026.1
5105,5145,4980,5050,1.864e+05,5021.1
5050,5090,5030,5060,1.283e+05,5031.1
3652.9,3688.1,3616.5,3652.4,1.9313e+05,3568.2
3652.9,3688.1,3616.5,3652.4,1.9313e+05,3568.2
5060,5100,4972,5050,1.173e+05,5021.1
5090,5090,5005,5060,1.578e+05,5031.1
5060,5060,4911,4962,1.795e+05,4933.6
4964,5015,4950,5000,2.598e+05,4971.4
5000,5015,4951,4957,91800,4928.6
3652.9,3688.1,3616.5,3652.4,1.9313e+05,3568.2
3652.9,3688.1,3616.5,3652.4,1.9313e+05,3568.2
4974,5015,4946,5010,1.216e+05,4981.3
5025,5025,4969,4995,1.051e+05,4966.4
4941,5004.2,4904,4930,1.818e+05,4901.8
4959,5021.7,4959,4997,77400,4968.4
4989,5045,4974,5025,66900,4996.3
3652.9,3688.1,3616.5,3652.4,1.9313e+05,3568.2
3652.9,3688.1,3616.5,3652.4,1.9313e+05,3568.2
5030,5045,4986,5020,64200,4991.3
4977,5050,4977,5025,78900,4996.3
5045,5045,4971,4971,1.315e+05,4942.6
4980,4989,4927,4951,1.856e+05,4922.7
4910,4935,4789,4790,1.913e+05,4762.6
3652.9,3688.1,3616.5,3652.4,1.9313e+05,3568.2
3652.9,3688.1,3616.5,3652.4,1.9313e+05,3568.2
4690,4700,4522.7,4620,2.559e+05,4593.6
4689,4823,4679,4753,1.579e+05,4725.8
4688,4781,4636,4671,1.52e+05,4644.3
4717,4800,4717,4785,68600,4757.6
4788,4897,4788,4859,2.274e+05,4831.2
3652.9,3688.1,3616.5,3652.4,1.9313e+05,3568.2
3652.9,3688.1,3616.5,3652.4,1.9313e+05,3568.2
4859,4859,4859,4859,0,4831.2
4800,4827,4793,4794,1.916e+05,4766.6
4853,4919,4844,4895,2.254e+05,4867
4967,4967,4890,4890,1.946e+05,4862
4862,4876,4823,4829,87900,4801.4
3652.9,3688.1,3616.5,3652.4,1.9313e+05,3568.2
3652.9,3688.1,3616.5,3652.4,1.9313e+05,3568.2
4844,4866,4812,4850,67100,4822.3
4843,4919,4843,4867,1.487e+05,4839.1
4965,4965,4890,4901,81900,4873
4828,4912,4811,4888,83300,4860
4880,4904,4804,4820,94300,4792.4
3652.9,3688.1,3616.5,3652.4,1.9313e+05,3568.2
3652.9,3688.1,3616.5,3652.4,1.9313e+05,3568.2
4826,4852,4784,4805,57800,4777.5
4825,4825,4759,4792,79400,4764.6
4810,4833,4782,4800,1.252e+05,4772.5
4870,4873,4785,4805,91700,4777.5
4775,4847,4728,4832,2.106e+05,4804.4
3652.9,3688.1,3616.5,3652.4,1.9313e+05,3568.2
3652.9,3688.1,3616.5,3652.4,1.9313e+05,3568.2
4828,4880,4790,4833,83000,4805.4
4858,4858,4675,4680,1.085e+05,4653.2
4659,4804,4647,4774,1.535e+05,4746.7
4759,4833,4746,4777,1.496e+05,4749.7
4807,4954,4777.1,4910,1.522e+05,4881.9
3652.9,3688.1,3616.5,3652.4,1.9313e+05,3568.2
3652.9,3688.1,3616.5,3652.4,1.9313e+05,3568.2
4883,4926,4830,4846,1.014e+05,4818.3
4819,4871,4762,4842,1.233e+05,4814.3
4920,4989,4912,4989,1.202e+05,4960.5
5050,5085,5010,5015,1.163e+05,4986.3
5050,5150,5000,5015,1.101e+05,4986.3
3652.9,3688.1,3616.5,3652.4,1.9313e+05,3568.2
3652.9,3688.1,3616.5,3652.4,1.9313e+05,3568.2
5060,5130,5060,5090,1.101e+05,5060.9
5110,5125,5055,5095,52100,5065.9
5130,5135,4971,4973,1.352e+05,4944.6
4965,5010,4932,4978,88000,4949.5
4982,5050,4924,4931,93800,4902.8
3652.9,3688.1,3616.5,3652.4,1.9313e+05,3568.2
3652.9,3688.1,3616.5,3652.4,1.9313e+05,3568.2
4930,4953,4858,4867,1.052e+05,4839.1
4850,4880,4808,4808,1.333e+05,4780.5
4805,4818.1,4746,4791,1.207e+05,4763.6
4790,4988,4777,4980,1.665e+05,4951.5
4968,5230,4968,5200,5.294e+05,5170.3
3652.9,3688.1,3616.5,3652.4,1.9313e+05,3568.2
3652.9,3688.1,3616.5,3652.4,1.9313e+05,3568.2
5225,5290,5140,5155,2.853e+05,5125.5
5160,5210,5145,5210,1.364e+05,5180.2
5230,5280,5195,5265,86000,5234.9
5270,5295,5185,5240,1.543e+05,5210
5285,5295,5210,5250,1.883e+05,5220
3652.9,3688.1,3616.5,3652.4,1.9313e+05,3568.2
3652.9,3688.1,3616.5,3652.4,1.9313e+05,3568.2
5250,5260,5190,5240,1.189e+05,5210
5220,5285,5210,5230,1.227e+05,5200.1
5230,5360,5195,5220,2.621e+05,5190.1
5220,5280,5195,5275,1.377e+05,5244.8
5300,5300,5155,5205,1.764e+05,5175.2
3652.9,3688.1,3616.5,3652.4,1.9313e+05,3568.2
3652.9,3688.1,3616.5,3652.4,1.9313e+05,3568.2
5245,5250,5193.1,5250,2.215e+05,5220
5245,5335,5235,5335,93700,5304.5
5345,5410,5335,5360,1.613e+05,5329.3
5350,5400,5335,5340,82800,5309.4
5340,5390,5325,5375,1.523e+05,5344.3
3652.9,3688.1,3616.5,3652.4,1.9313e+05,3568.2
3652.9,3688.1,3616.5,3652.4,1.9313e+05,3568.2
5415,5415,5295,5355,2.488e+05,5324.4
5545,5820,5510,5795,4.157e+05,5761.9
5750,5975,5730,5760,2.537e+05,5727.1
5795,5870,5735,5780,1.907e+05,5746.9
5740,5765,5625,5740,2.559e+05,5707.2
3652.9,3688.1,3616.5,3652.4,1.9313e+05,3568.2
3652.9,3688.1,3616.5,3652.4,1.9313e+05,3568.2
5740,5795,5675.7,5735,2.226e+05,5702.2
5810,5810,5740,5790,3.14e+05,5756.9
5785,5870,5765,5775,4.171e+05,5742
5750,5890,5750,5860,3.042e+05,5860
5880,5885,5750,5830,2.545e+05,5830
3652.9,3688.1,3616.5,3652.4,1.9313e+05,3568.2
3652.9,3688.1,3616.5,3652.4,1.9313e+05,3568.2
5770,5905,5770,5895,1.335e+05,5895
5910,5910,5785,5860,1.315e+05,5860
5830,5905,5830,5890,1.616e+05,5890
5900,5985,5900,5940,1.112e+05,5940
5900,5965,5870,5930,1.796e+05,5930
3652.9,3688.1,3616.5,3652.4,1.9313e+05,3568.2
3652.9,3688.1,3616.5,3652.4,1.9313e+05,3568.2
5875,6030,5875,5970,2.198e+05,5970
6000,6040,5945,5955,1.734e+05,5955
6005,6005,5940,5995,2.127e+05,5995
6020,6060,5925,5950,2.587e+05,5950
5930,5980,5925,5970,1.007e+05,5970
3652.9,3688.1,3616.5,3652.4,1.9313e+05,3568.2
3652.9,3688.1,3616.5,3652.4,1.9313e+05,3568.2
5975,6025,5850,5885,2.31e+05,5885
5905,5930,5810,5835,2.299e+05,5835
5815,5875,5805,5840,1.812e+05,5840
5840,5860,5780,5835,1.985e+05,5835
5810,5835,5735,5750,1.124e+05,5750
3652.9,3688.1,3616.5,3652.4,1.9313e+05,3568.2
3652.9,3688.1,3616.5,3652.4,1.9313e+05,3568.2
5720,5815,5645,5665,1.703e+05,5665
5710,5715,5630,5650,2.112e+05,5650
5675,5685,5545,5615,2.659e+05,5615
5665,5685,5545,5590,3.52e+05,5590
5590,5610,5445,5500,1.7834e+06,5500
3652.9,3688.1,3616.5,3652.4,1.9313e+05,3568.2
3652.9,3688.1,3616.5,3652.4,1.9313e+05,3568.2
5485,5610,5485,5540,2.24e+05,5540
5550,5590,5535,5575,1.809e+05,5575
5600,5650,5575,5635,1.456e+05,5635
5625,5665,5610,5620,14500,5620
3652.9,3688.1,3616.5,3652.4,1.9313e+05,3568.2
3652.9,3688.1,3616.5,3652.4,1.9313e+05,3568.2
3652.9,3688.1,3616.5,3652.4,1.9313e+05,3568.2
3652.9,3688.1,3616.5,3652.4,1.9313e+05,3568.2
5665,5695,5630,5670,1.699e+05,5670
5645,5700,5645,5690,91700,5690
5690,5707.4,5655,5660,48700,5660
3652.9,3688.1,3616.5,3652.4,1.9313e+05,3568.2
3652.9,3688.1,3616.5,3652.4,1.9313e+05,3568.2
3652.9,3688.1,3616.5,3652.4,1.9313e+05,3568.2
5615,5615,5470,5490,2.769e+05,5490
5500,5610,5500,5490,1.723e+05,5490
5600,5610,5490,5550,3.449e+05,5550
5435,5495,5400,5410,3.048e+05,5410
5435,5475,5375,5375,1.976e+05,5375
3652.9,3688.1,3616.5,3652.4,1.9313e+05,3568.2
3652.9,3688.1,3616.5,3652.4,1.9313e+05,3568.2
5370,5400,5315,5345,3.095e+05,5345
5360,5365,5320,5320,1.861e+05,5320
5380,5402.2,5335,5340,2.662e+05,5340
5300,5365,5205,5230,2.426e+05,5230
5245,5265.7,5135,5140,3.292e+05,5140
3652.9,3688.1,3616.5,3652.4,1.9313e+05,3568.2
3652.9,3688.1,3616.5,3652.4,1.9313e+05,3568.2
5120,5150,4957,5005,2.832e+05,5005
5050,5090,4991,5060,2.974e+05,5060
4971,5025,4946,4973,2.939e+05,4973
4983,5010,4847,4959,2.663e+05,4959
5010,5040,4975,5035,3.767e+05,5035
3652.9,3688.1,3616.5,3652.4,1.9313e+05,3568.2
3652.9,3688.1,3616.5,3652.4,1.9313e+05,3568.2
5055,5120,5030,5085,3.102e+05,5085
5020,5140,5005,5135,2.3e+05,5135
5110,5245,5110,5245,2.648e+05,5245
5215,5305,5215,5270,3.851e+05,5270
5355,5430,5320,5405,3.03e+05,5405
3652.9,3688.1,3616.5,3652.4,1.9313e+05,3568.2
3652.9,3688.1,3616.5,3652.4,1.9313e+05,3568.2
5410,5455,5315,5365,1.89e+05,5365
5385,5385,5255,5295,1.287e+05,5295
5265,5300,5165,5205,1.653e+05,5205
5255,5260,5165,5200,2.161e+05,5200
5210,5220,5080,5085,2.413e+05,5085
3652.9,3688.1,3616.5,3652.4,1.9313e+05,3568.2
3652.9,3688.1,3616.5,3652.4,1.9313e+05,3568.2
5090,5095,4763,4779,2.762e+05,4779
4806,4841,4654,4835,4.132e+05,4835
4848,5040,4835,5015,2.867e+05,5015
5155,5280,5070,5230,8.376e+05,5230
5270,5365,5230,5355,3.724e+05,5355
3652.9,3688.1,3616.5,3652.4,1.9313e+05,3568.2
3652.9,3688.1,3616.5,3652.4,1.9313e+05,3568.2
5410,5460,5300,5385,2.453e+05,5385
5395,5495,5335,5480,2.974e+05,5480
5475,5690,5470,5675,2.061e+05,5675
