1929.5,1930.5,1917.8,1922,1.5919e+06,1746.4
1920,1946.8,1919.5,1944.5,2.5894e+06,1766.9
1943.5,1970.4,1938.5,1962,2.9551e+06,1782.8
1957.5,1963.5,1932.7,1949,5.4497e+06,1771
1945,1977.5,959.75,1973.5,3.3568e+06,1793.2
1888.4,1903,1869.3,1887.4,4.0558e+06,1791.8
1888.4,1903,1869.3,1887.4,4.0558e+06,1791.8
1983.5,1985,1955.5,1967,5.1046e+06,1787.3
1950,1969,1942.5,1961,6.4241e+06,1781.9
1944,1946.3,1931.5,1945,3.8931e+06,1783.8
1956,1982,1945,1980,4.7517e+06,1815.9
1987.5,2003.3,1968,1972,3.8142e+06,1808.6
1888.4,1903,1869.3,1887.4,4.0558e+06,1791.8
1888.4,1903,1869.3,1887.4,4.0558e+06,1791.8
1961,1986.5,1961,1975,3.5599e+06,1811.3
1987,1998,1975.5,1996,6.1349e+06,1830.6
1999,2010.5,1996,2000,4.0752e+06,1834.2
2004.5,2022,1999.2,2000.5,3.1542e+06,1834.7
2003,2005,1985.5,1994,5.633e+06,1828.7
1888.4,1903,1869.3,1887.4,4.0558e+06,1791.8
1888.4,1903,1869.3,1887.4,4.0558e+06,1791.8
1994,2008.5,1989.5,1998.5,3.8137e+06,1832.9
1997,2012,1988.8,2009,3.9995e+06,1842.5
2002,2005,1979.8,1988,4.4703e+06,1823.2
2000,2021.5,1956.3,2018.5,6.3627e+06,1851.2
2022,2023,2000,2012,6.0845e+06,1845.2
1888.4,1903,1869.3,1887.4,4.0558e+06,1791.8
1888.4,1903,1869.3,1887.4,4.0558e+06,1791.8
1984.5,2018,1980,2013,3.3009e+06,1846.2
2001.5,2044.5,2001,2042.5,4.0443e+06,1873.2
2045,2054,2024,2032.5,4.2933e+06,1864.1
2029,2037,2006,2011.5,4.1537e+06,1844.8
2008.5,2038,2003,2031.5,7.7731e+06,1863.1
1888.4,1903,1869.3,1887.4,4.0558e+06,1791.8
1888.4,1903,1869.3,1887.4,4.0558e+06,1791.8
2037,2045,2023.5,2034.5,3.1047e+06,1865.9
2026.5,2033,2008.9,2025,3.6469e+06,1857.2
2026.5,2043,2009.1,2040,3.3649e+06,1870.9
2046,2082.5,2043,2075,4.6684e+06,1903
2075,2075,2075,2075,0,1903
1888.4,1903,1869.3,1887.4,4.0558e+06,1791.8
1888.4,1903,1869.3,1887.4,4.0558e+06,1791.8
2075,2075,2075,2075,0,1903
2064.5,2089.5,2061.5,2084.5,5.2484e+06,1911.7
2088.5,2115,2085,2085,3.3567e+06,1912.2
2070,2085,2043,2046,3.4381e+06,1876.4
2050.5,2050.5,1984.6,1997,4.7517e+06,1831.5
1888.4,1903,1869.3,1887.4,4.0558e+06,1791.8
1888.4,1903,1869.3,1887.4,4.0558e+06,1791.8
1999,2033,1996.7,2017,5.817e+06,1849.8
2029.5,2031.1,1958,1965.5,7.6397e+06,1802.6
1969,2001.5,1958.5,1987.5,4.5816e+06,1822.8
1985,2005,1974,2001.5,2.7563e+06,1835.6
2000,2013.6,1982.2,1987,2.755e+06,1822.3
1888.4,1903,1869.3,1887.4,4.0558e+06,1791.8
1888.4,1903,1869.3,1887.4,4.0558e+06,1791.8
1971.5,2001,1971.5,1996,2.7442e+06,1830.6
1994.5,1999,1960,1960.5,4.39e+06,1798
1974.5,1995,1965.5,1974.5,5.8816e+06,1810.9
1940,1989,1935.1,1978,5.4722e+06,1814.1
1985,1985.3,1966.5,1975,5.5946e+06,1811.3
1888.4,1903,1869.3,1887.4,4.0558e+06,1791.8
1888.4,1903,1869.3,1887.4,4.0558e+06,1791.8
1976,1988,1961.5,1965,3.4463e+06,1802.1
1969,2010.2,1966.4,2007.5,5.8334e+06,1841.1
2014.5,2015.5,1979,1993,4.8448e+06,1827.8
1987,1989.5,1949.5,1951.5,5.1435e+06,1789.8
1950,1959.5,1941,1947.5,3.4675e+06,1786.1
1888.4,1903,1869.3,1887.4,4.0558e+06,1791.8
1888.4,1903,1869.3,1887.4,4.0558e+06,1791.8
1945,1958,1940.5,1957,4.894e+06,1794.8
1958.5,1965,1951.5,1964,4.5073e+06,1801.2
1972.5,1978.5,1964,1971,1.8177e+06,1807.6
1967.5,1976.5,1961,1970,3.487e+06,1806.7
1970,1985,1957,1974,3.0661e+06,1810.4
1888.4,1903,1869.3,1887.4,4.0558e+06,1791.8
1888.4,1903,1869.3,1887.4,4.0558e+06,1791.8
1974,1974,1974,1974,0,1810.4
2014,2014,1968,1977,4.0954e+06,1813.2
1981,1995,1968,1987,3.4682e+06,1822.3
1992.5,1997,1984,1993.5,3.1949e+06,1828.3
1997.5,2028.5,1990.5,2020,4.2698e+06,1852.6
1888.4,1903,1869.3,1887.4,4.0558e+06,1791.8
1888.4,1903,1869.3,1887.4,4.0558e+06,1791.8
2023,2037.5,2020,2037,3.0933e+06,1868.2
2042.5,2070.5,2031,2069,3.692e+06,1897.5
2065,2082.5,2039.5,2059.5,4.4545e+06,1888.8
2067,2078,2046,2050.5,3.5227e+06,1880.6
2043.5,2047,2013.5,2028,4.2726e+06,1859.9
1888.4,1903,1869.3,1887.4,4.0558e+06,1791.8
1888.4,1903,1869.3,1887.4,4.0558e+06,1791.8
2029.5,2046,2024.3,2045,2.0478e+06,1875.5
2035.5,2038,2022.5,2038,3.1346e+06,1869.1
2035,2067,2020,2063,6.2449e+06,1892
2029.5,2038,1997.5,2013,4.9944e+06,1846.2
2016,2032.1,2006.6,2019.5,2.7835e+06,1852.1
1888.4,1903,1869.3,1887.4,4.0558e+06,1791.8
1888.4,1903,1869.3,1887.4,4.0558e+06,1791.8
2019.5,2019.5,2019.5,2019.5,0,1852.1
2038,2059.5,2036,2047.5,3.5226e+06,1877.8
2038,2047,1982,1982.5,4.0512e+06,1818.2
1973,1987,1964.5,1977,3.3217e+06,1813.2
1968,1968,1936,1951,4.7604e+06,1789.3
1888.4,1903,1869.3,1887.4,4.0558e+06,1791.8
1888.4,1903,1869.3,1887.4,4.0558e+06,1791.8
1939.5,1966,1922,1940,3.774e+06,1779.2
1948.5,1972,1945,1956,2.5999e+06,1793.9
1944,1951,1911,1911,3.2045e+06,1752.6
1908.5,1924.7,1898.5,1900,3.8052e+06,1742.5
1893.5,1961,1883,1956.5,4.9383e+06,1794.3
1888.4,1903,1869.3,1887.4,4.0558e+06,1791.8
1888.4,1903,1869.3,1887.4,4.0558e+06,1791.8
1945,1954.5,1936.5,1948,4.4323e+06,1786.6
1942.5,1942.5,1889,1906,5.874e+06,1748
1905,1911,1887.5,1887.5,4.3945e+06,1731.1
1875,1902,1860.4,1899,3.8472e+06,1741.6
1912.5,1912.5,1880,1883.5,3.6636e+06,1727.4
1888.4,1903,1869.3,1887.4,4.0558e+06,1791.8
1888.4,1903,1869.3,1887.4,4.0558e+06,1791.8
1892.5,1912.5,1883,1900,4.0853e+06,1742.5
1887,1902,1879.5,1886,3.3816e+06,1729.7
1894.5,1928.5,1875.5,1925.5,5.1551e+06,1765.9
1900,1906,1832.9,1838.5,6.784e+06,1686.1
1835,1897.5,1827,1843.5,1.3588e+07,1690.7
1888.4,1903,1869.3,1887.4,4.0558e+06,1791.8
1888.4,1903,1869.3,1887.4,4.0558e+06,1791.8
1825,1833,1809.5,1822.5,4.2197e+06,1671.5
1845,1874,1825,1868.5,7.9192e+06,1713.6
1868.5,1887,1859,1874.5,4.2391e+06,1719.1
1876,1904,1869.5,1891,4.968e+06,1734.3
1910,1910,1874.5,1880,7.7077e+06,1724.2
1888.4,1903,1869.3,1887.4,4.0558e+06,1791.8
1888.4,1903,1869.3,1887.4,4.0558e+06,1791.8
1896.5,1938.5,1890.5,1933.5,4.0455e+06,1773.3
1929.5,1929.5,1899,1920,2.814e+06,1760.9
1909.5,1911.5,1884,1897.5,4.4712e+06,1740.2
1911.5,1972,1906,1967.5,2.7682e+06,1804.4
1970.5,2011,1958.5,1961.5,3.8694e+06,1798.9
1888.4,1903,1869.3,1887.4,4.0558e+06,1791.8
1888.4,1903,1869.3,1887.4,4.0558e+06,1791.8
1978.5,1997.5,1972,1986.5,1.9578e+06,1821.9
1998.5,2014,1985.3,1997,2.9278e+06,1831.5
1997.5,2017.5,1969,1988,4.4364e+06,1823.2
2007.5,2023.5,2004,2019,2.9401e+06,1851.7
2027,2034.5,1996,1999.5,1.8804e+06,1833.8
1888.4,1903,1869.3,1887.4,4.0558e+06,1791.8
1888.4,1903,1869.3,1887.4,4.0558e+06,1791.8
2004.5,2017,2001.5,2017,2.8418e+06,1849.8
2023.5,2030,1996.5,1996.5,6.4999e+06,1831
2008,2014,1982.5,1996.5,2.0909e+06,1831
1993.5,2030.5,1983.5,2024.5,3.3125e+06,1856.7
2043.5,2055,2028.5,2046,6.0519e+06,1876.4
1888.4,1903,1869.3,1887.4,4.0558e+06,1791.8
1888.4,1903,1869.3,1887.4,4.0558e+06,1791.8
2050,2050,2037,2040,1.9438e+06,1870.9
2049,2055.5,2019.5,2020,2.6179e+06,1852.6
2015,2033.5,2001,2018.5,2.8887e+06,1851.2
2015,2020.1,1980,1983,3.3259e+06,1818.7
1990,1993.5,1955,1970.5,2.7881e+06,1807.2
1888.4,1903,1869.3,1887.4,4.0558e+06,1791.8
1888.4,1903,1869.3,1887.4,4.0558e+06,1791.8
1976,2002,1976,1996.5,2.3721e+06,1831
2000,2023.5,1989.5,1989.5,2.894e+06,1824.6
1991,2059.5,1920,2054,6.7716e+06,1883.8
2068,2084.5,2055.8,2077,3.5911e+06,1904.9
2079.5,2082.5,2055.5,2075,2.7391e+06,1903
1888.4,1903,1869.3,1887.4,4.0558e+06,1791.8
1888.4,1903,1869.3,1887.4,4.0558e+06,1791.8
2085,2115,2074.5,2105.5,3.3474e+06,1931
2104.5,2152.5,2096.3,2136.5,4.2997e+06,1959.4
2130,2152.5,2100.5,2101.5,4.0382e+06,1927.3
2100,2122.5,2096.4,2110,2.4234e+06,1935.1
2103,2118,2090.5,2113,2.4368e+06,1937.9
1888.4,1903,1869.3,1887.4,4.0558e+06,1791.8
1888.4,1903,1869.3,1887.4,4.0558e+06,1791.8
2104.5,2105,2069.3,2087,3.1174e+06,1914
2088.5,2110.5,2081,2103,2.3662e+06,1928.7
2071,2091,2067.5,2077.5,2.8556e+06,1932.2
2077.5,2083,2008,2014,4.253e+06,1873.2
2017,2025,1853,2011,3.8721e+06,1870.4
1888.4,1903,1869.3,1887.4,4.0558e+06,1791.8
1888.4,1903,1869.3,1887.4,4.0558e+06,1791.8
2020.5,2039.5,2015,2037,2.5083e+06,1894.6
2024.5,2031.5,1996.5,2019,3.0589e+06,1877.8
2020,2020,1995.5,1998,3.4035e+06,1858.3
1995.5,2016.5,1988.5,2008.5,2.9658e+06,1868.1
2001,2015.5,1989,2005,2.1641e+06,1864.8
1888.4,1903,1869.3,1887.4,4.0558e+06,1791.8
1888.4,1903,1869.3,1887.4,4.0558e+06,1791.8
2005,2005,2005,2005,0,1864.8
2005.5,2024,1990.5,1999,2.8095e+06,1859.2
1984.5,1993,1975.5,1989,2.4806e+06,1849.9
1993,2007.5,1989,2001.5,2.2548e+06,1861.6
2006.5,2019,1972.5,1974,3.1219e+06,1836
1888.4,1903,1869.3,1887.4,4.0558e+06,1791.8
1888.4,1903,1869.3,1887.4,4.0558e+06,1791.8
1993.5,2010.5,1991.5,1994,2.3038e+06,1854.6
1995.5,1999.5,1973,1980,3.1322e+06,1841.6
1979.5,1984.5,1949,1972.5,2.6602e+06,1834.6
1977,1995.5,1954,1977.5,1.7721e+06,1839.2
2007.5,2022,1966.5,1982.5,4.2473e+06,1843.9
1888.4,1903,1869.3,1887.4,4.0558e+06,1791.8
1888.4,1903,1869.3,1887.4,4.0558e+06,1791.8
1987.5,1988,1958,1972,1.6768e+06,1834.1
1985,1992,1974.5,1980,3.4911e+06,1841.6
1986,1989,1971,1988.5,1.7665e+06,1849.5
1992,1994.5,1974,1990,1.9457e+06,1850.9
1995,2008,1990.5,2001,2.0008e+06,1861.1
1888.4,1903,1869.3,1887.4,4.0558e+06,1791.8
1888.4,1903,1869.3,1887.4,4.0558e+06,1791.8
2022,2032,2012,2012.5,2.1602e+06,1871.8
2008.5,2037,2008.5,2025,3.0423e+06,1883.4
2030,2030,2011.5,2020.5,2.416e+06,1879.2
2057.5,2087.8,2048,2060.5,5.7956e+06,1916.4
2045,2061.5,2031,2034,7.3657e+06,1891.8
1888.4,1903,1869.3,1887.4,4.0558e+06,1791.8
1888.4,1903,1869.3,1887.4,4.0558e+06,1791.8
2036,2051,2023,2050.5,3.3429e+06,1907.1
2045,2056.5,2019,2019.5,4.1139e+06,1878.3
2021,2021,1980.5,1988,5.5429e+06,1849
1994,2003.5,1981,1987,2.9453e+06,1848.1
1987,1991.5,1954.5,1977,3.8989e+06,1838.8
1888.4,1903,1869.3,1887.4,4.0558e+06,1791.8
1888.4,1903,1869.3,1887.4,4.0558e+06,1791.8
1962,1967.5,1953.5,1965,4.2144e+06,1827.6
1945,1956.5,1924,1956.5,4.8356e+06,1819.7
1958,1959,1922.5,1938.5,3.7215e+06,1803
1946.5,1962.5,1940,1946,3.4188e+06,1809.9
1946,1956,1939,1948.5,3.5987e+06,1812.3
1888.4,1903,1869.3,1887.4,4.0558e+06,1791.8
1888.4,1903,1869.3,1887.4,4.0558e+06,1791.8
1944,1954.5,1928.5,1954.5,2.3056e+06,1817.8
1951,1955.5,1920.5,1921.5,5.1529e+06,1787.1
1917,1917,1894.3,1899.5,4.1495e+06,1766.7
1901.5,1926.5,1887,1921,4.3224e+06,1786.7
1956.5,1974,1932,1973,3.9953e+06,1835
1888.4,1903,1869.3,1887.4,4.0558e+06,1791.8
1888.4,1903,1869.3,1887.4,4.0558e+06,1791.8
1957.5,1977,1946.5,1953.5,2.5908e+06,1816.9
1954.5,1965,1934.8,1935,3.642e+06,1799.7
1919.5,1948,1917.5,1938,4.5818e+06,1802.5
1929.5,1959,1910,1954,4.0109e+06,1817.4
1967,1997.7,1965.5,1989.5,5.5687e+06,1850.4
1888.4,1903,1869.3,1887.4,4.0558e+06,1791.8
1888.4,1903,1869.3,1887.4,4.0558e+06,1791.8
2000,2009,1988,2009,3.6984e+06,1868.5
2016,2035.5,2005,2024.5,3.6659e+06,1882.9
2027.5,2034.5,2010,2029,2.2717e+06,1887.1
2015,2024.5,1990.5,2012.5,3.2322e+06,1871.8
2013.5,2024.5,2012,2017.5,2.7666e+06,1876.4
1888.4,1903,1869.3,1887.4,4.0558e+06,1791.8
1888.4,1903,1869.3,1887.4,4.0558e+06,1791.8
2023.5,2039.3,2013.5,2029.5,3.613e+06,1887.6
2027.5,2047.5,2023,2027,2.3506e+06,1885.3
2031.5,2033.5,2010.3,2016.5,3.1952e+06,1875.5
2019.5,2036.5,1983,1987,5.9152e+06,1848.1
1991.5,1994.5,1968.9,1979.5,2.2358e+06,1841.1
1888.4,1903,1869.3,1887.4,4.0558e+06,1791.8
1888.4,1903,1869.3,1887.4,4.0558e+06,1791.8
1990,2005,1987.5,1990.5,1.8488e+06,1851.3
1998.5,1998.5,1972.5,1993,2.2952e+06,1853.7
2001,2005.5,1994.5,1998.5,2.6986e+06,1858.8
2006,2011.5,1988.5,1999,3.4044e+06,1859.2
1990,2008,1983.8,1998,2.606e+06,1858.3
1888.4,1903,1869.3,1887.4,4.0558e+06,1791.8
1888.4,1903,1869.3,1887.4,4.0558e+06,1791.8
2007,2025.2,2002.5,2022,2.0823e+06,1880.6
2015,2022,1999,2014.5,2.722e+06,1873.6
2016.5,2016.5,1985.5,1992.5,3.1753e+06,1853.2
2006.5,2016,1995.5,2000,3.7429e+06,1860.2
1991.5,2012,1982.8,2012,4.2421e+06,1871.3
1888.4,1903,1869.3,1887.4,4.0558e+06,1791.8
1888.4,1903,1869.3,1887.4,4.0558e+06,1791.8
2006,2032,1994,2030,3.3305e+06,1888.1
2010.5,2031,1997.5,2028.5,2.7628e+06,1886.7
2010,2014.5,1995,2005,3.3711e+06,1864.8
2004,2004.5,1985,1986,3.0325e+06,1847.1
1990,1997.5,1966,1976,3.2231e+06,1837.8
1888.4,1903,1869.3,1887.4,4.0558e+06,1791.8
1888.4,1903,1869.3,1887.4,4.0558e+06,1791.8
1986.5,2002.5,1985,2000,3.8783e+06,1860.2
1989,1991.5,1967,1968,4.9636e+06,1830.4
1968.5,1975.5,1959,1966.5,3.0767e+06,1829
1970,1977.5,1944,1947,2.8461e+06,1810.9
1949.5,1968.5,1944,1946,3.5741e+06,1809.9
1888.4,1903,1869.3,1887.4,4.0558e+06,1791.8
1888.4,1903,1869.3,1887.4,4.0558e+06,1791.8
1949.5,1953.5,1922,1926,2.8605e+06,1791.3
1924.5,1928,1897.5,1908.5,3.1915e+06,1775.1
1915,1925.4,1903.5,1915.5,2.9017e+06,1781.6
1908.5,1923,1901,1908,3.607e+06,1774.6
1905,1926.5,1902.5,1922.5,2.7886e+06,1788.1
1888.4,1903,1869.3,1887.4,4.0558e+06,1791.8
1888.4,1903,1869.3,1887.4,4.0558e+06,1791.8
1934.5,1940,1913,1925,5.9381e+06,1790.4
1920,1932,1912.5,1920,3.7565e+06,1785.8
1919,1926,1901,1905.5,3.1929e+06,1772.3
1903,1903,1871.5,1880,3.7362e+06,1748.6
1880,1898,1868.5,1883.5,2.7173e+06,1751.8
1888.4,1903,1869.3,1887.4,4.0558e+06,1791.8
1888.4,1903,1869.3,1887.4,4.0558e+06,1791.8
1882,1938.5,1880.5,1938.5,4.5453e+06,1803
1942,1942,1917,1917,3.5097e+06,1783
1931,1943,1922,1932,3.3941e+06,1796.9
1949.5,1957.5,1932,1957.5,3.9973e+06,1820.6
1957.5,1965,1945,1951.5,6.4449e+06,1815.1
1888.4,1903,1869.3,1887.4,4.0558e+06,1791.8
1888.4,1903,1869.3,1887.4,4.0558e+06,1791.8
1952.5,1969.6,1944.5,1964,2.2199e+06,1826.7
1944.5,1969.5,1942,1956,6.4e+05,1819.2
1956,1956,1956,1956,0,1819.2
1956,1956,1956,1956,0,1819.2
1956.5,1996.4,1956.5,1993.5,2.1058e+06,1854.1
1888.4,1903,1869.3,1887.4,4.0558e+06,1791.8
1888.4,1903,1869.3,1887.4,4.0558e+06,1791.8
1990.5,2000,1977,1986.5,1.3612e+06,1847.6
1976.5,2001,1976.5,2000,6.118e+05,1860.2
2000,2000,2000,2000,0,1860.2
2008.5,2010.5,1977.5,1984,3.6526e+06,1845.3
1983,1992,1971,1986.5,2.2092e+06,1847.6
1888.4,1903,1869.3,1887.4,4.0558e+06,1791.8
1888.4,1903,1869.3,1887.4,4.0558e+06,1791.8
1995.5,1997,1972,1977,3.1157e+06,1838.8
1977,1990.5,1964,1965,3.9595e+06,1827.6
1964,1968,1933.5,1938.5,5.1326e+06,1803
1945,1945,1897.6,1939,6.7614e+06,1803.4
1939,1980,1939,1978,5.4926e+06,1839.7
1888.4,1903,1869.3,1887.4,4.0558e+06,1791.8
1888.4,1903,1869.3,1887.4,4.0558e+06,1791.8
1985.5,2000.5,1966.7,1996,3.9812e+06,1856.4
1989,2007.5,1976.5,2003.5,3.6287e+06,1863.4
2006.5,2006.5,1977,1981.5,4.8281e+06,1843
1981,1992.5,1951.5,1962,5.1821e+06,1824.8
1967,2043.5,1931.5,1931.5,8.7633e+06,1796.5
1888.4,1903,1869.3,1887.4,4.0558e+06,1791.8
1888.4,1903,1869.3,1887.4,4.0558e+06,1791.8
1933.5,1952.5,1930,1947,3.1432e+06,1810.9
1946.5,1995.5,1942,1985,5.0622e+06,1846.2
1994.5,2008.5,1986,1994,3.4601e+06,1854.6
1999.5,2008,1971.5,1972.5,3.2713e+06,1834.6
1975,1990,1941.5,1946.5,4.7145e+06,1810.4
1888.4,1903,1869.3,1887.4,4.0558e+06,1791.8
1888.4,1903,1869.3,1887.4,4.0558e+06,1791.8
1947,1954,1907,1910,4.8775e+06,1776.5
1910,1923.5,1901,1902.5,4.0785e+06,1769.5
1925,1925,1883.5,1910,5.642e+06,1776.5
1855,1860,1691,1820,1.5678e+07,1692.7
1774.5,1803.5,1741.6,1800.5,9.3483e+06,1674.6
1888.4,1903,1869.3,1887.4,4.0558e+06,1791.8
1888.4,1903,1869.3,1887.4,4.0558e+06,1791.8
1819,1835,1790.3,1792.5,6.4797e+06,1667.2
1788.5,1793.5,1767.6,1768,5.8328e+06,1644.4
1773,1782,1751.9,1778,6.7497e+06,1653.7
1783,1823,1772,1820,7.4042e+06,1692.7
1829.5,1831.5,1811,1818,3.8388e+06,1690.9
1888.4,1903,1869.3,1887.4,4.0558e+06,1791.8
1888.4,1903,1869.3,1887.4,4.0558e+06,1791.8
1825.5,1841,1816,1829,3.2615e+06,1701.1
1832,1848.5,1823.5,1848,3.9524e+06,1718.8
1865.5,1867,1838.5,1847,3.6991e+06,1717.9
1845,1846.5,1814,1820,7.3501e+06,1692.7
1820,1843.1,1807.5,1838.5,3.1282e+06,1710
1888.4,1903,1869.3,1887.4,4.0558e+06,1791.8
1888.4,1903,1869.3,1887.4,4.0558e+06,1791.8
1851,1866.5,950,1865.5,3.6411e+06,1735.1
1878,1879.8,1857,1871,3.9474e+06,1740.2
1874,1903.1,1870.5,1902.5,5.2232e+06,1769.5
1893,1903.5,1878.5,1903.5,3.4038e+06,1770.4
1906,1920,1890,1894.5,3.7655e+06,1762
1888.4,1903,1869.3,1887.4,4.0558e+06,1791.8
1888.4,1903,1869.3,1887.4,4.0558e+06,1791.8
1890,1910,1884.5,1910,3.8203e+06,1776.5
1905,1914,1884.5,1896,6.7725e+06,1763.4
1874,1883,1863,1873.5,4.1214e+06,1760.8
1869.5,1889.5,1851,1872.5,2.9905e+06,1759.9
1863.5,1886.6,1858,1878.5,5.1853e+06,1765.5
1888.4,1903,1869.3,1887.4,4.0558e+06,1791.8
1888.4,1903,1869.3,1887.4,4.0558e+06,1791.8
1856.5,1859.5,1832,1842,3.2102e+06,1731.2
1855.5,1884,1855.5,1875,2.7909e+06,1762.2
1874.5,1874.5,1856,1859,2.9376e+06,1747.2
1860.5,1872.1,1855.5,1857.5,3.0206e+06,1745.8
1866.5,1870.5,1838.5,1841.5,2.5067e+06,1730.7
1888.4,1903,1869.3,1887.4,4.0558e+06,1791.8
1888.4,1903,1869.3,1887.4,4.0558e+06,1791.8
1833,1855.5,1832.5,1855,4.195e+06,1743.4
1863.5,1863.5,1843.8,1849,2.7618e+06,1737.8
1838.5,1841.9,1808,1809.5,4.1448e+06,1700.7
1816.5,1827,1803,1806,3.2122e+06,1697.4
1802.5,1829,1797,1821,3.839e+06,1711.5
1888.4,1903,1869.3,1887.4,4.0558e+06,1791.8
1888.4,1903,1869.3,1887.4,4.0558e+06,1791.8
1818,1819.5,1778,1780,7.322e+06,1672.9
1780,1800.5,1775,1797.5,5.3032e+06,1689.4
1804,1805,1774.8,1790,4.6361e+06,1682.3
1780,1792.5,1765.8,1791.5,4.3193e+06,1683.7
1799,1810,1789.4,1800,7.9999e+06,1691.7
1888.4,1903,1869.3,1887.4,4.0558e+06,1791.8
1888.4,1903,1869.3,1887.4,4.0558e+06,1791.8
1812.5,1824,1798,1819.5,4.4018e+06,1710
1822,1854.5,1819.7,1850.5,5.0582e+06,1739.2
1854.5,1862,1835.5,1837,4.0743e+06,1726.5
1828.5,1869.5,1820.5,1864,4.3937e+06,1751.9
1866,1878,1859.5,1868.5,3.4587e+06,1756.1
1888.4,1903,1869.3,1887.4,4.0558e+06,1791.8
1888.4,1903,1869.3,1887.4,4.0558e+06,1791.8
1879.5,1892,1853.5,1861,5.1223e+06,1749.1
1865.5,1865.5,1829,1851.5,6.903e+06,1740.1
1848,1852.5,1825,1832,4.7349e+06,1721.8
1835,1840,1825.5,1833.5,2.9374e+06,1723.2
1847,1866,1837,1858,3.3498e+06,1746.2
1888.4,1903,1869.3,1887.4,4.0558e+06,1791.8
1888.4,1903,1869.3,1887.4,4.0558e+06,1791.8
1845.5,1865.5,1842.5,1855.5,5.1135e+06,1743.9
1850,1879,1847.5,1878.5,5.1557e+06,1765.5
1878,1909.5,1876.5,1882,4.0938e+06,1768.8
1879.5,1898.3,1873.5,1889,2.8931e+06,1775.4
1874,1884,1857.5,1872.5,2.7278e+06,1759.9
1888.4,1903,1869.3,1887.4,4.0558e+06,1791.8
1888.4,1903,1869.3,1887.4,4.0558e+06,1791.8
1866,1937,1865.5,1917,5.4421e+06,1801.7
1911.5,1919,1892.5,1910,5.9615e+06,1795.1
1914,1917,1892.8,1900,4.4992e+06,1785.7
1820,1841.5,1804,1829,8.6257e+06,1719
1829,1829,1829,1829,0,1719
1888.4,1903,1869.3,1887.4,4.0558e+06,1791.8
1888.4,1903,1869.3,1887.4,4.0558e+06,1791.8
1829,1829,1829,1829,0,1719
1871.5,1879.5,1834,1838,8.2756e+06,1727.4
1840.5,1847.5,1814.7,1816.5,3.6124e+06,1707.2
1818.5,1826,1805,1805.5,4.3405e+06,1696.9
1800.5,1810.5,1799,1807,3.438e+06,1698.3
1888.4,1903,1869.3,1887.4,4.0558e+06,1791.8
1888.4,1903,1869.3,1887.4,4.0558e+06,1791.8
1804,1828,1795,1821.5,4.1304e+06,1711.9
1823,1829,1810.5,1826,3.06e+06,1716.2
1815.5,1831.5,1808.5,1817.5,3.4415e+06,1708.2
1819.5,1837,1811.5,1825,1.9452e+06,1715.2
1825,1842,1816.5,1825.5,3.1049e+06,1715.7
1888.4,1903,1869.3,1887.4,4.0558e+06,1791.8
1888.4,1903,1869.3,1887.4,4.0558e+06,1791.8
1825.5,1825.5,1825.5,1825.5,0,1715.7
1838,1838.8,1819.5,1827,2.1015e+06,1717.1
1824.5,1830.5,1814.5,1825,3.1599e+06,1715.2
1830,1839.5,1815.5,1830.5,2.5996e+06,1720.4
1826.5,1856,1823,1850.5,3.0811e+06,1739.2
1888.4,1903,1869.3,1887.4,4.0558e+06,1791.8
1888.4,1903,1869.3,1887.4,4.0558e+06,1791.8
1856,1862.1,1843.5,1862,1.989e+06,1750
1864,1880.5,1859,1871.5,2.8203e+06,1758.9
1874.5,1885,1863.5,1878,2.0338e+06,1765
1871.5,1914,1871.5,1909.5,4.2474e+06,1794.6
1907.5,1952.5,1906,1942,6.8306e+06,1825.2
1888.4,1903,1869.3,1887.4,4.0558e+06,1791.8
1888.4,1903,1869.3,1887.4,4.0558e+06,1791.8
1943,1959,1916,1919,4.0014e+06,1803.6
1925.5,1927.5,1895.5,1897.5,2.9479e+06,1783.4
1897.5,1911,1895,1911,2.5267e+06,1796
1910,1936.5,1904.5,1924.5,3.0065e+06,1808.7
1920.5,1925.5,1886,1902,2.2431e+06,1787.6
1888.4,1903,1869.3,1887.4,4.0558e+06,1791.8
1888.4,1903,1869.3,1887.4,4.0558e+06,1791.8
1902,1902,1902,1902,0,1787.6
1912,1918.5,1897,1900,2.1683e+06,1785.7
1904,1904,1872.5,1880.5,3.4345e+06,1767.4
1887,1916,1887,1904.5,2.185e+06,1789.9
1901,1928,1900,1919,4.0096e+06,1803.6
1888.4,1903,1869.3,1887.4,4.0558e+06,1791.8
1888.4,1903,1869.3,1887.4,4.0558e+06,1791.8
1914.5,1922.8,1900.5,1907,2.2354e+06,1792.3
1901.5,1920,1894.8,1916.5,2.4527e+06,1801.2
1921.5,1930,1899.5,1907,2.8477e+06,1792.3
1908,1915,1894,1905,3.5959e+06,1790.4
1904.5,1907.5,1869.5,1875,3.3022e+06,1762.2
1888.4,1903,1869.3,1887.4,4.0558e+06,1791.8
1888.4,1903,1869.3,1887.4,4.0558e+06,1791.8
1879,1891.5,1864,1891.5,2.6771e+06,1777.7
1891,1905,1876.5,1905,4.6564e+06,1790.4
1915,1917,1896.5,1907,4.2211e+06,1792.3
1903,1928,1903,1923,3.3616e+06,1807.3
1917.5,1927,1894.5,1894.5,5.1332e+06,1780.5
1888.4,1903,1869.3,1887.4,4.0558e+06,1791.8
1888.4,1903,1869.3,1887.4,4.0558e+06,1791.8
1896,1899.5,1877.5,1884,4.7171e+06,1770.7
1889.5,1892,1865.5,1888.5,2.974e+06,1774.9
1888.5,1893.1,1851.5,1858,4.9069e+06,1746.2
1857,1880,1848,1853,3.9422e+06,1741.5
1855,1867,1845,1854,5.9415e+06,1742.5
1888.4,1903,1869.3,1887.4,4.0558e+06,1791.8
1888.4,1903,1869.3,1887.4,4.0558e+06,1791.8
1857,1857.5,1829,1838.5,3.0338e+06,1727.9
1835,1849,1823.1,1842,2.8567e+06,1731.2
1844,1851,1834,1840.5,3.9067e+06,1729.8
1835,1850,1829,1833,3.4892e+06,1722.7
1834,1852.5,1825,1847.5,3.7694e+06,1736.4
1888.4,1903,1869.3,1887.4,4.0558e+06,1791.8
1888.4,1903,1869.3,1887.4,4.0558e+06,1791.8
1855.5,1878.9,1853.8,1866,5.075e+06,1753.8
1885,1911.4,1866,1902.5,7.4235e+06,1788.1
1893,1901,1882.5,1897,2.7188e+06,1782.9
1900,1909,1890.5,1904,2.695e+06,1789.5
1901.5,1909,1898.7,1903,1.4785e+06,1788.5
1888.4,1903,1869.3,1887.4,4.0558e+06,1791.8
1888.4,1903,1869.3,1887.4,4.0558e+06,1791.8
1907,1908.5,1891,1894.5,2.4814e+06,1780.5
1890.5,1900,1873,1873,2.9796e+06,1760.3
1868,1870.6,1855.5,1860,5.0147e+06,1748.1
1856,1865.5,1845.5,1851.5,3.9216e+06,1740.1
1847.5,1859.5,1841,1846,3.1695e+06,1735
1888.4,1903,1869.3,1887.4,4.0558e+06,1791.8
1888.4,1903,1869.3,1887.4,4.0558e+06,1791.8
1847,1880,1847,1867,4.1363e+06,1754.7
1866,1873.5,1844.9,1845.5,2.5847e+06,1734.5
1840,1859.5,1827,1839,3.9946e+06,1728.4
1821,1838.5,1814.5,1824,4.0218e+06,1714.3
1812,1827.3,1806.5,1817,4.6498e+06,1707.7
1888.4,1903,1869.3,1887.4,4.0558e+06,1791.8
1888.4,1903,1869.3,1887.4,4.0558e+06,1791.8
1818,1822,1809,1812,3.3659e+06,1703
1821.5,1823,1809,1820,2.7586e+06,1710.5
1815.5,1830,1814,1824,3.2971e+06,1714.3
1820.5,1835.5,1816.6,1824.5,2.8353e+06,1714.7
1817.5,1819.1,1797.5,1797.5,3.5243e+06,1689.4
1888.4,1903,1869.3,1887.4,4.0558e+06,1791.8
1888.4,1903,1869.3,1887.4,4.0558e+06,1791.8
1800,1822,1789,1789.5,4.0696e+06,1681.9
1794.5,1820.5,1791,1810,3.4813e+06,1701.1
1813.5,1821.5,1783.5,1789,3.9115e+06,1681.4
1780,1810,1774,1786,7.2736e+06,1678.6
1790,1791,1750.5,1778,4.1572e+06,1671
1888.4,1903,1869.3,1887.4,4.0558e+06,1791.8
1888.4,1903,1869.3,1887.4,4.0558e+06,1791.8
1780.5,1785,1760.5,1760.5,3.3111e+06,1654.6
1761,1782.5,1753,1767.5,5.0045e+06,1661.2
1765.5,1768.5,1742.5,1757,5.1615e+06,1651.3
1760,1761,1736.5,1738,3.4019e+06,1633.5
1722,1728.5,1705,1709.5,6.7553e+06,1606.7
1888.4,1903,1869.3,1887.4,4.0558e+06,1791.8
1888.4,1903,1869.3,1887.4,4.0558e+06,1791.8
1723,1738,1717,1728,3.3466e+06,1624.1
1733,1743.5,1725.5,1738.5,2.7999e+06,1633.9
1715,1725,1710,1717,3.3025e+06,1644
1717.5,1732,1708.5,1729,2.7129e+06,1655.5
1731.5,1760.5,1730.5,1738.5,3.8417e+06,1664.6
1888.4,1903,1869.3,1887.4,4.0558e+06,1791.8
1888.4,1903,1869.3,1887.4,4.0558e+06,1791.8
1747.5,1762.5,1743,1751.5,2.7665e+06,1677
1758.5,1768,1747,1766,2.8748e+06,1690.9
1757,1770,1732.1,1751.5,3.1946e+06,1677
1753.5,1772.5,1751.5,1765,2.8078e+06,1689.9
1766.5,1768,1749.5,1755,1.5861e+06,1680.4
1888.4,1903,1869.3,1887.4,4.0558e+06,1791.8
1888.4,1903,1869.3,1887.4,4.0558e+06,1791.8
1755,1755,1755,1755,0,1680.4
1762,1768,1751,1761,3.1417e+06,1686.1
1761.5,1771.5,1754,1763,3.4199e+06,1688
1758,1785,1758,1773.5,3.4403e+06,1698.1
1775,1788,1763.5,1775.5,4.4795e+06,1700
1888.4,1903,1869.3,1887.4,4.0558e+06,1791.8
1888.4,1903,1869.3,1887.4,4.0558e+06,1791.8
1771,1776,1763,1775,1.6101e+06,1699.5
1782,1789.5,1777.5,1785,5.3282e+06,1709.1
1788,1815,1788,1802.5,3.8229e+06,1725.8
1805,1826.5,1805,1824,4.0814e+06,1746.4
1826.5,1830.5,1809.5,1817.5,2.8443e+06,1740.2
1888.4,1903,1869.3,1887.4,4.0558e+06,1791.8
1888.4,1903,1869.3,1887.4,4.0558e+06,1791.8
1811,1820,1795,1819.5,4.3469e+06,1742.1
1815.5,1845.5,1815.5,1829,3.2077e+06,1751.2
1820.5,1836,1820.5,1830.5,3.3213e+06,1752.6
1828,1829.5,1803,1814,5.9458e+06,1736.8
1817.5,1822,1811.5,1812.5,2.9376e+06,1735.4
1888.4,1903,1869.3,1887.4,4.0558e+06,1791.8
1888.4,1903,1869.3,1887.4,4.0558e+06,1791.8
1838,1868.5,1838,1853,5.3858e+06,1774.2
1855,1875.5,1843,1847,4.8244e+06,1768.4
1844,1845.5,1812.5,1812.5,4.3361e+06,1735.4
1812.5,1829.5,1805.5,1819,4.5659e+06,1741.6
1834,1860,1826,1826,7.5235e+06,1748.3
1888.4,1903,1869.3,1887.4,4.0558e+06,1791.8
1888.4,1903,1869.3,1887.4,4.0558e+06,1791.8
1825,1827.5,1813,1817,3.6899e+06,1739.7
1820.5,1822,1775.5,1778,5.0996e+06,1702.4
1774.5,1794,1765.5,1793,3.191e+06,1716.7
1798.5,1805.5,1776.5,1779,3.1966e+06,1703.3
1778,1791.3,1759,1768,3.2387e+06,1692.8
1888.4,1903,1869.3,1887.4,4.0558e+06,1791.8
1888.4,1903,1869.3,1887.4,4.0558e+06,1791.8
1761.5,1768,1747,1762.5,2.9931e+06,1687.5
1770,1791.5,1757,1785,5.8184e+06,1709.1
1788.5,1794,1752,1760.5,4.3604e+06,1685.6
1754.5,1779.5,1754.5,1759,9.9262e+06,1684.2
1758,1765.5,1736.5,1744,4.2204e+06,1669.8
1888.4,1903,1869.3,1887.4,4.0558e+06,1791.8
1888.4,1903,1869.3,1887.4,4.0558e+06,1791.8
1757.5,1770.1,1755.5,1762,2.5779e+06,1687.1
1760,1760.2,1740,1740.5,2.0925e+06,1666.5
1736,1750,1726,1746.5,3.9338e+06,1672.2
1758.5,1765,1748.5,1751.5,3.5592e+06,1677
1744.5,1757.5,1729,1729.5,4.2206e+06,1655.9
1888.4,1903,1869.3,1887.4,4.0558e+06,1791.8
1888.4,1903,1869.3,1887.4,4.0558e+06,1791.8
1720,1729,1698.5,1724,5.6562e+06,1650.7
1712.5,1730,1699.8,1727.5,4.2666e+06,1654
1735,1741,1708,1709.5,6.3725e+06,1636.8
1751,1770,1690,1716.5,9.7542e+06,1643.5
1711.5,1750,1689.5,1748,6.183e+06,1673.7
1888.4,1903,1869.3,1887.4,4.0558e+06,1791.8
1888.4,1903,1869.3,1887.4,4.0558e+06,1791.8
1754.5,1770.5,1732,1749,3.6127e+06,1674.6
1753.5,1759,1734,1755,7.6656e+06,1680.4
1753.5,1754.5,1730.5,1751,4.3803e+06,1676.5
1745,1777.5,1720,1774.5,4.3416e+06,1699
1774,1776,1764.5,1771.5,3.1445e+06,1696.2
1888.4,1903,1869.3,1887.4,4.0558e+06,1791.8
1888.4,1903,1869.3,1887.4,4.0558e+06,1791.8
1786.5,1789,1767.5,1776,3.1075e+06,1700.5
1785,1792.5,1778,1789.5,2.8701e+06,1713.4
1789.5,1818,1780.5,1809,2.9196e+06,1732.1
1813.5,1814.8,1795,1809.5,4.1893e+06,1732.5
1825,1847.5,1821.7,1838,4.5624e+06,1759.8
1888.4,1903,1869.3,1887.4,4.0558e+06,1791.8
1888.4,1903,1869.3,1887.4,4.0558e+06,1791.8
1846,1857.5,1811.5,1813.5,3.9438e+06,1736.4
1813.5,1821.8,1803,1803,3.0295e+06,1726.3
1808,1827,1808,1817.5,3.763e+06,1740.2
1807.5,1837,1807.5,1835.5,3.7845e+06,1757.4
1841,1852,1819.5,1824,4.8291e+06,1746.4
1888.4,1903,1869.3,1887.4,4.0558e+06,1791.8
1888.4,1903,1869.3,1887.4,4.0558e+06,1791.8
1830.5,1859,1828.5,1859,3.9312e+06,1779.9
1857,1878,1853.8,1867,2.6315e+06,1787.6
1866,1872.5,1859,1867,2.9891e+06,1787.6
1870,1892.5,1863.5,1887,4.4252e+06,1806.7
1888.5,1892.5,1874.5,1885.5,2.7401e+06,1805.3
1888.4,1903,1869.3,1887.4,4.0558e+06,1791.8
1888.4,1903,1869.3,1887.4,4.0558e+06,1791.8
1874.5,1896,1865,1888.5,2.7305e+06,1808.2
1888.5,1907.5,1884.5,1905,3.0723e+06,1824
1908.5,1910,1845.5,1887.5,4.7018e+06,1807.2
1882,1893.1,1878,1890.5,4.4497e+06,1810.1
1894.5,1924,1888,1920,5.4056e+06,1838.3
1888.4,1903,1869.3,1887.4,4.0558e+06,1791.8
1888.4,1903,1869.3,1887.4,4.0558e+06,1791.8
1920,1931.5,1918.5,1920,3.6397e+06,1838.3
1920,1924.5,1882.5,1907,6.7131e+06,1825.9
1907,1920.5,1904,1904.5,3.5605e+06,1823.5
1910,1936.5,1904.5,1934,2.4543e+06,1851.7
1938.5,1988,1933,1981,5.1975e+06,1896.7
1888.4,1903,1869.3,1887.4,4.0558e+06,1791.8
1888.4,1903,1869.3,1887.4,4.0558e+06,1791.8
1975,2001.5,1957,1962,5.6093e+06,1878.6
1973.5,1992.5,1952.6,1975.5,3.9005e+06,1891.5
1970.5,1981.5,1945,1945,2.9106e+06,1862.3
1950,1957.5,1931.5,1936,2.5251e+06,1853.7
1937,1972.5,1935.2,1971,3.3089e+06,1887.2
1888.4,1903,1869.3,1887.4,4.0558e+06,1791.8
1888.4,1903,1869.3,1887.4,4.0558e+06,1791.8
1966,1971.4,1939.1,1943.5,3.1578e+06,1860.8
1942,1955.5,1918,1918,4.5758e+06,1836.4
1913.5,1924.5,1903,1903,2.9177e+06,1822.1
1895,1909,1868,1877.5,4.9241e+06,1797.6
1879.5,1886.5,1822.4,1823.5,5.2871e+06,1745.9
1888.4,1903,1869.3,1887.4,4.0558e+06,1791.8
1888.4,1903,1869.3,1887.4,4.0558e+06,1791.8
1829.5,1847,1804.6,1805,5.4465e+06,1728.2
1817.5,1829,1773,1827,5.8031e+06,1749.3
1809.5,1827,1755,1791,7.7741e+06,1714.8
1797.5,1831,1782,1831,6.9816e+06,1753.1
1835,1842,1807,1835,7.7869e+06,1757
1888.4,1903,1869.3,1887.4,4.0558e+06,1791.8
1888.4,1903,1869.3,1887.4,4.0558e+06,1791.8
1836,1858.5,1834,1849.5,2.154e+06,1770.8
1858,1874.5,1852.5,1858.5,2.0679e+06,1779.5
1866,1882,1856,1864.5,1.395e+06,1785.2
1864.5,1864.5,1864.5,1864.5,0,1785.2
1864.5,1864.5,1864.5,1864.5,0,1785.2
1888.4,1903,1869.3,1887.4,4.0558e+06,1791.8
1888.4,1903,1869.3,1887.4,4.0558e+06,1791.8
1862,1875,1849.7,1870,1.5906e+06,1790.5
1870,1871.5,1833.5,1840,2.03e+06,1761.7
1837,1855,1837,1848.5,6.758e+05,1769.9
1848.5,1848.5,1848.5,1848.5,0,1769.9
1857,1857,1811,1829,1.6346e+06,1751.2
1888.4,1903,1869.3,1887.4,4.0558e+06,1791.8
1888.4,1903,1869.3,1887.4,4.0558e+06,1791.8
1824.5,1848,1813.7,1821,4.2723e+06,1743.6
1811.5,1817,1734.2,1782,9.0685e+06,1706.2
1796.5,1831,1756.8,1809.5,5.2415e+06,1732.5
1827,1855,1763.7,1849.5,5.2296e+06,1770.8
1851,1854.5,1815.5,1823.5,3.5165e+06,1745.9
1888.4,1903,1869.3,1887.4,4.0558e+06,1791.8
1888.4,1903,1869.3,1887.4,4.0558e+06,1791.8
1827.5,1850,1827.5,1843.5,3.2851e+06,1765.1
1849.5,1880,1844.5,1865.5,3.5919e+06,1786.2
1856.5,1871.5,1822,1828.5,4.1329e+06,1750.7
1843.5,1885.5,1811.5,1885.5,6.0803e+06,1805.3
1873,1898.5,1869.5,1891.5,3.8822e+06,1811.1
1888.4,1903,1869.3,1887.4,4.0558e+06,1791.8
1888.4,1903,1869.3,1887.4,4.0558e+06,1791.8
1887,1913,1881.5,1900.5,2.0266e+06,1819.7
1902,1919.5,1894.5,1897.5,3.2611e+06,1816.8
1887,1933,1884.5,1933,3.849e+06,1850.8
1936,1940,1914,1938,3.8848e+06,1855.6
1938.5,1975.5,1931.5,1969.5,5.958e+06,1885.7
1888.4,1903,1869.3,1887.4,4.0558e+06,1791.8
1888.4,1903,1869.3,1887.4,4.0558e+06,1791.8
1967.5,1987.5,1954.5,1967,3.6685e+06,1883.3
1964,1965.5,1933.5,1942,4.3388e+06,1859.4
1960,1962,1926.6,1962,5.7713e+06,1878.6
1945,2055,1935,2022.5,1.0254e+07,1936.5
2005,2015,1956,1970,9.5236e+06,1886.2
1888.4,1903,1869.3,1887.4,4.0558e+06,1791.8
1888.4,1903,1869.3,1887.4,4.0558e+06,1791.8
1970,1982,1924.5,1950,5.238e+06,1867.1
1950,1951,1924,1926,4.6929e+06,1844.1
1924,1932.5,1894,1925,5.6721e+06,1843.1
1917.5,1935,1905,1916.5,3.5606e+06,1835
1912,1916.5,1901,1909,3.1784e+06,1827.8
1888.4,1903,1869.3,1887.4,4.0558e+06,1791.8
1888.4,1903,1869.3,1887.4,4.0558e+06,1791.8
1906.5,1906.5,1879,1896,2.9193e+06,1815.4
1896,1911.5,1883.5,1888,4.456e+06,1807.7
1888,1901.5,1871.5,1884.5,3.913e+06,1804.4
1873.5,1877.5,1856.5,1862.5,4.8822e+06,1783.3
1865.5,1886.5,1832,1837,5.3788e+06,1758.9
1888.4,1903,1869.3,1887.4,4.0558e+06,1791.8
1888.4,1903,1869.3,1887.4,4.0558e+06,1791.8
1843,1844.5,1826.5,1839.5,2.8118e+06,1761.3
1845.5,1887,1841,1885.5,4.9655e+06,1805.3
1889.5,1889.5,1856.5,1866.5,5.7017e+06,1787.1
1860,1897,1860,1884,4.8474e+06,1803.9
1886,1895,1874.5,1886,4.9184e+06,1805.8
1888.4,1903,1869.3,1887.4,4.0558e+06,1791.8
1888.4,1903,1869.3,1887.4,4.0558e+06,1791.8
1892,1916,1886.5,1913.5,3.8977e+06,1832.1
1922,1947,1906.8,1935.5,6.3218e+06,1853.2
1935.5,1942,1918,1932,2.8837e+06,1849.8
1922,1935.5,1903,1935,4.7148e+06,1873.6
1935,1942.5,1928,1935.5,4.5077e+06,1874
1888.4,1903,1869.3,1887.4,4.0558e+06,1791.8
1888.4,1903,1869.3,1887.4,4.0558e+06,1791.8
1926.5,1936.5,1912,1917,3.8855e+06,1856.1
1921.5,1937,1906,1906,3.5586e+06,1845.5
1910,1920.9,1893.1,1920.5,3.0717e+06,1859.5
1921,1945.5,1920,1939,2.8098e+06,1877.4
1934.5,1951.5,1926,1928.5,2.9554e+06,1867.3
1888.4,1903,1869.3,1887.4,4.0558e+06,1791.8
1888.4,1903,1869.3,1887.4,4.0558e+06,1791.8
1929,1929,1899.5,1904,3.1223e+06,1843.5
1897.5,1907,1854.5,1854.5,4.9079e+06,1795.6
1856.5,1878,1845,1849,5.4831e+06,1790.3
1890,1897.5,1871.5,1882,4.525e+06,1822.2
1844.5,1869.5,1842,1864,5.0907e+06,1804.8
1888.4,1903,1869.3,1887.4,4.0558e+06,1791.8
1888.4,1903,1869.3,1887.4,4.0558e+06,1791.8
1867,1898,1853.5,1893,4.3064e+06,1832.9
1910,1937.6,1879,1910,5.6891e+06,1849.3
1907,1962.5,1901.6,1954,5.919e+06,1891.9
1973.5,1978.5,1921,1940.5,4.7178e+06,1878.9
1942,1942.5,1917,1924,6.5099e+06,1862.9
1888.4,1903,1869.3,1887.4,4.0558e+06,1791.8
1888.4,1903,1869.3,1887.4,4.0558e+06,1791.8
1922.5,1941.5,1915,1939.5,4.3745e+06,1877.9
1929.5,1973,1926.5,1937.5,5.9165e+06,1876
1950,1979,1919.5,1923.5,4.4331e+06,1862.4
1910,1925,1882,1894.5,5.4618e+06,1834.3
1902,1912,1882.5,1895,3.7284e+06,1834.8
1888.4,1903,1869.3,1887.4,4.0558e+06,1791.8
1888.4,1903,1869.3,1887.4,4.0558e+06,1791.8
1921.5,1932.5,1894.5,1902,4.0128e+06,1841.6
1904,1904,1850,1859.5,6.4511e+06,1800.5
1857.5,1887,1845.9,1868.5,4.5536e+06,1809.2
1864,1895.5,1852,1890.5,3.2928e+06,1830.5
1890.5,1890.5,1890.5,1890.5,0,1830.5
1888.4,1903,1869.3,1887.4,4.0558e+06,1791.8
1888.4,1903,1869.3,1887.4,4.0558e+06,1791.8
1890.5,1890.5,1890.5,1890.5,0,1830.5
1898,1938.5,1892.5,1929.5,7.1616e+06,1868.2
1923.5,1929,1901.5,1906,2.9733e+06,1845.5
1915,1930.5,1910,1916,4.0228e+06,1855.2
1920,1940.5,1906.4,1938.5,3.7027e+06,1876.9
1888.4,1903,1869.3,1887.4,4.0558e+06,1791.8
1888.4,1903,1869.3,1887.4,4.0558e+06,1791.8
1930.5,1949.7,1928.5,1940.5,4.4762e+06,1878.9
1931,1946.5,1923,1934,3.3726e+06,1872.6
1929.5,1979.5,1927.5,1967,6.1393e+06,1904.5
1930,1934,1894.5,1896.5,9.5079e+06,1836.3
1900.5,1911.8,1867.5,1876.5,5.1368e+06,1816.9
1888.4,1903,1869.3,1887.4,4.0558e+06,1791.8
1888.4,1903,1869.3,1887.4,4.0558e+06,1791.8
1886,1886,1865.5,1870.5,5.2017e+06,1811.1
1872.5,1892.2,1867,1874.5,3.1391e+06,1815
1881,1881,1848,1865.5,3.88e+06,1806.3
1879,1887,1856,1864,3.51e+06,1804.8
1872,1880,1862.5,1870.5,4.4675e+06,1811.1
1888.4,1903,1869.3,1887.4,4.0558e+06,1791.8
1888.4,1903,1869.3,1887.4,4.0558e+06,1791.8
1878,1879.5,1849,1866.5,4.6836e+06,1807.2
1858.5,1861.5,1834.5,1846,5.9452e+06,1787.4
1850,1857,1792.5,1796.5,4.1271e+06,1739.5
1807.5,1818.5,1785.5,1811.5,4.7234e+06,1754
1802,1817,1793.5,1815,2.3019e+06,1757.4
1888.4,1903,1869.3,1887.4,4.0558e+06,1791.8
1888.4,1903,1869.3,1887.4,4.0558e+06,1791.8
1815,1815,1815,1815,0,1757.4
1850,1850,1796,1797,4.2718e+06,1739.9
1802.5,1810.5,1787,1793,4.9105e+06,1736.1
1789,1789,1751.7,1777,5.8068e+06,1720.6
1800,1800.8,1778.5,1791,8.0881e+06,1734.1
1888.4,1903,1869.3,1887.4,4.0558e+06,1791.8
1888.4,1903,1869.3,1887.4,4.0558e+06,1791.8
1785,1797.5,1780.5,1784.5,3.2391e+06,1727.8
1777,1781,1746,1756,4.6757e+06,1700.2
1767.5,1775.5,1750,1754.5,3.5857e+06,1698.8
1754.5,1829.1,1745.5,1786.5,4.0693e+06,1729.8
1792.5,1802,1781.5,1786,3.5302e+06,1729.3
1888.4,1903,1869.3,1887.4,4.0558e+06,1791.8
1888.4,1903,1869.3,1887.4,4.0558e+06,1791.8
1788,1800.5,1773.5,1793.5,2.3077e+06,1736.5
1796.5,1820,1796.5,1815,3.7988e+06,1757.4
1814,1818.8,1780.3,1799,4.0976e+06,1741.9
1798.5,1803.5,1779,1800.5,5.0391e+06,1743.3
1795,1828.5,1787,1813.5,3.3713e+06,1755.9
1888.4,1903,1869.3,1887.4,4.0558e+06,1791.8
1888.4,1903,1869.3,1887.4,4.0558e+06,1791.8
1813.5,1813.5,1813.5,1813.5,0,1755.9
1811,1821.5,1796.5,1806,4.785e+06,1748.6
1801,1843,1796.4,1837.5,5.0255e+06,1779.1
1838.5,1845,1831,1841.5,4.1003e+06,1783
1840,1840,1811.5,1815.5,6.9287e+06,1757.8
1888.4,1903,1869.3,1887.4,4.0558e+06,1791.8
1888.4,1903,1869.3,1887.4,4.0558e+06,1791.8
1814.5,1832,1814.5,1818,5.5685e+06,1760.3
1825.5,1825.5,1782.3,1782.5,7.9692e+06,1725.9
1785,1807,1764.5,1795.5,5.0141e+06,1738.5
1794,1798.5,1766.5,1782,3.8581e+06,1725.4
1776,1778.5,1750.5,1760.5,4.73e+06,1704.6
1888.4,1903,1869.3,1887.4,4.0558e+06,1791.8
1888.4,1903,1869.3,1887.4,4.0558e+06,1791.8
1909.5,1914,1856,1880,1.8241e+07,1820.3
1865,1918,1852.5,1887.5,1.0728e+07,1827.6
1884,1898.5,1861.5,1892,5.7455e+06,1831.9
1883,1920.2,1879.5,1908.5,6.0156e+06,1847.9
1897,1918,1887,1896.5,4.2775e+06,1836.3
1888.4,1903,1869.3,1887.4,4.0558e+06,1791.8
1888.4,1903,1869.3,1887.4,4.0558e+06,1791.8
1899,1899,1863,1874.5,4.8095e+06,1815
1859.5,1875.5,1847.5,1869.5,4.237e+06,1810.1
1868,1898.5,1856,1881,9.7983e+06,1821.3
1870,1901.5,1869.2,1898,6.5632e+06,1837.7
1892,1908.5,1879,1879,6.7403e+06,1819.3
1888.4,1903,1869.3,1887.4,4.0558e+06,1791.8
1888.4,1903,1869.3,1887.4,4.0558e+06,1791.8
1897,1911.5,1891,1907,4.0945e+06,1846.4
1911,1952.1,1907,1932,5.4459e+06,1870.6
1936.5,1946.5,1926,1926,4.8898e+06,1864.8
1923,1931,1872.5,1920,6.4849e+06,1859
1906.5,1926,1897.5,1899,5.3481e+06,1838.7
1888.4,1903,1869.3,1887.4,4.0558e+06,1791.8
1888.4,1903,1869.3,1887.4,4.0558e+06,1791.8
1866.5,1877.5,1848.5,1855.5,6.229e+06,1796.6
1852,1858,1829.5,1841,6.5513e+06,1782.5
1860,1886,1842.5,1874,3.7139e+06,1814.5
1875,1891.5,1868,1886,3.4276e+06,1826.1
1882,1899.5,1873.6,1887,3.1608e+06,1827.1
1888.4,1903,1869.3,1887.4,4.0558e+06,1791.8
1888.4,1903,1869.3,1887.4,4.0558e+06,1791.8
1864,1890.5,1856.5,1878,3.4131e+06,1818.4
1882.5,1885,1858,1858,3.9578e+06,1799
1863,1875.5,1857.5,1868,3.9599e+06,1808.7
1869.5,1890,1862,1888.5,3.5668e+06,1828.5
1891,1928,1890,1925.5,3.9159e+06,1864.4
1888.4,1903,1869.3,1887.4,4.0558e+06,1791.8
1888.4,1903,1869.3,1887.4,4.0558e+06,1791.8
1939.5,1945,1918.5,1929,3.0958e+06,1867.7
1929,1942,1922.5,1942,3.719e+06,1880.3
1941.5,1951.5,1928,1945.5,3.1937e+06,1883.7
1952.5,1964.4,1945,1949.5,3.6211e+06,1887.6
1957,1957,1929,1938.5,2.6863e+06,1876.9
1888.4,1903,1869.3,1887.4,4.0558e+06,1791.8
1888.4,1903,1869.3,1887.4,4.0558e+06,1791.8
1933.5,1945.4,1925,1931.5,2.6e+06,1870.2
1944,1945,1923,1928,1.9624e+06,1866.8
1915.5,1927.6,1910,1917,2.8004e+06,1856.1
1940,1940,1900,1907,3.0449e+06,1846.4
1868,1890,1858,1860,7.0848e+06,1800.9
1888.4,1903,1869.3,1887.4,4.0558e+06,1791.8
1888.4,1903,1869.3,1887.4,4.0558e+06,1791.8
1851,1860.5,1817,1819.5,4.3634e+06,1761.7
1824,1832.2,1806.5,1819,5.0564e+06,1761.2
1820,1843.5,1817.5,1839.5,5.1816e+06,1781.1
1840,1861,1802.5,1811,6.0438e+06,1753.5
1806.5,1819.5,1788.5,1789.5,7.0725e+06,1732.7
1888.4,1903,1869.3,1887.4,4.0558e+06,1791.8
1888.4,1903,1869.3,1887.4,4.0558e+06,1791.8
1785.5,1803,1785.5,1797,3.7566e+06,1739.9
1800.5,1800.5,1782.5,1790,3.7851e+06,1733.2
1792,1821.5,1791,1821,1.1129e+07,1763.2
1830,1844.5,1821,1838,6.2734e+06,1779.6
1840,1840,1809.7,1827,3.6351e+06,1769
1888.4,1903,1869.3,1887.4,4.0558e+06,1791.8
1888.4,1903,1869.3,1887.4,4.0558e+06,1791.8
1835,1835,1802,1829.5,5.5763e+06,1771.4
1825,1829,1800.5,1808.5,5.417e+06,1751.1
1781.5,1810.7,1762.5,1775,6.645e+06,1718.6
1757.5,1773.5,1751,1762,5.2994e+06,1740.3
1770,1780.5,1762.5,1775.5,4.7831e+06,1753.6
1888.4,1903,1869.3,1887.4,4.0558e+06,1791.8
1888.4,1903,1869.3,1887.4,4.0558e+06,1791.8
1788.5,1788.5,1759.5,1772,3.1336e+06,1750.1
1776.5,1790,1764,1767,4.6624e+06,1745.2
1762,1762,1737.5,1745,3.894e+06,1723.5
1734.5,1745,1723,1740,3.9607e+06,1718.5
1724.5,1738.5,1684.5,1684.5,6.3057e+06,1663.7
1888.4,1903,1869.3,1887.4,4.0558e+06,1791.8
1888.4,1903,1869.3,1887.4,4.0558e+06,1791.8
1650,1669.5,1592.5,1640,1.3035e+07,1619.8
1667.5,1690,1650,1673,6.7585e+06,1652.4
1655,1679.5,1628.5,1658.5,6.171e+06,1638
1686,1706,1662.5,1695,7.1959e+06,1674.1
1700,1749.8,1674.5,1730,6.2802e+06,1708.7
1888.4,1903,1869.3,1887.4,4.0558e+06,1791.8
1888.4,1903,1869.3,1887.4,4.0558e+06,1791.8
1730,1730,1730,1730,0,1708.7
1714.5,1717,1678.5,1691,5.3895e+06,1670.1
1702,1720,1685.1,1703.5,5.8288e+06,1682.5
1717,1726,1706.5,1713.5,4.5248e+06,1692.4
1700,1732.2,1687.4,1697.5,4.1166e+06,1676.6
1888.4,1903,1869.3,1887.4,4.0558e+06,1791.8
1888.4,1903,1869.3,1887.4,4.0558e+06,1791.8
1716.5,1726.5,1695.5,1699,1.9036e+06,1678
1706.5,1730,1706.5,1711,2.6291e+06,1689.9
1742,1759.5,1733,1739.5,3.3114e+06,1718
1730.5,1734,1711,1728.5,3.47e+06,1707.2
1742.5,1743,1713,1716,2.9548e+06,1694.8
1888.4,1903,1869.3,1887.4,4.0558e+06,1791.8
1888.4,1903,1869.3,1887.4,4.0558e+06,1791.8
1717.5,1742,1717,1724,3.3296e+06,1702.7
1733,1750.9,1708.5,1745,4.4227e+06,1723.5
1751,1792,1749,1777.5,7.1229e+06,1755.6
1780.5,1788.6,1769.5,1782.5,4.3037e+06,1760.5
1775,1777.5,1717,1764.5,6.5212e+06,1742.7
1888.4,1903,1869.3,1887.4,4.0558e+06,1791.8
1888.4,1903,1869.3,1887.4,4.0558e+06,1791.8
1767.5,1795,1759.6,1768.5,4.2903e+06,1746.7
1764.5,1766,1716.5,1716.5,4.5237e+06,1695.3
1720,1740,1709.5,1733,6.0505e+06,1711.6
1728.5,1730.8,1705,1713.5,7.0741e+06,1692.4
1732,1755.5,1729,1750,3.6568e+06,1728.4
1888.4,1903,1869.3,1887.4,4.0558e+06,1791.8
1888.4,1903,1869.3,1887.4,4.0558e+06,1791.8
1752,1766.5,1731,1735,3.6903e+06,1713.6
1713.5,1756.9,1708,1718,4.1144e+06,1696.8
1745.5,1771,1738.5,1770.5,5.4316e+06,1748.7
1790,1799,1763,1765.5,4.4602e+06,1743.7
1775,1805.5,1763,1782.5,4.8193e+06,1760.5
1888.4,1903,1869.3,1887.4,4.0558e+06,1791.8
1888.4,1903,1869.3,1887.4,4.0558e+06,1791.8
1805,1815.7,1796.9,1810.5,3.9783e+06,1788.2
1816.5,1843.1,1793.5,1819,3.2336e+06,1796.6
1819.5,1841.1,1786,1793.5,4.236e+06,1771.4
1788,1830,1788,1826.5,5.0845e+06,1804
1840,1840,1817.5,1831,2.5944e+06,1808.4
1888.4,1903,1869.3,1887.4,4.0558e+06,1791.8
1888.4,1903,1869.3,1887.4,4.0558e+06,1791.8
1830,1831.5,1813,1827.5,2.5287e+06,1805
1833.5,1849.5,1824,1843,4.7314e+06,1820.3
1833,1835,1805.7,1810,3.7164e+06,1787.7
1819.5,1836,1811,1834,3.0641e+06,1811.4
1836.5,1841,1818,1836.5,2.9861e+06,1813.8
1888.4,1903,1869.3,1887.4,4.0558e+06,1791.8
1888.4,1903,1869.3,1887.4,4.0558e+06,1791.8
1839.5,1852,1836,1847,2.5352e+06,1824.2
1846.5,1857,1841.4,1851,2.7646e+06,1828.2
1850,1854.5,1838.5,1843,2.2051e+06,1820.3
1843,1866,1841.5,1860.5,3.8361e+06,1837.5
1865,1876.1,1855.5,1858.5,3.7645e+06,1835.6
1888.4,1903,1869.3,1887.4,4.0558e+06,1791.8
1888.4,1903,1869.3,1887.4,4.0558e+06,1791.8
1856.5,1880.5,1849,1878.5,2.8356e+06,1855.3
1875,1888,1860,1863,3.4271e+06,1840
1863,1879,1860.5,1869.5,3.2404e+06,1846.4
1874,1891.5,1870.5,1885.5,3.9124e+06,1862.2
1890,1890,1868.5,1878.5,2.8349e+06,1855.3
1888.4,1903,1869.3,1887.4,4.0558e+06,1791.8
1888.4,1903,1869.3,1887.4,4.0558e+06,1791.8
1868,1880,1863,1869,1.9971e+06,1845.9
1870.5,1878,1866.5,1876,1.9637e+06,1852.9
1876.5,1900,1876.5,1894,2.9251e+06,1870.6
1891.5,1908,1890,1897,3.0476e+06,1873.6
1902,1908,1880.5,1882.5,3.7992e+06,1859.3
1888.4,1903,1869.3,1887.4,4.0558e+06,1791.8
1888.4,1903,1869.3,1887.4,4.0558e+06,1791.8
1884,1886.5,1860.9,1865.5,2.5684e+06,1842.5
1876,1877,1850,1872,3.6117e+06,1848.9
1879,1911.3,1877,1899.5,3.5657e+06,1876.1
1905,1919.5,1883,1883,4.2312e+06,1859.8
1884,1884,1843,1848.5,3.2874e+06,1825.7
1888.4,1903,1869.3,1887.4,4.0558e+06,1791.8
1888.4,1903,1869.3,1887.4,4.0558e+06,1791.8
1838,1856,1834,1847,2.9818e+06,1824.2
1868,1888,1857.5,1888,3.1094e+06,1864.7
1880.5,1887.5,1871.5,1885.5,2.1665e+06,1862.2
1895,1912.5,1886.5,1902.5,3.0347e+06,1879
1922,1935,1914.2,1928,4.8629e+06,1904.2
1888.4,1903,1869.3,1887.4,4.0558e+06,1791.8
1888.4,1903,1869.3,1887.4,4.0558e+06,1791.8
1923.5,1923.5,1905,1913,2.4697e+06,1889.4
1914.5,1914.5,1881,1894,3.0266e+06,1870.6
1901,1928,1901,1925.5,3.178e+06,1901.7
1921,1930,1915,1925.5,1.9539e+06,1901.7
1915.5,1935.3,1909,1924.5,1.9528e+06,1900.8
1888.4,1903,1869.3,1887.4,4.0558e+06,1791.8
1888.4,1903,1869.3,1887.4,4.0558e+06,1791.8
1920,1931,1909.9,1910,3.2318e+06,1886.4
1920.5,1924.5,1902,1912.5,2.5999e+06,1888.9
1916.5,1948.5,1915.5,1944.5,2.8856e+06,1920.5
1938,1950.2,1893.5,1900,4.8804e+06,1876.6
1893,1897,1883.5,1891,2.9019e+06,1867.7
1888.4,1903,1869.3,1887.4,4.0558e+06,1791.8
1888.4,1903,1869.3,1887.4,4.0558e+06,1791.8
1897,1918,1890.9,1900.5,2.2566e+06,1877.1
1902,1908.6,1872,1873,2.6351e+06,1849.9
1883.5,1883.5,1852,1852,3.2033e+06,1829.2
1846,1846,1826.5,1832,3.4065e+06,1809.4
1833,1838,1801.5,1806.5,4.2077e+06,1784.2
1888.4,1903,1869.3,1887.4,4.0558e+06,1791.8
1888.4,1903,1869.3,1887.4,4.0558e+06,1791.8
1809.5,1829.5,1796,1796,4.4413e+06,1773.8
1806,1826,1796,1820.5,4.0938e+06,1798
1816,1844.5,1809,1831.5,4.0002e+06,1808.9
1861.5,1862,1831.5,1833.5,4.0342e+06,1810.9
1822,1830.5,1803,1807.5,5.6342e+06,1785.2
1888.4,1903,1869.3,1887.4,4.0558e+06,1791.8
1888.4,1903,1869.3,1887.4,4.0558e+06,1791.8
1799.5,1831.9,1799.5,1805,2.3078e+06,1782.7
1801.5,1809.5,1792,1805,3.2462e+06,1782.7
1824.5,1856.5,1821.5,1853,3.2814e+06,1830.1
1873,1874,1841.5,1856.5,6.244e+05,1833.6
1856.5,1856.5,1856.5,1856.5,0,1833.6
1888.4,1903,1869.3,1887.4,4.0558e+06,1791.8
1888.4,1903,1869.3,1887.4,4.0558e+06,1791.8
1856.5,1856.5,1856.5,1856.5,0,1833.6
1853,1880,1845.5,1880,2.8834e+06,1856.8
1875,1890.5,1868.4,1880,2.0114e+06,1856.8
1878,1885.5,1853,1856.5,1.1288e+06,1833.6
1888.4,1903,1869.3,1887.4,4.0558e+06,1791.8
1888.4,1903,1869.3,1887.4,4.0558e+06,1791.8
1888.4,1903,1869.3,1887.4,4.0558e+06,1791.8
1850,1850,1805.3,1817,3.2368e+06,1794.6
1829,1850.5,1821,1846,3.4916e+06,1823.2
1841,1842.5,1823.5,1841,3.2343e+06,1818.3
1802.5,1820.5,1795.4,1800.5,4.4973e+06,1778.3
1810.5,1834.6,1802.5,1810,4.1044e+06,1787.7
1888.4,1903,1869.3,1887.4,4.0558e+06,1791.8
1888.4,1903,1869.3,1887.4,4.0558e+06,1791.8
1810,1816.7,1801,1805.5,3.2959e+06,1783.2
1809.5,1846,1799,1837,3.9542e+06,1814.3
1837,1861,1834,1851.5,4.5404e+06,1828.7
1832,1837.5,1804.8,1810,5.9476e+06,1787.7
1804.5,1815.5,1764,1791,6.9359e+06,1768.9
1888.4,1903,1869.3,1887.4,4.0558e+06,1791.8
1888.4,1903,1869.3,1887.4,4.0558e+06,1791.8
1791,1805,1775,1779.5,3.3156e+06,1757.5
1806.5,1831,1778,1828,3.3962e+06,1805.4
1803.5,1812.5,1768,1777.5,4.8358e+06,1755.6
1787,1831,1785,1827,6.7329e+06,1804.5
1842,1866,1832,1857.5,4.8117e+06,1834.6
1888.4,1903,1869.3,1887.4,4.0558e+06,1791.8
1888.4,1903,1869.3,1887.4,4.0558e+06,1791.8
1857.5,1857.5,1819.5,1841.5,5.0656e+06,1818.8
1826,1874.5,1824,1872,6.051e+06,1848.9
1871.5,1882.5,1854,1867,7.1089e+06,1844
1853.5,1869.5,1823,1841.5,7.8181e+06,1818.8
1875,1885,1838.8,1884.5,6.4107e+06,1861.3
1888.4,1903,1869.3,1887.4,4.0558e+06,1791.8
1888.4,1903,1869.3,1887.4,4.0558e+06,1791.8
1889,1911.5,1884.5,1910.5,7.2766e+06,1886.9
1907.5,1920,1892.3,1906,4.8881e+06,1882.5
1909.5,1909.5,1868,1869.5,4.393e+06,1846.4
1879.5,1894.6,1822,1828,6.8846e+06,1805.4
1836.5,1843.5,1794.5,1796.5,5.6028e+06,1774.3
1888.4,1903,1869.3,1887.4,4.0558e+06,1791.8
1888.4,1903,1869.3,1887.4,4.0558e+06,1791.8
1806,1814,1775,1782,4.5057e+06,1760
1791,1800,1773,1783,4.694e+06,1761
1797.5,1811.5,1772,1782,4.4864e+06,1760
1771.5,1779,1724.5,1745,6.7116e+06,1723.5
1754.5,1769.5,1752,1758,6.3262e+06,1736.3
1888.4,1903,1869.3,1887.4,4.0558e+06,1791.8
1888.4,1903,1869.3,1887.4,4.0558e+06,1791.8
1775,1820,1762.5,1809,3.5746e+06,1786.7
1817,1831.5,1796.5,1811.5,3.69e+06,1789.2
1811.5,1836,1811.5,1832,3.6588e+06,1809.4
